timestamp_ms,ax,ay,az,gx,gy,gz,activity
4011000,0.8302,-0.5979,-0.271851,-47.912613,155.273438,36.315918,brisk_walking
4011017,0.844849,-0.57019,-0.306641,-45.166031,155.090332,30.639656,brisk_walking
4011034,0.843872,-0.513916,-0.332397,-41.442871,141.540527,25.268562,brisk_walking
4011050,0.802734,-0.429199,-0.316772,-40.893555,121.093781,23.193367,brisk_walking
4011067,0.805664,-0.379272,-0.29834,-40.100098,111.02298,23.254402,brisk_walking
4011084,0.867432,-0.292969,-0.282715,-37.414551,92.041046,25.024422,brisk_walking
4011101,0.924316,-0.269409,-0.328857,-23.742683,83.251953,26.611336,brisk_walking
4011117,0.959229,-0.303101,-0.431152,-13.427738,69.885254,34.729004,brisk_walking
4011134,0.961914,-0.299072,-0.463501,-3.356935,60.607925,30.09034,brisk_walking
4011151,1.007935,-0.405518,-0.506226,15.563969,41.503906,18.676758,brisk_walking
4011167,1.13855,-0.557861,-0.520752,24.963387,25.146492,3.723145,brisk_walking
4011184,1.236084,-0.63855,-0.498413,26.672371,20.996094,0.488281,brisk_walking
4011201,1.299316,-0.776367,-0.390381,24.16993,13.854984,-7.324221,brisk_walking
4011217,1.31897,-0.865723,-0.382324,25.817879,2.807618,-27.343758,brisk_walking
4011234,1.457031,-1.122437,-0.356445,24.41407,-14.648441,-23.559578,brisk_walking
4011251,1.468994,-1.241455,-0.352661,18.066406,-22.827156,-17.578125,brisk_walking
4011267,1.376709,-1.297974,-0.368286,19.53125,-45.715347,-34.667969,brisk_walking
4011284,1.244019,-1.41333,-0.21936,13.977055,-57.434097,-47.790543,brisk_walking
4011301,1.144043,-1.365967,-0.137451,2.380371,-61.279312,-55.419937,brisk_walking
4011317,0.955933,-1.120483,-0.054199,-5.187988,-68.786621,-80.932617,brisk_walking
4011334,0.848633,-1.055542,-0.080811,4.699707,-78.00293,-102.539093,brisk_walking
4011351,0.815063,-1.122681,-0.128174,11.108402,-92.529327,-105.712921,brisk_walking
4011367,0.791504,-1.167114,-0.142822,12.695316,-100.158722,-103.820831,brisk_walking
4011384,0.745239,-1.234497,-0.109131,10.070801,-111.084015,-97.167999,brisk_walking
4011401,0.743774,-1.255127,-0.044922,3.54004,-124.511749,-91.186554,brisk_walking
4011417,0.677002,-1.244385,0.006104,-1.953125,-125.488312,-92.346222,brisk_walking
4011434,0.494263,-1.180542,0.102661,-19.958496,-87.82959,-88.806183,brisk_walking
4011451,0.42041,-0.55188,0.018555,35.888672,-116.760284,-202.575745,brisk_walking
4011467,0.297607,-0.958252,0.151855,17.39502,-65.673828,-131.103516,brisk_walking
4011484,0.487671,-0.950439,0.058105,-60.607925,-37.719727,-73.730469,brisk_walking
4011501,0.254272,-0.594727,-0.052002,-17.089844,-38.085938,-116.516144,brisk_walking
4011517,0.239624,-0.869629,0.007568,-21.911621,-26.18409,-83.80127,brisk_walking
4011534,0.218628,-0.853516,0.005371,-29.724129,-34.118652,-81.970215,brisk_walking
4011551,0.121704,-0.711182,-0.007935,-30.09034,-55.603043,-80.993652,brisk_walking
4011567,0.03418,-0.700684,-0.019897,-26.855476,-64.575195,-74.523926,brisk_walking
4011584,0.011963,-0.693115,-0.025635,-23.864754,-64.453125,-73.242188,brisk_walking
4011601,0.020508,-0.659912,-0.036743,-8.666992,-59.692398,-71.228027,brisk_walking
4011617,0.071411,-0.72522,-0.023315,1.220703,-58.105484,-52.917496,brisk_walking
4011634,0.042847,-0.796875,-0.005249,1.708985,-53.039566,-27.709969,brisk_walking
4011651,0.015991,-0.81311,0.001709,2.258301,-46.630875,-17.272949,brisk_walking
4011667,0.032104,-0.836792,0.001709,6.225588,-29.357918,0.610352,brisk_walking
4011684,0.100708,-0.866699,-0.041992,10.925293,-14.892582,18.310547,brisk_walking
4011701,0.122192,-0.876099,-0.101685,13.427738,-10.009766,26.18409,brisk_walking
4011718,0.152954,-0.916992,-0.213013,21.972656,-0.488281,39.733887,brisk_walking
4011734,0.19104,-1.027954,-0.200073,28.19825,19.714355,53.100601,brisk_walking
4011751,0.257813,-1.087036,-0.184326,26.30616,44.311539,63.476578,brisk_walking
4011768,0.30481,-1.086914,-0.192139,26.916512,59.570328,67.810059,brisk_walking
4011784,0.442017,-1.093872,-0.202271,25.024422,83.740234,79.284668,brisk_walking
4011801,0.642944,-1.079468,-0.218872,17.63916,98.327667,92.346222,brisk_walking
4011818,0.717285,-1.040771,-0.233032,14.28223,100.830109,97.473175,brisk_walking
4011834,0.794189,-0.976929,-0.266357,9.887695,93.200714,107.666046,brisk_walking
4011851,0.810425,-0.940674,-0.318115,6.896975,77.148438,108.459503,brisk_walking
4011868,0.843262,-0.911499,-0.33252,9.58252,58.593765,100.647003,brisk_walking
4011884,0.865112,-0.900757,-0.325317,12.573246,50.537125,98.022491,brisk_walking
4011901,0.863159,-0.90979,-0.295776,20.263672,34.667969,99.121124,brisk_walking
4011918,0.792358,-0.907593,-0.311401,23.071297,22.52198,100.097687,brisk_walking
4011934,0.772339,-0.883789,-0.332153,23.803719,19.348145,98.876984,brisk_walking
4011951,0.790283,-0.800903,-0.358276,26.489265,17.333984,90.087921,brisk_walking
4011968,0.80188,-0.76062,-0.386353,23.864754,18.371582,83.557129,brisk_walking
4011984,0.775269,-0.716064,-0.374146,11.840824,15.136723,83.068848,brisk_walking
4012001,0.731079,-0.659302,-0.370483,6.042482,15.808109,78.796387,brisk_walking
4012018,0.650757,-0.567017,-0.363159,5.615236,21.179199,63.354507,brisk_walking
4012034,0.600708,-0.555664,-0.366821,4.211426,32.287598,51.269547,brisk_walking
4012051,0.602417,-0.544434,-0.38562,2.807618,37.963867,46.630875,brisk_walking
4012068,0.617676,-0.501465,-0.43457,1.586915,38.696289,37.841797,brisk_walking
4012084,0.605103,-0.466797,-0.438599,0.366211,31.98243,32.470703,brisk_walking
4012101,0.59375,-0.462158,-0.432983,0.061035,29.785164,31.677254,brisk_walking
4012118,0.610962,-0.467041,-0.425903,-2.075195,25.695808,33.26416,brisk_walking
4012134,0.639526,-0.504395,-0.456543,-1.525879,16.906738,39.916992,brisk_walking
4012151,0.669434,-0.543457,-0.52417,1.281738,22.949226,38.696289,brisk_walking
4012168,0.735474,-0.586548,-0.563232,8.666992,20.568848,35.15625,brisk_walking
4012184,0.864868,-0.765869,-0.603149,0.061035,15.686039,45.959488,brisk_walking
4012201,0.901245,-0.74585,-0.68042,3.54004,5.126953,30.822762,brisk_walking
4012218,0.925659,-0.769531,-0.690063,13.366703,-8.605957,17.883301,brisk_walking
4012234,0.896362,-1.004761,-0.587524,1.098633,-9.887695,20.324707,brisk_walking
4012251,0.854248,-0.921875,-0.550049,-19.042969,-3.051759,12.207035,brisk_walking
4012268,0.859863,-0.863647,-0.581787,-11.901859,-0.427246,-4.638672,brisk_walking
4012285,0.893311,-0.930542,-0.574707,-5.615236,-6.103518,-11.657719,brisk_walking
4012301,0.961792,-1.179199,-0.538818,-3.601075,-18.920898,-8.117676,brisk_walking
4012318,0.964722,-1.343018,-0.490479,-0.183106,-36.682129,-14.892582,brisk_walking
4012335,0.93811,-1.413818,-0.428345,-0.854492,-44.006348,-17.883301,brisk_walking
4012351,0.761108,-1.403564,-0.26355,-23.193367,-42.480469,-24.230965,brisk_walking
4012368,0.624634,-1.191772,-0.183716,-40.161133,-29.663094,-41.931152,brisk_walking
4012385,0.587524,-1.087524,-0.188232,-40.344238,-11.779789,-66.589355,brisk_walking
4012401,0.603516,-1.070801,-0.219971,-35.827637,-5.859377,-77.453613,brisk_walking
4012418,0.63855,-1.12439,-0.24707,-21.484375,-6.408693,-87.524414,brisk_walking
4012435,0.624023,-1.199951,-0.220093,-15.136723,-15.197758,-84.838867,brisk_walking
4012451,0.613403,-1.19812,-0.192627,-17.700195,-22.27784,-81.359863,brisk_walking
4012468,0.58667,-1.099243,-0.175537,-23.986824,-36.315918,-79.467773,brisk_walking
4012485,0.544312,-0.956299,-0.155762,-30.944832,-50.59816,-81.970215,brisk_walking
4012501,0.432129,-0.853027,-0.13208,-32.836914,-50.354019,-90.759308,brisk_walking
4012518,0.379883,-0.832275,-0.110962,-33.935547,-43.518066,-94.787628,brisk_walking
4012535,0.351196,-0.769653,-0.099121,-39.978027,-29.357918,-99.182159,brisk_walking
4012551,0.323364,-0.675781,-0.128784,-39.916992,-17.150879,-102.600128,brisk_walking
4012568,0.314819,-0.64978,-0.145874,-37.536621,-12.390141,-103.271515,brisk_walking
4012585,0.334106,-0.667358,-0.139771,-31.616219,-8.911133,-103.33255,brisk_walking
4012601,0.342407,-0.721924,-0.095093,-29.846199,-13.793949,-99.792511,brisk_walking
4012618,0.302734,-0.705566,-0.070801,-29.907234,-18.981934,-94.055206,brisk_walking
4012635,0.27832,-0.682373,-0.068359,-28.015144,-19.775391,-91.308624,brisk_walking
4012651,0.237061,-0.656128,-0.084595,-20.202637,-19.836426,-84.350586,brisk_walking
4012668,0.213867,-0.685425,-0.099487,-11.535648,-21.911621,-72.44873,brisk_walking
4012685,0.203369,-0.707886,-0.093384,-8.789063,-24.41407,-64.63623,brisk_walking
4012701,0.161255,-0.728516,-0.068726,-5.249023,-27.526863,-48.217789,brisk_walking
4012718,0.121704,-0.734009,-0.051025,1.220703,-23.193367,-31.738289,brisk_walking
4012735,0.112305,-0.745361,-0.045898,5.676271,-18.737793,-23.437508,brisk_walking
4012751,0.130493,-0.78418,-0.059326,15.747074,-8.483887,-5.432129,brisk_walking
4012768,0.170166,-0.831909,-0.09314,24.719246,-3.173829,16.601563,brisk_walking
4012785,0.209351,-0.893066,-0.087891,34.240723,0.0,42.297363,brisk_walking
4012801,0.227295,-0.930786,-0.07666,39.916992,1.281738,54.077164,brisk_walking
4012818,0.251221,-1.010376,-0.079468,50.781265,0.427246,76.23291,brisk_walking
4012835,0.285767,-1.080444,-0.121948,62.805191,-0.12207,97.961456,brisk_walking
4012851,0.310791,-1.120361,-0.154053,70.251465,0.427246,107.849152,brisk_walking
4012868,0.380005,-1.183716,-0.24353,82.092285,1.464844,124.816925,brisk_walking
4012885,0.452393,-1.102661,-0.355591,83.129883,-2.929688,132.93457,brisk_walking
4012902,0.513672,-0.952026,-0.447266,80.810547,-15.136723,132.751465,brisk_walking
4012918,0.5177,-0.908936,-0.469482,78.552246,-20.690918,132.324219,brisk_walking
4012935,0.466797,-0.890625,-0.512939,75.866699,-17.150879,121.154816,brisk_walking
4012952,0.46521,-0.985229,-0.483276,72.509766,-8.300781,96.740753,brisk_walking
4012968,0.466431,-1.033325,-0.451294,66.467285,-4.394531,85.632324,brisk_walking
4012985,0.432861,-1.090576,-0.451538,50.781265,9.094238,73.547363,brisk_walking
4013002,0.428223,-1.091187,-0.474609,34.912109,26.977547,72.20459,brisk_walking
4013018,0.454346,-1.040283,-0.467285,20.263672,46.508804,71.655273,brisk_walking
4013035,0.47583,-1.001343,-0.445923,13.122562,54.870621,71.166992,brisk_walking
4013052,0.479736,-0.889282,-0.3927,-2.868653,75.134277,65.185547,brisk_walking
4013068,0.544312,-0.793091,-0.361572,-14.28223,94.299347,57.128922,brisk_walking
4013085,0.594116,-0.764526,-0.368286,-20.324707,100.097687,55.908218,brisk_walking
4013118,0.660889,-0.603638,-0.369141,-21.728516,93.017609,38.452148,brisk_walking
4013135,0.664063,-0.609009,-0.379028,-16.723633,75.012207,28.32032,brisk_walking
4013152,0.659302,-0.611084,-0.393066,-15.380863,65.490723,23.925789,brisk_walking
4013168,0.666016,-0.598633,-0.449585,-14.404301,51.574722,17.089844,brisk_walking
4013185,0.664429,-0.58667,-0.46936,-14.099125,43.762207,10.986328,brisk_walking
4013202,0.671265,-0.574097,-0.461182,-14.343266,42.297363,7.385256,brisk_walking
4013218,0.709106,-0.55957,-0.44165,-12.756351,41.687012,-0.915528,brisk_walking
4013235,0.762207,-0.609009,-0.457764,-8.422852,39.794922,-8.422852,brisk_walking
4013252,0.8125,-0.680542,-0.50354,-5.554201,32.226563,-16.784668,brisk_walking
4013268,0.825806,-0.714966,-0.514404,-3.906251,27.465828,-19.897461,brisk_walking
4013285,0.824829,-0.768921,-0.498657,-2.13623,19.65332,-27.038582,brisk_walking
4013302,0.797607,-0.80127,-0.45874,-9.155273,21.789551,-27.343758,brisk_walking
4013318,0.777954,-0.783569,-0.446411,-10.070801,26.855476,-29.541023,brisk_walking
4013335,0.856934,-0.826416,-0.438354,-5.493164,31.799324,-31.738289,brisk_walking
4013352,0.983765,-0.976807,-0.430664,-3.906251,21.66748,-19.104004,brisk_walking
4013368,0.994751,-1.023926,-0.44519,-5.615236,15.93018,-11.962894,brisk_walking
4013385,1.015625,-1.003296,-0.479126,7.812502,-3.784181,-23.681648,brisk_walking
4013402,1.069824,-1.165649,-0.417114,23.193367,-31.860359,-36.254883,brisk_walking
4013418,1.00708,-1.328613,-0.273071,7.629396,-53.161636,-39.916992,brisk_walking
4013435,0.917358,-1.280884,-0.235962,-0.488281,-56.945816,-45.959488,brisk_walking
4013452,0.781738,-1.171997,-0.195557,-1.953125,-51.513687,-62.43898,brisk_walking
4013468,0.785645,-1.134277,-0.19458,2.563477,-46.69191,-75.134277,brisk_walking
4013485,0.798096,-1.127319,-0.216064,6.530764,-48.034683,-78.430176,brisk_walking
4013502,0.789063,-1.159424,-0.237915,10.864258,-59.326187,-80.26123,brisk_walking
4013519,0.751831,-1.142822,-0.185425,2.319336,-75.744629,-76.782227,brisk_walking
4013535,0.595581,-1.005371,-0.122803,-5.371094,-80.13916,-83.374023,brisk_walking
4013552,0.561279,-0.948975,-0.106079,-8.728027,-79.223633,-88.256836,brisk_walking
4013569,0.53479,-0.869751,-0.11438,-12.634281,-80.993652,-97.351105,brisk_walking
4013585,0.409668,-0.817139,-0.099976,-14.587406,-78.674316,-105.041534,brisk_walking
4013602,0.339966,-0.785522,-0.098877,-15.380863,-74.157715,-108.276398,brisk_walking
4013619,0.227173,-0.729614,-0.102173,-14.770512,-62.988297,-111.26712,brisk_walking
4013635,0.19812,-0.689819,-0.101196,-11.474613,-54.138199,-109.13089,brisk_walking
4013652,0.144043,-0.679688,-0.117188,-4.455566,-56.274429,-101.135284,brisk_walking
4013669,0.0979,-0.680786,-0.111206,-3.234864,-58.227554,-95.336945,brisk_walking
4013685,0.02417,-0.642822,-0.101685,-3.723145,-58.349625,-81.237793,brisk_walking
4013702,-0.025513,-0.61731,-0.091675,-2.929688,-55.175797,-64.208984,brisk_walking
4013719,-0.03418,-0.636353,-0.092407,-1.159668,-52.49025,-54.260269,brisk_walking
4013735,-0.017578,-0.73584,-0.074219,-0.305176,-49.560562,-30.944832,brisk_walking
4013752,0.002686,-0.806763,-0.071167,-1.525879,-48.461929,-6.652834,brisk_walking
4013769,-0.002441,-0.896729,-0.082153,3.784181,-45.959488,13.977055,brisk_walking
4013785,0.006226,-0.958252,-0.080811,6.652834,-41.931152,21.484375,brisk_walking
4013802,0.032227,-1.064819,-0.062012,9.521484,-32.043457,34.118652,brisk_walking
4013819,-0.001587,-1.170776,-0.022339,12.634281,-18.249512,47.912613,brisk_walking
4013835,-0.010376,-1.258667,0.023071,15.136723,-8.056641,54.62648,brisk_walking
4013852,0.027832,-1.398926,0.096069,16.418457,20.019531,69.641113,brisk_walking
4013869,0.105103,-1.444214,0.086792,19.104004,50.72023,87.463379,brisk_walking
4013885,0.23645,-1.384033,0.002563,22.52198,73.486328,105.10257,brisk_walking
4013902,0.318237,-1.295532,-0.078491,24.658211,78.369141,109.313995,brisk_walking
4013919,0.47522,-1.105835,-0.254883,35.095215,72.20459,109.497101,brisk_walking
4013935,0.62207,-1.019775,-0.341919,47.485367,47.546402,100.891144,brisk_walking
4013952,0.628662,-1.018433,-0.320801,50.8423,37.17041,96.008331,brisk_walking
4013969,0.514771,-1.083252,-0.251099,49.133316,32.714844,82.824707,brisk_walking
4013985,0.513062,-1.127197,-0.261719,36.376953,49.743668,71.716309,brisk_walking
4014002,0.552979,-1.105103,-0.309692,29.479988,60.363785,70.373535,brisk_walking
4014019,0.637451,-1.031372,-0.394775,17.028809,75.317383,71.105957,brisk_walking
4014035,0.660156,-0.94165,-0.405273,1.220703,81.054688,70.861816,brisk_walking
4014052,0.653076,-0.794678,-0.375854,-19.348145,97.473175,64.575195,brisk_walking
4014069,0.653442,-0.723877,-0.355957,-26.489265,109.497101,60.363785,brisk_walking
4014086,0.64978,-0.615234,-0.345459,-34.423828,132.324219,47.302261,brisk_walking
4014102,0.709961,-0.543335,-0.356934,-32.165527,144.226074,30.639656,brisk_walking
4014119,0.744751,-0.523438,-0.362793,-31.005867,143.493652,24.41407,brisk_walking
4014136,0.791626,-0.47876,-0.397217,-29.357918,128.356934,14.892582,brisk_walking
4014152,0.800415,-0.432251,-0.420044,-27.465828,103.820831,8.361816,brisk_walking
4014169,0.789063,-0.376221,-0.42688,-26.367195,80.505371,4.089355,brisk_walking
4014186,0.784912,-0.343994,-0.432617,-25.146492,71.105957,2.13623,brisk_walking
4014202,0.780151,-0.291626,-0.447021,-20.263672,54.382339,-2.807618,brisk_walking
4014219,0.780151,-0.297729,-0.44812,-12.878422,38.024902,-8.361816,brisk_walking
4014236,0.796875,-0.325928,-0.455688,-8.972168,30.517586,-9.94873,brisk_walking
4014252,0.850952,-0.410156,-0.491821,-1.77002,17.456055,-9.521484,brisk_walking
4014269,0.895386,-0.491699,-0.506836,3.906251,2.01416,-5.615236,brisk_walking
4014286,0.917603,-0.562866,-0.504272,9.94873,-12.512211,-4.211426,brisk_walking
4014302,0.931274,-0.63269,-0.491089,12.573246,-16.479492,-1.281738,brisk_walking
4014319,0.938477,-0.810181,-0.424805,16.479492,-16.174316,3.54004,brisk_walking
4014336,1.018433,-1.040527,-0.355835,23.193367,-17.028809,6.469728,brisk_walking
4014352,1.090454,-1.183716,-0.325684,22.827156,-21.179199,9.765625,brisk_walking
4014369,1.200073,-1.416382,-0.350464,15.502934,-30.395515,29.602058,brisk_walking
4014386,1.257568,-1.463989,-0.372681,15.747074,-51.818863,28.07618,brisk_walking
4014402,1.106445,-1.336548,-0.254639,5.615236,-76.538086,8.911133,brisk_walking
4014419,1.00769,-1.232178,-0.18689,-0.061035,-78.857422,-4.638672,brisk_walking
4014436,0.909424,-1.081909,-0.125854,-0.976563,-74.523926,-36.804199,brisk_walking
4014452,0.925049,-1.079712,-0.171875,9.399414,-74.21875,-58.227554,brisk_walking
4014469,0.956299,-1.119019,-0.208862,14.892582,-82.885742,-63.476578,brisk_walking
4014486,0.928589,-1.217041,-0.208984,22.033691,-110.229523,-69.763184,brisk_walking
4014502,0.776001,-1.273682,-0.088623,14.404301,-127.502472,-73.181152,brisk_walking
4014519,0.578247,-1.196655,0.005981,-8.056641,-117.614777,-78.918457,brisk_walking
4014536,0.487549,-1.092407,0.005981,-18.676758,-104.492218,-85.693359,brisk_walking
4014552,0.376709,-0.866211,-0.039063,-28.07618,-70.983887,-102.844269,brisk_walking
4014569,0.362915,-0.729614,-0.078491,-27.221687,-43.823242,-117.797882,brisk_walking
4014586,0.363281,-0.694336,-0.074097,-25.573738,-35.15625,-122.558624,brisk_walking
4014602,0.338623,-0.672607,-0.057007,-23.498543,-26.062019,-125.793488,brisk_walking
4014619,0.302246,-0.670776,-0.059937,-23.254402,-24.780281,-124.450714,brisk_walking
4014636,0.269897,-0.65271,-0.065674,-22.888191,-25.634773,-123.413116,brisk_walking
4014652,0.20874,-0.609863,-0.072388,-19.53125,-26.977547,-119.628937,brisk_walking
4014669,0.14624,-0.579346,-0.071167,-14.709476,-29.846199,-109.13089,brisk_walking
4014686,0.104858,-0.580322,-0.064819,-9.460449,-33.935547,-90.698273,brisk_walking
4014703,0.086548,-0.582642,-0.068604,-6.530764,-36.254883,-80.322266,brisk_walking
4014719,0.071533,-0.601318,-0.080688,1.525879,-41.870117,-59.631363,brisk_walking
4014736,0.103394,-0.680664,-0.105103,9.765625,-49.682632,-34.545898,brisk_walking
4014753,0.119263,-0.750122,-0.116211,14.343266,-54.382339,-21.606445,brisk_walking
4014769,0.125122,-0.900879,-0.106812,19.958496,-62.683121,1.831055,brisk_walking
4014786,0.087158,-0.987793,-0.077026,19.53125,-64.025879,20.629883,brisk_walking
4014803,0.042969,-1.045532,-0.073486,20.019531,-52.795425,35.766602,brisk_walking
4014819,0.042725,-1.070801,-0.08252,21.118164,-43.395996,42.419434,brisk_walking
4014836,0.046387,-1.178955,-0.076904,29.479988,-19.104004,57.861343,brisk_walking
4014853,0.023193,-1.343384,-0.019653,33.874512,12.207035,69.152832,brisk_walking
4014869,0.041992,-1.38855,-0.011963,32.531738,27.648933,75.622559,brisk_walking
4014886,0.136841,-1.380249,-0.052734,33.813477,53.039566,90.271027,brisk_walking
4014903,0.278931,-1.290161,-0.147217,38.269043,65.002441,106.201202,brisk_walking
4014919,0.407349,-1.090088,-0.314575,43.518066,56.51857,113.586456,brisk_walking
4014936,0.478027,-1.02063,-0.392212,49.926773,44.555679,115.0513,brisk_walking
4014953,0.55188,-1.008789,-0.450195,59.997574,14.404301,114.257843,brisk_walking
4014969,0.521118,-1.099609,-0.354492,57.373062,-7.690432,110.656769,brisk_walking
4014986,0.469238,-1.137817,-0.302612,51.818863,-9.277344,105.651886,brisk_walking
4015003,0.422852,-1.198242,-0.269653,41.442871,10.192871,94.116241,brisk_walking
4015019,0.464478,-1.251587,-0.328125,30.578621,39.367676,92.102081,brisk_walking
4015036,0.518677,-1.192139,-0.423218,16.174316,59.631363,91.430695,brisk_walking
4015053,0.554688,-1.120605,-0.437866,10.192871,65.002441,88.195801,brisk_walking
4015069,0.577881,-0.973877,-0.385498,-2.380371,76.23291,76.721191,brisk_walking
4015086,0.549316,-0.858398,-0.317017,-18.310547,97.106964,64.27002,brisk_walking
4015103,0.536133,-0.811401,-0.301147,-27.404793,110.961945,60.058609,brisk_walking
4015119,0.530762,-0.674316,-0.318481,-35.888672,136.291504,45.410172,brisk_walking
4015136,0.598022,-0.571289,-0.340454,-30.09034,139.160156,29.174812,brisk_walking
4015153,0.654419,-0.552612,-0.324219,-24.963387,120.605499,19.104004,brisk_walking
4015169,0.623779,-0.509277,-0.315063,-24.292,108.581573,16.479492,brisk_walking
4015186,0.58252,-0.439575,-0.318115,-23.010262,87.280273,15.869144,brisk_walking
4015203,0.572144,-0.371094,-0.348755,-19.287109,69.335938,18.371582,brisk_walking
4015219,0.589355,-0.353149,-0.371948,-15.258793,59.509293,18.493652,brisk_walking
4015236,0.621826,-0.363159,-0.381714,-6.225588,36.92627,16.235352,brisk_walking
4015253,0.635376,-0.407227,-0.378784,-0.12207,19.40918,13.061527,brisk_walking
4015269,0.638794,-0.44519,-0.389771,1.586915,15.197758,11.413578,brisk_walking
4015286,0.663574,-0.53894,-0.432251,4.699707,15.441898,10.192871,brisk_walking
4015303,0.74292,-0.635864,-0.46521,7.446291,15.441898,10.986328,brisk_walking
4015320,0.811035,-0.71521,-0.485474,10.253906,5.798342,11.962894,brisk_walking
4015336,0.813354,-0.754639,-0.481323,10.620117,1.342773,11.901859,brisk_walking
4015353,0.820801,-0.852417,-0.446899,5.310059,1.403809,13.000492,brisk_walking
4015370,0.84314,-0.957642,-0.425049,5.065918,11.169437,7.934572,brisk_walking
4015386,0.885132,-1.040039,-0.430908,7.08008,14.465336,7.446291,brisk_walking
4015403,1.006226,-1.265625,-0.448853,5.493164,18.066406,16.662598,brisk_walking
4015420,1.160156,-1.420044,-0.524658,13.610844,-0.915528,14.770512,brisk_walking
4015436,1.209106,-1.566406,-0.483032,24.597176,-42.785645,0.976563,brisk_walking
4015453,1.122192,-1.55249,-0.381958,12.695316,-61.584488,-4.943848,brisk_walking
4015470,0.81665,-1.214722,-0.223511,-14.343266,-66.772461,-24.963387,brisk_walking
4015486,0.684204,-0.953491,-0.226563,-10.498047,-45.776382,-61.523453,brisk_walking
4015503,0.718628,-0.956177,-0.262207,-0.976563,-37.963867,-74.768066,brisk_walking
4015520,0.821655,-1.091187,-0.309692,16.174316,-48.217789,-89.172394,brisk_walking
4015536,0.807495,-1.216064,-0.287964,26.977547,-81.481934,-91.064484,brisk_walking
4015553,0.725342,-1.307373,-0.181519,23.559578,-108.825714,-86.853027,brisk_walking
4015570,0.684204,-1.305176,-0.115601,14.16016,-117.187531,-82.885742,brisk_walking
4015586,0.523315,-1.135498,-0.051514,-9.094238,-120.422394,-83.679199,brisk_walking
4015603,0.372314,-0.928467,-0.062012,-24.108894,-102.661163,-93.078644,brisk_walking
4015620,0.338013,-0.849854,-0.077271,-28.747566,-89.660675,-98.449738,brisk_walking
4015636,0.327759,-0.739014,-0.088623,-32.470703,-65.856934,-107.2388,brisk_walking
4015653,0.321655,-0.681763,-0.088257,-31.494148,-48.400894,-112.365753,brisk_walking
4015670,0.317627,-0.690186,-0.080444,-28.686531,-38.330078,-113.220245,brisk_walking
4015686,0.299438,-0.710083,-0.080688,-28.44239,-36.987305,-112.121613,brisk_walking
4015703,0.200562,-0.720825,-0.083984,-31.127937,-40.100098,-107.11673,brisk_walking
4015720,0.107544,-0.668457,-0.094849,-31.372078,-39.550781,-101.013214,brisk_walking
4015736,0.095215,-0.651855,-0.097778,-27.954109,-37.414551,-96.862823,brisk_walking
4015753,0.08313,-0.676758,-0.086304,-20.935059,-34.362793,-83.374023,brisk_walking
4015770,0.069092,-0.705811,-0.07605,-15.563969,-33.508301,-67.810059,brisk_walking
4015786,0.069946,-0.727783,-0.070313,-12.207035,-37.841797,-47.363297,brisk_walking
4015803,0.065308,-0.807251,-0.06665,-12.084965,-40.83252,-35.27832,brisk_walking
4015820,0.046875,-0.864502,-0.075806,-9.70459,-43.640137,-14.465336,brisk_walking
4015836,0.032837,-0.952026,-0.064087,0.549316,-39.0625,2.624512,brisk_walking
4015853,0.027466,-1.009155,-0.046753,3.234864,-34.484863,10.375977,brisk_walking
4015870,0.031494,-1.067261,-0.040894,5.126953,-20.935059,24.719246,brisk_walking
4015887,0.043213,-1.109131,-0.038818,12.939457,0.549316,38.024902,brisk_walking
4015903,0.052002,-1.1521,-0.033447,20.568848,13.549809,42.358398,brisk_walking
4015920,0.119385,-1.258057,-0.029419,32.104492,37.780762,52.185074,brisk_walking
4015937,0.223999,-1.313354,-0.045288,42.724609,48.339859,67.077637,brisk_walking
4015953,0.280396,-1.300537,-0.081055,45.471207,48.095718,85.327148,brisk_walking
4015970,0.291504,-1.20813,-0.134766,44.616714,48.400894,91.369659,brisk_walking
4015987,0.342285,-1.015503,-0.274292,48.70607,47.973648,97.045929,brisk_walking
4016003,0.412231,-0.979736,-0.332764,50.903336,46.264664,97.167999,brisk_walking
4016020,0.413696,-0.977173,-0.307373,48.645035,46.142593,92.895538,brisk_walking
4016037,0.428589,-1.033325,-0.26709,40.771484,52.246109,82.03125,brisk_walking
4016053,0.475098,-1.130615,-0.26355,30.456551,63.903824,75.073242,brisk_walking
4016070,0.527344,-1.176025,-0.297119,17.822266,74.035645,81.787109,brisk_walking
4016087,0.548096,-1.145874,-0.321045,12.084965,74.462891,84.899902,brisk_walking
4016103,0.547607,-1.0354,-0.354004,4.577637,74.401855,86.05957,brisk_walking
4016120,0.595337,-0.901978,-0.343506,-0.915528,77.026367,77.819824,brisk_walking
4016137,0.602661,-0.843628,-0.326172,-3.723145,81.054688,73.974609,brisk_walking
4016153,0.606079,-0.77478,-0.314331,-11.657719,93.200714,66.955566,brisk_walking
4016170,0.621338,-0.702637,-0.322998,-20.812988,105.285675,59.631363,brisk_walking
4016187,0.632568,-0.60376,-0.307983,-20.141602,110.534698,46.93605,brisk_walking
4016203,0.638306,-0.581055,-0.297485,-18.432617,110.046417,41.442871,brisk_walking
4016220,0.655273,-0.555542,-0.29895,-16.540527,101.928741,34.423828,brisk_walking
4016237,0.687988,-0.509033,-0.351318,-14.099125,84.777832,30.517586,brisk_walking
4016253,0.707764,-0.490356,-0.373657,-11.657719,74.035645,29.296883,brisk_walking
4016270,0.720581,-0.482666,-0.382568,-8.178711,54.382339,28.015144,brisk_walking
4016287,0.735474,-0.472534,-0.379883,-5.859377,39.123535,26.000984,brisk_walking
4016303,0.769775,-0.477295,-0.390259,-2.01416,25.756844,21.728516,brisk_walking
4016320,0.800903,-0.500244,-0.407227,0.732422,19.836426,20.324707,brisk_walking
4016337,0.859863,-0.569702,-0.440308,5.065918,7.873537,18.737793,brisk_walking
4016353,0.894531,-0.643799,-0.467651,8.483887,-3.173829,16.052246,brisk_walking
4016370,0.90686,-0.685913,-0.472168,9.643555,-7.873537,12.817387,brisk_walking
4016387,0.913086,-0.765137,-0.451294,8.544922,-10.681152,4.638672,brisk_walking
4016403,0.908081,-0.828979,-0.412842,2.075195,-3.723145,-2.929688,brisk_walking
4016420,0.915527,-0.846558,-0.396118,1.831055,4.455566,-13.549809,brisk_walking
4016437,0.981323,-0.958496,-0.395874,4.760742,4.394531,-14.770512,brisk_walking
4016453,1.056885,-1.15625,-0.40332,4.577637,1.586915,-9.216309,brisk_walking
4016470,1.170654,-1.286621,-0.458862,9.094238,-14.404301,-7.08008,brisk_walking
4016487,1.223999,-1.349121,-0.496216,17.51709,-30.700691,-14.03809,brisk_walking
4016504,1.216553,-1.48584,-0.411133,20.141602,-70.373535,-27.343758,brisk_walking
4016520,0.921997,-1.316406,-0.217285,-3.906251,-92.468292,-44.250504,brisk_walking
4016537,0.762451,-1.18396,-0.161255,-9.399414,-87.585449,-59.631363,brisk_walking
4016554,0.671997,-1.102173,-0.157715,-9.033203,-60.54689,-84.228516,brisk_walking
4016570,0.73645,-1.120728,-0.222046,-2.990724,-50.231949,-92.224152,brisk_walking
4016587,0.747681,-1.177612,-0.254883,6.774904,-63.903824,-92.590363,brisk_walking
4016604,0.720825,-1.224731,-0.227295,8.178711,-71.594238,-90.271027,brisk_walking
4016620,0.635986,-1.226807,-0.11792,-3.845216,-83.740234,-85.449219,brisk_walking
4016637,0.518188,-1.032959,-0.046875,-22.52198,-82.519531,-88.439941,brisk_walking
4016654,0.458252,-0.92688,-0.030518,-27.832039,-76.721191,-93.62796,brisk_walking
4016670,0.390747,-0.800903,-0.039185,-32.409668,-61.096207,-105.712921,brisk_walking
4016687,0.338257,-0.741455,-0.066406,-31.616219,-52.73439,-114.563019,brisk_walking
4016704,0.223389,-0.698975,-0.072021,-28.991707,-48.217789,-116.149933,brisk_walking
4016720,0.173096,-0.686523,-0.06897,-27.954109,-45.715347,-114.440948,brisk_walking
4016737,0.126221,-0.66748,-0.065796,-25.939949,-42.602539,-106.689484,brisk_walking
4016754,0.103027,-0.655396,-0.058716,-23.132332,-42.297363,-94.787628,brisk_walking
4016770,0.090942,-0.657959,-0.059937,-20.690918,-41.503906,-87.82959,brisk_walking
4016787,0.05127,-0.668823,-0.050293,-17.51709,-40.83252,-72.875977,brisk_walking
4016804,0.048462,-0.665771,-0.046509,-14.465336,-38.269043,-59.082047,brisk_walking
4016820,0.079956,-0.716919,-0.05896,-7.751467,-38.024902,-43.09082,brisk_walking
4016837,0.098877,-0.774414,-0.05957,-5.310059,-39.18457,-33.447266,brisk_walking
4016854,0.129883,-0.875488,-0.05481,-3.356935,-42.84668,-13.549809,brisk_walking
4016870,0.128296,-0.935303,-0.031494,-0.915528,-42.907715,2.380371,brisk_walking
4016887,0.115356,-0.964478,-0.013916,1.098633,-39.18457,8.056641,brisk_walking
4016904,0.088745,-1.011108,0.000366,4.150391,-23.315437,17.883301,brisk_walking
4016920,0.111206,-1.0625,-0.012329,10.742188,-2.13623,30.700691,brisk_walking
4016937,0.147705,-1.217773,0.019653,20.874023,20.507813,50.537125,brisk_walking
4016954,0.154541,-1.2948,0.02832,24.047859,29.663094,60.913101,brisk_walking
4016970,0.202637,-1.378906,0.024292,28.503426,42.96875,83.80127,brisk_walking
4016987,0.286621,-1.378296,-0.012451,33.691406,51.147476,105.529816,brisk_walking
4017004,0.32605,-1.304688,-0.074829,34.790039,53.161636,113.769562,brisk_walking
4017020,0.429321,-1.073853,-0.24585,43.579102,51.513687,119.140656,brisk_walking
4017037,0.576782,-0.972168,-0.360352,57.189957,34.973145,116.027863,brisk_walking
4017054,0.613892,-0.96167,-0.37439,65.307617,10.192871,107.299835,brisk_walking
4017071,0.57312,-1.002197,-0.329102,66.650391,1.159668,101.135284,brisk_walking
4017087,0.505737,-1.078369,-0.278809,63.293472,-6.042482,83.984375,brisk_walking
4017104,0.480591,-1.103271,-0.279907,57.617203,-1.281738,73.974609,brisk_walking
4017121,0.460571,-1.100952,-0.294189,53.894058,2.868653,74.09668,brisk_walking
4017137,0.404175,-1.045044,-0.350586,41.992188,16.296387,76.477051,brisk_walking
4017154,0.39563,-0.926147,-0.359375,30.456551,29.235847,71.838379,brisk_walking
4017171,0.395508,-0.877563,-0.338867,21.728516,38.146973,68.17627,brisk_walking
4017187,0.423096,-0.778076,-0.32312,3.356935,66.650391,60.791031,brisk_walking
4017204,0.444458,-0.703003,-0.328491,-11.474613,97.900421,56.274429,brisk_walking
4017221,0.473389,-0.63855,-0.353271,-16.784668,119.751007,46.203629,brisk_walking
4017237,0.513672,-0.624634,-0.348999,-17.272949,124.63382,41.748047,brisk_walking
4017254,0.576782,-0.618774,-0.343018,-18.676758,120.361359,37.353516,brisk_walking
4017271,0.629761,-0.591919,-0.370117,-19.897461,104.553253,36.804199,brisk_walking
4017287,0.640991,-0.575928,-0.398804,-19.165039,95.581085,37.536621,brisk_walking
4017304,0.644165,-0.552856,-0.450195,-16.418457,82.702637,37.414551,brisk_walking
4017321,0.713379,-0.55481,-0.487671,-12.695316,71.228027,32.775879,brisk_walking
4017337,0.763794,-0.572632,-0.50769,-13.610844,61.767593,26.367195,brisk_walking
4017354,0.792603,-0.571167,-0.526367,-11.108402,56.3965,19.65332,brisk_walking
4017371,0.854492,-0.645752,-0.548584,-6.835939,41.687012,11.718754,brisk_walking
4017387,0.893188,-0.714355,-0.557373,-5.615236,26.367195,8.117676,brisk_walking
4017404,0.909058,-0.73938,-0.562866,-5.004883,18.615723,6.896975,brisk_walking
4017421,0.904785,-0.773804,-0.567505,-2.075195,4.638672,0.366211,brisk_walking
4017437,0.880371,-0.851196,-0.521973,-6.774904,3.845216,-3.41797,brisk_walking
4017454,0.909546,-0.869019,-0.463867,-8.666992,9.70459,-11.596684,brisk_walking
4017471,0.943481,-0.931641,-0.449585,-9.338379,10.070801,-11.840824,brisk_walking
4017487,1.001709,-1.029663,-0.44873,-10.681152,3.112794,-9.155273,brisk_walking
4017504,1.064209,-1.126221,-0.471191,-5.615236,-9.399414,-6.591799,brisk_walking
4017521,1.0979,-1.157104,-0.479492,1.098633,-20.935059,-13.488773,brisk_walking
4017537,1.122437,-1.279297,-0.415649,9.765625,-57.006851,-30.883797,brisk_walking
4017554,0.973755,-1.338501,-0.259277,-6.225588,-78.24707,-39.978027,brisk_walking
4017571,0.815308,-1.244995,-0.166748,-14.28223,-76.23291,-59.631363,brisk_walking
4017587,0.798584,-1.267944,-0.150024,-14.892582,-69.641113,-67.260742,brisk_walking
4017604,0.843872,-1.317383,-0.160278,-15.319828,-66.52832,-76.23291,brisk_walking
4017621,0.82251,-1.34729,-0.186401,-12.329105,-73.364258,-80.26123,brisk_walking
4017637,0.788086,-1.364746,-0.167358,-13.244633,-76.293945,-81.298828,brisk_walking
4017654,0.689087,-1.297974,-0.055542,-26.42823,-76.843262,-84.228516,brisk_walking
4017671,0.5354,-1.097046,0.002686,-42.297363,-63.415543,-94.299347,brisk_walking
4017688,0.476807,-0.992188,-0.012085,-45.349136,-39.367676,-113.525421,brisk_walking
4017704,0.450439,-0.864746,-0.034546,-43.823242,-30.395515,-122.131378,brisk_walking
4017721,0.404419,-0.812622,-0.053467,-37.719727,-22.27784,-136.59668,brisk_walking
4017738,0.297852,-0.772827,-0.06543,-31.555183,-19.897461,-145.019531,brisk_walking
4017754,0.274048,-0.740723,-0.071289,-28.32032,-20.202637,-146.66748,brisk_walking
4017771,0.232666,-0.68335,-0.077271,-18.981934,-27.038582,-142.211914,brisk_walking
4017788,0.148438,-0.640259,-0.102539,-9.765625,-42.419434,-131.04248,brisk_walking
4017804,0.106934,-0.629395,-0.111084,-5.310059,-51.147476,-124.206573,brisk_walking
4017821,0.05896,-0.649536,-0.106201,2.01416,-66.833496,-107.299835,brisk_walking
4017838,-0.029053,-0.67334,-0.10437,1.037598,-79.406738,-85.571289,brisk_walking
4017854,-0.062378,-0.67395,-0.104004,-2.685547,-88.378906,-60.913101,brisk_walking
4017871,-0.05542,-0.710815,-0.102661,-0.854492,-90.698273,-47.424332,brisk_walking
4017888,-0.088745,-0.848389,-0.066406,1.464844,-87.585449,-20.996094,brisk_walking
4017904,-0.119263,-0.948608,-0.037354,-0.244141,-72.32666,-0.061035,brisk_walking
4017921,-0.125488,-0.97998,-0.032959,-1.037598,-61.035172,7.934572,brisk_walking
4017938,-0.118774,-1.037476,-0.056519,-0.427246,-33.325195,21.362305,brisk_walking
4017954,-0.070801,-1.103638,-0.064209,5.065918,-4.760742,34.301758,brisk_walking
4017971,-0.017578,-1.230835,-0.014771,16.296387,22.033691,49.804703,brisk_walking
4017988,0.020264,-1.321655,0.01416,20.385742,33.508301,59.875504,brisk_walking
4018004,0.103882,-1.421387,0.029175,23.681648,50.8423,81.604004,brisk_walking
4018021,0.174561,-1.403931,-0.022217,29.724129,64.697266,105.896027,brisk_walking
4018038,0.230469,-1.338013,-0.082153,32.958984,69.396973,114.685089,brisk_walking
4018054,0.389282,-1.123169,-0.253784,46.142593,67.199707,123.474152,brisk_walking
4018071,0.547974,-1.011841,-0.389282,63.354507,43.823242,124.389679,brisk_walking
4018088,0.621338,-1.018677,-0.406982,74.462891,8.972168,119.262726,brisk_walking
4018104,0.612427,-1.07605,-0.374756,76.11084,-4.272461,117.919952,brisk_walking
4018121,0.484741,-1.174805,-0.304688,67.260742,-11.657719,108.520538,brisk_walking
4018138,0.428467,-1.194702,-0.2948,57.250992,3.295899,96.191437,brisk_walking
4018154,0.416382,-1.200317,-0.307617,51.208511,15.075687,93.62796,brisk_walking
4018171,0.41272,-1.122192,-0.334839,35.949707,41.07666,93.688995,brisk_walking
4018188,0.435425,-0.981323,-0.342896,25.390633,60.42482,90.148956,brisk_walking
4018204,0.436279,-0.87915,-0.321167,15.258793,81.848145,84.16748,brisk_walking
4018221,0.449585,-0.841553,-0.310059,9.521484,93.017609,81.237793,brisk_walking
4018238,0.479248,-0.756836,-0.32605,-0.549316,113.769562,74.707031,brisk_walking
4018254,0.530029,-0.676758,-0.329102,-1.464844,122.009308,62.927261,brisk_walking
4018271,0.560425,-0.663452,-0.308594,-0.976563,120.605499,58.349625,brisk_walking
4018288,0.599976,-0.662354,-0.302612,-2.258301,109.375031,53.100601,brisk_walking
4018305,0.62561,-0.639893,-0.347168,-3.54004,93.078644,52.978531,brisk_walking
4018321,0.633545,-0.620972,-0.380005,-2.929688,68.725586,54.931656,brisk_walking
4018338,0.665405,-0.592041,-0.456665,1.89209,65.734863,55.114761,brisk_walking
4018355,0.703979,-0.573364,-0.497437,7.263186,43.151855,52.124039,brisk_walking
4018371,0.711548,-0.573242,-0.497925,10.498047,22.644051,47.058121,brisk_walking
4018388,0.715942,-0.591187,-0.513062,11.718754,16.662598,44.494644,brisk_walking
4018405,0.738159,-0.671753,-0.567505,14.221195,10.986328,41.137695,brisk_walking
4018421,0.800781,-0.748413,-0.634277,15.991215,4.150391,38.208008,brisk_walking
4018438,0.83313,-0.778076,-0.657471,16.784668,-1.77002,36.437988,brisk_walking
4018455,0.833618,-0.836792,-0.643677,15.808109,-16.601563,29.418953,brisk_walking
4018471,0.771729,-0.888794,-0.590332,9.82666,-16.601563,19.53125,brisk_walking
4018488,0.807983,-0.987427,-0.565918,5.737307,-3.41797,9.70459,brisk_walking
4018505,0.85498,-1.065186,-0.583496,6.896975,0.732422,5.065918,brisk_walking
4018521,1.016846,-1.264893,-0.643066,13.183598,-11.718754,-1.89209,brisk_walking
4018538,1.137817,-1.564331,-0.655884,18.554688,-40.83252,-1.281738,brisk_walking
4018555,1.115845,-1.660278,-0.624268,15.625004,-56.213394,-7.812502,brisk_walking
4018571,0.916992,-1.589844,-0.395874,-7.934572,-78.979492,-30.761726,brisk_walking
4018588,0.655884,-1.269897,-0.228027,-37.414551,-60.974136,-57.861343,brisk_walking
4018605,0.591919,-1.121094,-0.246582,-36.682129,-24.597176,-91.369659,brisk_walking
4018621,0.65564,-1.137451,-0.26709,-31.433113,-14.770512,-101.989777,brisk_walking
4018638,0.774658,-1.208374,-0.311768,-19.165039,-26.42823,-110.717804,brisk_walking
4018655,0.741577,-1.307373,-0.271729,-7.995607,-55.603043,-108.642609,brisk_walking
4018671,0.708008,-1.352051,-0.209106,-7.934572,-67.321777,-105.651886,brisk_walking
4018688,0.625244,-1.320557,-0.060059,-22.583015,-80.688477,-102.294952,brisk_walking
4018705,0.519409,-1.101563,-0.007202,-41.992188,-86.120605,-106.018097,brisk_walking
4018721,0.386353,-0.901245,-0.020752,-49.987808,-78.24707,-119.201691,brisk_walking
4018738,0.335449,-0.837036,-0.029053,-50.476089,-69.213867,-125.732452,brisk_walking
4018755,0.29248,-0.77356,-0.035767,-46.630875,-47.241226,-137.084961,brisk_walking
4018771,0.270142,-0.783691,-0.019043,-42.480469,-31.555183,-140.686035,brisk_walking
4018788,0.237915,-0.775635,-0.013184,-41.07666,-27.099617,-141.845703,brisk_walking
4018805,0.171143,-0.713623,-0.03125,-38.024902,-20.935059,-140.930176,brisk_walking
4018821,0.134155,-0.694214,-0.06958,-29.113777,-26.794441,-132.324219,brisk_walking
4018838,0.116089,-0.754517,-0.068726,-24.780281,-43.884277,-111.816437,brisk_walking
4018855,0.101318,-0.780396,-0.060791,-24.475105,-51.757828,-98.876984,brisk_walking
4018872,0.03894,-0.817261,-0.039673,-24.292,-59.814468,-72.998047,brisk_walking
4018888,-0.020142,-0.882568,-0.018677,-19.836426,-54.870621,-54.565445,brisk_walking
4018905,-0.025757,-0.929688,-0.002808,-18.188477,-49.194351,-47.790543,brisk_walking
4018922,0.016846,-1.009766,0.036133,-21.789551,-41.442871,-31.005867,brisk_walking
4018938,-0.006592,-1.04126,0.032715,-27.404793,-32.348633,-12.207035,brisk_walking
4018955,-0.041138,-1.030029,0.019653,-26.977547,-23.986824,-5.920412,brisk_walking
4018972,-0.038086,-0.986206,0.0,-17.456055,0.610352,0.976563,brisk_walking
4018988,0.052246,-0.969482,-0.060425,-0.12207,19.226074,8.911133,brisk_walking
4019005,0.120361,-1.035645,-0.06897,17.76123,23.681648,20.751953,brisk_walking
4019022,0.117432,-1.091064,-0.051025,25.024422,23.193367,28.07618,brisk_walking
4019038,0.125488,-1.137085,-0.03186,31.494148,25.329597,46.508804,brisk_walking
4019055,0.165771,-1.094238,-0.060425,41.931152,28.19825,68.786621,brisk_walking
4019072,0.190552,-1.10437,-0.090942,49.011246,29.418953,80.566406,brisk_walking
4019088,0.269043,-1.098022,-0.20105,57.434097,29.785164,99.060089,brisk_walking
4019105,0.391235,-1.025513,-0.343994,64.27002,22.216805,106.018097,brisk_walking
4019122,0.519409,-0.989502,-0.401001,64.147949,4.211426,107.36087,brisk_walking
4019138,0.523315,-0.964233,-0.384399,61.340347,-2.13623,106.445343,brisk_walking
4019155,0.443115,-0.958862,-0.31958,56.823746,5.554201,98.571808,brisk_walking
4019172,0.445801,-1.077271,-0.308594,52.185074,34.606934,87.768555,brisk_walking
4019188,0.490723,-1.124268,-0.334595,48.095718,46.142593,83.312988,brisk_walking
4019205,0.577759,-1.115967,-0.393433,38.513184,56.579605,81.481934,brisk_walking
4019222,0.62793,-1.021606,-0.39502,32.714844,49.194351,79.040527,brisk_walking
4019238,0.60022,-0.935669,-0.368042,26.672371,51.757828,73.181152,brisk_walking
4019255,0.60437,-0.904175,-0.361938,21.972656,55.114761,69.396973,brisk_walking
4019272,0.576416,-0.838989,-0.371582,6.835939,65.185547,63.598648,brisk_walking
4019288,0.550171,-0.702515,-0.392822,-2.441406,81.176758,50.170914,brisk_walking
4019305,0.559448,-0.651245,-0.385376,-3.295899,86.242676,42.297363,brisk_walking
4019322,0.588623,-0.609497,-0.377441,-5.615236,92.651398,28.137215,brisk_walking
4019338,0.640259,-0.573975,-0.425659,-7.446291,94.726593,16.723633,brisk_walking
4019355,0.699585,-0.540405,-0.500122,-6.469728,88.562042,7.324221,brisk_walking
4019372,0.717651,-0.527344,-0.518433,-5.187988,84.04541,2.624512,brisk_walking
4019388,0.74353,-0.484741,-0.512573,-5.859377,76.660156,-7.812502,brisk_walking
4019405,0.784668,-0.453857,-0.525513,-5.981447,74.462891,-18.249512,brisk_walking
4019438,0.873657,-0.467651,-0.537231,-4.333496,66.162109,-28.503426,brisk_walking
4019455,0.942627,-0.50415,-0.546021,-5.004883,54.260269,-29.541023,brisk_walking
4019472,1.006714,-0.523071,-0.560547,-3.356935,31.616219,-30.639656,brisk_walking
4019489,1.016235,-0.539063,-0.558472,-2.197266,18.493652,-30.944832,brisk_walking
4019505,0.963989,-0.606445,-0.511353,-4.150391,1.64795,-29.846199,brisk_walking
4019522,0.90332,-0.657593,-0.403931,-9.765625,6.835939,-30.700691,brisk_walking
4019539,0.916382,-0.686768,-0.359497,-10.864258,13.427738,-30.883797,brisk_walking
4019555,0.987427,-0.782593,-0.307373,-3.54004,13.916019,-28.991707,brisk_walking
4019572,1.11853,-1.018311,-0.296387,2.868653,6.835939,-6.225588,brisk_walking
4019589,1.225464,-1.138672,-0.33606,10.803223,-5.737307,2.441406,brisk_walking
4019605,1.393433,-1.490112,-0.328369,32.531738,-50.659195,9.643555,brisk_walking
4019622,1.27002,-1.522583,-0.144531,5.554201,-101.806671,10.131836,brisk_walking
4019639,0.991089,-1.187134,-0.031006,-7.20215,-122.924835,-11.657719,brisk_walking
4019655,0.90332,-1.12146,-0.027832,-5.371094,-121.398956,-28.07618,brisk_walking
4019672,0.817871,-1.125122,-0.099976,1.89209,-102.355988,-52.673355,brisk_walking
4019689,0.84082,-1.237427,-0.194824,14.28223,-94.360382,-67.199707,brisk_walking
4019705,0.840942,-1.319458,-0.184814,17.333984,-96.557648,-70.739746,brisk_walking
4019722,0.816406,-1.397339,-0.076538,8.300781,-104.797394,-69.885254,brisk_walking
4019739,0.612671,-1.214722,-0.005127,-15.991215,-99.4263,-72.08252,brisk_walking
4019755,0.474854,-0.928467,-0.021606,-31.372078,-81.298828,-87.95166,brisk_walking
4019772,0.463623,-0.81958,-0.045532,-34.118652,-74.951172,-97.106964,brisk_walking
4019789,0.401367,-0.67334,-0.093872,-32.409668,-66.040039,-111.694366,brisk_walking
4019805,0.320435,-0.622437,-0.103394,-24.16993,-57.495132,-123.596222,brisk_walking
4019822,0.293945,-0.628296,-0.089478,-22.338875,-51.391617,-125.671417,brisk_walking
4019839,0.254761,-0.61792,-0.071411,-21.484375,-45.959488,-126.037628,brisk_walking
4019855,0.167725,-0.577271,-0.080078,-20.507813,-44.128418,-121.093781,brisk_walking
4019872,0.097534,-0.550415,-0.096191,-16.052246,-44.494644,-112.426788,brisk_walking
4019889,0.081787,-0.561157,-0.10083,-13.732914,-45.898453,-105.041534,brisk_walking
4019905,0.042847,-0.601929,-0.105591,-9.765625,-50.231949,-86.303711,brisk_walking
4019922,-0.004883,-0.660156,-0.118408,-6.591799,-50.354019,-65.490723,brisk_walking
4019939,-0.006104,-0.707886,-0.122437,-6.103518,-49.682632,-52.61232,brisk_walking
4019955,-0.00708,-0.803955,-0.097534,-11.047363,-48.034683,-24.902351,brisk_walking
4019972,0.002686,-0.833862,-0.091553,-10.437012,-39.672852,-5.126953,brisk_walking
4019989,0.016846,-0.923096,-0.109741,-5.065918,-24.658211,13.122562,brisk_walking
4020005,0.03064,-0.980591,-0.122192,-5.065918,-15.197758,22.705086,brisk_walking
4020022,0.091431,-1.049927,-0.14209,-5.371094,4.577637,39.733887,brisk_walking
4020039,0.122314,-1.134399,-0.11499,1.64795,25.756844,53.771988,brisk_walking
4020056,0.140869,-1.209595,-0.096313,4.882813,37.536621,61.462418,brisk_walking
4020072,0.198853,-1.337891,-0.077026,10.375977,59.814468,78.186035,brisk_walking
4020089,0.316284,-1.380127,-0.094971,14.831547,71.594238,101.19632,brisk_walking
4020106,0.451294,-1.296875,-0.225464,20.202637,67.687988,123.779327,brisk_walking
4020122,0.511597,-1.185913,-0.300903,24.16993,58.349625,130.493164,brisk_walking
4020139,0.615967,-1.020386,-0.423828,38.879395,27.526863,133.422852,brisk_walking
4020156,0.63501,-1.021484,-0.444946,52.429214,-1.159668,126.220734,brisk_walking
4020172,0.628418,-1.052368,-0.411865,55.786148,-11.535648,120.788605,brisk_walking
4020189,0.543213,-1.122192,-0.321899,53.222672,-18.249512,112.854034,brisk_walking
4020206,0.470337,-1.13501,-0.281128,46.325699,-11.352543,103.698761,brisk_walking
4020222,0.453735,-1.119629,-0.289673,42.907715,-5.798342,100.769073,brisk_walking
4020239,0.420044,-1.043823,-0.309937,35.644531,4.760742,97.167999,brisk_walking
4020256,0.37146,-0.93335,-0.293823,28.686531,19.836426,93.200714,brisk_walking
4020272,0.358521,-0.835449,-0.250977,20.263672,41.19873,85.754395,brisk_walking
4020289,0.364502,-0.796997,-0.233276,14.221195,50.048843,82.336426,brisk_walking
4020306,0.333252,-0.719971,-0.210327,2.258301,78.00293,78.735352,brisk_walking
4020322,0.356201,-0.627197,-0.203125,-1.64795,109.25296,70.983887,brisk_walking
4020339,0.404785,-0.604858,-0.201904,-0.12207,118.042023,66.650391,brisk_walking
4020356,0.507935,-0.599731,-0.2146,3.479005,115.661652,60.363785,brisk_walking
4020372,0.562988,-0.571533,-0.245117,4.882813,94.238312,60.913101,brisk_walking
4020389,0.576172,-0.537598,-0.301758,8.056641,68.603516,64.27002,brisk_walking
4020406,0.581543,-0.539185,-0.338379,9.643555,58.288589,65.612793,brisk_walking
4020422,0.581543,-0.555664,-0.358398,11.047363,44.128418,65.307617,brisk_walking
4020439,0.582642,-0.560303,-0.347412,11.657719,43.09082,59.814468,brisk_walking
4020456,0.597412,-0.579346,-0.355591,13.122562,48.034683,57.189957,brisk_walking
4020472,0.677734,-0.645996,-0.405273,15.686039,59.570328,52.124039,brisk_walking
4020489,0.797974,-0.706299,-0.454712,19.042969,58.349625,46.081558,brisk_walking
4020506,0.886963,-0.799927,-0.484985,22.949226,43.579102,38.208008,brisk_walking
4020522,0.913086,-0.842407,-0.498291,24.292,35.03418,33.26416,brisk_walking
4020539,0.948486,-0.914063,-0.512695,25.329597,24.597176,22.460945,brisk_walking
4020556,0.971924,-0.947021,-0.51709,19.714355,21.911621,12.02393,brisk_walking
4020572,0.993164,-0.934937,-0.517212,19.348145,18.920898,4.516602,brisk_walking
4020589,1.047852,-1.005737,-0.513428,25.512703,9.094238,-8.422852,brisk_walking
4020606,1.10498,-1.204468,-0.530029,28.19825,4.516602,-8.056641,brisk_walking
4020622,1.262695,-1.418579,-0.597656,44.494644,-17.089844,-21.362305,brisk_walking
4020639,1.336426,-1.606323,-0.597046,55.969254,-37.109375,-31.494148,brisk_walking
4020656,1.224487,-1.830322,-0.382935,34.301758,-82.214355,-47.119156,brisk_walking
4020673,0.840698,-1.371826,-0.206055,-10.559082,-89.843781,-66.223145,brisk_walking
4020689,0.704834,-1.142334,-0.204956,-14.953617,-77.148438,-83.007813,brisk_walking
4020706,0.703735,-1.003296,-0.271606,-6.591799,-43.518066,-112.731964,brisk_walking
4020723,0.757568,-1.129272,-0.330078,9.277344,-38.879395,-134.70459,brisk_walking
4020739,0.735474,-1.339355,-0.297729,14.953617,-54.50441,-145.874023,brisk_walking
4020756,0.738281,-1.427246,-0.22876,12.695316,-63.049332,-146.057129,brisk_walking
4020773,0.687622,-1.501343,-0.020386,-10.803223,-75.683594,-131.591797,brisk_walking
4020789,0.477173,-1.300171,0.095459,-40.95459,-72.937012,-122.375519,brisk_walking
4020806,0.408936,-1.179199,0.10022,-51.330582,-67.749023,-123.535187,brisk_walking
4020823,0.336304,-1.056274,0.088135,-66.223145,-48.034683,-126.525909,brisk_walking
4020839,0.261108,-0.804688,0.021606,-59.570328,-45.043961,-157.409668,brisk_walking
4020856,0.078125,-0.667969,0.008179,-39.611816,-24.475105,-181.21344,brisk_walking
4020873,0.156982,-0.963989,0.047607,-50.964371,32.287598,-137.634277,brisk_walking
4020889,0.343628,-0.803833,0.035034,-60.607925,-0.305176,-127.807648,brisk_walking
4020906,0.024536,-0.689087,0.016968,-44.738785,-5.920412,-114.135773,brisk_walking
4020923,0.052734,-0.719971,0.017212,-42.358398,-8.117676,-107.421906,brisk_walking
4020939,0.056885,-0.734131,0.007568,-39.611816,-25.451668,-94.360382,brisk_walking
4020956,-0.024048,-0.73999,0.001343,-37.29248,-34.301758,-76.35498,brisk_walking
4020973,-0.029053,-0.735352,-0.006104,-34.362793,-36.804199,-68.664551,brisk_walking
4020989,0.028198,-0.757935,-0.004272,-24.41407,-43.395996,-52.673355,brisk_walking
4021006,0.105957,-0.841431,0.022461,-19.042969,-57.373062,-29.907234,brisk_walking
4021023,0.071777,-0.916504,0.012695,-13.183598,-62.805191,-5.371094,brisk_walking
4021039,0.031494,-0.939941,0.005127,-9.887695,-58.959976,3.906251,brisk_walking
4021056,0.032837,-0.959351,-0.034058,-2.685547,-40.100098,19.287109,brisk_walking
4021073,0.090698,-1.004028,-0.060303,8.789063,-21.911621,34.973145,brisk_walking
4021089,0.109985,-1.055176,-0.054321,15.686039,-12.390141,43.518066,brisk_walking
4021106,0.129517,-1.210693,-0.019897,30.822762,5.432129,57.739273,brisk_walking
4021123,0.158081,-1.345825,0.008301,35.583496,21.789551,75.561523,brisk_walking
4021139,0.231812,-1.390015,0.00708,38.452148,31.555183,96.191437,brisk_walking
4021156,0.273193,-1.368286,-0.022095,38.513184,35.095215,106.079132,brisk_walking
4021173,0.355469,-1.194092,-0.165283,42.541504,39.855957,116.455109,brisk_walking
4021189,0.492432,-1.088745,-0.323975,54.321304,33.813477,117.126495,brisk_walking
4021206,0.541992,-1.091919,-0.359619,57.556168,23.620613,114.501984,brisk_walking
4021223,0.549072,-1.131348,-0.299316,59.021011,4.943848,103.637726,brisk_walking
4021240,0.470459,-1.200195,-0.199829,48.889175,7.263186,95.275909,brisk_walking
4021256,0.466675,-1.239868,-0.21875,39.428711,24.902351,90.209991,brisk_walking
4021273,0.473755,-1.243896,-0.247559,34.912109,33.325195,91.430695,brisk_walking
4021290,0.484131,-1.151611,-0.294312,24.41407,43.212891,94.665558,brisk_walking
4021306,0.470947,-0.978882,-0.287476,20.874023,49.011246,90.576202,brisk_walking
4021323,0.468872,-0.925293,-0.275513,19.042969,52.795425,88.439941,brisk_walking
4021340,0.487793,-0.870117,-0.262939,10.986328,61.401382,90.026886,brisk_walking
4021356,0.466553,-0.781982,-0.302124,0.854492,77.636719,90.454132,brisk_walking
4021373,0.520752,-0.693726,-0.340942,-0.854492,85.693359,84.228516,brisk_walking
4021390,0.545776,-0.682251,-0.333496,-1.281738,84.411621,82.092285,brisk_walking
4021406,0.546753,-0.678223,-0.291382,-7.019045,79.589844,80.871582,brisk_walking
4021423,0.551147,-0.640381,-0.277832,-14.770512,78.125,82.214355,brisk_walking
4021440,0.558716,-0.621948,-0.290283,-17.76123,79.956055,83.190918,brisk_walking
4021456,0.616699,-0.608276,-0.325562,-23.010262,85.693359,83.251953,brisk_walking
4021473,0.733154,-0.590332,-0.366821,-28.137215,88.745148,79.956055,brisk_walking
4021490,0.780273,-0.572266,-0.372314,-30.151375,89.172394,77.514648,brisk_walking
4021506,0.87085,-0.546997,-0.385986,-30.151375,87.768555,68.847656,brisk_walking
4021523,0.991211,-0.576538,-0.435425,-25.024422,78.552246,58.227554,brisk_walking
4021540,1.078857,-0.646118,-0.493042,-18.493652,58.349625,49.011246,brisk_walking
4021556,1.098022,-0.674194,-0.508057,-16.723633,45.104996,43.395996,brisk_walking
4021573,1.085693,-0.702759,-0.494019,-12.26807,21.30127,26.123055,brisk_walking
4021590,1.018188,-0.76709,-0.444336,-12.817387,8.850098,12.390141,brisk_walking
4021606,0.971924,-0.792114,-0.417725,-16.052246,11.108402,7.446291,brisk_walking
4021623,0.942261,-0.845581,-0.393066,-17.333984,22.094727,-4.211426,brisk_walking
4021640,1.061646,-1.000732,-0.408691,-8.850098,13.854984,-9.460449,brisk_walking
4021656,1.157837,-1.262817,-0.441528,-5.065918,2.441406,4.943848,brisk_walking
4021673,1.23291,-1.367188,-0.512573,7.20215,-15.319828,-1.708985,brisk_walking
4021690,1.368164,-1.679932,-0.535645,39.611816,-74.157715,-32.104492,brisk_walking
4021706,1.243896,-1.810913,-0.248657,19.348145,-133.422852,-42.84668,brisk_walking
4021723,1.010254,-1.58313,-0.139404,-3.723145,-143.432617,-51.696793,brisk_walking
4021740,0.672607,-1.128174,-0.140259,-15.808109,-115.722687,-80.993652,brisk_walking
4021756,0.725586,-1.048584,-0.24585,-2.624512,-78.063965,-109.436066,brisk_walking
4021773,0.848633,-1.156372,-0.274414,16.845703,-85.449219,-132.873535,brisk_walking
4021790,0.863281,-1.217896,-0.251343,23.498543,-102.600128,-138.549805,brisk_walking
4021806,0.819946,-1.361694,-0.126465,26.123055,-131.835938,-137.573242,brisk_walking
4021823,0.719971,-1.389038,0.002075,4.943848,-148.498535,-124.511749,brisk_walking
4021840,0.644775,-1.312622,0.030884,-8.300781,-151.794434,-121.704132,brisk_walking
4021857,0.500854,-1.13855,0.040039,-27.282722,-149.108887,-123.779327,brisk_walking
4021873,0.371948,-1.026978,0.032349,-39.001465,-130.79834,-134.216309,brisk_walking
4021890,0.262573,-0.949219,0.035522,-46.69191,-101.684601,-144.53125,brisk_walking
4021907,0.204102,-0.917236,0.036987,-49.194351,-84.533691,-148.193359,brisk_walking
4021923,0.1427,-0.879028,0.019775,-50.964371,-52.001968,-151.733398,brisk_walking
4021940,0.122559,-0.859009,-0.000977,-50.292984,-35.644531,-146.728516,brisk_walking
4021957,0.110596,-0.847656,-0.010986,-48.217789,-33.752441,-142.150879,brisk_walking
4021973,0.083008,-0.849609,-0.00293,-41.748047,-32.104492,-130.554199,brisk_walking
4021990,0.03833,-0.883423,0.01355,-38.391113,-27.465828,-114.196808,brisk_walking
4022007,-0.080444,-0.877319,0.027344,-40.405273,-20.751953,-99.121124,brisk_walking
4022023,-0.118774,-0.860229,0.040771,-42.175293,-14.770512,-91.003448,brisk_walking
4022040,-0.108398,-0.818604,0.059082,-44.311539,0.244141,-71.472168,brisk_walking
4022057,-0.063843,-0.825684,0.047485,-38.085938,13.427738,-50.109879,brisk_walking
4022073,-0.040771,-0.849731,0.040527,-33.935547,17.76123,-39.855957,brisk_walking
4022090,-0.044067,-0.901978,0.019409,-24.902351,23.498543,-19.897461,brisk_walking
4022107,-0.060913,-0.916626,-0.006958,-15.136723,28.991707,-1.464844,brisk_walking
4022123,-0.025635,-0.917969,-0.020142,-8.544922,30.639656,8.666992,brisk_walking
4022140,0.034668,-0.971313,-0.049683,11.413578,27.771004,32.836914,brisk_walking
4022157,0.054077,-1.135742,-0.051025,30.761726,19.592285,56.335464,brisk_walking
4022173,0.095337,-1.267822,-0.089966,37.719727,12.695316,78.369141,brisk_walking
4022190,0.124023,-1.275391,-0.138184,41.503906,10.375977,88.378906,brisk_walking
4022207,0.204956,-1.299561,-0.186523,52.307144,8.666992,105.163605,brisk_walking
4022223,0.28833,-1.241455,-0.247681,56.884781,7.995607,116.94339,brisk_walking
4022240,0.337036,-1.185913,-0.302124,60.119644,6.95801,118.713409,brisk_walking
4022257,0.420166,-1.141602,-0.364868,65.917969,1.953125,119.506866,brisk_walking
4022273,0.440918,-1.147827,-0.326904,64.331055,-2.624512,116.699249,brisk_walking
4022290,0.375488,-1.161743,-0.263306,58.959976,6.164553,109.00882,brisk_walking
4022307,0.353882,-1.175659,-0.243286,56.51857,14.953617,102.355988,brisk_walking
4022323,0.398926,-1.19751,-0.236938,50.8423,34.667969,93.200714,brisk_walking
4022340,0.428833,-1.172485,-0.249512,46.081558,47.241226,93.811066,brisk_walking
4022357,0.432007,-1.137329,-0.251709,42.907715,51.147476,95.092804,brisk_walking
4022373,0.479614,-1.027954,-0.240356,39.245605,51.513687,96.130402,brisk_walking
4022390,0.483643,-0.954956,-0.229004,33.447266,54.687515,100.830109,brisk_walking
4022407,0.476196,-0.88855,-0.244995,23.681648,65.246582,105.285675,brisk_walking
4022424,0.467407,-0.837891,-0.281982,19.470215,73.425293,103.942902,brisk_walking
4022440,0.48291,-0.746094,-0.303101,18.859863,85.083008,92.773468,brisk_walking
4022457,0.533691,-0.738403,-0.27124,17.150879,90.637238,84.106445,brisk_walking
4022474,0.556519,-0.751709,-0.283081,14.709476,91.674835,81.726074,brisk_walking
4022490,0.625122,-0.77124,-0.385742,9.338379,88.928253,80.383301,brisk_walking
4022507,0.693481,-0.737427,-0.484863,5.798342,75.256348,79.711914,brisk_walking
4022524,0.760864,-0.73938,-0.523193,4.02832,50.354019,85.632324,brisk_walking
4022540,0.71106,-0.738403,-0.536011,-2.197266,45.776382,90.698273,brisk_walking
4022557,0.683838,-0.622314,-0.588745,-0.732422,39.245605,78.857422,brisk_walking
4022574,0.756226,-0.658936,-0.622681,6.164553,22.52198,70.861816,brisk_walking
4022590,0.767212,-0.70874,-0.641968,6.469728,12.207035,69.152832,brisk_walking
4022607,0.733643,-0.751831,-0.678589,6.164553,-0.061035,65.673828,brisk_walking
4022624,0.71814,-0.793335,-0.658203,6.225588,-3.723145,58.288589,brisk_walking
4022640,0.719238,-0.856689,-0.611572,2.868653,-2.01416,44.494644,brisk_walking
4022657,0.721436,-0.920044,-0.588867,-1.708985,3.479005,39.245605,brisk_walking
4022674,0.7323,-1.000488,-0.549438,-11.779789,20.751953,27.465828,brisk_walking
4022690,0.817139,-1.096924,-0.558228,-9.521484,30.883797,11.840824,brisk_walking
4022707,0.896729,-1.197144,-0.572632,-5.615236,28.869637,7.141115,brisk_walking
4022724,1.040894,-1.457642,-0.5979,-2.990724,12.756351,5.187988,brisk_walking
4022740,1.098145,-1.586548,-0.604126,5.004883,-23.437508,-20.996094,brisk_walking
4022757,1.053589,-1.624512,-0.5354,5.676271,-42.724609,-38.085938,brisk_walking
4022774,0.864868,-1.549927,-0.294556,-22.39991,-56.762711,-59.021011,brisk_walking
4022790,0.630981,-1.177734,-0.231201,-45.532242,-35.400391,-85.9375,brisk_walking
4022807,0.629761,-1.002808,-0.26001,-34.790039,-10.375977,-116.699249,brisk_walking
4022824,0.703491,-1.044678,-0.268188,-24.963387,-10.437012,-127.075226,brisk_walking
4022840,0.779297,-1.190796,-0.269165,-10.986328,-35.400391,-135.620117,brisk_walking
4022857,0.77063,-1.346436,-0.217529,-3.54004,-67.871094,-130.065918,brisk_walking
4022874,0.755127,-1.408325,-0.149536,-6.530764,-82.580566,-124.267609,brisk_walking
4022890,0.641479,-1.376587,-0.009888,-25.268562,-104.797394,-114.807159,brisk_walking
4022907,0.462402,-1.190308,0.057251,-44.128418,-105.957062,-119.689972,brisk_walking
4022924,0.344604,-1.054688,0.055908,-56.3965,-87.158203,-131.103516,brisk_walking
4022940,0.304443,-1.006592,0.045898,-60.30275,-72.998047,-136.901855,brisk_walking
4022957,0.249878,-0.915894,0.044067,-62.31691,-42.96875,-147.399902,brisk_walking
4022974,0.219238,-0.858765,0.025269,-56.579605,-14.03809,-155.456543,brisk_walking
4022990,0.221924,-0.855103,0.018921,-51.452652,-3.051759,-158.203125,brisk_walking
4023007,0.241211,-0.857666,0.010864,-42.175293,5.859377,-159.301758,brisk_walking
4023024,0.246094,-0.831299,-0.008789,-33.447266,-1.64795,-152.34375,brisk_walking
4023041,0.18396,-0.827148,-0.023315,-25.024422,-13.854984,-139.160156,brisk_walking
4023057,0.140259,-0.829468,-0.033203,-22.52198,-20.385742,-130.065918,brisk_walking
4023074,0.064453,-0.802979,-0.040527,-19.226074,-33.38623,-111.633331,brisk_walking
4023091,0.016357,-0.797241,-0.047363,-12.26807,-41.931152,-92.651398,brisk_walking
4023107,0.01709,-0.833984,-0.0448,-9.399414,-46.386734,-81.054688,brisk_walking
4023124,-0.016113,-0.910156,-0.026855,-9.765625,-54.687515,-54.62648,brisk_walking
4023141,-0.123047,-0.915405,-0.040649,-8.850098,-52.185074,-32.897949,brisk_walking
4023157,-0.14563,-0.957764,-0.038818,-1.220703,-40.95459,-15.502934,brisk_walking
4023174,-0.138062,-0.98999,-0.037109,3.173829,-33.508301,-7.568361,brisk_walking
4023191,-0.102539,-1.031494,-0.04895,12.02393,-20.751953,8.422852,brisk_walking
4023207,-0.036499,-1.067627,-0.060303,24.41407,-16.113281,24.41407,brisk_walking
4023224,-0.029785,-1.121948,-0.049316,34.118652,-13.061527,32.714844,brisk_walking
4023241,-0.07373,-1.271118,0.013184,41.931152,-7.08008,50.781265,brisk_walking
4023257,-0.031006,-1.310913,0.038696,45.227066,13.671879,71.960449,brisk_walking
4023274,0.077271,-1.328857,0.011597,55.053726,36.010742,96.557648,brisk_walking
4023291,0.149658,-1.339355,-0.040649,57.922379,42.236328,107.605011,brisk_walking
4023307,0.345825,-1.215576,-0.220459,67.321777,37.902832,121.215851,brisk_walking
4023324,0.52002,-1.154297,-0.37207,80.078125,10.437012,129.760742,brisk_walking
4023341,0.564819,-1.160034,-0.397827,83.92334,-7.629396,130.67627,brisk_walking
4023357,0.515137,-1.204102,-0.322266,83.251953,-28.015144,128.845215,brisk_walking
4023374,0.392822,-1.259521,-0.246948,75.134277,-19.470215,114.318878,brisk_walking
4023391,0.380615,-1.295776,-0.261597,66.223145,-5.432129,112.121613,brisk_walking
4023407,0.346069,-1.280518,-0.296875,51.330582,19.53125,107.055695,brisk_walking
4023424,0.333496,-1.180908,-0.331055,34.973145,54.260269,101.867706,brisk_walking
4023441,0.41272,-1.026733,-0.32251,23.864754,72.998047,96.069366,brisk_walking
4023457,0.406372,-0.967529,-0.321777,18.005371,83.679199,95.764191,brisk_walking
4023474,0.428955,-0.865112,-0.310547,5.310059,105.407745,97.351105,brisk_walking
4023491,0.422485,-0.749146,-0.301636,-1.342773,125.732452,92.895538,brisk_walking
4023507,0.444092,-0.71106,-0.283447,-0.671387,132.873535,88.134766,brisk_walking
4023524,0.54126,-0.704346,-0.250122,0.0,134.58252,79.589844,brisk_walking
4023541,0.63916,-0.711914,-0.30542,-1.831055,121.765167,74.157715,brisk_walking
4023557,0.673218,-0.699463,-0.372437,-4.02832,105.22464,71.533203,brisk_walking
4023574,0.68103,-0.694824,-0.385376,-6.774904,99.792511,70.007324,brisk_walking
4023591,0.717896,-0.653931,-0.428223,-12.329105,97.351105,66.833496,brisk_walking
4023607,0.788818,-0.613892,-0.492065,-11.352543,97.778351,60.119644,brisk_walking
4023624,0.832764,-0.607178,-0.521118,-9.765625,95.092804,56.274429,brisk_walking
4023641,0.914551,-0.589111,-0.562378,-7.08008,79.956055,49.194351,brisk_walking
4023658,0.977417,-0.610962,-0.620605,-2.258301,58.044449,43.945313,brisk_walking
4023674,1.032593,-0.659912,-0.681641,1.037598,31.494148,39.306641,brisk_walking
4023691,1.045166,-0.673218,-0.697021,2.13623,15.625004,35.15625,brisk_walking
4023708,1.003418,-0.721191,-0.667847,3.051759,-10.314941,23.132332,brisk_walking
4023724,0.919434,-0.80835,-0.610596,-1.89209,-15.686039,9.58252,brisk_walking
4023741,0.911133,-0.866821,-0.599487,-3.54004,-11.474613,2.197266,brisk_walking
4023758,0.9729,-1.036621,-0.606812,-1.281738,-8.911133,-11.291508,brisk_walking
4023774,1.077515,-1.311646,-0.609009,-0.244141,-16.296387,-12.695316,brisk_walking
4023791,1.147461,-1.50647,-0.625977,9.70459,-38.146973,-31.311043,brisk_walking
4023808,1.130249,-1.601196,-0.568848,14.03809,-54.62648,-47.546402,brisk_walking
4023824,0.972168,-1.705811,-0.303223,-9.460449,-71.166992,-64.880371,brisk_walking
4023841,0.705566,-1.390869,-0.190063,-33.935547,-52.124039,-93.566925,brisk_walking
4023858,0.6698,-1.299194,-0.183472,-33.26416,-34.851074,-107.849152,brisk_walking
4023874,0.790161,-1.309204,-0.204468,-24.230965,-21.606445,-127.319366,brisk_walking
4023891,0.861694,-1.385986,-0.209839,-11.962894,-48.034683,-131.591797,brisk_walking
4023908,0.846313,-1.434448,-0.128174,-4.211426,-84.838867,-125.549347,brisk_walking
4023924,0.749146,-1.516846,-0.050781,-7.08008,-98.815948,-120.910675,brisk_walking
4023941,0.591919,-1.376587,0.07666,-23.681648,-112.91507,-117.309601,brisk_walking
4023958,0.443848,-1.130859,0.104248,-36.193848,-109.436066,-125.732452,brisk_walking
4023974,0.400879,-1.038086,0.094604,-38.757324,-104.980499,-131.652832,brisk_walking
4023991,0.323975,-0.900879,0.062988,-38.452148,-93.38382,-144.897461,brisk_walking
4024008,0.273926,-0.811035,0.039673,-31.98243,-76.416016,-156.677246,brisk_walking
4024024,0.283081,-0.805054,0.035767,-28.381355,-69.274902,-159.484863,brisk_walking
4024041,0.305542,-0.828613,0.056763,-24.597176,-63.171402,-161.437988,brisk_walking
4024058,0.241211,-0.817505,0.060913,-17.883301,-53.222672,-163.879395,brisk_walking
4024074,0.200317,-0.829834,0.064453,-11.657719,-40.771484,-159.851074,brisk_walking
4024091,0.197021,-0.82666,0.068359,-11.901859,-37.536621,-154.23584,brisk_walking
4024108,0.152588,-0.802612,0.052368,-13.000492,-35.461426,-135.131836,brisk_walking
4024124,0.071655,-0.773071,0.021606,-12.878422,-35.644531,-114.013702,brisk_walking
4024141,0.041748,-0.761597,0.011597,-12.26807,-36.621094,-103.088409,brisk_walking
4024158,0.009888,-0.742676,0.010498,-11.657719,-39.794922,-80.932617,brisk_walking
4024174,-0.036377,-0.77832,0.000488,-9.155273,-45.410172,-55.786148,brisk_walking
4024191,-0.097412,-0.843262,0.014771,-9.460449,-43.457031,-29.296883,brisk_walking
4024208,-0.104126,-0.867798,0.010986,-8.789063,-38.513184,-17.028809,brisk_walking
4024225,-0.11731,-0.915039,-0.023682,-1.831055,-21.362305,3.173829,brisk_walking
4024241,-0.085693,-0.986938,-0.076782,9.70459,-2.380371,17.63916,brisk_walking
4024258,-0.044922,-1.018921,-0.096558,15.075687,3.356935,23.986824,brisk_walking
4024275,0.012085,-1.112183,-0.084351,28.381355,11.474613,39.18457,brisk_walking
4024291,0.025391,-1.229614,-0.067871,33.081055,19.836426,55.664078,brisk_walking
4024308,0.094604,-1.311035,-0.097534,38.818359,34.301758,73.120117,brisk_walking
4024325,0.137085,-1.356323,-0.123779,43.701172,41.992188,82.824707,brisk_walking
4024341,0.230469,-1.403809,-0.190796,47.851578,54.443375,103.576691,brisk_walking
4024358,0.352173,-1.257935,-0.285278,47.241226,56.152359,118.286163,brisk_walking
4024375,0.407959,-1.178223,-0.33313,49.865738,52.551285,122.924835,brisk_walking
4024391,0.517944,-1.135986,-0.383911,50.8423,39.611816,132.019043,brisk_walking
4024408,0.557983,-1.117798,-0.399414,49.072281,30.33448,132.69043,brisk_walking
4024425,0.562866,-1.166138,-0.38269,48.889175,26.794441,128.540039,brisk_walking
4024441,0.559448,-1.202759,-0.377441,46.81398,25.939949,125.610382,brisk_walking
4024458,0.535767,-1.227417,-0.365845,39.733887,25.878914,123.046906,brisk_walking
4024475,0.501099,-1.17334,-0.357788,29.174812,32.409668,123.596222,brisk_walking
4024491,0.478638,-1.113525,-0.352905,23.681648,38.635254,121.398956,brisk_walking
4024508,0.451416,-0.989136,-0.319336,14.221195,58.715836,112.792999,brisk_walking
4024525,0.458862,-0.911133,-0.279175,2.319336,84.960938,104.675323,brisk_walking
4024541,0.474365,-0.881836,-0.262451,-9.887695,109.741241,97.778351,brisk_walking
4024558,0.501221,-0.796509,-0.258301,-12.695316,117.858917,92.163116,brisk_walking
4024575,0.566162,-0.741577,-0.257324,-12.939457,121.215851,80.810547,brisk_walking
4024591,0.606445,-0.744995,-0.262817,-12.084965,110.534698,73.425293,brisk_walking
4024608,0.620972,-0.747192,-0.276611,-12.207035,102.111847,70.922852,brisk_walking
4024625,0.641846,-0.734009,-0.299194,-12.02393,83.190918,69.396973,brisk_walking
4024641,0.667358,-0.722168,-0.363525,-10.498047,66.772461,70.3125,brisk_walking
4024658,0.691162,-0.71875,-0.403198,-9.399414,58.471695,70.800781,brisk_walking
4024675,0.723877,-0.694702,-0.459595,-7.690432,41.748047,69.580078,brisk_walking
4024691,0.738892,-0.64856,-0.5177,-5.737307,29.113777,66.345215,brisk_walking
4024708,0.762329,-0.620239,-0.57373,-2.075195,21.057129,63.232437,brisk_walking
4024725,0.777222,-0.624878,-0.596313,0.366211,17.089844,61.462418,brisk_walking
4024741,0.798096,-0.643311,-0.641357,2.990724,6.469728,55.786148,brisk_walking
4024758,0.832031,-0.677979,-0.658203,4.394531,-6.530764,46.264664,brisk_walking
4024775,0.835083,-0.704956,-0.648926,4.272461,-12.390141,39.489746,brisk_walking
4024791,0.807251,-0.776611,-0.588135,-0.244141,-16.479492,28.32032,brisk_walking
4024808,0.755493,-0.824951,-0.529053,-9.460449,-5.798342,16.906738,brisk_walking
4024825,0.773071,-0.898071,-0.529175,-14.709476,11.169437,1.708985,brisk_walking
4024842,0.832153,-0.966064,-0.543701,-14.16016,14.831547,-2.929688,brisk_walking
4024858,0.913086,-1.143677,-0.542847,-15.808109,15.991215,-5.065918,brisk_walking
4024875,1.008789,-1.254272,-0.595459,-0.488281,1.64795,-26.550301,brisk_walking
4024892,1.051514,-1.357544,-0.60083,9.460449,-9.94873,-40.039063,brisk_walking
4024908,1.037354,-1.525757,-0.453247,7.690432,-36.743164,-60.974136,brisk_walking
4024925,0.812988,-1.341553,-0.246338,-20.263672,-41.809082,-77.087402,brisk_walking
4024942,0.699829,-1.109375,-0.211182,-22.949226,-25.268562,-103.515656,brisk_walking
4024958,0.73291,-1.108521,-0.214355,-17.150879,-19.40918,-113.586456,brisk_walking
4024975,0.823364,-1.184814,-0.243408,-3.234864,-34.179688,-125.122101,brisk_walking
4024992,0.845581,-1.333008,-0.259155,13.488773,-69.702148,-125.671417,brisk_walking
4025008,0.846924,-1.419922,-0.229004,16.052246,-88.806183,-121.276886,brisk_walking
4025025,0.767578,-1.436523,-0.120728,4.638672,-119.689972,-113.03714,brisk_walking
4025042,0.583496,-1.272217,-0.019897,-13.854984,-128.967285,-116.149933,brisk_walking
4025058,0.423096,-1.094482,0.004761,-29.785164,-111.389191,-129.211426,brisk_walking
4025075,0.375366,-1.027954,-0.013062,-35.095215,-96.130402,-136.169434,brisk_walking
4025092,0.334351,-0.928467,-0.041138,-38.818359,-66.467285,-149.169922,brisk_walking
4025108,0.313354,-0.86792,-0.046875,-37.04834,-45.959488,-158.996582,brisk_walking
4025125,0.295166,-0.852661,-0.047241,-34.301758,-38.696289,-161.987305,brisk_walking
4025142,0.251587,-0.835693,-0.057007,-28.747566,-31.921394,-163.208008,brisk_walking
4025158,0.211426,-0.817017,-0.049561,-25.817879,-33.26416,-156.188965,brisk_walking
4025175,0.194092,-0.797607,-0.05188,-21.606445,-39.794922,-142.150879,brisk_walking
4025192,0.133179,-0.800781,-0.056641,-19.592285,-43.029785,-133.117676,brisk_walking
4025208,0.070801,-0.830688,-0.053467,-17.456055,-45.837418,-113.281281,brisk_walking
4025225,-0.01062,-0.823853,-0.068604,-19.348145,-48.339859,-91.796906,brisk_walking
4025242,-0.029541,-0.815918,-0.075195,-19.287109,-48.82814,-80.200195,brisk_walking
4025258,-0.0271,-0.854248,-0.09082,-16.967773,-51.086441,-53.588882,brisk_walking
4025275,-0.039673,-0.933594,-0.109375,-12.695316,-52.246109,-27.587898,brisk_walking
4025292,-0.050171,-0.971924,-0.110596,-10.131836,-50.8423,-17.211914,brisk_walking
4025308,-0.086914,-1.032227,-0.1073,-5.737307,-41.564941,-1.220703,brisk_walking
4025325,-0.102417,-1.0625,-0.1073,-0.549316,-24.841316,11.169437,brisk_walking
4025342,-0.082397,-1.091431,-0.096558,9.94873,-3.173829,22.52198,brisk_walking
4025358,-0.077637,-1.142944,-0.07959,15.075687,7.20215,28.747566,brisk_walking
4025375,-0.029175,-1.263184,-0.052612,20.996094,25.817879,44.372574,brisk_walking
4025393,0.04541,-1.302979,-0.069702,27.526863,39.306641,63.293472,brisk_walking
4025409,0.086426,-1.310303,-0.081787,31.860359,43.762207,74.768066,brisk_walking
4025425,0.196533,-1.241211,-0.147339,38.818359,47.973648,95.947296,brisk_walking
4025442,0.319702,-1.092407,-0.279419,49.926773,40.649414,108.215363,brisk_walking
4025459,0.433838,-1.060669,-0.383423,62.805191,19.714355,114.624054,brisk_walking
4025475,0.467285,-1.075562,-0.381714,64.39209,8.178711,117.492706,brisk_walking
4025492,0.444458,-1.09314,-0.312866,61.950699,-4.150391,117.248566,brisk_walking
4025509,0.358398,-1.149658,-0.246094,54.199234,4.333496,113.525421,brisk_walking
4025525,0.34021,-1.178345,-0.235474,48.767105,16.479492,110.900909,brisk_walking
4025542,0.34314,-1.185303,-0.254639,38.94043,43.334961,107.11673,brisk_walking
4025559,0.374634,-1.121582,-0.278198,29.479988,65.856934,107.543976,brisk_walking
4025575,0.405762,-0.995972,-0.28833,22.644051,79.406738,105.163605,brisk_walking
4025592,0.41272,-0.943726,-0.280762,20.080566,86.05957,103.21048,brisk_walking
4025609,0.44104,-0.867676,-0.257202,12.939457,96.679718,100.036652,brisk_walking
4025625,0.439697,-0.806885,-0.25769,5.676271,112.731964,99.792511,brisk_walking
4025659,0.550537,-0.764404,-0.28418,8.056641,115.966827,88.195801,brisk_walking
4025675,0.628052,-0.771851,-0.312744,8.300781,96.008331,82.458496,brisk_walking
4025692,0.643799,-0.745361,-0.359375,9.765625,69.458008,83.190918,brisk_walking
4025709,0.639038,-0.730103,-0.395386,11.352543,57.312027,85.144043,brisk_walking
4025725,0.647949,-0.709106,-0.471436,14.892582,39.428711,88.684113,brisk_walking
4025742,0.683472,-0.693848,-0.544678,16.235352,25.573738,86.181641,brisk_walking
4025759,0.697144,-0.683594,-0.578125,16.906738,20.874023,82.15332,brisk_walking
4025775,0.704102,-0.683594,-0.613525,17.456055,19.165039,72.631836,brisk_walking
4025792,0.75647,-0.708374,-0.629761,16.662598,20.874023,63.232437,brisk_walking
4025809,0.788574,-0.725464,-0.640991,0.183106,17.211914,55.603043,brisk_walking
4025825,0.829956,-0.76001,-0.677002,13.183598,13.732914,52.246109,brisk_walking
4025842,0.837769,-0.80188,-0.693848,9.643555,5.920412,42.96875,brisk_walking
4025859,0.831665,-0.822021,-0.677124,5.371094,3.601075,30.517586,brisk_walking
4025875,0.832886,-0.84375,-0.653687,2.624512,6.225588,25.329597,brisk_walking
4025892,0.8573,-0.895264,-0.592285,0.244141,12.084965,11.840824,brisk_walking
4025909,0.928833,-1.024048,-0.595459,5.310059,9.277344,-0.976563,brisk_walking
4025925,0.988647,-1.119507,-0.601807,7.629396,2.441406,-2.807618,brisk_walking
4025942,1.103271,-1.307861,-0.619629,15.014652,-20.629883,-5.981447,brisk_walking
4025959,1.137695,-1.398438,-0.590454,26.062019,-67.687988,-34.484863,brisk_walking
4025975,1.040283,-1.510498,-0.363647,16.174316,-104.126007,-53.771988,brisk_walking
4025992,0.909058,-1.431763,-0.260254,-0.183106,-111.02298,-63.842789,brisk_walking
4026009,0.679077,-1.200195,-0.187012,-13.793949,-98.693878,-91.49173,brisk_walking
4026026,0.706787,-1.24231,-0.213989,-11.352543,-81.481934,-115.0513,brisk_walking
4026042,0.753296,-1.307983,-0.245239,-9.155273,-82.458496,-122.436554,brisk_walking
4026059,0.77063,-1.461426,-0.268433,-5.004883,-98.999054,-128.234863,brisk_walking
4026076,0.742676,-1.571655,-0.163452,-14.526371,-115.295441,-124.511749,brisk_walking
4026092,0.562378,-1.493896,-0.009399,-41.625977,-116.638214,-118.469269,brisk_walking
4026109,0.436768,-1.379883,0.033936,-56.457535,-104.858429,-121.337921,brisk_walking
4026126,0.328369,-1.17334,0.032471,-78.857422,-69.274902,-134.460449,brisk_walking
4026142,0.299316,-1.057617,-0.004883,-88.134766,-38.024902,-148.681641,brisk_walking
4026159,0.267944,-1.013428,-0.013062,-89.355499,-27.221687,-155.273438,brisk_walking
4026176,0.170532,-0.910645,-0.020386,-87.463379,-9.765625,-162.29248,brisk_walking
4026192,0.112671,-0.832275,-0.015991,-79.89502,3.845216,-161.193848,brisk_walking
4026209,0.076904,-0.772949,-0.039795,-66.467285,5.187988,-154.47998,brisk_walking
4026226,0.079712,-0.763306,-0.044678,-58.471695,2.624512,-149.353027,brisk_walking
4026242,0.087524,-0.768066,-0.045044,-45.898453,-9.887695,-132.751465,brisk_walking
4026259,0.04248,-0.782959,-0.046631,-39.978027,-28.930672,-109.436066,brisk_walking
4026276,0.010498,-0.787964,-0.043823,-38.146973,-38.391113,-96.679718,brisk_walking
4026292,-0.050293,-0.804077,-0.027466,-35.095215,-50.354019,-71.289063,brisk_walking
4026309,-0.056274,-0.853882,-0.016846,-31.921394,-53.100601,-44.555679,brisk_walking
4026326,-0.087036,-0.931519,-0.032471,-28.137215,-48.522964,-20.690918,brisk_walking
4026342,-0.114014,-0.967651,-0.042725,-25.085457,-42.602539,-12.084965,brisk_walking
4026359,-0.122803,-1.025513,-0.047852,-17.272949,-26.30616,0.976563,brisk_walking
4026376,-0.123169,-1.037476,-0.053345,-8.911133,-7.690432,12.878422,brisk_walking
4026392,-0.122314,-1.030029,-0.067139,-3.845216,0.305176,18.371582,brisk_walking
4026409,-0.07959,-1.032837,-0.088379,10.864258,12.390141,29.235847,brisk_walking
4026426,-0.050781,-1.138306,-0.054443,25.878914,21.118164,44.250504,brisk_walking
4026442,-0.039795,-1.221191,-0.038452,30.761726,24.902351,62.255875,brisk_walking
4026459,0.021362,-1.366943,-0.010864,38.879395,37.597656,72.631836,brisk_walking
4026476,0.099365,-1.443481,-0.003418,47.058121,48.156754,94.177277,brisk_walking
4026492,0.216919,-1.349365,-0.054932,52.917496,52.978531,114.318878,brisk_walking
4026509,0.280029,-1.252686,-0.116455,58.105484,51.574722,121.521027,brisk_walking
4026526,0.421387,-1.140747,-0.224854,72.875977,39.306641,129.943848,brisk_walking
4026542,0.518311,-1.139038,-0.250977,80.627441,14.465336,132.93457,brisk_walking
4026559,0.507446,-1.14917,-0.227661,83.129883,4.02832,130.554199,brisk_walking
4026576,0.430542,-1.207642,-0.165771,81.604004,0.0,123.474152,brisk_walking
4026592,0.39978,-1.227417,-0.182495,75.683594,17.089844,114.563019,brisk_walking
4026609,0.405884,-1.216064,-0.228516,70.495605,36.193848,111.206085,brisk_walking
4026626,0.427124,-1.191772,-0.245972,66.650391,43.212891,110.778839,brisk_walking
4026643,0.476929,-1.110474,-0.257813,58.044449,51.635757,108.642609,brisk_walking
4026659,0.481812,-1.030396,-0.263428,48.400894,62.744156,101.806671,brisk_walking
4026676,0.48999,-0.999268,-0.274414,42.114258,70.983887,98.022491,brisk_walking
4026693,0.502319,-0.931152,-0.295898,28.32032,93.017609,93.933136,brisk_walking
4026709,0.530518,-0.825317,-0.327271,19.836426,111.755402,85.510254,brisk_walking
4026726,0.597046,-0.765137,-0.337158,18.005371,112.487823,76.660156,brisk_walking
4026743,0.609131,-0.756958,-0.334351,16.113281,108.459503,73.730469,brisk_walking
4026759,0.602783,-0.741699,-0.353516,10.314941,102.050812,70.43457,brisk_walking
4026776,0.628784,-0.717041,-0.404663,4.333496,104.492218,69.641113,brisk_walking
4026793,0.666016,-0.700806,-0.442261,3.112794,106.811554,68.664551,brisk_walking
4026809,0.781616,-0.675415,-0.502563,3.66211,104.797394,63.049332,brisk_walking
4026826,0.878418,-0.661865,-0.545288,2.441406,89.59964,56.274429,brisk_walking
4026843,0.869751,-0.588745,-0.575317,-0.488281,80.627441,43.945313,brisk_walking
4026859,0.89563,-0.568604,-0.590698,1.64795,78.063965,35.461426,brisk_walking
4026876,0.998413,-0.638306,-0.619751,5.432129,66.345215,22.155769,brisk_walking
4026893,1.089478,-0.707886,-0.651123,6.408693,37.475586,10.803223,brisk_walking
4026909,1.094849,-0.731934,-0.661621,7.507326,19.714355,3.967286,brisk_walking
4026926,1.0,-0.822388,-0.619507,7.507326,-0.549316,-9.58252,brisk_walking
4026943,0.904785,-0.924438,-0.53479,-1.831055,9.155273,-21.606445,brisk_walking
4026959,0.945435,-1.03833,-0.503906,-2.380371,23.498543,-39.978027,brisk_walking
4026976,1.019653,-1.151855,-0.504517,-1.525879,24.16993,-44.738785,brisk_walking
4026993,1.154663,-1.381714,-0.514038,-2.01416,7.385256,-48.400894,brisk_walking
4027009,1.148438,-1.536621,-0.507568,11.840824,-25.756844,-73.364258,brisk_walking
4027026,1.092285,-1.637207,-0.431152,13.183598,-40.710449,-85.571289,brisk_walking
4027043,0.900024,-1.639526,-0.193481,-15.136723,-45.410172,-96.069366,brisk_walking
4027059,0.673096,-1.281616,-0.11377,-30.517586,-23.071297,-117.187531,brisk_walking
4027076,0.656616,-1.188599,-0.101929,-25.878914,-10.009766,-138.183594,brisk_walking
4027093,0.759888,-1.191162,-0.096069,-10.559082,-9.887695,-143.859863,brisk_walking
4027109,0.790771,-1.321045,-0.095093,1.831055,-41.687012,-141.235352,brisk_walking
4027126,0.740479,-1.484375,-0.001343,2.380371,-80.01709,-126.953156,brisk_walking
4027143,0.675781,-1.516113,0.075073,-4.638672,-95.703156,-119.323761,brisk_walking
4027159,0.476318,-1.379761,0.176636,-26.672371,-109.375031,-109.00882,brisk_walking
4027176,0.221558,-1.062134,0.15979,-42.663574,-98.510773,-113.525421,brisk_walking
4027193,0.194336,-1.148193,0.187256,-41.137695,-75.256348,-109.13089,brisk_walking
4027210,0.045044,-0.50354,0.020874,-33.752441,-81.298828,-189.575256,brisk_walking
4027226,0.005371,-1.074829,0.152954,-22.216805,-14.221195,-107.605011,brisk_walking
4027243,0.151367,-0.834106,0.092285,-64.331055,-22.888191,-100.769073,brisk_walking
4027260,-0.038818,-0.540649,0.041992,-48.461929,-24.841316,-103.637726,brisk_walking
4027276,-0.058594,-0.585693,0.032227,-26.245125,-14.587406,-85.205078,brisk_walking
4027293,-0.004761,-0.693237,0.027344,-19.40918,-16.906738,-72.08252,brisk_walking
4027310,-0.006226,-0.706909,0.014038,-17.578125,-20.935059,-62.622086,brisk_walking
4027326,-0.002563,-0.73938,-0.002563,-13.366703,-34.912109,-47.363297,brisk_walking
4027343,-0.013916,-0.758911,0.005859,-11.962894,-49.255386,-33.813477,brisk_walking
4027360,-0.034546,-0.785767,0.020386,-1.953125,-55.358902,-22.460945,brisk_walking
4027376,-0.028564,-0.856689,0.026367,2.807618,-55.358902,-13.671879,brisk_walking
4027393,-0.021606,-0.981812,0.020874,4.394531,-54.565445,4.272461,brisk_walking
4027410,0.024414,-0.990723,-0.032227,6.530764,-49.011246,17.63916,brisk_walking
4027426,0.042847,-0.99353,-0.065063,10.986328,-44.372574,23.498543,brisk_walking
4027443,0.04834,-1.017578,-0.111572,23.010262,-34.790039,32.104492,brisk_walking
4027460,0.081665,-1.106323,-0.083496,37.17041,-27.465828,41.687012,brisk_walking
4027476,0.111816,-1.314209,-0.055542,48.034683,-19.775391,57.739273,brisk_walking
4027493,0.130005,-1.438232,-0.049561,51.940933,-13.183598,67.565918,brisk_walking
4027510,0.189941,-1.615479,-0.046509,52.856461,4.089355,89.233429,brisk_walking
4027526,0.310181,-1.64502,-0.07019,51.940933,22.338875,109.924347,brisk_walking
4027543,0.374512,-1.549438,-0.124023,48.70607,28.503426,116.82132,brisk_walking
4027560,0.500366,-1.220093,-0.313843,46.93605,26.000984,116.638214,brisk_walking
4027576,0.656372,-1.005005,-0.446655,53.833023,4.821777,103.149445,brisk_walking
4027593,0.651245,-0.969482,-0.39563,58.288589,-15.93018,90.087921,brisk_walking
4027610,0.576294,-0.984497,-0.353638,57.861343,-18.615723,80.688477,brisk_walking
4027626,0.454102,-1.051025,-0.307129,53.649918,-9.94873,63.903824,brisk_walking
4027643,0.426147,-1.054443,-0.304688,46.569839,4.211426,54.50441,brisk_walking
4027660,0.423828,-1.026611,-0.310547,43.273926,8.850098,53.894058,brisk_walking
4027676,0.413452,-0.950195,-0.31897,36.376953,14.587406,55.114761,brisk_walking
4027693,0.399902,-0.856445,-0.309326,31.372078,23.254402,50.59816,brisk_walking
4027710,0.39563,-0.82605,-0.309937,26.855476,30.21241,47.180191,brisk_walking
4027726,0.409912,-0.770386,-0.30835,12.756351,49.804703,41.381836,brisk_walking
4027743,0.427734,-0.691528,-0.337036,1.953125,74.21875,32.836914,brisk_walking
4027760,0.496094,-0.645386,-0.332031,-2.563477,83.129883,22.705086,brisk_walking
4027776,0.519043,-0.635376,-0.324219,-4.577637,80.749512,19.897461,brisk_walking
4027793,0.522095,-0.620728,-0.331421,-8.056641,70.617676,19.53125,brisk_walking
4027810,0.505127,-0.57959,-0.379517,-9.094238,59.692398,22.52198,brisk_walking
4027827,0.496338,-0.560913,-0.4198,-8.056641,56.701675,24.047859,brisk_walking
4027843,0.529663,-0.528442,-0.450073,-2.868653,54.138199,27.526863,brisk_walking
4027860,0.647095,-0.535767,-0.480103,2.01416,35.705566,30.33448,brisk_walking
4027877,0.587769,-0.5271,-0.513062,-0.976563,27.526863,34.362793,brisk_walking
4027893,0.606934,-0.49585,-0.551392,3.967286,23.437508,28.07618,brisk_walking
4027910,0.681152,-0.606812,-0.593872,9.155273,16.662598,20.812988,brisk_walking
4027927,0.740356,-0.690674,-0.614746,8.911133,3.54004,10.742188,brisk_walking
4027943,0.746948,-0.761597,-0.609985,6.103518,1.159668,12.878422,brisk_walking
4027960,0.722534,-0.803711,-0.612427,-0.610352,-3.173829,2.197266,brisk_walking
4027977,0.717651,-0.923706,-0.558594,-4.211426,-2.258301,3.295899,brisk_walking
4027993,0.706787,-1.076416,-0.510986,-14.587406,11.413578,3.41797,brisk_walking
4028010,0.727417,-1.114502,-0.513062,-13.916019,16.113281,-1.586915,brisk_walking
4028027,0.830811,-1.286499,-0.506836,-4.272461,8.911133,-8.056641,brisk_walking
4028043,0.943359,-1.518799,-0.51416,-3.173829,-9.765625,-4.516602,brisk_walking
4028060,0.964478,-1.578247,-0.49707,-2.624512,-23.620613,-6.103518,brisk_walking
4028077,0.856201,-1.580322,-0.337646,-11.596684,-49.011246,-17.211914,brisk_walking
4028093,0.669434,-1.385864,-0.206665,-30.822762,-47.424332,-33.874512,brisk_walking
4028110,0.617798,-1.191162,-0.191528,-27.160652,-40.893555,-62.866226,brisk_walking
4028127,0.618652,-1.176392,-0.186279,-21.118164,-42.724609,-72.265625,brisk_walking
4028143,0.631592,-1.188721,-0.177368,-10.620117,-63.354507,-79.223633,brisk_walking
4028160,0.566284,-1.203857,-0.13855,-3.234864,-93.750031,-74.035645,brisk_walking
4028177,0.505127,-1.199341,-0.091553,-4.150391,-105.590851,-69.396973,brisk_walking
4028193,0.366333,-1.092285,-0.010132,-16.113281,-117.309601,-60.180679,brisk_walking
4028210,0.217163,-0.880249,0.015137,-29.602058,-110.900909,-61.096207,brisk_walking
4028227,0.143555,-0.732666,0.011841,-36.010742,-92.468292,-62.927261,brisk_walking
4028243,0.130493,-0.691895,0.001831,-37.719727,-83.80127,-63.598648,brisk_walking
4028260,0.089966,-0.646606,-0.022949,-37.231445,-67.932129,-63.720718,brisk_walking
4028277,0.055176,-0.608887,-0.03125,-38.513184,-53.100601,-59.631363,brisk_walking
4028293,0.058228,-0.583862,-0.036133,-38.574219,-47.607437,-56.51857,brisk_walking
4028310,0.082397,-0.552612,-0.03894,-35.705566,-42.724609,-51.330582,brisk_walking
4028327,0.091797,-0.576538,-0.037842,-31.127937,-39.611816,-47.241226,brisk_walking
4028343,0.1073,-0.599487,-0.031372,-30.029305,-37.04834,-45.288101,brisk_walking
4028360,0.152344,-0.634644,-0.033081,-27.709969,-32.592773,-39.367676,brisk_walking
4028377,0.169922,-0.674561,-0.05127,-23.559578,-34.973145,-30.517586,brisk_walking
4028393,0.164673,-0.795654,-0.064331,-14.526371,-38.696289,-18.676758,brisk_walking
4028410,0.152954,-0.880249,-0.064453,-12.26807,-38.391113,-11.901859,brisk_walking
4028427,0.12439,-1.014404,-0.059326,-14.404301,-29.785164,0.305176,brisk_walking
4028444,0.117798,-1.044556,-0.07312,-18.188477,-14.16016,6.164553,brisk_walking
4028460,0.123169,-1.041992,-0.075562,-17.150879,-4.699707,7.20215,brisk_walking
4028477,0.118652,-1.047119,-0.102905,-13.366703,14.099125,8.117676,brisk_walking
4028494,0.128418,-1.090942,-0.137573,-2.563477,28.991707,10.986328,brisk_walking
4028510,0.150146,-1.280151,-0.126099,10.009766,42.358398,18.981934,brisk_walking
4028527,0.149902,-1.362671,-0.116943,12.939457,49.194351,24.292,brisk_walking
4028544,0.184448,-1.414673,-0.112793,15.563969,62.255875,34.729004,brisk_walking
4028560,0.228638,-1.338501,-0.172852,18.493652,71.044922,44.128418,brisk_walking
4028577,0.251099,-1.255005,-0.223877,19.958496,73.730469,47.302261,brisk_walking
4028594,0.337891,-1.014404,-0.354736,26.489265,67.321777,46.264664,brisk_walking
4028610,0.431396,-0.897339,-0.450562,39.916992,40.710449,46.875015,brisk_walking
4028627,0.392944,-0.908813,-0.432861,44.250504,13.977055,48.889175,brisk_walking
4028644,0.347778,-0.912109,-0.412354,47.302261,5.310059,45.227066,brisk_walking
4028660,0.288818,-0.98291,-0.380005,51.208511,-0.12207,38.513184,brisk_walking
4028677,0.282349,-1.036011,-0.390991,49.194351,1.220703,38.085938,brisk_walking
4028694,0.283203,-1.032349,-0.393677,45.898453,2.441406,41.625977,brisk_walking
4028710,0.266113,-0.982422,-0.373901,38.757324,7.385256,48.034683,brisk_walking
4028727,0.236938,-0.898071,-0.344604,31.372078,19.65332,49.255386,brisk_walking
4028744,0.259155,-0.804321,-0.342896,24.780281,39.978027,43.151855,brisk_walking
4028760,0.290039,-0.772827,-0.35376,20.812988,48.584,40.893555,brisk_walking
4028777,0.333618,-0.710571,-0.360596,11.291508,60.30275,37.902832,brisk_walking
4028827,0.355713,-0.609375,-0.357056,10.070801,61.218277,19.226074,brisk_walking
4028844,0.388916,-0.591064,-0.389404,6.774904,56.091324,19.165039,brisk_walking
4028860,0.434326,-0.572998,-0.429565,6.835939,51.818863,18.798828,brisk_walking
4028877,0.448486,-0.568237,-0.435059,7.324221,50.72023,15.869144,brisk_walking
4028894,0.494019,-0.562134,-0.443604,7.751467,52.673355,7.20215,brisk_walking
4028910,0.5625,-0.64856,-0.469116,5.310059,60.913101,9.033203,brisk_walking
4028927,0.564331,-0.66272,-0.494751,0.427246,69.396973,8.178711,brisk_walking
4028944,0.699707,-0.63269,-0.560059,7.019045,72.021484,-0.915528,brisk_walking
4028960,0.825684,-0.717896,-0.575317,8.666992,57.373062,-2.319336,brisk_walking
4028977,0.87085,-0.725342,-0.571167,10.009766,45.532242,-6.591799,brisk_walking
4028994,0.878052,-0.7854,-0.55835,8.422852,26.245125,-3.54004,brisk_walking
4029011,0.860229,-0.851685,-0.536987,1.525879,27.221687,-0.427246,brisk_walking
4029027,0.887329,-0.816895,-0.49231,-6.286623,30.151375,-2.685547,brisk_walking
4029044,0.874023,-0.787354,-0.473755,-2.258301,31.738289,-10.559082,brisk_walking
4029061,0.934326,-0.905518,-0.468384,9.155273,31.188972,-17.089844,brisk_walking
4029077,1.036255,-1.076416,-0.489624,12.756351,21.484375,-11.779789,brisk_walking
4029094,1.104492,-1.13147,-0.505005,16.174316,9.58252,-11.169437,brisk_walking
4029111,1.19873,-1.241577,-0.460327,27.893074,-35.705566,-23.132332,brisk_walking
4029127,1.094604,-1.46814,-0.264771,23.254402,-75.134277,-30.639656,brisk_walking
4029144,0.815796,-1.432983,-0.131348,-5.004883,-74.707031,-41.381836,brisk_walking
4029161,0.734863,-1.313354,-0.12085,-9.094238,-66.101074,-54.687515,brisk_walking
4029177,0.715454,-1.262329,-0.087036,-6.591799,-49.621597,-75.439453,brisk_walking
4029194,0.710693,-1.275146,-0.074219,-7.141115,-46.93605,-86.303711,brisk_walking
4029211,0.685059,-1.252441,-0.073364,-7.934572,-50.231949,-88.256836,brisk_walking
4029227,0.579102,-1.194092,-0.052246,-13.549809,-57.128922,-85.266113,brisk_walking
4029244,0.410522,-1.041382,-0.02478,-27.465828,-55.847183,-79.772949,brisk_walking
4029261,0.268555,-0.817627,-0.045776,-33.02002,-41.870117,-85.327148,brisk_walking
4029277,0.265015,-0.752563,-0.056396,-32.958984,-38.024902,-87.036133,brisk_walking
4029294,0.244141,-0.670288,-0.079956,-32.714844,-40.588379,-85.9375,brisk_walking
4029311,0.157471,-0.61145,-0.112793,-28.930672,-46.69191,-80.13916,brisk_walking
4029327,0.112671,-0.604736,-0.110962,-27.343758,-47.546402,-75.561523,brisk_walking
4029344,0.053955,-0.564453,-0.112427,-26.489265,-47.302261,-64.51416,brisk_walking
4029361,0.041748,-0.520752,-0.117432,-23.498543,-42.297363,-51.696793,brisk_walking
4029377,0.044678,-0.528931,-0.113159,-15.625004,-39.18457,-41.259766,brisk_walking
4029394,0.049927,-0.555664,-0.105103,-12.878422,-36.499023,-36.376953,brisk_walking
4029411,0.107178,-0.601807,-0.101929,-8.911133,-32.836914,-25.939949,brisk_walking
4029427,0.168701,-0.682007,-0.0802,-8.728027,-35.15625,-9.765625,brisk_walking
4029444,0.188721,-0.740112,-0.075195,-8.117676,-36.376953,-0.183106,brisk_walking
4029461,0.175049,-0.881348,-0.049683,-4.394531,-35.949707,13.671879,brisk_walking
4029477,0.151367,-0.978027,-0.029175,0.793457,-31.005867,19.65332,brisk_walking
4029494,0.140625,-1.049316,-0.011108,6.774904,-23.986824,24.353035,brisk_walking
4029511,0.144043,-1.074707,-0.013184,9.70459,-21.66748,28.19825,brisk_walking
4029527,0.161011,-1.12561,0.005005,18.066406,-20.019531,37.597656,brisk_walking
4029544,0.139526,-1.321289,0.039185,34.667969,-16.357422,51.879898,brisk_walking
4029561,0.129639,-1.495361,0.062866,39.733887,-11.413578,60.119644,brisk_walking
4029577,0.127319,-1.677856,0.120728,32.836914,3.601075,80.993652,brisk_walking
4029594,0.159912,-1.560059,0.070557,28.564461,26.794441,100.036652,brisk_walking
4029611,0.201538,-1.446777,0.017822,28.747566,37.780762,106.933624,brisk_walking
4029628,0.372314,-1.161255,-0.180298,32.592773,42.358398,108.215363,brisk_walking
4029644,0.564819,-0.957275,-0.352417,50.415054,18.371582,97.53421,brisk_walking
4029661,0.554443,-0.966187,-0.349121,63.720718,-19.897461,86.425781,brisk_walking
4029678,0.459106,-1.013306,-0.311646,64.575195,-29.968269,78.857422,brisk_walking
4029694,0.305298,-1.098755,-0.256104,55.542007,-25.146492,65.979004,brisk_walking
4029711,0.259033,-1.091309,-0.269897,43.823242,-0.12207,58.715836,brisk_walking
4029728,0.260864,-1.061523,-0.284668,38.269043,13.244633,58.715836,brisk_walking
4029744,0.313965,-0.995117,-0.28894,27.282722,31.860359,62.744156,brisk_walking
4029761,0.326416,-0.921387,-0.267944,14.831547,46.630875,64.575195,brisk_walking
4029778,0.320679,-0.818115,-0.269775,2.868653,70.19043,57.617203,brisk_walking
4029794,0.35083,-0.773071,-0.273071,-1.220703,83.862305,52.307144,brisk_walking
4029811,0.428223,-0.715576,-0.27417,-10.009766,104.553253,44.433609,brisk_walking
4029828,0.477295,-0.625244,-0.28479,-12.390141,110.229523,30.700691,brisk_walking
4029844,0.486938,-0.59082,-0.282837,-10.192871,107.605011,23.437508,brisk_walking
4029861,0.485229,-0.56543,-0.268311,-8.605957,99.30423,12.451176,brisk_walking
4029878,0.497681,-0.547485,-0.317017,-8.422852,90.087921,7.019045,brisk_walking
4029894,0.493408,-0.530273,-0.387939,-7.141115,83.129883,3.234864,brisk_walking
4029911,0.509521,-0.505371,-0.414063,-5.371094,77.697754,-0.244141,brisk_walking
4029928,0.582642,-0.543457,-0.426758,-1.159668,59.387222,-2.624512,brisk_walking
4029944,0.524536,-0.533325,-0.470459,-7.751467,50.231949,-6.591799,brisk_walking
4029961,0.529175,-0.507202,-0.500122,-6.286623,50.231949,-11.169437,brisk_walking
4029978,0.608521,-0.568604,-0.548218,-5.004883,48.095718,-16.723633,brisk_walking
4029994,0.689087,-0.64502,-0.588867,-2.258301,33.874512,-20.202637,brisk_walking
4030011,0.686035,-0.73645,-0.591309,-2.868653,19.775391,-18.798828,brisk_walking
4030028,0.685303,-0.747925,-0.590942,0.732422,11.596684,-25.573738,brisk_walking
4030044,0.691895,-0.889526,-0.539307,-6.530764,11.108402,-12.084965,brisk_walking
4030061,0.690308,-0.912231,-0.500122,-18.432617,21.057129,-1.586915,brisk_walking
4030078,0.718262,-0.919067,-0.481323,-15.075687,25.451668,-0.366211,brisk_walking
4030094,0.945801,-1.141846,-0.492188,3.723145,16.479492,8.728027,brisk_walking
4030111,1.212402,-1.529541,-0.537842,26.672371,-19.104004,20.874023,brisk_walking
4030128,1.370972,-1.902344,-0.490845,33.38623,-78.125,25.268562,brisk_walking
4030144,1.307983,-1.917358,-0.351196,22.216805,-105.468781,20.690918,brisk_walking
4030161,0.892944,-1.538452,-0.022095,-21.606445,-108.459503,4.699707,brisk_walking
4030178,0.649048,-1.136841,0.049683,-39.306641,-72.814941,-45.043961,brisk_walking
4030195,0.656738,-1.02356,-0.007568,-32.226563,-56.884781,-71.105957,brisk_walking
4030211,0.785034,-1.063354,-0.145996,-2.929688,-57.250992,-97.167999,brisk_walking
4030228,0.781006,-1.260986,-0.163818,20.629883,-90.576202,-102.966339,brisk_walking
4030245,0.714478,-1.358276,-0.093384,23.498543,-102.172882,-100.524933,brisk_walking
4030261,0.559814,-1.353516,0.064453,3.784181,-108.093292,-92.895538,brisk_walking
4030278,0.371216,-1.100952,0.103149,-24.353035,-89.47757,-91.918976,brisk_walking
4030295,0.263794,-0.821655,0.050903,-42.297363,-65.612793,-103.271515,brisk_walking
4030311,0.230103,-0.704712,0.00061,-43.518066,-54.809586,-108.154327,brisk_walking
4030328,0.158936,-0.566895,-0.081055,-36.437988,-41.564941,-113.15921,brisk_walking
4030345,0.076904,-0.536377,-0.082275,-29.235847,-31.066902,-104.370148,brisk_walking
4030361,0.052612,-0.532227,-0.076416,-28.686531,-27.343758,-95.703156,brisk_walking
4030378,0.032593,-0.516968,-0.071167,-27.832039,-22.27784,-79.528809,brisk_walking
4030395,0.023193,-0.493164,-0.075928,-26.367195,-22.827156,-64.63623,brisk_walking
4030411,0.061035,-0.498901,-0.10022,-21.789551,-30.151375,-50.170914,brisk_walking
4030428,0.088989,-0.525146,-0.102051,-19.470215,-36.132813,-41.931152,brisk_walking
4030445,0.104126,-0.6073,-0.079346,-16.357422,-46.93605,-24.597176,brisk_walking
4030461,0.065308,-0.684448,-0.049072,-14.648441,-50.476089,-11.169437,brisk_walking
4030478,0.055054,-0.732788,-0.041138,-12.02393,-48.034683,-6.408693,brisk_walking
4030495,0.049683,-0.885132,-0.029175,-5.920412,-38.146973,2.563477,brisk_walking
4030511,0.040405,-1.071655,0.00061,-4.882813,-24.047859,12.329105,brisk_walking
4030528,0.028931,-1.140381,0.009155,-7.690432,-7.446291,17.456055,brisk_walking
4030545,0.040161,-1.140747,0.009155,-6.225588,0.244141,18.188477,brisk_walking
4030561,0.066895,-1.122803,0.003906,2.807618,11.901859,20.690918,brisk_walking
4030578,0.103394,-1.243896,0.02771,20.507813,15.93018,28.625496,brisk_walking
4030595,0.119385,-1.380737,0.050293,30.273445,19.348145,37.841797,brisk_walking
4030611,0.102295,-1.626709,0.075806,34.179688,24.41407,59.082047,brisk_walking
4030628,0.153931,-1.598267,0.026978,33.935547,27.771004,76.721191,brisk_walking
4030645,0.237427,-1.378296,-0.077393,34.973145,28.625496,87.70752,brisk_walking
4030661,0.293091,-1.234375,-0.177979,39.0625,26.123055,88.256836,brisk_walking
4030678,0.44043,-1.063965,-0.329956,57.739273,7.934572,82.275391,brisk_walking
4030695,0.408325,-1.0979,-0.322632,66.40625,-16.723633,82.03125,brisk_walking
4030711,0.327881,-1.145508,-0.287476,65.551758,-21.057129,78.369141,brisk_walking
4030728,0.205444,-1.206909,-0.227661,55.236832,-8.911133,67.138672,brisk_walking
4030745,0.191528,-1.184082,-0.230225,43.640137,18.432617,55.908218,brisk_walking
4030761,0.260864,-1.119141,-0.26062,31.433113,44.006348,57.678238,brisk_walking
4030778,0.29248,-1.050903,-0.28186,25.207527,53.222672,60.852066,brisk_walking
4030795,0.300659,-0.932739,-0.328247,15.380863,70.43457,61.218277,brisk_walking
4030812,0.29834,-0.848633,-0.325195,6.164553,90.759308,54.62648,brisk_walking
4030828,0.323242,-0.829712,-0.319824,-0.549316,103.027374,53.405777,brisk_walking
4030845,0.383789,-0.766113,-0.313599,-15.808109,126.77005,51.757828,brisk_walking
4030862,0.469482,-0.659546,-0.352539,-22.27784,134.460449,43.823242,brisk_walking
4030878,0.504517,-0.632202,-0.345703,-23.498543,131.713867,40.588379,brisk_walking
4030895,0.513306,-0.610229,-0.312012,-29.602058,122.558624,37.414551,brisk_walking
4030912,0.514404,-0.566528,-0.308716,-37.414551,115.844757,38.269043,brisk_walking
4030928,0.558105,-0.50354,-0.334961,-38.452148,112.182648,40.222168,brisk_walking
4030945,0.58252,-0.487183,-0.350342,-36.010742,110.717804,40.588379,brisk_walking
4030962,0.674438,-0.470703,-0.35791,-28.625496,104.553253,37.231445,brisk_walking
4030978,0.775269,-0.46936,-0.352051,-19.470215,86.975098,30.639656,brisk_walking
4030995,0.81897,-0.481567,-0.360229,-14.892582,74.21875,27.404793,brisk_walking
4031012,0.897583,-0.549561,-0.407471,-4.089355,45.410172,23.254402,brisk_walking
4031028,0.940063,-0.668091,-0.471924,6.347658,14.343266,21.484375,brisk_walking
4031045,0.958862,-0.779663,-0.498657,15.747074,-14.648441,16.418457,brisk_walking
4031062,0.934326,-0.837036,-0.481323,19.40918,-25.695808,13.000492,brisk_walking
4031078,0.814453,-0.941895,-0.395508,12.390141,-28.625496,9.399414,brisk_walking
4031095,0.775024,-0.935791,-0.386719,5.249023,-9.338379,1.281738,brisk_walking
4031112,0.829468,-0.968018,-0.427612,11.718754,-2.868653,-3.479005,brisk_walking
4031128,0.982544,-1.256226,-0.471802,28.564461,-11.535648,-2.197266,brisk_walking
4031145,1.109741,-1.550903,-0.512573,33.752441,-37.353516,0.488281,brisk_walking
4031162,1.059448,-1.696899,-0.408691,43.640137,-76.660156,-19.226074,brisk_walking
4031178,0.924072,-1.739014,-0.246582,33.203125,-90.515167,-27.465828,brisk_walking
4031195,0.588379,-1.508667,-0.05603,-11.901859,-79.589844,-44.79982,brisk_walking
4031212,0.42041,-1.112549,-0.106201,-20.263672,-46.325699,-77.270508,brisk_walking
4031228,0.430298,-1.029663,-0.147339,-12.329105,-35.095215,-87.768555,brisk_walking
4031245,0.546753,-1.050415,-0.210693,8.605957,-43.640137,-95.581085,brisk_walking
4031262,0.534668,-1.185181,-0.190308,24.230965,-76.599121,-88.623077,brisk_walking
4031278,0.401489,-1.253174,-0.077637,13.732914,-96.862823,-68.359375,brisk_walking
4031295,0.312012,-1.210327,-0.016357,1.342773,-99.4263,-59.631363,brisk_walking
4031312,0.125366,-0.994141,0.029053,-26.123055,-85.388184,-54.687515,brisk_walking
4031328,0.079712,-0.762451,-0.016479,-41.870117,-58.288589,-59.997574,brisk_walking
4031345,0.092041,-0.677734,-0.05603,-44.006348,-47.058121,-61.584488,brisk_walking
4031362,0.105591,-0.58667,-0.107056,-38.452148,-37.04834,-64.575195,brisk_walking
4031378,0.056274,-0.588379,-0.111206,-29.479988,-26.062019,-65.429688,brisk_walking
4031395,0.043701,-0.604614,-0.092651,-29.418953,-17.150879,-60.607925,brisk_walking
4031412,0.08606,-0.577271,-0.09436,-30.456551,-17.39502,-57.556168,brisk_walking
4031429,0.115845,-0.517456,-0.107544,-26.062019,-25.390633,-52.551285,brisk_walking
4031445,0.144531,-0.525879,-0.123535,-15.441898,-38.574219,-47.058121,brisk_walking
4031462,0.142456,-0.572266,-0.118896,-10.498047,-44.92189,-42.358398,brisk_walking
4031479,0.114258,-0.671631,-0.092163,-8.544922,-52.978531,-29.846199,brisk_walking
4031495,0.120117,-0.757813,-0.07312,-8.300781,-52.551285,-15.258793,brisk_walking
4031512,0.137329,-0.815308,-0.067383,-6.591799,-51.147476,-9.094238,brisk_walking
4031529,0.178833,-0.986572,-0.063477,-2.929688,-45.776382,2.01416,brisk_walking
4031545,0.177246,-1.139038,-0.049194,-7.446291,-39.18457,8.666992,brisk_walking
4031562,0.134277,-1.182739,-0.029785,-15.014652,-26.733406,11.291508,brisk_walking
4031579,0.104736,-1.170288,-0.02417,-17.76123,-18.066406,11.291508,brisk_walking
4031595,0.10376,-1.180664,-0.012085,-9.58252,3.356935,9.338379,brisk_walking
4031612,0.115479,-1.390503,0.020508,8.300781,24.658211,14.648441,brisk_walking
4031629,0.090942,-1.519653,0.039307,14.892582,34.606934,18.310547,brisk_walking
4031645,0.121826,-1.636963,0.040405,20.874023,49.865738,27.587898,brisk_walking
4031662,0.244141,-1.521606,-0.035645,25.878914,49.255386,44.79982,brisk_walking
4031679,0.321167,-1.150024,-0.199707,30.700691,32.592773,54.077164,brisk_walking
4031695,0.374512,-0.954224,-0.304077,38.513184,20.019531,54.077164,brisk_walking
4031712,0.460815,-0.741699,-0.409912,63.171402,-16.601563,49.865738,brisk_walking
4031729,0.365723,-0.883057,-0.338379,82.519531,-46.203629,44.79982,brisk_walking
4031745,0.285034,-0.993896,-0.290283,80.932617,-53.222672,40.771484,brisk_walking
4031762,0.187256,-1.069092,-0.261963,64.819336,-47.180191,36.92627,brisk_walking
4031779,0.150391,-1.021118,-0.291138,54.931656,-25.146492,37.29248,brisk_walking
4031795,0.177612,-1.019531,-0.308228,44.128418,1.098633,44.433609,brisk_walking
4031812,0.201782,-0.992065,-0.303589,36.132813,12.878422,47.363297,brisk_walking
4031829,0.222656,-0.860596,-0.293579,22.766121,37.963867,44.250504,brisk_walking
4031845,0.258301,-0.755859,-0.292725,14.892582,66.52832,33.508301,brisk_walking
4031862,0.290894,-0.730713,-0.288086,10.559082,78.918457,28.869637,brisk_walking
4031879,0.368286,-0.669556,-0.292236,1.403809,94.055206,22.094727,brisk_walking
4031895,0.419189,-0.591064,-0.290649,0.488281,89.843781,15.808109,brisk_walking
4031912,0.427002,-0.567627,-0.288696,2.868653,73.852539,15.136723,brisk_walking
4031929,0.41687,-0.56665,-0.288452,3.234864,65.368652,16.662598,brisk_walking
4031945,0.401733,-0.556641,-0.323853,2.929688,52.307144,20.751953,brisk_walking
4031962,0.400024,-0.543335,-0.364746,6.530764,49.194351,21.54541,brisk_walking
4031979,0.408936,-0.545532,-0.371094,9.460449,49.377457,20.324707,brisk_walking
4031996,0.510742,-0.616211,-0.374023,15.991215,42.480469,16.174316,brisk_walking
4032012,0.493896,-0.670654,-0.410278,6.591799,43.334961,20.385742,brisk_walking
4032029,0.514648,-0.637573,-0.466309,12.878422,40.100098,13.061527,brisk_walking
4032046,0.616577,-0.712524,-0.481567,15.563969,35.217285,9.70459,brisk_walking
4032062,0.684937,-0.83606,-0.493164,17.089844,21.789551,4.211426,brisk_walking
4032079,0.698486,-0.930176,-0.52063,13.793949,12.573246,-1.342773,brisk_walking
4032096,0.686157,-0.957764,-0.53479,12.390141,11.840824,-6.408693,brisk_walking
4032112,0.667847,-1.045166,-0.486938,6.286623,15.441898,-13.671879,brisk_walking
4032129,0.70166,-1.08313,-0.42749,-6.774904,24.230965,-11.596684,brisk_walking
4032146,0.710205,-1.119141,-0.429565,-10.437012,30.21241,-8.361816,brisk_walking
4032162,0.80835,-1.198364,-0.444946,-3.479005,26.916512,-14.648441,brisk_walking
4032179,0.985352,-1.432983,-0.44812,10.009766,-0.854492,-9.216309,brisk_walking
4032196,1.050537,-1.696045,-0.412476,10.375977,-42.602539,1.77002,brisk_walking
4032212,0.983521,-1.69104,-0.338135,-1.037598,-65.612793,2.868653,brisk_walking
4032229,0.688599,-1.39563,-0.165283,-26.062019,-81.970215,-1.525879,brisk_walking
4032246,0.510376,-1.158936,-0.108643,-40.405273,-57.067886,-16.113281,brisk_walking
4032262,0.53833,-1.080078,-0.12854,-40.466309,-45.471207,-26.794441,brisk_walking
4032279,0.667725,-0.995239,-0.197632,-25.756844,-48.522964,-44.860855,brisk_walking
4032296,0.669189,-1.074219,-0.234863,-7.08008,-73.730469,-52.124039,brisk_walking
4032312,0.542847,-1.178345,-0.146118,-7.751467,-88.134766,-52.49025,brisk_walking
4032329,0.485718,-1.164307,-0.075684,-14.587406,-87.524414,-51.330582,brisk_walking
4032346,0.37146,-1.013062,0.028564,-36.743164,-71.472168,-50.354019,brisk_walking
4032362,0.273315,-0.766602,0.024536,-45.654312,-45.776382,-66.40625,brisk_walking
4032379,0.253174,-0.687866,0.006714,-46.020523,-33.996582,-73.669434,brisk_walking
4032396,0.241455,-0.597656,-0.034546,-44.189453,-23.376472,-83.496094,brisk_walking
4032412,0.163452,-0.548096,-0.054199,-40.649414,-11.596684,-85.754395,brisk_walking
4032429,0.094482,-0.533447,-0.055176,-39.794922,2.624512,-81.848145,brisk_walking
4032446,0.097168,-0.527466,-0.05896,-39.550781,7.446291,-78.857422,brisk_walking
4032462,0.140625,-0.529907,-0.059937,-36.743164,9.460449,-71.228027,brisk_walking
4032479,0.186646,-0.550415,-0.055176,-31.250008,2.929688,-61.950699,brisk_walking
4032496,0.209717,-0.578369,-0.057251,-28.32032,-3.051759,-56.51857,brisk_walking
4032512,0.21106,-0.648926,-0.074951,-24.841316,-16.174316,-44.311539,brisk_walking
4032529,0.184204,-0.719238,-0.082031,-21.057129,-24.353035,-33.325195,brisk_walking
4032546,0.211792,-0.811646,-0.053711,-20.751953,-26.42823,-20.324707,brisk_walking
4032562,0.222656,-0.8573,-0.041016,-21.362305,-25.085457,-13.244633,brisk_walking
4032579,0.231201,-0.939941,-0.044189,-19.65332,-19.836426,-4.089355,brisk_walking
4032596,0.232666,-1.015137,-0.057983,-13.427738,-11.657719,-1.342773,brisk_walking
4032613,0.221802,-1.061157,-0.070313,-8.789063,-6.164553,-0.549316,brisk_walking
4032629,0.189819,-1.140137,-0.059448,-3.906251,7.446291,1.586915,brisk_walking
4032646,0.230347,-1.26062,-0.036011,11.962894,23.254402,9.216309,brisk_walking
4032663,0.241455,-1.392334,-0.018677,24.719246,33.874512,26.42823,brisk_walking
4032679,0.258301,-1.535645,0.004028,24.963387,33.874512,35.217285,brisk_walking
4032696,0.306396,-1.36145,-0.081421,30.395515,26.30616,52.978531,brisk_walking
4032713,0.307983,-1.110352,-0.212402,41.015625,9.765625,63.171402,brisk_walking
4032729,0.35144,-1.016357,-0.286987,50.8423,-0.793457,62.43898,brisk_walking
4032746,0.476685,-0.987427,-0.369995,70.983887,-31.311043,61.462418,brisk_walking
4032763,0.42749,-1.113159,-0.326782,79.467773,-63.659683,64.758301,brisk_walking
4032779,0.320435,-1.169434,-0.293701,77.148438,-70.43457,63.232437,brisk_walking
4032796,0.181396,-1.204956,-0.254883,67.443848,-61.645523,56.030289,brisk_walking
4032813,0.160767,-1.197144,-0.259888,57.067886,-37.04834,54.138199,brisk_walking
4032829,0.166138,-1.140747,-0.272949,42.114258,-12.207035,58.898941,brisk_walking
4032846,0.16272,-1.075073,-0.278809,34.362793,0.488281,59.753433,brisk_walking
4032863,0.159058,-0.90686,-0.283936,22.644051,27.038582,55.480972,brisk_walking
4032879,0.180664,-0.793091,-0.284058,14.099125,54.687515,51.147476,brisk_walking
4032896,0.205933,-0.763306,-0.286133,8.239746,67.504883,51.513687,brisk_walking
4032913,0.26001,-0.657471,-0.303833,1.159668,85.144043,46.264664,brisk_walking
4032929,0.356812,-0.575439,-0.312866,5.249023,81.848145,38.208008,brisk_walking
4032946,0.417358,-0.580811,-0.334229,7.019045,63.964859,36.193848,brisk_walking
4032963,0.423462,-0.588257,-0.361084,5.981447,53.955093,36.804199,brisk_walking
4032979,0.411621,-0.582642,-0.398682,2.13623,40.95459,37.841797,brisk_walking
4032996,0.418213,-0.543213,-0.40271,-1.220703,40.588379,36.682129,brisk_walking
4033013,0.461792,-0.517212,-0.431885,1.220703,39.428711,27.954109,brisk_walking
4033029,0.541626,-0.61377,-0.433105,-0.488281,40.405273,36.071777,brisk_walking
4033046,0.577881,-0.549072,-0.482178,1.037598,42.480469,25.146492,brisk_walking
4033063,0.702881,-0.653076,-0.497803,9.338379,36.804199,19.65332,brisk_walking
4033079,0.762817,-0.710571,-0.501099,11.291508,28.869637,13.916019,brisk_walking
4033096,0.816772,-0.824829,-0.48999,10.925293,9.887695,8.178711,brisk_walking
4033113,0.80127,-0.839233,-0.479248,8.483887,-6.286623,-2.990724,brisk_walking
4033129,0.766479,-0.875977,-0.465088,6.103518,-2.685547,-3.051759,brisk_walking
4033146,0.72522,-0.956421,-0.432495,-3.54004,12.695316,-5.187988,brisk_walking
4033163,0.770142,-1.006714,-0.413208,-2.075195,29.907234,-10.803223,brisk_walking
4033180,0.873291,-1.209351,-0.411377,-1.403809,38.757324,-13.061527,brisk_walking
4033196,0.961548,-1.270752,-0.431641,1.098633,29.357918,-16.418457,brisk_walking
4033213,1.078003,-1.453247,-0.451904,4.943848,3.112794,-12.512211,brisk_walking
4033230,1.017456,-1.514282,-0.363647,-5.920412,-27.343758,-14.221195,brisk_walking
4033246,0.881226,-1.448853,-0.301514,-17.211914,-37.719727,-18.432617,brisk_walking
4033263,0.630737,-1.21106,-0.231689,-31.005867,-18.920898,-39.489746,brisk_walking
4033280,0.692139,-1.139893,-0.267578,-24.41407,-12.939457,-65.185547,brisk_walking
4033296,0.712524,-1.140991,-0.269165,-14.404301,-18.676758,-72.08252,brisk_walking
4033313,0.728516,-1.166748,-0.286987,-10.070801,-28.564461,-73.120117,brisk_walking
4033330,0.696411,-1.184448,-0.268311,-0.610352,-58.593765,-72.570801,brisk_walking
4033346,0.544067,-1.231445,-0.163574,-7.934572,-75.073242,-67.321777,brisk_walking
4033363,0.446655,-1.187744,-0.109863,-18.676758,-75.134277,-65.795898,brisk_walking
4033380,0.277344,-0.945923,-0.05249,-39.306641,-59.326187,-71.838379,brisk_walking
4033396,0.182129,-0.713989,-0.079468,-44.982925,-32.958984,-82.885742,brisk_walking
4033413,0.168457,-0.645874,-0.099121,-43.945313,-24.41407,-86.303711,brisk_walking
4033430,0.154297,-0.579224,-0.126343,-38.391113,-17.63916,-87.097168,brisk_walking
4033446,0.119507,-0.562378,-0.129028,-33.752441,-19.65332,-79.345703,brisk_walking
4033463,0.099976,-0.552368,-0.108032,-32.775879,-25.390633,-67.260742,brisk_walking
4033480,0.078613,-0.550049,-0.093628,-33.02002,-27.160652,-61.462418,brisk_walking
4033496,0.071167,-0.53772,-0.08606,-32.531738,-28.381355,-51.208511,brisk_walking
4033513,0.114868,-0.583252,-0.096069,-27.832039,-31.311043,-38.330078,brisk_walking
4033530,0.137207,-0.629883,-0.090576,-26.062019,-34.240723,-30.700691,brisk_walking
4033546,0.143433,-0.696899,-0.084229,-25.634773,-39.489746,-16.479492,brisk_walking
4033563,0.184326,-0.798218,-0.077393,-20.812988,-42.96875,-7.812502,brisk_walking
4033580,0.198608,-0.985596,-0.039795,-19.348145,-44.433609,0.244141,brisk_walking
4033596,0.187988,-1.064453,-0.018921,-23.071297,-42.96875,4.455566,brisk_walking
4033613,0.12793,-1.111206,-0.009399,-30.029305,-31.921394,7.507326,brisk_walking
4033630,0.058228,-1.14624,-0.004883,-27.587898,-9.58252,6.347658,brisk_walking
4033646,0.055786,-1.156494,0.003418,-25.329597,2.746582,6.95801,brisk_walking
4033663,0.078857,-1.30835,0.045654,-10.009766,24.353035,13.610844,brisk_walking
4033680,0.071411,-1.556641,0.079102,3.051759,42.907715,29.357918,brisk_walking
4033696,0.105713,-1.577637,0.069458,7.263186,57.739273,46.325699,brisk_walking
4033713,0.15625,-1.503906,0.038208,10.498047,59.509293,56.152359,brisk_walking
4033730,0.239014,-1.187988,-0.108154,17.51709,52.429214,70.068359,brisk_walking
4033746,0.370483,-0.911011,-0.284912,40.222168,34.790039,69.091797,brisk_walking
4033763,0.449707,-0.862549,-0.322632,54.321304,17.76123,66.711426,brisk_walking
4033780,0.460083,-0.976807,-0.287231,72.814941,-20.874023,66.589355,brisk_walking
4033797,0.291382,-1.124512,-0.218872,69.335938,-34.790039,62.622086,brisk_walking
4033813,0.187988,-1.127319,-0.205078,60.119644,-19.53125,56.030289,brisk_walking
4033830,0.173096,-1.124146,-0.215088,55.786148,-6.713869,56.274429,brisk_walking
4033847,0.199463,-1.088623,-0.234741,43.579102,17.883301,64.086914,brisk_walking
4033863,0.247192,-0.968018,-0.257446,35.400391,35.339355,68.786621,brisk_walking
4033880,0.264404,-0.917969,-0.26062,33.996582,42.663574,69.152832,brisk_walking
4033897,0.304077,-0.871826,-0.25708,29.968269,57.983414,68.17627,brisk_walking
4033913,0.344971,-0.819702,-0.269409,19.40918,73.669434,67.016602,brisk_walking
4033930,0.376831,-0.759399,-0.282837,16.052246,78.735352,58.53273,brisk_walking
4033963,0.479858,-0.650635,-0.297729,15.686039,63.598648,48.461929,brisk_walking
4033980,0.468872,-0.612549,-0.31189,12.756351,52.795425,46.264664,brisk_walking
4033997,0.462891,-0.588379,-0.342407,12.329105,48.82814,45.837418,brisk_walking
4034013,0.462402,-0.535889,-0.403809,14.831547,40.771484,44.860855,brisk_walking
4034030,0.515015,-0.505249,-0.446655,23.254402,25.756844,41.320801,brisk_walking
4034047,0.549927,-0.542969,-0.456909,27.099617,13.122562,45.043961,brisk_walking
4034063,0.52002,-0.576172,-0.471069,18.859863,-5.126953,56.335464,brisk_walking
4034080,0.544434,-0.547363,-0.518555,29.479988,-23.071297,48.82814,brisk_walking
4034097,0.586304,-0.725586,-0.555664,31.677254,-37.231445,42.724609,brisk_walking
4034113,0.630371,-0.790649,-0.571655,32.531738,-45.471207,36.621094,brisk_walking
4034130,0.608276,-0.960571,-0.567017,27.160652,-52.001968,37.17041,brisk_walking
4034147,0.512329,-1.013062,-0.560059,14.709476,-35.644531,28.381355,brisk_walking
4034163,0.487183,-1.032837,-0.547119,8.972168,-18.493652,24.353035,brisk_walking
4034197,0.850586,-1.432129,-0.620239,6.530764,24.963387,10.864258,brisk_walking
4034213,1.076416,-1.858643,-0.708496,8.666992,-0.427246,15.319828,brisk_walking
4034230,1.112671,-2.037842,-0.711792,7.568361,-18.737793,12.084965,brisk_walking
4034247,0.856812,-2.010498,-0.432495,-23.620613,-50.476089,-9.094238,brisk_walking
4034263,0.446533,-1.500977,-0.178345,-77.392578,-20.507813,-28.44239,brisk_walking
4034280,0.370361,-1.248169,-0.203491,-88.806183,3.967286,-48.584,brisk_walking
4034297,0.506104,-0.973511,-0.33667,-73.181152,36.071777,-84.533691,brisk_walking
4034313,0.809326,-1.023438,-0.445923,-36.254883,1.159668,-95.764191,brisk_walking
4034330,0.758789,-1.282715,-0.394409,-8.911133,-64.941406,-94.238312,brisk_walking
4034347,0.626221,-1.383789,-0.275635,-8.544922,-88.256836,-92.346222,brisk_walking
4034363,0.337158,-1.377563,0.00769,-35.644531,-95.52005,-85.754395,brisk_walking
4034380,0.126343,-1.089233,0.103149,-74.584961,-65.673828,-82.336426,brisk_walking
4034397,0.068115,-0.901855,0.074097,-83.496094,-43.09082,-86.914063,brisk_walking
4034414,0.086914,-0.701416,-0.022583,-80.13916,-9.765625,-94.055206,brisk_walking
4034430,0.120972,-0.663696,-0.080322,-66.28418,-1.464844,-100.891144,brisk_walking
4034447,0.063354,-0.639526,-0.049927,-57.495132,9.70459,-96.984894,brisk_walking
4034464,0.061157,-0.627197,-0.035034,-54.443375,13.916019,-93.811066,brisk_walking
4034480,0.110352,-0.622559,-0.019897,-52.246109,14.343266,-83.435059,brisk_walking
4034497,0.156006,-0.596436,-0.032471,-46.569839,-1.77002,-75.744629,brisk_walking
4034514,0.170654,-0.595459,-0.040894,-40.649414,-12.817387,-72.509766,brisk_walking
4034530,0.158813,-0.647461,-0.036743,-30.944832,-36.560059,-62.927261,brisk_walking
4034547,0.109741,-0.686523,-0.01416,-27.587898,-52.917496,-48.034683,brisk_walking
4034564,0.077148,-0.704224,-0.011841,-25.695808,-53.710953,-33.38623,brisk_walking
4034580,0.049438,-0.778564,-0.026855,-16.479492,-51.391617,-28.381355,brisk_walking
4034597,0.078247,-0.920288,-0.013672,-7.629396,-45.837418,-20.141602,brisk_walking
4034614,0.045044,-1.042114,0.003296,-5.554201,-38.391113,-14.526371,brisk_walking
4034630,0.020264,-1.063477,-0.003174,-7.019045,-32.958984,-12.817387,brisk_walking
4034647,-0.036011,-1.051758,-0.043701,-7.934572,-16.479492,-7.385256,brisk_walking
4034664,-0.041382,-1.011719,-0.093262,-1.525879,0.427246,-0.854492,brisk_walking
4034680,-0.031128,-1.047974,-0.094971,7.995607,6.469728,3.906251,brisk_walking
4034697,-0.059326,-1.339844,-0.021362,29.113777,22.155769,16.845703,brisk_walking
4034714,-0.070435,-1.582886,0.045532,25.634773,49.926773,32.287598,brisk_walking
4034730,0.06543,-1.514282,-0.022461,21.484375,74.401855,52.856461,brisk_walking
4034747,0.140381,-1.418579,-0.077637,23.437508,78.674316,62.255875,brisk_walking
4034764,0.295166,-1.144287,-0.241333,29.968269,69.580078,73.669434,brisk_walking
4034780,0.473022,-0.925293,-0.375854,49.865738,36.987305,73.669434,brisk_walking
4034797,0.499146,-0.895508,-0.387329,60.913101,15.075687,72.509766,brisk_walking
4034814,0.436523,-0.995605,-0.324585,76.11084,-17.63916,65.124512,brisk_walking
4034830,0.346436,-1.145142,-0.266113,73.181152,-26.000984,58.105484,brisk_walking
4034847,0.31665,-1.165649,-0.274658,67.016602,-18.615723,53.161636,brisk_walking
4034864,0.31665,-1.162476,-0.292236,63.964859,-14.28223,54.199234,brisk_walking
4034880,0.330933,-1.093994,-0.31958,55.542007,-8.728027,58.288589,brisk_walking
4034897,0.28064,-0.974365,-0.321167,48.095718,6.896975,58.471695,brisk_walking
4034914,0.268799,-0.923462,-0.324707,43.884277,20.385742,55.908218,brisk_walking
4034930,0.288208,-0.870605,-0.327759,29.663094,49.133316,51.818863,brisk_walking
4034947,0.311646,-0.768066,-0.348633,13.122562,77.453613,46.264664,brisk_walking
4034964,0.364258,-0.647827,-0.395386,9.765625,92.407257,33.935547,brisk_walking
4034981,0.400024,-0.628418,-0.395386,9.460449,93.872101,28.808601,brisk_walking
4034997,0.455933,-0.607788,-0.38916,5.310059,89.294464,21.850586,brisk_walking
4035014,0.500977,-0.582153,-0.428589,1.098633,77.819824,19.836426,brisk_walking
4035031,0.505493,-0.564575,-0.461792,0.183106,72.753906,19.226074,brisk_walking
4035047,0.550659,-0.514771,-0.515137,3.051759,59.265152,18.615723,brisk_walking
4035064,0.623535,-0.578369,-0.539307,12.451176,34.057617,23.071297,brisk_walking
4035081,0.577393,-0.573486,-0.546753,7.812502,18.005371,23.193367,brisk_walking
4035097,0.60022,-0.539185,-0.559692,13.244633,9.094238,19.226074,brisk_walking
4035114,0.627319,-0.659302,-0.578491,17.39502,-4.577637,16.296387,brisk_walking
4035131,0.664063,-0.716309,-0.629028,18.493652,-24.963387,10.864258,brisk_walking
4035147,0.670288,-0.764526,-0.61731,22.949226,-24.780281,7.20215,brisk_walking
4035164,0.632813,-1.00415,-0.560791,7.141115,-19.714355,20.874023,brisk_walking
4035181,0.602661,-0.881714,-0.545776,0.915528,-11.047363,-0.12207,brisk_walking
4035197,0.612427,-0.934448,-0.482544,0.12207,2.380371,4.882813,brisk_walking
4035214,0.646362,-1.057617,-0.393677,-19.714355,31.188972,1.77002,brisk_walking
4035231,0.762817,-1.037598,-0.423828,-13.854984,36.743164,-7.690432,brisk_walking
4035247,0.89624,-1.244995,-0.420166,0.488281,19.53125,-6.530764,brisk_walking
4035264,0.948975,-1.394165,-0.412598,4.394531,9.58252,0.488281,brisk_walking
4035281,0.965088,-1.60437,-0.355469,3.41797,-19.836426,4.638672,brisk_walking
4035297,0.838867,-1.543091,-0.207764,-15.808109,-36.437988,-1.89209,brisk_walking
4035331,0.664063,-1.049561,-0.133179,-34.423828,-26.000984,-33.325195,brisk_walking
4035347,0.699951,-0.927368,-0.151001,-22.766121,-28.686531,-55.114761,brisk_walking
4035364,0.734497,-0.976196,-0.174927,-5.371094,-50.415054,-61.889664,brisk_walking
4035381,0.730957,-1.050781,-0.174438,1.89209,-63.720718,-61.035172,brisk_walking
4035397,0.710327,-1.165405,-0.132324,4.577637,-88.806183,-55.786148,brisk_walking
4035414,0.611694,-1.108521,-0.061035,-8.300781,-102.844269,-51.330582,brisk_walking
4035431,0.525635,-1.017334,-0.034424,-15.563969,-102.722198,-55.358902,brisk_walking
4035447,0.365479,-0.851563,-0.026733,-26.30616,-90.881378,-71.044922,brisk_walking
4035464,0.254517,-0.757568,-0.052734,-36.804199,-69.702148,-81.054688,brisk_walking
4035481,0.13855,-0.649292,-0.088135,-41.442871,-47.851578,-86.975098,brisk_walking
4035497,0.103516,-0.600952,-0.101074,-40.710449,-37.17041,-88.07373,brisk_walking
4035514,0.075928,-0.570068,-0.128418,-35.522461,-20.324707,-85.632324,brisk_walking
4035531,0.078613,-0.594971,-0.128662,-31.799324,-15.991215,-78.857422,brisk_walking
4035547,0.077148,-0.599243,-0.125977,-31.494148,-18.859863,-74.401855,brisk_walking
4035564,0.069946,-0.598999,-0.12085,-29.602058,-27.526863,-65.002441,brisk_walking
4035581,0.063232,-0.631714,-0.107788,-27.282722,-35.27832,-55.114761,brisk_walking
4035598,0.034912,-0.700439,-0.093506,-26.18409,-36.315918,-43.884277,brisk_walking
4035614,0.024536,-0.743164,-0.079834,-25.329597,-34.545898,-37.902832,brisk_walking
4035631,0.046387,-0.898926,-0.05249,-18.127441,-26.245125,-24.963387,brisk_walking
4035648,0.07019,-1.116455,-0.018921,-15.075687,-19.836426,-12.146,brisk_walking
4035664,0.082275,-1.180908,-0.003052,-15.686039,-16.479492,-7.995607,brisk_walking
4035681,0.074341,-1.217529,0.003296,-14.404301,-7.446291,-3.051759,brisk_walking
4035698,0.065308,-1.206909,0.000732,-8.300781,5.065918,-0.12207,brisk_walking
4035714,0.084839,-1.30835,0.033569,10.864258,18.432617,5.676271,brisk_walking
4035731,0.084717,-1.438599,0.055176,19.165039,25.268562,12.02393,brisk_walking
4035748,0.066406,-1.641724,0.075562,26.977547,40.222168,27.709969,brisk_walking
4035764,0.142334,-1.630615,0.040649,30.944832,53.649918,49.133316,brisk_walking
4035781,0.188599,-1.54541,-0.009399,32.043457,55.786148,60.607925,brisk_walking
4035798,0.311157,-1.249756,-0.196899,36.682129,51.269547,73.791504,brisk_walking
4035814,0.499878,-1.007324,-0.374268,54.138199,28.991707,71.960449,brisk_walking
4035831,0.546997,-0.962402,-0.397217,63.903824,8.911133,68.359375,brisk_walking
4035848,0.452148,-1.027222,-0.321045,70.43457,-24.780281,61.279312,brisk_walking
4035864,0.263062,-1.087524,-0.272705,56.152359,-31.860359,55.847183,brisk_walking
4035881,0.122192,-1.032471,-0.303589,41.259766,-11.718754,51.818863,brisk_walking
4035898,0.096313,-0.998047,-0.321411,37.17041,2.746582,50.170914,brisk_walking
4035914,0.148804,-0.937744,-0.325684,27.648933,27.099617,51.757828,brisk_walking
4035931,0.213745,-0.867676,-0.294922,15.625004,40.588379,55.664078,brisk_walking
4035948,0.212158,-0.81897,-0.283203,8.178711,48.156754,56.091324,brisk_walking
4035964,0.215576,-0.704468,-0.284424,-1.831055,70.739746,49.621597,brisk_walking
4035981,0.296387,-0.644287,-0.2677,-9.216309,90.148956,44.128418,brisk_walking
4035998,0.349365,-0.599365,-0.250732,-15.808109,98.754913,43.884277,brisk_walking
4036014,0.351807,-0.569824,-0.242676,-15.808109,99.670441,41.870117,brisk_walking
4036031,0.37439,-0.564209,-0.220215,-13.000492,97.595245,37.963867,brisk_walking
4036048,0.433472,-0.593872,-0.219727,-11.413578,92.895538,37.597656,brisk_walking
4036064,0.476196,-0.607788,-0.228394,-10.375977,87.585449,38.757324,brisk_walking
4036081,0.568726,-0.622925,-0.261597,-6.408693,68.42041,41.19873,brisk_walking
4036098,0.632202,-0.639282,-0.300171,0.366211,43.457031,41.992188,brisk_walking
4036114,0.613159,-0.668579,-0.313232,5.798342,24.047859,39.367676,brisk_walking
4036131,0.59375,-0.681152,-0.32019,6.591799,20.507813,36.499023,brisk_walking
4036148,0.614258,-0.713013,-0.354004,7.263186,22.216805,30.029305,brisk_walking
4036165,0.670044,-0.754883,-0.39209,7.507326,24.780281,23.681648,brisk_walking
4036181,0.699219,-0.784424,-0.402588,8.483887,24.047859,20.507813,brisk_walking
4036198,0.724731,-0.883057,-0.420532,10.803223,21.42334,15.441898,brisk_walking
4036215,0.760254,-0.945313,-0.464966,10.681152,15.441898,9.94873,brisk_walking
4036231,0.751831,-0.967529,-0.490601,3.784181,16.113281,10.192871,brisk_walking
4036248,0.784668,-0.949829,-0.484009,5.554201,12.634281,5.371094,brisk_walking
4036265,0.814575,-1.114258,-0.47229,7.20215,18.676758,9.70459,brisk_walking
4036281,0.966431,-1.222656,-0.530273,13.244633,0.366211,1.831055,brisk_walking
4036298,1.008179,-1.313599,-0.560547,17.39502,-11.657719,4.02832,brisk_walking
4036315,1.036011,-1.550781,-0.557617,23.071297,-33.081055,3.601075,brisk_walking
4036331,0.931396,-1.653076,-0.393066,8.117676,-59.021011,-12.26807,brisk_walking
4036348,0.665039,-1.362305,-0.252686,-26.611336,-49.255386,-28.015144,brisk_walking
4036365,0.59082,-1.17688,-0.229736,-33.081055,-38.330078,-41.259766,brisk_walking
4036381,0.602783,-1.027222,-0.250854,-24.597176,-21.362305,-67.749023,brisk_walking
4036398,0.755859,-1.100708,-0.282593,-6.225588,-31.860359,-77.514648,brisk_walking
4036415,0.776733,-1.174316,-0.284912,2.075195,-47.424332,-77.209473,brisk_walking
4036431,0.685669,-1.275635,-0.192383,1.586915,-77.026367,-70.43457,brisk_walking
4036448,0.502441,-1.167847,-0.057251,-20.812988,-86.608887,-64.63623,brisk_walking
4036465,0.384277,-1.032227,-0.024658,-31.066902,-81.298828,-68.847656,brisk_walking
4036481,0.259521,-0.805908,-0.010742,-41.748047,-60.54689,-83.190918,brisk_walking
4036498,0.229492,-0.707153,-0.043091,-45.471207,-49.072281,-91.73587,brisk_walking
4036515,0.145874,-0.651001,-0.074829,-41.809082,-42.175293,-95.031769,brisk_walking
4036531,0.116089,-0.637573,-0.076172,-39.367676,-37.475586,-94.970734,brisk_walking
4036548,0.081787,-0.626343,-0.067139,-36.682129,-26.123055,-89.965851,brisk_walking
4036565,0.096558,-0.614136,-0.054688,-36.071777,-24.41407,-82.824707,brisk_walking
4036581,0.09729,-0.597778,-0.051758,-35.705566,-26.550301,-79.650879,brisk_walking
4036598,0.07251,-0.569702,-0.059937,-31.738289,-33.14209,-73.791504,brisk_walking
4036615,0.064453,-0.611084,-0.054932,-26.42823,-37.536621,-64.453125,brisk_walking
4036631,0.061768,-0.717163,-0.03418,-24.16993,-37.475586,-50.537125,brisk_walking
4036648,0.067017,-0.761353,-0.029175,-23.559578,-36.315918,-44.494644,brisk_walking
4036665,0.094849,-0.888184,-0.005859,-18.127441,-33.325195,-33.02002,brisk_walking
4036681,0.107788,-1.039185,0.025757,-20.812988,-31.066902,-19.226074,brisk_walking
4036698,0.084595,-1.069214,0.025879,-23.254402,-27.771004,-13.427738,brisk_walking
4036715,0.031738,-1.02771,0.00769,-23.620613,-16.052246,-7.934572,brisk_walking
4036731,0.031616,-1.024658,-0.028687,-13.427738,1.037598,-3.723145,brisk_walking
4036748,0.08606,-1.110352,-0.045776,0.549316,9.82666,5.065918,brisk_walking
4036765,0.080688,-1.210815,-0.027832,8.850098,12.02393,12.451176,brisk_walking
4036782,0.036621,-1.460815,0.032471,20.507813,24.047859,25.573738,brisk_walking
4036798,0.069458,-1.579712,0.043945,19.104004,41.381836,43.212891,brisk_walking
4036815,0.11145,-1.559448,0.017578,18.615723,50.109879,53.161636,brisk_walking
4036832,0.239258,-1.353027,-0.110107,18.798828,61.035172,68.664551,brisk_walking
4036848,0.432739,-1.042114,-0.307495,31.311043,49.865738,69.946289,brisk_walking
4036865,0.579834,-0.924316,-0.348145,52.368179,14.03809,65.002441,brisk_walking
4036882,0.546631,-0.949585,-0.317139,59.326187,-4.333496,60.180679,brisk_walking
4036898,0.343994,-1.080566,-0.245605,59.753433,-17.51709,52.001968,brisk_walking
4036915,0.229126,-1.132446,-0.224365,47.912613,-0.305176,48.034683,brisk_walking
4036932,0.211182,-1.106323,-0.245483,44.128418,11.840824,47.973648,brisk_walking
4036948,0.259155,-1.036865,-0.289307,39.367676,27.587898,52.49025,brisk_walking
4036965,0.310547,-0.925781,-0.320679,33.874512,28.991707,58.044449,brisk_walking
4036982,0.279419,-0.819824,-0.308472,29.663094,36.743164,57.922379,brisk_walking
4036998,0.273682,-0.791382,-0.296631,25.817879,43.640137,55.603043,brisk_walking
4037015,0.303345,-0.758789,-0.284424,11.718754,62.255875,53.527847,brisk_walking
4037032,0.344482,-0.660034,-0.323242,0.305176,80.871582,48.645035,brisk_walking
4037048,0.394531,-0.604126,-0.334229,-0.366211,83.862305,44.006348,brisk_walking
4037065,0.462646,-0.581299,-0.330933,1.89209,79.650879,37.475586,brisk_walking
4037082,0.479126,-0.607544,-0.335693,-1.159668,71.716309,33.752441,brisk_walking
4037098,0.494629,-0.593994,-0.35083,-3.601075,69.702148,33.325195,brisk_walking
4037115,0.547241,-0.534912,-0.393311,-4.272461,67.138672,33.691406,brisk_walking
4037132,0.636841,-0.504883,-0.444702,0.610352,58.349625,32.104492,brisk_walking
4037148,0.718262,-0.522461,-0.447021,6.591799,39.611816,30.273445,brisk_walking
4037165,0.735352,-0.553223,-0.445068,9.460449,28.625496,25.695808,brisk_walking
4037182,0.762939,-0.687622,-0.437134,6.774904,12.756351,30.822762,brisk_walking
4037198,0.794922,-0.691162,-0.497437,7.812502,9.765625,26.733406,brisk_walking
4037215,0.837646,-0.7146,-0.517822,10.131836,4.882813,25.207527,brisk_walking
4037232,0.878174,-0.787842,-0.526245,11.718754,-7.263186,20.263672,brisk_walking
4037248,0.846436,-0.825562,-0.506104,10.131836,-11.047363,10.314941,brisk_walking
4037265,0.872681,-0.933228,-0.462769,11.535648,-6.591799,2.380371,brisk_walking
4037282,0.918213,-1.057983,-0.438599,12.878422,-4.882813,5.615236,brisk_walking
4037298,1.009155,-1.354248,-0.433838,13.061527,-5.371094,12.573246,brisk_walking
4037315,1.229492,-1.641724,-0.527222,25.634773,-37.231445,13.122562,brisk_walking
4037332,1.303589,-1.854858,-0.541626,32.775879,-60.30275,17.150879,brisk_walking
4037349,1.119629,-2.018311,-0.305298,0.12207,-94.604523,18.676758,brisk_walking
4037365,0.66626,-1.396362,-0.11731,-50.903336,-77.697754,0.061035,brisk_walking
4037382,0.528076,-0.980347,-0.16687,-55.603043,-28.259285,-46.508804,brisk_walking
4037399,0.625488,-0.918823,-0.220459,-41.748047,-13.488773,-71.411133,brisk_walking
4037415,0.872925,-1.004639,-0.30127,-9.277344,-30.700691,-97.167999,brisk_walking
4037432,0.818481,-1.197876,-0.266724,13.000492,-81.481934,-96.496613,brisk_walking
4037449,0.696777,-1.306152,-0.175537,14.28223,-96.313507,-91.308624,brisk_walking
4037465,0.495239,-1.354736,0.00293,-10.192871,-97.839386,-82.641602,brisk_walking
4037482,0.345947,-1.080811,0.055908,-38.757324,-77.087402,-88.07373,brisk_walking
4037499,0.248413,-0.777588,0.004883,-44.189453,-49.987808,-106.201202,brisk_walking
4037515,0.229492,-0.693604,-0.0271,-40.588379,-40.100098,-111.816437,brisk_walking
4037532,0.201782,-0.623657,-0.063843,-32.409668,-37.04834,-112.365753,brisk_walking
4037549,0.079712,-0.638184,-0.047119,-32.958984,-34.729004,-96.618683,brisk_walking
4037565,0.053345,-0.628784,-0.039063,-36.865234,-34.301758,-86.303711,brisk_walking
4037582,0.050781,-0.579956,-0.031738,-40.588379,-36.987305,-70.556641,brisk_walking
4037599,0.027588,-0.536255,-0.039429,-40.405273,-38.757324,-60.54689,brisk_walking
4037615,0.060547,-0.523926,-0.056885,-35.705566,-38.635254,-52.368179,brisk_walking
4037632,0.095215,-0.536987,-0.054199,-33.081055,-40.95459,-47.180191,brisk_walking
4037649,0.108154,-0.612061,-0.042725,-29.479988,-46.447769,-32.897949,brisk_walking
4037665,0.087158,-0.696899,-0.034668,-28.930672,-46.142593,-21.850586,brisk_walking
4037682,0.0802,-0.738281,-0.028931,-28.19825,-43.395996,-17.578125,brisk_walking
4037699,0.097656,-0.872681,-0.021851,-25.268562,-32.714844,-10.375977,brisk_walking
4037715,0.096436,-1.043823,-0.001587,-22.460945,-17.028809,-6.347658,brisk_walking
4037732,0.081177,-1.100098,0.012573,-23.681648,-8.361816,-6.469728,brisk_walking
4037749,0.076904,-1.11853,0.011963,-24.597176,8.361816,-7.812502,brisk_walking
4037765,0.072021,-1.105103,-0.011597,-20.629883,21.972656,-6.347658,brisk_walking
4037782,0.078247,-1.137329,0.000854,-2.746582,31.188972,-1.342773,brisk_walking
4037799,0.056519,-1.240967,0.016602,7.568361,35.27832,4.333496,brisk_walking
4037815,0.000366,-1.450317,0.046753,18.615723,47.180191,21.362305,brisk_walking
4037832,0.072388,-1.536255,0.045044,25.207527,58.715836,44.67775,brisk_walking
4037849,0.144409,-1.549561,0.007813,29.724129,60.485855,59.326187,brisk_walking
4037865,0.291992,-1.417847,-0.148682,32.592773,51.818863,86.242676,brisk_walking
4037882,0.454346,-1.108765,-0.398804,42.785645,27.404793,97.29007,brisk_walking
4037899,0.565918,-0.961792,-0.494507,59.631363,-8.544922,95.64212,brisk_walking
4037915,0.551514,-0.949463,-0.453491,63.476578,-22.094727,92.285187,brisk_walking
4037932,0.412354,-0.999146,-0.333008,62.255875,-27.343758,82.702637,brisk_walking
4037949,0.304077,-1.074707,-0.305176,51.025406,-6.713869,72.692871,brisk_walking
4037966,0.299683,-1.082886,-0.330444,45.715347,5.737307,68.42041,brisk_walking
4037982,0.344116,-1.055176,-0.373535,36.804199,21.728516,64.880371,brisk_walking
4037999,0.359985,-0.939087,-0.364868,27.282722,29.357918,63.049332,brisk_walking
4038016,0.302368,-0.834351,-0.304077,16.662598,47.119156,60.363785,brisk_walking
4038032,0.287842,-0.79126,-0.278198,10.192871,59.631363,56.152359,brisk_walking
4038049,0.307251,-0.723145,-0.244995,-2.502441,88.867218,49.194351,brisk_walking
4038066,0.372803,-0.630127,-0.249268,-10.803223,111.999542,40.161133,brisk_walking
4038082,0.427734,-0.582031,-0.258179,-10.375977,115.0513,34.912109,brisk_walking
4038099,0.501709,-0.561768,-0.278931,-6.225588,106.079132,28.44239,brisk_walking
4038116,0.521484,-0.58252,-0.283203,-7.324221,90.393097,27.465828,brisk_walking
4038132,0.547363,-0.577271,-0.348022,-8.239746,76.538086,30.578621,brisk_walking
4038149,0.561035,-0.570068,-0.381592,-7.629396,71.105957,31.98243,brisk_walking
4038166,0.595459,-0.547729,-0.419556,-3.601075,63.842789,32.348633,brisk_walking
4038182,0.659058,-0.560059,-0.445313,0.549316,58.593765,29.663094,brisk_walking
4038199,0.699829,-0.567627,-0.460327,1.64795,54.321304,28.259285,brisk_walking
4038216,0.785278,-0.606934,-0.487183,3.845216,41.07666,25.817879,brisk_walking
4038232,0.856201,-0.678711,-0.528687,4.394531,24.719246,24.658211,brisk_walking
4038249,0.892944,-0.734253,-0.559937,5.004883,5.798342,22.216805,brisk_walking
4038266,0.881714,-0.766724,-0.556152,4.272461,-1.953125,20.141602,brisk_walking
4038282,0.84668,-0.799805,-0.53772,0.12207,-10.620117,11.779789,brisk_walking
4038299,0.795044,-0.853516,-0.491943,-6.95801,-4.821777,3.723145,brisk_walking
4038316,0.768799,-0.863403,-0.463379,-10.437012,3.295899,-2.502441,brisk_walking
4038332,0.823975,-0.953125,-0.431519,-4.943848,19.775391,-12.939457,brisk_walking
4038349,0.995117,-1.20813,-0.418701,1.708985,8.972168,-10.314941,brisk_walking
4038366,1.063232,-1.334839,-0.431152,3.967286,-4.089355,-4.211426,brisk_walking
4038382,1.155762,-1.574707,-0.47644,14.526371,-39.001465,2.563477,brisk_walking
4038399,1.0896,-1.710449,-0.331787,12.451176,-81.726074,-7.812502,brisk_walking
4038416,0.771362,-1.532349,-0.118896,-20.202637,-83.740234,-17.578125,brisk_walking
4038432,0.64502,-1.358154,-0.099609,-30.517586,-70.617676,-30.395515,brisk_walking
4038449,0.643799,-1.125732,-0.178955,-24.292,-41.015625,-63.781754,brisk_walking
4038466,0.821045,-1.162598,-0.222168,-4.821777,-46.142593,-77.148438,brisk_walking
4038482,0.832642,-1.207642,-0.219604,0.854492,-62.683121,-78.735352,brisk_walking
4038499,0.700684,-1.243286,-0.154663,5.554201,-90.087921,-77.575684,brisk_walking
4038516,0.560303,-1.221436,-0.05188,-4.455566,-92.956573,-76.171875,brisk_walking
4038532,0.450317,-1.047485,0.003174,-23.010262,-85.388184,-81.726074,brisk_walking
4038549,0.395508,-0.927856,0.004761,-30.456551,-80.627441,-88.07373,brisk_walking
4038566,0.269165,-0.702637,-0.025635,-36.682129,-67.810059,-100.463898,brisk_walking
4038583,0.156738,-0.569214,-0.053711,-33.752441,-50.476089,-108.032257,brisk_walking
4038599,0.111328,-0.543091,-0.062744,-32.043457,-40.83252,-108.520538,brisk_walking
4038616,0.082886,-0.52063,-0.077759,-27.954109,-25.329597,-106.628448,brisk_walking
4038633,0.078003,-0.531494,-0.091919,-23.437508,-19.470215,-98.999054,brisk_walking
4038649,0.063354,-0.570801,-0.099976,-22.705086,-25.146492,-86.303711,brisk_walking
4038666,0.072632,-0.581055,-0.095581,-23.376472,-29.357918,-79.040527,brisk_walking
4038683,0.089355,-0.615112,-0.079224,-23.254402,-36.987305,-62.377945,brisk_walking
4038699,0.060669,-0.672852,-0.069458,-22.39991,-37.597656,-48.400894,brisk_walking
4038716,0.044434,-0.699463,-0.058838,-21.850586,-34.667969,-43.701172,brisk_walking
4038733,0.07373,-0.783569,-0.051392,-17.089844,-23.254402,-33.691406,brisk_walking
4038749,0.117676,-0.942505,-0.037964,-16.845703,-16.540527,-18.920898,brisk_walking
4038766,0.146851,-1.012817,-0.035522,-20.202637,-12.26807,-5.310059,brisk_walking
4038783,0.140747,-1.021118,-0.037964,-18.188477,-9.338379,-1.64795,brisk_walking
4038799,0.088379,-1.068848,-0.052734,-9.033203,4.089355,1.89209,brisk_walking
4038816,0.112793,-1.082031,-0.09082,-4.455566,20.568848,5.676271,brisk_walking
4038833,0.155273,-1.059814,-0.113647,0.671387,26.000984,10.375977,brisk_walking
4038849,0.170776,-1.132324,-0.092529,17.51709,31.127937,23.620613,brisk_walking
4038866,0.161621,-1.28418,-0.067749,25.756844,32.653809,38.757324,brisk_walking
4038883,0.211304,-1.375854,-0.060547,28.32032,34.851074,57.067886,brisk_walking
4038899,0.247314,-1.384521,-0.077637,30.517586,34.362793,66.711426,brisk_walking
4038916,0.341431,-1.321777,-0.163208,35.339355,28.44239,83.80127,brisk_walking
4038933,0.457031,-1.119629,-0.310059,40.222168,9.521484,90.881378,brisk_walking
4038949,0.5,-1.030151,-0.374756,45.593277,-3.173829,90.148956,brisk_walking
4038966,0.506104,-1.006226,-0.378662,52.795425,-27.038582,89.72171,brisk_walking
4038983,0.321777,-1.016846,-0.305054,49.194351,-20.446777,78.308105,brisk_walking
4038999,0.269409,-1.020996,-0.288696,48.095718,-8.850098,69.580078,brisk_walking
4039016,0.281982,-1.065674,-0.324341,46.752945,17.63916,60.852066,brisk_walking
4039033,0.33667,-1.064087,-0.374878,44.79982,29.541023,62.072769,brisk_walking
4039049,0.37085,-1.020142,-0.346924,41.19873,29.846199,65.002441,brisk_walking
4039066,0.360229,-0.997925,-0.321289,36.865234,30.761726,66.101074,brisk_walking
4039083,0.330444,-0.91272,-0.28064,23.132332,45.837418,63.659683,brisk_walking
4039099,0.393311,-0.790649,-0.277954,12.207035,64.39209,55.542007,brisk_walking
4039116,0.440308,-0.754883,-0.283569,9.643555,70.43457,53.405777,brisk_walking
4039133,0.492432,-0.711914,-0.293701,3.601075,75.195313,54.382339,brisk_walking
4039150,0.486572,-0.613525,-0.312866,6.408693,69.641113,46.447769,brisk_walking
4039166,0.487915,-0.594971,-0.308472,11.291508,61.218277,39.611816,brisk_walking
4039183,0.500366,-0.59436,-0.311279,11.474613,58.53273,38.146973,brisk_walking
4039200,0.545898,-0.581909,-0.331665,11.413578,52.429214,39.611816,brisk_walking
4039216,0.597534,-0.577637,-0.377075,13.244633,42.907715,39.550781,brisk_walking
4039233,0.623291,-0.585938,-0.409668,15.502934,37.719727,37.963867,brisk_walking
4039250,0.669189,-0.617065,-0.461426,18.066406,26.916512,32.531738,brisk_walking
4039266,0.699951,-0.625732,-0.46814,16.845703,15.747074,26.977547,brisk_walking
4039283,0.709473,-0.679443,-0.490723,13.732914,10.375977,28.137215,brisk_walking
4039300,0.722778,-0.698608,-0.511841,13.732914,6.042482,24.963387,brisk_walking
4039316,0.762451,-0.742798,-0.551025,12.451176,1.64795,24.16993,brisk_walking
4039333,0.780762,-0.796997,-0.562744,9.094238,-2.624512,17.578125,brisk_walking
4039350,0.781006,-0.804932,-0.561646,6.652834,-4.516602,11.230473,brisk_walking
4039366,0.787964,-0.906982,-0.508789,4.455566,-0.488281,1.220703,brisk_walking
4039383,0.797607,-1.091431,-0.46936,-6.652834,13.854984,-0.183106,brisk_walking
4039400,0.896118,-1.194702,-0.510986,0.12207,14.831547,-12.329105,brisk_walking
4039416,0.979126,-1.301392,-0.511841,6.469728,6.347658,-15.014652,brisk_walking
4039433,1.088379,-1.591919,-0.477539,11.840824,-21.850586,-13.183598,brisk_walking
4039450,0.972412,-1.697144,-0.341431,-6.896975,-49.804703,-19.592285,brisk_walking
4039466,0.844482,-1.578491,-0.257568,-23.315437,-51.757828,-26.42823,brisk_walking
4039483,0.608276,-1.223755,-0.181396,-42.236328,-30.273445,-50.109879,brisk_walking
4039500,0.609619,-1.068848,-0.194336,-31.433113,-11.840824,-86.120605,brisk_walking
4039516,0.780396,-1.082397,-0.224243,-16.113281,-27.587898,-96.191437,brisk_walking
4039533,0.773315,-1.138306,-0.240601,-8.605957,-46.81398,-92.956573,brisk_walking
4039550,0.706909,-1.252441,-0.207275,1.464844,-85.388184,-78.857422,brisk_walking
4039566,0.56665,-1.326538,-0.09314,-8.056641,-105.163605,-66.711426,brisk_walking
4039583,0.479614,-1.293701,-0.040771,-18.615723,-106.079132,-65.002441,brisk_walking
4039600,0.29541,-1.093018,0.016479,-44.67775,-93.994171,-70.739746,brisk_walking
4039616,0.168457,-0.837524,-0.009766,-58.6548,-63.659683,-80.749512,brisk_walking
4039633,0.13562,-0.745361,-0.029541,-60.42482,-47.485367,-84.838867,brisk_walking
4039650,0.121338,-0.636841,-0.069458,-57.678238,-23.071297,-89.294464,brisk_walking
4039666,0.10376,-0.608887,-0.079956,-49.987808,-11.413578,-88.623077,brisk_walking
4039683,0.061279,-0.598877,-0.066406,-45.410172,-5.920412,-84.289551,brisk_walking
4039700,0.049683,-0.588379,-0.056763,-43.640137,-5.004883,-80.932617,brisk_walking
4039716,0.062134,-0.57019,-0.049438,-41.381836,-9.58252,-72.265625,brisk_walking
4039733,0.091553,-0.594482,-0.06543,-35.766602,-17.39502,-59.997574,brisk_walking
4039750,0.090576,-0.626709,-0.070313,-32.653809,-21.30127,-52.795425,brisk_walking
4039767,0.077026,-0.678589,-0.049683,-30.21241,-27.832039,-38.635254,brisk_walking
4039783,0.048584,-0.704956,-0.025635,-25.878914,-23.742683,-25.756844,brisk_walking
4039800,0.081909,-0.852173,-0.016479,-17.028809,-14.953617,-15.136723,brisk_walking
4039817,0.108398,-0.960327,-0.014282,-14.953617,-11.901859,-9.338379,brisk_walking
4039850,0.093384,-1.048584,-0.014526,-17.272949,3.173829,6.408693,brisk_walking
4039867,0.085449,-1.021362,-0.012207,-12.207035,11.413578,8.300781,brisk_walking
4039883,0.111572,-1.024414,-0.043457,1.098633,23.071297,12.756351,brisk_walking
4039900,0.152954,-1.107544,-0.048096,13.488773,22.27784,23.315437,brisk_walking
4039917,0.131714,-1.277954,-0.020996,25.573738,26.733406,39.18457,brisk_walking
4039933,0.112671,-1.364868,-0.008423,26.916512,31.98243,47.241226,brisk_walking
4039950,0.147339,-1.41626,0.006104,27.038582,46.325699,62.744156,brisk_walking
4039967,0.239746,-1.401123,-0.037964,31.555183,57.678238,79.040527,brisk_walking
4039983,0.302979,-1.334351,-0.09436,31.860359,57.983414,86.181641,brisk_walking
4040000,0.468262,-1.112671,-0.247803,38.024902,44.555679,93.261749,brisk_walking
4040017,0.579224,-0.970703,-0.322021,49.194351,14.465336,95.39798,brisk_walking
4040033,0.523438,-0.920898,-0.305298,58.044449,-9.399414,89.660675,brisk_walking
4040050,0.461304,-0.953369,-0.292969,62.622086,-13.122562,84.411621,brisk_walking
4040067,0.389038,-1.063232,-0.312012,64.39209,-5.981447,75.195313,brisk_walking
4040083,0.4198,-1.102173,-0.358154,61.828629,4.089355,72.570801,brisk_walking
4040100,0.447144,-1.089478,-0.369263,60.058609,5.371094,72.387695,brisk_walking
4040117,0.459229,-1.026611,-0.360596,53.955093,5.737307,70.922852,brisk_walking
4040133,0.414551,-0.95459,-0.338867,42.663574,16.357422,65.856934,brisk_walking
4040150,0.404907,-0.907227,-0.333252,25.756844,37.353516,58.166519,brisk_walking
4040167,0.438232,-0.80249,-0.343628,17.51709,47.302261,56.030289,brisk_walking
4040183,0.448853,-0.670776,-0.353027,5.615236,60.668961,48.095718,brisk_walking
4040200,0.442383,-0.57312,-0.360229,5.554201,67.016602,37.109375,brisk_walking
4040217,0.443115,-0.564697,-0.358276,5.554201,70.007324,33.447266,brisk_walking
4040233,0.488159,-0.561157,-0.373047,3.66211,71.350098,30.761726,brisk_walking
4040250,0.551636,-0.533691,-0.399414,3.112794,63.781754,31.799324,brisk_walking
4040267,0.606079,-0.505737,-0.408936,5.065918,53.283707,31.311043,brisk_walking
4040283,0.657104,-0.540894,-0.407104,10.620117,22.644051,34.667969,brisk_walking
4040300,0.557983,-0.541748,-0.41748,8.300781,12.207035,32.592773,brisk_walking
4040317,0.61853,-0.590088,-0.432495,15.686039,4.02832,19.40918,brisk_walking
4040334,0.656006,-0.686279,-0.434204,13.916019,3.845216,19.40918,brisk_walking
4040350,0.69458,-0.770996,-0.493896,7.568361,6.408693,15.441898,brisk_walking
4040367,0.762695,-0.857178,-0.543457,9.765625,4.577637,11.169437,brisk_walking
4040384,0.793945,-0.926147,-0.534058,9.58252,-0.427246,6.713869,brisk_walking
4040400,0.76062,-1.0448,-0.497925,2.01416,1.281738,-0.671387,brisk_walking
4040417,0.714478,-1.054932,-0.424194,-12.390141,12.573246,-11.108402,brisk_walking
4040434,0.699097,-1.013184,-0.39209,-20.263672,32.958984,-20.874023,brisk_walking
4040450,0.759766,-1.037231,-0.400757,-17.700195,39.978027,-23.864754,brisk_walking
4040467,0.978027,-1.158447,-0.493774,-2.13623,22.338875,-29.174812,brisk_walking
4040484,1.145508,-1.442993,-0.556274,21.240234,-27.099617,-22.033691,brisk_walking
4040500,1.139404,-1.640137,-0.513794,25.085457,-53.649918,-19.348145,brisk_walking
4040517,0.972412,-1.764282,-0.277588,0.915528,-87.097168,-23.254402,brisk_walking
4040550,0.476074,-1.045044,-0.137207,-54.74855,-27.709969,-66.833496,brisk_walking
4040567,0.550171,-0.979004,-0.167358,-47.790543,-15.075687,-80.993652,brisk_walking
4040584,0.741211,-1.023926,-0.233643,-26.062019,-24.53614,-93.078644,brisk_walking
4040600,0.748901,-1.205933,-0.224976,-5.798342,-57.373062,-90.942413,brisk_walking
4040617,0.703003,-1.302979,-0.158447,-4.821777,-71.044922,-86.669922,brisk_walking
4040634,0.548584,-1.321533,-0.02063,-23.559578,-81.542969,-79.833984,brisk_walking
4040650,0.370972,-1.116699,0.033691,-51.269547,-70.678711,-81.542969,brisk_walking
4040667,0.258789,-0.842773,-0.011841,-61.340347,-47.302261,-96.923859,brisk_walking
4040684,0.237549,-0.762207,-0.029297,-59.997574,-36.193848,-102.539093,brisk_walking
4040700,0.168091,-0.68335,-0.050415,-52.978531,-23.742683,-109.25296,brisk_walking
4040717,0.094849,-0.651733,-0.068726,-43.945313,-8.728027,-106.872589,brisk_walking
4040734,0.085693,-0.655884,-0.064087,-39.489746,-4.638672,-103.271515,brisk_walking
4040750,0.068726,-0.662231,-0.046753,-36.92627,-5.981447,-91.247589,brisk_walking
4040767,0.046021,-0.602905,-0.05188,-35.827637,-13.793949,-77.514648,brisk_walking
4040784,0.036499,-0.575195,-0.063354,-27.282722,-24.292,-65.551758,brisk_walking
4040800,0.011963,-0.587524,-0.066162,-23.376472,-28.503426,-58.715836,brisk_walking
4040817,0.016357,-0.637085,-0.059082,-17.089844,-33.081055,-44.006348,brisk_walking
4040834,0.04834,-0.752075,-0.045288,-10.864258,-37.17041,-28.19825,brisk_walking
4040850,0.069946,-0.833618,-0.042725,-8.911133,-39.245605,-19.53125,brisk_walking
4040867,0.078735,-0.973999,-0.032715,-8.728027,-39.0625,-3.845216,brisk_walking
4040884,0.043213,-0.985718,-0.03186,-7.385256,-30.21241,4.638672,brisk_walking
4040900,0.04248,-0.985229,-0.041626,-2.868653,-23.132332,6.713869,brisk_walking
4040917,0.065063,-1.050049,-0.084595,9.765625,-9.460449,11.535648,brisk_walking
4040934,0.117432,-1.125732,-0.088379,20.202637,-6.225588,20.751953,brisk_walking
4040951,0.072266,-1.306396,-0.032715,36.193848,2.197266,36.193848,brisk_walking
4040967,0.021851,-1.425415,0.0,38.879395,9.338379,43.945313,brisk_walking
4040984,0.02417,-1.536621,0.021118,32.470703,31.005867,58.6548,brisk_walking
4041001,0.137451,-1.443726,-0.032593,32.287598,51.940933,74.890137,brisk_walking
4041017,0.212769,-1.347168,-0.089355,31.98243,55.175797,81.665039,brisk_walking
4041034,0.388916,-1.088745,-0.237305,38.94043,42.785645,88.439941,brisk_walking
4041051,0.484863,-0.951416,-0.287354,57.556168,10.437012,88.012695,brisk_walking
4041067,0.391602,-1.037231,-0.201782,68.603516,-13.854984,84.899902,brisk_walking
4041084,0.304443,-1.102783,-0.147339,66.28418,-14.526371,82.458496,brisk_walking
4041101,0.227783,-1.156372,-0.113159,56.457535,3.295899,75.683594,brisk_walking
4041117,0.260864,-1.175049,-0.148071,48.767105,29.907234,76.721191,brisk_walking
4041134,0.313599,-1.160767,-0.169067,45.104996,38.94043,79.406738,brisk_walking
4041151,0.397583,-1.06665,-0.210205,39.978027,46.81398,82.03125,brisk_walking
4041167,0.428345,-0.964478,-0.226807,35.827637,51.208511,80.383301,brisk_walking
4041184,0.432129,-0.895752,-0.238159,25.756844,62.622086,75.134277,brisk_walking
4041201,0.420776,-0.868286,-0.236694,18.920898,73.730469,73.059082,brisk_walking
4041217,0.44165,-0.771362,-0.246338,7.568361,98.693878,63.049332,brisk_walking
4041234,0.512329,-0.679932,-0.27063,6.713869,110.473663,51.452652,brisk_walking
4041251,0.529053,-0.660767,-0.285156,7.141115,112.182648,48.034683,brisk_walking
4041267,0.535645,-0.627319,-0.336792,5.859377,112.548859,46.020523,brisk_walking
4041284,0.568848,-0.575317,-0.393188,4.638672,108.764679,46.997086,brisk_walking
4041301,0.652222,-0.528442,-0.437134,6.591799,91.796906,47.241226,brisk_walking
4041317,0.715454,-0.49707,-0.472168,8.728027,74.584961,46.447769,brisk_walking
4041334,0.762085,-0.563721,-0.4729,13.610844,37.04834,50.109879,brisk_walking
4041351,0.661133,-0.57605,-0.502441,8.666992,22.827156,48.889175,brisk_walking
4041367,0.681274,-0.581421,-0.498901,14.892582,15.563969,39.123535,brisk_walking
4041384,0.758911,-0.795898,-0.50647,15.014652,17.089844,36.560059,brisk_walking
4041401,0.877686,-0.900513,-0.549927,6.835939,11.352543,28.44239,brisk_walking
4041417,0.925415,-0.927979,-0.553833,1.464844,-8.483887,19.165039,brisk_walking
4041434,0.875366,-0.973145,-0.500732,-0.793457,-15.258793,11.535648,brisk_walking
4041451,0.70752,-1.066772,-0.391113,-13.732914,1.159668,1.77002,brisk_walking
4041467,0.699341,-1.113403,-0.371948,-18.615723,43.823242,-14.892582,brisk_walking
4041484,0.842529,-1.175903,-0.391113,-14.587406,51.818863,-22.827156,brisk_walking
4041501,1.166748,-1.420898,-0.447754,-5.981447,27.038582,-18.249512,brisk_walking
4041517,1.266479,-1.656006,-0.480957,7.141115,-21.66748,-14.343266,brisk_walking
4041534,1.204956,-1.745239,-0.423218,12.817387,-50.109879,-23.681648,brisk_walking
4041551,0.874268,-1.774048,-0.146606,-11.840824,-72.20459,-39.123535,brisk_walking
4041568,0.619507,-1.309448,-0.037354,-43.334961,-51.452652,-61.889664,brisk_walking
4041584,0.623779,-1.018188,-0.084717,-29.418953,-32.348633,-93.139679,brisk_walking
4041618,0.7948,-1.193115,-0.136719,8.178711,-78.186035,-102.783234,brisk_walking
4041651,0.57251,-1.310669,-0.005615,9.094238,-121.154816,-87.036133,brisk_walking
4041668,0.396606,-1.207397,0.084106,-10.803223,-119.995148,-79.772949,brisk_walking
4041684,0.255249,-0.964478,0.100342,-33.508301,-104.736359,-86.303711,brisk_walking
4041701,0.182983,-0.760498,0.047852,-40.893555,-88.439941,-93.444855,brisk_walking
4041718,0.144043,-0.714111,0.015259,-40.100098,-82.702637,-96.008331,brisk_walking
4041734,0.051392,-0.670776,-0.018188,-39.306641,-67.626953,-98.083527,brisk_walking
4041751,-0.01001,-0.632446,-0.042114,-39.001465,-46.93605,-95.336945,brisk_walking
4041768,-0.011353,-0.614746,-0.036743,-39.672852,-39.489746,-91.247589,brisk_walking
4041784,-0.017334,-0.581787,-0.008667,-40.039063,-30.944832,-82.580566,brisk_walking
4041801,-0.02356,-0.550659,-0.014526,-37.04834,-26.18409,-74.279785,brisk_walking
4041818,0.023804,-0.591309,-0.024658,-29.113777,-26.18409,-63.110367,brisk_walking
4041834,0.043823,-0.630127,-0.014038,-27.343758,-29.968269,-55.419937,brisk_walking
4041851,0.063843,-0.694702,0.025391,-21.728516,-37.963867,-39.123535,brisk_walking
4041868,0.092041,-0.838257,0.042847,-10.070801,-45.043961,-24.963387,brisk_walking
4041884,0.11145,-0.937622,0.044556,-6.469728,-49.621597,-17.150879,brisk_walking
4041901,0.134521,-1.084961,0.05249,-7.385256,-56.091324,-0.061035,brisk_walking
4041918,0.109375,-1.090088,0.032593,-4.577637,-56.762711,10.864258,brisk_walking
4041934,0.064087,-1.11853,0.002197,7.20215,-49.987808,15.625004,brisk_walking
4041968,-0.050415,-1.221313,0.020874,18.615723,-24.108894,21.484375,brisk_walking
4041984,-0.125244,-1.395142,0.094604,27.648933,11.535648,25.756844,brisk_walking
4042001,-0.122803,-1.486816,0.130371,28.930672,31.555183,30.029305,brisk_walking
4042018,-0.012207,-1.526733,0.105835,24.353035,63.110367,43.518066,brisk_walking
4042034,0.138428,-1.361816,-0.022095,26.489265,70.373535,59.570328,brisk_walking
4042051,0.215698,-1.240479,-0.122681,45.349136,54.687515,67.810059,brisk_walking
4042068,0.432739,-1.039185,-0.301392,48.217789,36.560059,67.932129,brisk_walking
4042084,0.475586,-1.017578,-0.288696,64.63623,-7.690432,70.800781,brisk_walking
4042101,0.263672,-1.076782,-0.178711,65.795898,-26.611336,65.002441,brisk_walking
4042118,0.165771,-1.107056,-0.142822,61.279312,-20.141602,60.42482,brisk_walking
4042135,0.099365,-1.114502,-0.155396,51.940933,12.02393,52.795425,brisk_walking
4042151,0.222046,-1.098877,-0.224365,46.386734,36.92627,56.274429,brisk_walking
4042168,0.288696,-1.082275,-0.263306,43.212891,39.916992,62.255875,brisk_walking
4042185,0.344604,-0.957764,-0.304443,39.367676,35.400391,68.29834,brisk_walking
4042201,0.322144,-0.864868,-0.290161,37.17041,37.04834,67.504883,brisk_walking
4042218,0.307373,-0.827393,-0.26709,23.620613,51.574722,63.842789,brisk_walking
4042235,0.310059,-0.790527,-0.282959,14.953617,64.819336,60.668961,brisk_walking
4042251,0.352539,-0.663818,-0.354736,6.042482,89.59964,46.630875,brisk_walking
4042268,0.442749,-0.601196,-0.376587,6.713869,101.19632,30.09034,brisk_walking
4042285,0.457886,-0.615845,-0.369629,5.920412,104.919464,23.193367,brisk_walking
4042301,0.474609,-0.645996,-0.360596,-1.586915,116.699249,11.718754,brisk_walking
4042318,0.573486,-0.60437,-0.400146,-9.82666,126.709015,4.943848,brisk_walking
4042335,0.707153,-0.554199,-0.436401,-9.765625,121.948273,2.380371,brisk_walking
4042351,0.770874,-0.53479,-0.457764,-7.019045,110.839874,-1.342773,brisk_walking
4042368,0.834106,-0.604126,-0.447876,-4.272461,81.420898,5.065918,brisk_walking
4042385,0.817383,-0.61377,-0.455078,-2.746582,65.429688,4.02832,brisk_walking
4042401,0.868286,-0.642578,-0.457031,2.502441,57.617203,2.990724,brisk_walking
4042418,0.947754,-0.753662,-0.456299,3.173829,38.330078,4.943848,brisk_walking
4042435,0.991577,-0.786499,-0.42749,1.403809,16.479492,6.347658,brisk_walking
4042451,0.919922,-0.779663,-0.425659,-0.671387,11.962894,0.610352,brisk_walking
4042468,0.933594,-0.778931,-0.407837,0.793457,6.286623,-8.544922,brisk_walking
4042485,0.906372,-0.899292,-0.324219,-0.671387,11.474613,-8.666992,brisk_walking
4042501,0.89502,-0.948853,-0.2854,-6.591799,23.193367,-12.939457,brisk_walking
4042518,0.961792,-0.96167,-0.30127,0.854492,18.676758,-18.310547,brisk_walking
4042535,1.099121,-1.153442,-0.322144,13.549809,-4.943848,-14.099125,brisk_walking
4042551,1.192627,-1.327026,-0.328125,21.118164,-43.334961,-5.249023,brisk_walking
4042568,1.116943,-1.511475,-0.195923,20.935059,-87.036133,-10.192871,brisk_walking
4042585,1.013672,-1.538452,-0.093628,8.178711,-96.923859,-13.244633,brisk_walking
4042601,0.734985,-1.317017,0.006592,-14.404301,-90.942413,-30.33448,brisk_walking
4042618,0.641602,-1.182373,-0.01416,-12.512211,-66.955566,-56.823746,brisk_walking
4042635,0.687988,-1.192993,-0.035645,-9.277344,-59.082047,-64.51416,brisk_walking
4042651,0.798584,-1.202881,-0.073242,-2.929688,-66.345215,-71.533203,brisk_walking
4042668,0.775024,-1.230347,-0.066406,2.624512,-83.312988,-70.251465,brisk_walking
4042685,0.723022,-1.250488,-0.032227,0.12207,-88.928253,-69.396973,brisk_walking
4042702,0.562744,-1.198364,0.031372,-17.883301,-89.660675,-71.960449,brisk_walking
4042719,0.353271,-0.983521,0.041748,-36.010742,-76.660156,-87.097168,brisk_walking
4042735,0.23938,-0.794678,0.001709,-44.738785,-57.617203,-98.266632,brisk_walking
4042752,0.210815,-0.723267,-0.033081,-45.166031,-50.354019,-100.769073,brisk_walking
4042768,0.15271,-0.639526,-0.095703,-39.18457,-44.494644,-102.294952,brisk_walking
4042785,0.073608,-0.60144,-0.113525,-32.653809,-42.236328,-97.53421,brisk_walking
4042802,0.041748,-0.587646,-0.113159,-30.944832,-41.687012,-92.285187,brisk_walking
4042818,0.00354,-0.574341,-0.103516,-28.869637,-43.823242,-78.552246,brisk_walking
4042835,-0.006958,-0.573853,-0.082642,-25.329597,-46.569839,-65.368652,brisk_walking
4042852,0.019531,-0.635986,-0.072754,-18.981934,-46.386734,-51.696793,brisk_walking
4042868,0.028564,-0.681519,-0.061279,-18.432617,-46.81398,-45.104996,brisk_walking
4042885,0.006836,-0.716064,-0.033203,-19.714355,-45.043961,-31.98243,brisk_walking
4042902,0.042847,-0.761597,-0.009399,-15.258793,-36.621094,-19.470215,brisk_walking
4042918,0.077881,-0.833618,0.002075,-11.230473,-34.301758,-11.779789,brisk_walking
4042935,0.150024,-0.983398,0.001831,-4.577637,-34.973145,0.793457,brisk_walking
4042952,0.157349,-1.087158,-0.008301,2.075195,-36.682129,8.972168,brisk_walking
4042968,0.095703,-1.115479,0.010498,2.685547,-30.578621,16.052246,brisk_walking
4042985,0.075928,-1.108032,0.009277,3.173829,-22.27784,18.859863,brisk_walking
4043002,0.086426,-1.1698,0.008057,15.075687,-2.319336,26.794441,brisk_walking
4043018,0.077271,-1.451294,0.075684,29.235847,22.094727,36.010742,brisk_walking
4043035,0.065918,-1.581909,0.110474,26.977547,34.667969,42.175293,brisk_walking
4043052,0.120972,-1.590332,0.084961,13.610844,59.570328,56.884781,brisk_walking
4043068,0.25415,-1.336914,-0.055786,13.427738,70.43457,72.265625,brisk_walking
4043085,0.427246,-1.098999,-0.223511,24.780281,56.823746,78.735352,brisk_walking
4043102,0.513428,-1.017578,-0.281738,34.545898,40.405273,77.941895,brisk_walking
4043118,0.532349,-1.015869,-0.292969,51.879898,5.249023,76.477051,brisk_walking
4043135,0.340332,-1.12085,-0.208008,54.62648,-4.394531,68.908691,brisk_walking
4043152,0.258423,-1.160278,-0.181396,50.476089,4.02832,65.551758,brisk_walking
4043168,0.248779,-1.153564,-0.189819,44.006348,30.21241,61.218277,brisk_walking
4043185,0.35376,-1.099731,-0.252808,40.466309,37.414551,69.946289,brisk_walking
4043202,0.403809,-0.973145,-0.307373,37.719727,25.939949,82.763672,brisk_walking
4043218,0.371216,-0.895142,-0.311279,37.109375,22.094727,85.144043,brisk_walking
4043235,0.310425,-0.771606,-0.279785,32.653809,27.343758,80.01709,brisk_walking
4043252,0.335083,-0.735718,-0.252808,20.874023,49.255386,75.622559,brisk_walking
4043268,0.351196,-0.726685,-0.262085,11.962894,65.673828,74.34082,brisk_walking
4043285,0.394653,-0.642212,-0.295654,1.525879,93.38382,59.509293,brisk_walking
4043302,0.503906,-0.601929,-0.295288,2.990724,104.614288,41.687012,brisk_walking
4043319,0.532959,-0.620361,-0.287598,1.77002,105.10257,36.254883,brisk_walking
4043335,0.578979,-0.607178,-0.302124,-5.676271,100.463898,29.724129,brisk_walking
4043352,0.655151,-0.541626,-0.354614,-7.629396,88.378906,26.672371,brisk_walking
4043369,0.706665,-0.522827,-0.398071,-3.051759,72.692871,22.827156,brisk_walking
4043385,0.734863,-0.525391,-0.400513,-0.793457,63.720718,20.996094,brisk_walking
4043402,0.817627,-0.601685,-0.429565,6.225588,44.067383,19.226074,brisk_walking
4043419,0.842285,-0.673096,-0.46875,3.41797,29.663094,20.202637,brisk_walking
4043435,0.885986,-0.667847,-0.491577,6.652834,19.897461,17.700195,brisk_walking
4043452,0.923584,-0.739136,-0.511108,11.230473,-3.41797,15.441898,brisk_walking
4043469,0.877319,-0.827148,-0.519531,1.953125,-8.666992,15.014652,brisk_walking
4043485,0.850098,-0.797363,-0.525513,-2.624512,-4.760742,-1.77002,brisk_walking
4043502,0.851074,-0.813843,-0.516846,-1.342773,-3.356935,-11.169437,brisk_walking
4043519,0.789795,-0.964111,-0.432617,-18.615723,20.141602,-7.446291,brisk_walking
4043535,0.865479,-0.935791,-0.435181,-17.333984,36.010742,-19.104004,brisk_walking
4043552,0.957153,-1.014282,-0.444458,-7.873537,32.714844,-22.888191,brisk_walking
4043569,1.202759,-1.284912,-0.475464,8.178711,-3.234864,-20.324707,brisk_walking
4043585,1.294434,-1.596191,-0.456055,16.662598,-61.340347,-9.216309,brisk_walking
4043602,1.05603,-1.843262,-0.189087,1.098633,-103.942902,-13.977055,brisk_walking
4043619,0.822754,-1.737183,-0.064819,-26.062019,-99.792511,-20.263672,brisk_walking
4043635,0.50708,-1.279785,-0.000732,-56.030289,-50.781265,-46.752945,brisk_walking
4043652,0.529297,-1.074341,-0.048462,-48.645035,-1.586915,-82.824707,brisk_walking
4043669,0.663086,-1.043701,-0.077026,-41.564941,5.554201,-93.139679,brisk_walking
4043685,0.802002,-1.037964,-0.139771,-19.53125,-17.150879,-96.984894,brisk_walking
4043702,0.693848,-1.157349,-0.086792,-7.629396,-43.884277,-90.881378,brisk_walking
4043719,0.587036,-1.153564,0.008057,-15.441898,-54.565445,-85.266113,brisk_walking
4043735,0.527222,-1.096558,0.026001,-21.789551,-56.579605,-85.205078,brisk_walking
4043752,0.423218,-0.927246,0.028564,-32.409668,-60.729996,-94.421417,brisk_walking
4043769,0.278198,-0.760864,-0.000854,-36.499023,-58.959976,-104.187042,brisk_walking
4043785,0.200928,-0.691772,-0.022949,-35.583496,-53.649918,-107.421906,brisk_walking
4043802,0.086548,-0.602539,-0.064941,-30.700691,-37.231445,-109.375031,brisk_walking
4043819,0.044434,-0.560547,-0.101196,-25.756844,-23.986824,-103.33255,brisk_walking
4043835,0.049316,-0.53894,-0.124023,-20.507813,-24.902351,-91.003448,brisk_walking
4043852,0.050171,-0.542358,-0.117432,-18.371582,-29.785164,-84.04541,brisk_walking
4043869,0.065308,-0.581909,-0.098633,-16.662598,-41.137695,-68.786621,brisk_walking
4043885,0.038086,-0.652344,-0.097656,-18.798828,-47.546402,-53.344742,brisk_walking
4043902,0.010254,-0.672363,-0.088501,-20.751953,-47.607437,-46.447769,brisk_walking
4043919,0.010498,-0.699951,-0.074585,-19.775391,-41.320801,-32.287598,brisk_walking
4043936,0.048584,-0.841431,-0.070557,-13.549809,-36.743164,-15.319828,brisk_walking
4043952,0.063965,-0.931152,-0.05481,-13.305668,-35.766602,-7.20215,brisk_walking
4043969,0.049316,-0.997803,-0.024536,-16.479492,-28.930672,4.882813,brisk_walking
4043986,0.046265,-0.982056,-0.036743,-10.253906,-16.174316,11.596684,brisk_walking
4044002,0.068848,-1.046753,-0.049927,2.258301,-7.08008,20.935059,brisk_walking
4044019,0.092163,-1.105469,-0.040283,10.192871,-4.699707,26.123055,brisk_walking
4044036,0.077515,-1.375366,0.043091,30.761726,3.967286,40.039063,brisk_walking
4044052,0.069824,-1.710571,0.133179,32.043457,24.047859,57.128922,brisk_walking
4044069,0.135132,-1.7323,0.119629,20.690918,34.179688,66.650391,brisk_walking
4044086,0.28064,-1.482056,-0.046875,14.343266,47.363297,85.021973,brisk_walking
4044102,0.449585,-1.199463,-0.27356,23.620613,41.748047,92.102081,brisk_walking
4044119,0.638306,-1.008301,-0.366577,42.419434,8.483887,85.327148,brisk_walking
4044136,0.626587,-1.011353,-0.341675,48.645035,-9.155273,84.594727,brisk_walking
4044152,0.408203,-1.077393,-0.255981,50.231949,-18.493652,72.265625,brisk_walking
4044169,0.265869,-1.161011,-0.194214,45.532242,5.126953,59.387222,brisk_walking
4044186,0.255371,-1.18396,-0.183716,41.870117,20.141602,56.213394,brisk_walking
4044202,0.346558,-1.157715,-0.223511,34.667969,35.27832,61.157242,brisk_walking
4044219,0.411621,-1.019287,-0.29895,29.968269,31.005867,67.749023,brisk_walking
4044236,0.382935,-0.88562,-0.328125,26.672371,31.738289,70.129395,brisk_walking
4044252,0.358154,-0.836914,-0.317383,22.583015,38.024902,68.786621,brisk_walking
4044269,0.340698,-0.755981,-0.308228,9.58252,60.42482,60.791031,brisk_walking
4044286,0.376587,-0.68811,-0.371216,-0.793457,86.791992,50.231949,brisk_walking
4044302,0.420776,-0.660767,-0.406738,-3.295899,94.787628,43.151855,brisk_walking
4044319,0.504395,-0.650269,-0.394531,-7.20215,95.275909,31.799324,brisk_walking
4044336,0.476196,-0.647095,-0.363281,-15.075687,87.768555,27.221687,brisk_walking
4044352,0.410034,-0.577393,-0.347168,-24.108894,96.801788,25.756844,brisk_walking
4044369,0.441284,-0.528564,-0.362427,-25.939949,105.651886,25.390633,brisk_walking
4044386,0.592285,-0.467407,-0.391235,-24.41407,112.854034,22.39991,brisk_walking
4044402,0.745239,-0.423584,-0.442505,-15.075687,98.083527,15.258793,brisk_walking
4044419,0.797363,-0.479736,-0.43335,-13.122562,90.026886,19.470215,brisk_walking
4044436,0.863892,-0.509155,-0.415649,-9.033203,71.105957,17.456055,brisk_walking
4044452,0.97998,-0.546143,-0.448242,3.234864,47.851578,16.845703,brisk_walking
4044469,1.130737,-0.606079,-0.498169,8.300781,14.648441,24.902351,brisk_walking
4044486,1.171997,-0.611572,-0.523804,11.291508,-3.845216,29.357918,brisk_walking
4044503,1.130493,-0.663818,-0.537109,21.789551,-34.362793,28.32032,brisk_walking
4044519,1.007935,-0.787842,-0.435547,21.789551,-38.879395,22.216805,brisk_walking
4044536,0.939087,-0.828125,-0.369385,17.089844,-28.259285,16.540527,brisk_walking
4044553,0.973389,-0.917114,-0.315186,11.169437,0.915528,10.498047,brisk_walking
