timestamp_ms,ax,ay,az,gx,gy,gz,activity
5536170,0.747681,-0.273804,-0.569336,13.854984,44.189453,-33.447266,cycling
5536186,0.786987,-0.424194,-0.502686,21.66748,54.565445,-36.193848,cycling
5536203,0.699585,-0.271606,-0.483032,27.465828,56.457535,-31.555183,cycling
5536220,0.710938,-0.196289,-0.498657,31.005867,60.119644,-31.005867,cycling
5536236,0.997925,-0.316162,-0.502686,31.677254,65.917969,-32.348633,cycling
5536253,0.825806,-0.221069,-0.553833,35.949707,58.776871,-26.916512,cycling
5536270,0.943359,-0.103516,-0.418945,39.855957,46.386734,-25.634773,cycling
5536286,0.866089,-0.158936,-0.386475,38.452148,42.297363,-24.047859,cycling
5536303,0.937378,-0.299316,-0.562744,30.456551,48.461929,-25.878914,cycling
5536320,0.96814,-0.221924,-0.531738,16.662598,56.213394,-18.493652,cycling
5536336,1.130981,-0.353638,-0.444336,9.643555,47.424332,-21.240234,cycling
5536353,0.63623,-0.386597,-0.171875,3.234864,40.039063,-5.187988,cycling
5536370,0.915039,-0.623779,-0.103271,-1.098633,46.752945,-7.08008,cycling
5536386,1.179688,-0.719849,-0.015747,-3.356935,56.823746,-7.934572,cycling
5536403,0.844238,-0.513306,-0.136597,-4.882813,58.593765,4.516602,cycling
5536420,1.049438,-0.408203,-0.121338,-7.812502,43.945313,-1.403809,cycling
5536436,0.916626,-0.430176,0.058594,-10.070801,47.546402,-0.854492,cycling
5536453,0.844482,-0.355957,0.073975,-10.620117,46.447769,3.601075,cycling
5536470,1.140259,-0.341675,-0.18103,-11.901859,45.593277,1.159668,cycling
5536486,0.866577,-0.343384,-0.251099,-14.03809,37.658691,4.02832,cycling
5536503,0.850952,-0.261841,-0.156006,-18.310547,39.855957,4.882813,cycling
5536520,1.182373,-0.337524,-0.124023,-20.935059,36.865234,4.211426,cycling
5536536,1.067261,-0.465088,-0.209473,-19.958496,24.047859,7.08008,cycling
5536553,0.832031,-0.334839,-0.301758,-16.418457,18.310547,6.591799,cycling
5536570,0.968506,-0.411011,-0.253906,-13.183598,15.014652,4.02832,cycling
5536586,0.945557,-0.48291,0.086914,-1.342773,15.197758,6.95801,cycling
5536603,0.820923,-0.368652,0.052856,10.375977,12.695316,11.901859,cycling
5536620,0.91687,-0.473267,-0.02124,16.967773,5.737307,9.58252,cycling
5536636,0.882324,-0.480957,-0.173096,16.601563,2.807618,13.183598,cycling
5536653,1.044312,-0.453003,-0.014404,15.441898,-2.01416,8.911133,cycling
5536670,0.943359,-0.262085,-0.006958,14.587406,-1.953125,14.03809,cycling
5536687,0.916626,-0.268555,0.116089,17.39502,-7.690432,14.099125,cycling
5536703,0.869873,-0.30127,-0.113525,18.798828,-9.094238,10.925293,cycling
5536720,0.989136,-0.248901,-0.229614,11.962894,-10.864258,4.638672,cycling
5536737,0.992798,-0.217896,-0.183105,2.258301,-22.949226,4.272461,cycling
5536753,0.946777,-0.380371,-0.078247,-0.610352,-26.245125,6.408693,cycling
5536770,0.816284,-0.408936,-0.131592,-2.13623,-29.602058,7.20215,cycling
5536787,0.824463,-0.275146,-0.269409,-5.187988,-33.874512,9.399414,cycling
5536803,0.704346,-0.383301,-0.21875,-6.286623,-41.809082,12.573246,cycling
5536820,1.22937,-0.609741,-0.364258,-10.131836,-39.489746,5.126953,cycling
5536837,0.579468,-0.529053,-0.14856,-15.441898,-34.057617,16.418457,cycling
5536853,0.501221,-0.560059,-0.110107,-16.174316,-34.851074,22.705086,cycling
5536870,0.798096,-0.720337,-0.158813,-13.610844,-35.461426,17.211914,cycling
5536887,0.703247,-0.53894,-0.327881,-17.700195,-22.949226,26.489265,cycling
5536903,0.697754,-0.671509,-0.301758,-20.568848,-12.817387,27.221687,cycling
5536920,0.708618,-0.643921,-0.296021,-20.690918,-13.732914,23.925789,cycling
5536937,0.670654,-0.69873,-0.068237,-14.343266,-12.573246,18.127441,cycling
5536953,0.815308,-0.322998,-0.372681,-14.709476,-1.708985,15.747074,cycling
5536970,1.004517,-0.390137,-0.428955,-18.920898,-0.244141,15.136723,cycling
5536987,0.905029,-0.524048,-0.236816,-24.719246,7.751467,16.967773,cycling
5537003,0.86377,-0.429077,-0.131958,-32.470703,8.361816,18.981934,cycling
5537020,0.679443,-0.620361,0.063843,-23.315437,-3.845216,21.057129,cycling
5537037,0.75647,-0.789673,-0.110107,-23.193367,2.746582,23.681648,cycling
5537053,0.852417,-0.780029,-0.28418,-23.864754,6.286623,20.263672,cycling
5537070,0.478027,-0.830811,0.02417,-25.451668,16.052246,33.081055,cycling
5537087,0.721436,-0.842163,0.005615,-25.573738,18.127441,32.287598,cycling
5537103,0.566406,-0.775757,-0.146118,-25.451668,16.235352,38.818359,cycling
5537120,0.669067,-0.626831,-0.447021,-23.864754,15.136723,43.029785,cycling
5537137,0.671631,-0.601563,-0.430542,-23.010262,11.047363,43.457031,cycling
5537153,0.654541,-0.641724,-0.306763,-23.254402,13.671879,44.982925,cycling
5537170,0.658203,-0.722046,-0.066284,-15.686039,8.117676,41.748047,cycling
5537187,0.682251,-0.598145,-0.115112,-4.882813,9.216309,36.254883,cycling
5537203,0.775024,-0.593506,-0.098877,-2.746582,5.126953,32.836914,cycling
5537220,0.892212,-0.656128,-0.234863,-13.671879,1.098633,32.714844,cycling
5537237,0.88562,-0.558105,-0.558105,-28.259285,0.671387,28.625496,cycling
5537253,0.728271,-0.586304,-0.023193,-13.000492,-3.906251,19.226074,cycling
5537270,0.595825,-0.586182,0.013672,-3.234864,-7.507326,20.751953,cycling
5537287,0.723877,-0.606201,-0.293823,0.12207,-7.263186,24.53614,cycling
5537304,0.959106,-0.466431,-0.748169,-10.009766,-18.615723,15.380863,cycling
5537320,0.736694,-0.618164,-0.53418,-9.94873,-32.226563,12.207035,cycling
5537337,0.452148,-0.907349,-0.035156,-8.728027,-27.160652,14.953617,cycling
5537354,0.564453,-0.848022,0.095947,0.0,-12.146,13.732914,cycling
5537370,0.703369,-0.785156,-0.162231,2.624512,-8.728027,9.460449,cycling
5537387,0.630737,-0.772949,-0.274658,-0.427246,-10.864258,11.413578,cycling
5537404,0.571533,-0.697021,-0.528076,-9.521484,-11.535648,15.319828,cycling
5537420,0.521851,-0.5802,-0.443359,-5.676271,-16.967773,19.287109,cycling
5537437,0.577515,-0.614746,-0.41272,-2.807618,-18.615723,23.132332,cycling
5537454,0.730347,-0.768433,-0.241821,-0.12207,-16.540527,23.864754,cycling
5537470,0.71814,-0.708862,-0.380859,-8.911133,-1.220703,24.780281,cycling
5537487,0.804565,-0.799072,-0.344116,-11.535648,3.723145,18.493652,cycling
5537504,0.622925,-0.501587,-0.391113,-12.695316,8.056641,7.690432,cycling
5537520,0.685791,-0.508789,-0.246826,-7.690432,8.300781,10.742188,cycling
5537537,0.697998,-0.63623,-0.330078,-10.986328,10.925293,11.779789,cycling
5537554,0.755371,-0.693359,-0.288086,-11.779789,13.305668,6.042482,cycling
5537570,0.63208,-0.618286,-0.192871,-12.451176,21.118164,-1.77002,cycling
5537587,0.834595,-0.627197,-0.168335,-11.718754,19.897461,-2.380371,cycling
5537604,0.720825,-0.760254,-0.20752,-13.000492,18.615723,-1.159668,cycling
5537620,0.705566,-0.787354,-0.467773,-16.357422,31.98243,-4.394531,cycling
5537637,0.496826,-0.537964,-0.359741,-11.413578,23.925789,-6.713869,cycling
5537654,0.750488,-0.720581,-0.457886,-15.869144,22.949226,5.859377,cycling
5537670,0.762207,-0.71814,-0.462891,-16.845703,18.737793,2.990724,cycling
5537687,0.587402,-0.782227,-0.242676,-11.169437,24.41407,2.075195,cycling
5537704,0.637329,-0.67688,-0.210327,-6.347658,20.568848,0.366211,cycling
5537720,0.648315,-0.637207,-0.216064,-7.141115,21.118164,4.760742,cycling
5537737,0.782227,-0.608521,-0.387329,-9.887695,17.822266,6.95801,cycling
5537754,0.713379,-0.686768,-0.427979,-6.896975,15.380863,-0.732422,cycling
5537770,0.781982,-0.560181,-0.201904,-1.159668,9.277344,-4.211426,cycling
5537787,0.802612,-0.587524,-0.206299,-1.586915,10.437012,-1.464844,cycling
5537804,0.891724,-0.581299,-0.39978,-5.310059,11.352543,-4.089355,cycling
5537820,0.8125,-0.460938,-0.497559,-1.708985,8.178711,-11.169437,cycling
5537837,0.86377,-0.377686,-0.513672,-0.366211,2.197266,-13.000492,cycling
5537854,0.860352,-0.460571,-0.396973,-1.77002,-7.324221,-8.911133,cycling
5537871,0.887451,-0.481934,-0.556641,-8.544922,-7.08008,-8.850098,cycling
5537887,0.847168,-0.333008,-0.57959,-9.460449,-10.742188,-13.366703,cycling
5537904,0.86499,-0.322754,-0.504028,-7.507326,-14.099125,-13.793949,cycling
5537921,0.832397,-0.473022,-0.490845,-11.474613,-21.484375,-9.765625,cycling
5537937,0.847778,-0.520142,-0.315186,-11.596684,-25.146492,-8.483887,cycling
5537954,0.87085,-0.691772,-0.33252,-12.207035,-23.559578,-12.02393,cycling
5537971,0.574219,-0.60144,-0.241455,-11.047363,-18.981934,-12.084965,cycling
5537987,0.576904,-0.49353,-0.205933,-7.629396,-19.836426,-7.934572,cycling
5538004,0.675659,-0.75,-0.083374,-6.713869,-18.493652,-2.380371,cycling
5538021,0.548462,-0.912598,-0.053223,-3.906251,-16.052246,-0.183106,cycling
5538037,0.514648,-0.981445,-0.219604,-3.356935,-2.01416,1.220703,cycling
5538054,0.322388,-0.900391,-0.223511,0.427246,4.272461,5.065918,cycling
5538071,0.366211,-0.799805,-0.239136,1.403809,10.009766,6.347658,cycling
5538087,0.466553,-0.801514,-0.226929,1.403809,14.953617,10.864258,cycling
5538104,0.701172,-0.726563,-0.361572,-1.708985,26.611336,9.94873,cycling
5538121,0.679199,-0.626221,-0.345337,-2.929688,30.395515,9.887695,cycling
5538137,0.697144,-0.575195,-0.339966,-3.234864,31.066902,10.437012,cycling
5538154,0.756348,-0.58313,-0.557129,-6.286623,32.653809,16.113281,cycling
5538171,0.766602,-0.421387,-0.759521,-10.559082,29.174812,17.944336,cycling
5538187,0.697876,-0.31604,-0.673096,-9.338379,25.024422,16.601563,cycling
5538204,0.783447,-0.401489,-0.628418,-14.587406,16.418457,17.211914,cycling
5538221,0.919189,-0.463135,-0.548828,-16.052246,11.413578,15.136723,cycling
5538237,0.998413,-0.394653,-0.609619,-15.93018,4.882813,11.901859,cycling
5538254,0.824707,-0.524536,-0.277344,-6.408693,-5.920412,6.652834,cycling
5538271,0.927124,-0.554321,-0.272217,-0.366211,-4.394531,-0.549316,cycling
5538287,0.72229,-0.68396,-0.251587,0.366211,-5.554201,-2.624512,cycling
5538304,0.7146,-0.692505,-0.341553,-3.601075,-5.249023,0.366211,cycling
5538321,0.735596,-0.663086,-0.250488,1.159668,-8.056641,-3.845216,cycling
5538337,0.706909,-0.622559,-0.338135,1.464844,-7.873537,-7.141115,cycling
5538354,0.641724,-0.531738,-0.261841,3.967286,-5.676271,-6.774904,cycling
5538371,0.754028,-0.576294,-0.355713,3.845216,-5.920412,-3.234864,cycling
5538387,0.707153,-0.553467,-0.430176,2.624512,-13.183598,-2.441406,cycling
5538404,0.703857,-0.578003,-0.485107,-2.624512,-12.817387,-1.77002,cycling
5538421,0.648926,-0.499268,-0.400269,-1.708985,-13.000492,-2.685547,cycling
5538437,0.604126,-0.419922,-0.246704,-1.464844,-13.366703,2.746582,cycling
5538454,0.793701,-0.632935,-0.377075,-7.934572,-10.559082,5.126953,cycling
5538471,0.686646,-0.722412,-0.349854,-8.605957,-10.986328,4.638672,cycling
5538488,0.710449,-0.956177,-0.29834,-8.117676,-6.225588,-3.051759,cycling
5538504,0.609375,-0.682251,-0.369385,-7.995607,-1.77002,-7.629396,cycling
5538521,0.5,-0.616699,-0.235107,-1.77002,0.427246,-3.173829,cycling
5538538,0.655273,-0.539063,-0.361694,-4.089355,6.530764,-2.380371,cycling
5538554,0.641357,-0.640991,-0.318726,0.12207,2.929688,0.183106,cycling
5538571,0.688843,-0.632935,-0.52832,-6.347658,9.399414,1.586915,cycling
5538588,0.719849,-0.578247,-0.498047,-6.896975,3.723145,1.64795,cycling
5538604,0.711914,-0.556641,-0.418335,-6.835939,4.699707,3.41797,cycling
5538621,0.768311,-0.611694,-0.398926,-7.690432,2.502441,4.882813,cycling
5538638,0.700073,-0.699219,-0.332764,-6.347658,3.66211,4.02832,cycling
5538654,0.725952,-0.648926,-0.384033,-7.629396,4.638672,4.02832,cycling
5538671,0.734863,-0.673462,-0.331177,-3.784181,1.159668,1.281738,cycling
5538688,0.55481,-0.698486,-0.296997,-4.089355,-2.624512,4.821777,cycling
5538704,0.682007,-0.695557,-0.258789,-1.708985,2.13623,1.342773,cycling
5538721,0.704346,-0.776123,-0.318604,-1.586915,0.427246,1.037598,cycling
5538738,0.60144,-0.585815,-0.275513,1.708985,-1.89209,1.586915,cycling
5538754,0.739624,-0.659424,-0.332153,2.075195,-1.708985,-1.77002,cycling
5538771,0.713379,-0.65918,-0.465088,-0.305176,-4.455566,-0.183106,cycling
5538788,0.639038,-0.671875,-0.389893,-1.220703,-8.178711,0.915528,cycling
5538804,0.743652,-0.5979,-0.326782,0.488281,-8.789063,-2.258301,cycling
5538821,0.701172,-0.634277,-0.281616,3.234864,-9.94873,-4.394531,cycling
5538838,0.762573,-0.625,-0.327026,6.103518,-9.643555,-7.141115,cycling
5538854,0.747925,-0.623413,-0.360596,5.554201,-11.413578,-7.08008,cycling
5538871,0.736084,-0.564819,-0.371216,3.906251,-8.544922,-7.507326,cycling
5538888,0.713257,-0.589844,-0.299316,5.004883,-11.108402,-7.446291,cycling
5538904,0.664795,-0.691772,-0.351074,-1.342773,-8.178711,-7.507326,cycling
5538921,0.682007,-0.652222,-0.357422,-1.464844,-9.399414,-8.850098,cycling
5538938,0.653931,-0.759155,-0.405762,-3.356935,-5.187988,-13.549809,cycling
5538954,0.58606,-0.673096,-0.391357,-4.150391,-4.394531,-10.986328,cycling
5538971,0.581421,-0.669189,-0.325684,-1.525879,-3.54004,-11.901859,cycling
5538988,0.711426,-0.69873,-0.367554,-2.563477,-0.12207,-15.136723,cycling
5539004,0.602539,-0.63916,-0.383667,-4.699707,-2.258301,-10.131836,cycling
5539021,0.661621,-0.47583,-0.4646,-8.056641,0.732422,-5.615236,cycling
5539038,0.639038,-0.49292,-0.403564,-7.263186,-0.305176,-2.380371,cycling
5539055,0.628784,-0.495483,-0.400391,-6.408693,-1.342773,1.281738,cycling
5539071,0.516968,-0.64856,-0.240967,-4.211426,-3.723145,2.624512,cycling
5539088,0.631958,-0.588379,-0.330444,-4.455566,3.051759,0.732422,cycling
5539105,0.60498,-0.614624,-0.27002,-2.990724,-0.854492,0.854492,cycling
5539121,0.626831,-0.644531,-0.327881,-5.126953,5.310059,-1.64795,cycling
5539138,0.657471,-0.619873,-0.393921,-3.234864,6.164553,-1.525879,cycling
5539155,0.769287,-0.603027,-0.387085,-5.065918,11.535648,-5.615236,cycling
5539171,0.751953,-0.570313,-0.385254,-2.258301,10.742188,-7.507326,cycling
5539188,0.659912,-0.663574,-0.371216,-0.488281,4.211426,-8.056641,cycling
5539205,0.719238,-0.623901,-0.412964,-3.051759,7.690432,-5.737307,cycling
5539221,0.598877,-0.696045,-0.303955,1.159668,1.89209,-5.981447,cycling
5539238,0.728394,-0.742065,-0.324585,-0.976563,9.216309,-11.535648,cycling
5539255,0.570679,-0.683716,-0.259399,3.967286,13.488773,-6.774904,cycling
5539271,0.581665,-0.706787,-0.351563,2.13623,20.141602,-9.58252,cycling
5539288,0.656006,-0.62854,-0.419434,0.366211,28.137215,-10.192871,cycling
5539305,0.562866,-0.612427,-0.364746,-0.061035,20.690918,-7.507326,cycling
5539321,0.595215,-0.61853,-0.399536,1.831055,17.51709,-7.568361,cycling
5539338,0.582275,-0.605713,-0.380737,2.929688,16.723633,-6.896975,cycling
5539355,0.676514,-0.628784,-0.412109,-0.976563,20.812988,-7.263186,cycling
5539371,0.634521,-0.58252,-0.3479,-0.244141,21.484375,-1.64795,cycling
5539388,0.622437,-0.602539,-0.397461,-0.061035,20.141602,-1.89209,cycling
5539405,0.651245,-0.625854,-0.359619,0.12207,23.925789,-0.854492,cycling
5539421,0.63916,-0.619873,-0.326294,-2.01416,28.564461,0.183106,cycling
5539438,0.673584,-0.623413,-0.374268,-4.638672,30.822762,-2.13623,cycling
5539455,0.614868,-0.569458,-0.339722,-2.868653,31.250008,3.234864,cycling
5539471,0.723267,-0.648926,-0.4021,-5.615236,32.592773,-1.953125,cycling
5539488,0.650024,-0.624146,-0.358032,-3.601075,32.409668,0.488281,cycling
5539505,0.765503,-0.58667,-0.349243,-3.784181,36.865234,0.0,cycling
5539521,0.64978,-0.690674,-0.323364,-2.685547,30.578621,2.746582,cycling
5539538,0.650879,-0.581421,-0.327637,-0.183106,35.339355,7.263186,cycling
5539555,0.802734,-0.63501,-0.299316,1.403809,35.461426,7.812502,cycling
5539571,0.767944,-0.759644,-0.280762,-2.380371,27.282722,5.920412,cycling
5539588,0.734131,-0.648193,-0.305298,-1.403809,28.808601,8.361816,cycling
5539605,0.807617,-0.748901,-0.258423,1.220703,36.743164,1.098633,cycling
5539621,0.779907,-0.74585,-0.269043,-3.784181,25.268562,-4.699707,cycling
5539638,0.631836,-0.344849,-0.315063,0.244141,27.771004,4.699707,cycling
5539655,0.882202,-0.619629,-0.213379,-2.868653,32.104492,0.305176,cycling
5539672,0.978882,-0.582764,-0.637573,-14.28223,35.27832,-7.08008,cycling
5539688,0.787231,-0.178223,-0.592407,-13.488773,35.461426,4.333496,cycling
5539705,0.794678,-0.345703,0.038818,-5.676271,29.296883,12.451176,cycling
5539722,0.8573,-0.604004,-0.522095,-13.488773,30.151375,8.666992,cycling
5539738,0.649902,-0.457886,-0.381836,-15.197758,28.015144,8.422852,cycling
5539755,0.893066,-0.352417,-0.215698,-11.291508,30.395515,6.835939,cycling
5539772,0.760864,-0.498657,-0.262451,-13.488773,26.062019,6.347658,cycling
5539788,0.683838,-0.527466,-0.29895,-14.770512,26.916512,4.577637,cycling
5539805,0.766479,-0.554321,-0.271362,-13.977055,30.21241,1.220703,cycling
5539822,0.720215,-0.545654,-0.251587,-12.756351,26.30616,2.624512,cycling
5539838,0.816895,-0.576294,-0.235352,-14.343266,22.949226,-1.281738,cycling
5539855,0.780518,-0.588013,-0.226929,-15.502934,20.812988,0.305176,cycling
5539872,0.848877,-0.637573,-0.270386,-15.93018,24.780281,-2.563477,cycling
5539888,0.86792,-0.531982,-0.201904,-15.808109,20.507813,-0.915528,cycling
5539905,0.779053,-0.584351,-0.163208,-16.418457,20.690918,1.708985,cycling
5539922,0.780396,-0.580688,-0.213745,-17.272949,23.742683,0.366211,cycling
5539938,0.92688,-0.577393,-0.250732,-20.324707,27.343758,0.854492,cycling
5539955,0.813599,-0.593872,-0.240479,-22.705086,27.526863,2.197266,cycling
5539972,0.677979,-0.567749,-0.229248,-23.071297,23.437508,7.751467,cycling
5539988,0.860229,-0.587524,-0.308228,-24.047859,29.357918,6.408693,cycling
5540005,0.821533,-0.600952,-0.156372,-22.338875,27.771004,8.605957,cycling
5540022,0.800537,-0.612793,-0.229614,-22.094727,26.367195,8.178711,cycling
5540038,0.95105,-0.523193,-0.261475,-24.841316,21.42334,8.605957,cycling
5540055,0.847778,-0.531494,-0.229248,-23.193367,18.737793,10.375977,cycling
5540072,0.887695,-0.55603,-0.229614,-21.118164,18.615723,8.117676,cycling
5540088,0.918701,-0.535278,-0.246948,-21.42334,16.906738,6.713869,cycling
5540105,0.906982,-0.486938,-0.22644,-19.042969,15.319828,6.95801,cycling
5540122,0.96228,-0.428711,-0.263794,-19.65332,6.896975,9.216309,cycling
5540138,0.69873,-0.452148,-0.164795,-18.188477,3.41797,13.854984,cycling
5540155,0.97522,-0.422119,-0.370972,-20.690918,-1.403809,8.117676,cycling
5540172,0.723145,-0.685181,0.064941,-14.770512,-12.512211,9.460449,cycling
5540188,0.67981,-0.458496,-0.327271,-13.061527,-0.244141,11.962894,cycling
5540205,0.793701,-0.525146,-0.067993,-11.413578,-3.356935,8.239746,cycling
5540222,0.58606,-0.638916,-0.129272,-5.920412,-2.868653,10.620117,cycling
5540238,1.293701,-0.666382,-0.258911,-14.770512,-23.132332,-9.643555,cycling
5540255,1.094727,-0.563232,-0.298706,-14.526371,-20.019531,-3.234864,cycling
5540272,0.890991,-0.516235,-0.286255,-19.40918,-19.40918,-5.615236,cycling
5540289,0.992432,-0.504395,-0.2854,-20.935059,-20.629883,-2.502441,cycling
5540305,0.97583,-0.442383,-0.203247,-14.343266,-13.916019,-5.981447,cycling
5540322,0.957764,-0.38501,-0.270874,-14.465336,-14.587406,-1.037598,cycling
5540339,0.861938,-0.470215,-0.153809,-11.596684,-22.888191,-1.403809,cycling
5540355,0.817139,-0.564331,-0.153076,-12.817387,-18.676758,4.333496,cycling
5540372,0.813599,-0.662842,-0.141235,-12.512211,-15.502934,0.305176,cycling
5540389,0.524658,-0.470703,-0.222534,-9.70459,1.586915,15.258793,cycling
5540405,0.626831,-0.573242,-0.249023,-6.225588,-5.493164,5.126953,cycling
5540422,0.603882,-0.697632,-0.208008,-5.859377,-19.714355,8.117676,cycling
5540439,0.495605,-0.724121,-0.166748,-4.760742,-25.878914,7.812502,cycling
5540455,0.723145,-0.661011,-0.315186,-7.324221,-19.897461,5.126953,cycling
5540472,0.539917,-0.652344,-0.232422,-5.371094,-25.085457,10.314941,cycling
5540489,0.538086,-0.678467,-0.208374,-6.408693,-25.390633,7.873537,cycling
5540505,0.815918,-0.636108,-0.311157,-11.535648,-23.559578,8.361816,cycling
5540522,0.635132,-0.632813,-0.257202,-14.16016,-24.230965,17.51709,cycling
5540539,0.809204,-0.743774,-0.380493,-23.254402,-18.127441,21.179199,cycling
5540555,0.668823,-0.721802,-0.403076,-26.489265,-19.53125,24.719246,cycling
5540572,0.413208,-0.648193,-0.267212,-22.949226,-14.770512,29.479988,cycling
5540589,0.645874,-0.851807,-0.301147,-25.085457,-17.63916,25.878914,cycling
5540605,0.451172,-0.810547,-0.287231,-24.780281,-12.939457,25.573738,cycling
5540622,0.702637,-0.656494,-0.398682,-17.272949,-5.798342,21.30127,cycling
5540639,0.526245,-0.630859,-0.413574,-15.869144,-8.728027,24.41407,cycling
5540655,0.569946,-0.638306,-0.461182,-17.822266,-9.521484,21.728516,cycling
5540672,0.713501,-0.607666,-0.485229,-19.897461,-6.652834,22.033691,cycling
5540689,0.580566,-0.730103,-0.338501,-20.385742,-11.108402,21.850586,cycling
5540705,0.626099,-0.41748,-0.508911,-26.733406,3.479005,28.991707,cycling
5540722,0.868896,-0.494385,-0.467163,-22.644051,1.953125,21.484375,cycling
5540739,0.530396,-0.615234,-0.360474,-26.42823,-8.117676,26.123055,cycling
5540755,0.738525,-0.649902,-0.457642,-26.489265,-4.699707,23.132332,cycling
5540772,0.593262,-0.730835,-0.428833,-26.794441,-9.399414,25.024422,cycling
5540789,0.528076,-0.781006,-0.395508,-28.137215,-7.019045,24.597176,cycling
5540805,0.616821,-0.754761,-0.260376,-22.27784,-6.408693,20.935059,cycling
5540822,0.670166,-0.828735,-0.212524,-13.916019,-3.295899,15.93018,cycling
5540839,0.714233,-0.785889,-0.32019,-11.230473,-2.13623,13.305668,cycling
5540856,0.632935,-0.649048,-0.377075,-8.422852,-6.530764,10.498047,cycling
5540872,0.634033,-0.704834,-0.45166,-9.460449,-10.986328,11.657719,cycling
5540889,0.526733,-0.699585,-0.450073,-8.056641,-12.695316,12.634281,cycling
5540906,0.594482,-0.713745,-0.35791,-5.676271,-12.207035,13.977055,cycling
5540922,0.768188,-0.581665,-0.450562,-8.850098,-7.873537,14.16016,cycling
5540939,0.894775,-0.548584,-0.500244,-11.962894,-6.469728,9.70459,cycling
5540956,0.779663,-0.429932,-0.47583,-8.911133,-13.671879,11.230473,cycling
5540972,0.911987,-0.484741,-0.584961,-9.58252,-17.028809,7.568361,cycling
5540989,0.84082,-0.532959,-0.417358,-1.281738,-27.038582,4.516602,cycling
5541006,0.90564,-0.636475,-0.456055,-3.967286,-29.663094,2.685547,cycling
5541022,0.813477,-0.483154,-0.362549,0.610352,-34.301758,-0.854492,cycling
5541039,0.884399,-0.616577,-0.416016,-0.488281,-34.362793,-8.850098,cycling
5541056,0.642944,-0.55896,-0.363159,2.685547,-36.987305,-9.277344,cycling
5541072,0.826172,-0.68457,-0.457153,-0.976563,-33.569336,-15.197758,cycling
5541089,0.507568,-0.537476,-0.302002,1.281738,-40.283203,-9.155273,cycling
5541106,0.742065,-0.671753,-0.371094,-2.624512,-35.461426,-12.573246,cycling
5541122,0.587036,-0.510254,-0.354492,-0.671387,-34.484863,-3.479005,cycling
5541139,0.555542,-0.874634,-0.429688,-4.699707,-30.944832,-9.338379,cycling
5541156,0.382446,-0.470215,-0.348999,0.12207,-26.977547,4.394531,cycling
5541172,0.641602,-0.748779,-0.47168,-8.239746,-20.935059,-4.821777,cycling
5541189,0.323975,-0.592407,-0.377441,-3.356935,-21.606445,7.08008,cycling
5541206,0.693359,-0.708008,-0.595459,-9.643555,-9.094238,-5.126953,cycling
5541222,0.395752,-0.770264,-0.432739,-4.821777,-13.977055,-6.286623,cycling
5541239,0.432007,-0.731812,-0.481812,-5.859377,-10.803223,-4.760742,cycling
5541256,0.569214,-0.710083,-0.509521,-1.708985,-10.314941,-11.169437,cycling
5541272,0.515015,-0.645996,-0.481934,4.272461,-9.033203,-4.943848,cycling
5541289,0.519531,-0.674927,-0.511475,5.981447,-10.864258,-3.723145,cycling
5541306,0.578857,-0.552124,-0.544556,6.530764,-3.601075,-3.41797,cycling
5541322,0.66626,-0.49707,-0.537109,7.263186,-4.333496,-4.760742,cycling
5541339,0.648804,-0.628296,-0.510132,6.347658,-6.652834,-5.615236,cycling
5541356,0.775635,-0.609009,-0.612305,1.037598,-3.967286,-4.394531,cycling
5541372,0.639282,-0.642822,-0.519287,0.793457,-8.361816,-7.507326,cycling
5541389,0.597534,-0.542969,-0.489258,1.89209,-9.460449,-2.990724,cycling
5541406,0.527222,-0.687744,-0.477905,3.906251,-14.221195,-5.004883,cycling
5541422,0.416504,-0.657104,-0.350342,5.981447,-7.873537,-2.502441,cycling
5541439,0.685303,-0.739502,-0.502075,4.638672,2.807618,-11.169437,cycling
5541456,0.547485,-0.614624,-0.491333,6.774904,4.394531,-7.263186,cycling
5541473,0.64563,-0.647949,-0.57251,5.859377,1.64795,-9.155273,cycling
5541489,0.602661,-0.520386,-0.544556,6.591799,-2.441406,-8.361816,cycling
5541506,0.672974,-0.582031,-0.540039,6.95801,-4.516602,-11.657719,cycling
5541523,0.637939,-0.480225,-0.533936,9.277344,-9.399414,-7.751467,cycling
5541539,0.775024,-0.591797,-0.633667,6.835939,-10.498047,-10.375977,cycling
5541556,0.555664,-0.64624,-0.502075,9.82666,-14.526371,-11.230473,cycling
5541573,0.693237,-0.582275,-0.577515,6.835939,-17.51709,-12.390141,cycling
5541589,0.620605,-0.592163,-0.453735,9.94873,-19.714355,-13.000492,cycling
5541606,0.680786,-0.556274,-0.461182,10.009766,-18.676758,-10.070801,cycling
5541623,0.622559,-0.446411,-0.394653,13.305668,-21.484375,-6.95801,cycling
5541639,0.607422,-0.507446,-0.381226,11.535648,-17.822266,-7.08008,cycling
5541656,0.651733,-0.460815,-0.40271,10.559082,-14.343266,-6.774904,cycling
5541673,0.602173,-0.549072,-0.440796,7.08008,-13.977055,-7.873537,cycling
5541689,0.60083,-0.705078,-0.508667,4.821777,-12.146,-14.221195,cycling
5541706,0.571655,-0.667114,-0.505737,2.990724,-11.108402,-14.526371,cycling
5541723,0.651855,-0.564453,-0.549438,7.019045,-9.094238,-16.601563,cycling
5541739,0.598633,-0.699463,-0.438477,11.230473,-19.592285,-15.686039,cycling
5541756,0.636719,-0.70813,-0.544678,11.108402,-16.479492,-17.822266,cycling
5541773,0.611938,-0.550537,-0.477173,13.671879,-19.958496,-18.981934,cycling
5541789,0.69812,-0.53894,-0.504761,17.700195,-19.897461,-20.507813,cycling
5541806,0.633545,-0.629517,-0.534668,18.371582,-21.606445,-19.40918,cycling
5541823,0.667969,-0.64209,-0.535522,16.418457,-21.179199,-18.676758,cycling
5541839,0.660156,-0.658447,-0.52478,12.756351,-20.629883,-17.63916,cycling
5541856,0.490356,-0.628174,-0.365234,12.390141,-21.362305,-14.16016,cycling
5541873,0.564941,-0.656372,-0.368774,14.526371,-17.63916,-17.089844,cycling
5541889,0.594971,-0.726074,-0.41272,16.906738,-15.319828,-18.066406,cycling
5541906,0.547607,-0.758423,-0.485596,15.991215,-10.986328,-18.554688,cycling
5541923,0.50769,-0.735352,-0.509277,12.207035,-8.666992,-21.42334,cycling
5541939,0.436401,-0.68689,-0.445801,15.197758,-9.277344,-20.324707,cycling
5541956,0.375366,-0.695557,-0.409912,12.207035,-6.95801,-13.977055,cycling
5541973,0.609741,-0.834717,-0.554321,10.375977,5.920412,-19.165039,cycling
5541989,0.523315,-0.741943,-0.460815,11.657719,1.159668,-16.357422,cycling
5542006,0.475342,-0.63147,-0.516968,12.084965,5.126953,-11.108402,cycling
5542023,0.538696,-0.667847,-0.494873,9.887695,6.164553,-7.385256,cycling
5542040,0.572632,-0.692749,-0.573853,8.056641,11.291508,-10.559082,cycling
5542056,0.401489,-0.668579,-0.47998,9.155273,9.399414,-5.187988,cycling
5542073,0.448975,-0.629517,-0.468384,10.681152,8.666992,-1.64795,cycling
5542090,0.578857,-0.716675,-0.557983,4.882813,16.540527,-3.234864,cycling
5542106,0.549316,-0.685303,-0.504272,6.408693,16.662598,-4.455566,cycling
5542123,0.44751,-0.742188,-0.411011,7.812502,15.258793,-6.591799,cycling
5542140,0.741699,-0.678345,-0.594604,4.333496,23.193367,-12.756351,cycling
5542156,0.681396,-0.654785,-0.48999,3.845216,20.751953,-12.878422,cycling
5542173,0.497925,-0.490234,-0.49231,7.629396,19.65332,-6.591799,cycling
5542190,0.564453,-0.580933,-0.435181,5.187988,17.51709,-4.821777,cycling
5542206,0.723022,-0.515991,-0.513672,1.281738,27.893074,-8.300781,cycling
5542223,0.581665,-0.555054,-0.452759,1.831055,20.202637,-3.66211,cycling
5542240,0.562378,-0.668091,-0.443115,-0.732422,26.977547,-8.178711,cycling
5542256,0.592285,-0.693848,-0.482544,-2.563477,24.292,-10.192871,cycling
5542273,0.55542,-0.73645,-0.478638,-4.455566,25.634773,-14.099125,cycling
5542290,0.480713,-0.742798,-0.478394,-6.652834,25.512703,-11.901859,cycling
5542306,0.513428,-0.679321,-0.41687,-5.859377,28.503426,-11.779789,cycling
5542323,0.52832,-0.731323,-0.449463,-3.112794,25.878914,-11.108402,cycling
5542340,0.555664,-0.731567,-0.494385,-3.906251,28.259285,-8.361816,cycling
5542356,0.583008,-0.673096,-0.514893,-3.479005,27.404793,-4.02832,cycling
5542373,0.615601,-0.679565,-0.504761,-3.41797,26.611336,-4.211426,cycling
5542390,0.676758,-0.618774,-0.499023,-2.746582,25.939949,-1.77002,cycling
5542406,0.558472,-0.615723,-0.424316,0.671387,24.108894,2.01416,cycling
5542423,0.681152,-0.620117,-0.429321,1.464844,27.587898,2.563477,cycling
5542440,0.633057,-0.6427,-0.405273,0.549316,29.479988,0.793457,cycling
5542456,0.709595,-0.565796,-0.44812,-1.586915,30.273445,1.281738,cycling
5542473,0.712402,-0.641113,-0.449585,-2.13623,26.30616,-1.098633,cycling
5542490,0.658569,-0.501465,-0.434814,-2.868653,27.282722,4.577637,cycling
5542506,0.603271,-0.585938,-0.405396,-2.01416,26.855476,3.295899,cycling
5542523,0.680542,-0.533325,-0.463257,-7.019045,34.484863,5.126953,cycling
5542540,0.641235,-0.57373,-0.416504,-7.507326,27.954109,6.225588,cycling
5542556,0.721436,-0.579468,-0.469849,-8.300781,28.07618,5.615236,cycling
5542573,0.741943,-0.617188,-0.449341,-7.08008,22.216805,6.652834,cycling
5542590,0.651123,-0.638306,-0.407593,-4.394531,24.658211,5.798342,cycling
5542606,0.73877,-0.605103,-0.414185,-4.760742,20.446777,2.01416,cycling
5542623,0.714478,-0.51709,-0.43689,-4.577637,22.033691,4.577637,cycling
5542640,0.795044,-0.637207,-0.391602,-4.333496,15.319828,3.784181,cycling
5542657,0.69397,-0.578369,-0.431641,-5.126953,16.662598,8.239746,cycling
5542673,0.722046,-0.644531,-0.392822,-4.333496,13.916019,4.394531,cycling
5542690,0.698486,-0.511108,-0.399658,-4.760742,16.174316,7.08008,cycling
5542707,0.860718,-0.580688,-0.393921,-6.469728,14.465336,2.441406,cycling
5542723,0.746826,-0.628662,-0.417114,-8.728027,13.305668,1.64795,cycling
5542740,0.781616,-0.518188,-0.420898,-10.803223,16.052246,3.784181,cycling
5542757,0.680054,-0.514648,-0.352661,-7.751467,14.343266,6.713869,cycling
5542773,0.619263,-0.538086,-0.378906,-8.422852,15.869144,11.535648,cycling
5542790,0.634155,-0.651123,-0.335938,-9.399414,13.916019,8.300781,cycling
5542807,0.728149,-0.734009,-0.387695,-12.634281,23.254402,4.821777,cycling
5542823,0.568726,-0.650879,-0.323853,-8.911133,18.127441,7.690432,cycling
5542840,0.704468,-0.52063,-0.43457,-9.033203,25.085457,8.972168,cycling
5542857,0.65686,-0.578491,-0.372437,-6.896975,21.30127,10.070801,cycling
5542873,0.630005,-0.655273,-0.376099,-9.399414,25.634773,11.413578,cycling
5542890,0.654907,-0.602905,-0.408081,-14.099125,26.611336,12.878422,cycling
5542907,0.59668,-0.631714,-0.364502,-15.625004,27.160652,12.451176,cycling
5542923,0.764038,-0.639893,-0.350342,-17.39502,28.381355,12.573246,cycling
5542940,0.786865,-0.628296,-0.450317,-20.996094,30.944832,13.732914,cycling
5542957,0.682617,-0.625366,-0.410767,-20.568848,25.207527,14.526371,cycling
5542973,0.65979,-0.62561,-0.416138,-19.714355,24.780281,17.39502,cycling
5542990,0.647461,-0.771973,-0.363403,-16.235352,17.51709,15.869144,cycling
5543007,0.656128,-0.680176,-0.418091,-11.535648,24.292,14.465336,cycling
5543023,0.748901,-0.686768,-0.361694,-8.911133,23.010262,11.596684,cycling
5543040,0.637085,-0.650391,-0.288818,-5.065918,24.841316,12.573246,cycling
5543057,0.741455,-0.619629,-0.317993,-7.873537,27.221687,11.352543,cycling
5543073,0.582275,-0.672363,-0.284058,-8.300781,34.362793,12.817387,cycling
5543090,0.74353,-0.699829,-0.345215,-11.657719,38.513184,11.108402,cycling
5543107,0.662231,-0.709961,-0.307861,-14.404301,40.95459,12.02393,cycling
5543123,0.649292,-0.645386,-0.356445,-15.747074,40.161133,11.840824,cycling
5543140,0.674194,-0.613525,-0.33252,-17.089844,34.851074,13.916019,cycling
5543157,0.671143,-0.696899,-0.290894,-21.057129,32.958984,19.042969,cycling
5543173,0.632202,-0.670654,-0.380493,-24.16993,35.949707,24.230965,cycling
5543190,0.602295,-0.736328,-0.328735,-22.52198,31.127937,18.432617,cycling
5543207,0.633179,-0.663208,-0.35376,-22.27784,34.851074,18.981934,cycling
5543224,0.666138,-0.774048,-0.262817,-22.644051,27.099617,13.793949,cycling
5543240,0.685425,-0.651001,-0.316284,-23.132332,31.066902,15.869144,cycling
5543257,0.794678,-0.713257,-0.27771,-23.925789,26.855476,11.291508,cycling
5543274,0.721802,-0.574829,-0.249756,-24.963387,28.808601,13.244633,cycling
5543290,0.826538,-0.608643,-0.274902,-25.268562,27.893074,5.432129,cycling
5543307,0.894531,-0.561035,-0.331665,-29.174812,24.902351,4.272461,cycling
5543324,0.693359,-0.614624,-0.380249,-29.785164,24.475105,4.272461,cycling
5543340,0.758911,-0.55127,-0.477051,-37.475586,30.761726,5.676271,cycling
5543357,0.712036,-0.616943,-0.293335,-35.217285,24.16993,-4.760742,cycling
5543374,0.669556,-0.580322,-0.269409,-34.667969,24.658211,0.183106,cycling
5543390,0.851807,-0.626953,-0.30957,-35.339355,14.526371,-3.356935,cycling
5543407,0.687134,-0.636963,-0.344482,-32.226563,10.803223,1.464844,cycling
5543424,0.824707,-0.677612,-0.316895,-30.21241,6.95801,-2.380371,cycling
5543440,0.726074,-0.687622,-0.261597,-25.268562,3.66211,-1.953125,cycling
5543457,0.724121,-0.64917,-0.229736,-22.705086,-0.427246,-0.488281,cycling
5543474,0.911255,-0.654297,-0.251221,-21.179199,-8.300781,1.89209,cycling
5543490,0.850952,-0.698608,-0.218018,-19.897461,-11.779789,4.150391,cycling
5543507,0.821289,-0.609253,-0.278198,-17.944336,-12.817387,4.150391,cycling
5543524,0.780518,-0.559692,-0.353882,-20.202637,-15.075687,3.234864,cycling
5543540,0.694702,-0.542236,-0.34082,-18.859863,-15.93018,3.784181,cycling
5543557,0.84021,-0.613159,-0.341309,-21.42334,-17.211914,2.563477,cycling
5543574,0.796143,-0.575928,-0.278076,-16.723633,-20.935059,2.13623,cycling
5543590,0.730713,-0.510376,-0.255127,-16.784668,-21.789551,7.812502,cycling
5543607,0.693604,-0.603516,-0.194946,-12.756351,-26.123055,5.310059,cycling
5543624,0.676147,-0.687744,-0.255981,-15.991215,-20.629883,7.324221,cycling
5543640,0.677612,-0.624878,-0.276001,-11.535648,-21.30127,3.66211,cycling
5543657,0.621948,-0.608032,-0.30835,-12.146,-19.897461,5.920412,cycling
5543674,0.700806,-0.48938,-0.350708,-9.094238,-18.127441,5.920412,cycling
5543690,0.584961,-0.526489,-0.295044,-10.375977,-16.723633,11.840824,cycling
5543707,0.722656,-0.626343,-0.365356,-12.329105,-13.122562,9.033203,cycling
5543724,0.63501,-0.604248,-0.325806,-13.244633,-14.28223,12.451176,cycling
5543740,0.657593,-0.559814,-0.369141,-13.305668,-11.108402,13.916019,cycling
5543757,0.641602,-0.730713,-0.391357,-14.343266,-12.329105,11.596684,cycling
5543774,0.606689,-0.638428,-0.37793,-14.648441,-12.451176,12.573246,cycling
5543790,0.694946,-0.707153,-0.378906,-15.014652,-12.939457,8.483887,cycling
5543807,0.542969,-0.75354,-0.257202,-9.643555,-14.709476,6.652834,cycling
5543824,0.682007,-0.66687,-0.366821,-9.765625,-12.634281,7.751467,cycling
5543841,0.669067,-0.773315,-0.366943,-8.056641,-13.854984,3.723145,cycling
5543857,0.609985,-0.602661,-0.366333,-9.277344,-6.408693,8.300781,cycling
5543874,0.693481,-0.595215,-0.409912,-5.981447,-9.033203,5.126953,cycling
5543891,0.66272,-0.595215,-0.426025,-8.300781,-6.774904,7.141115,cycling
5543907,0.658936,-0.578613,-0.43457,-7.507326,-6.774904,6.713869,cycling
5543924,0.620728,-0.515625,-0.480469,-11.474613,-4.150391,11.352543,cycling
5543941,0.628418,-0.495239,-0.497559,-11.474613,-6.835939,10.559082,cycling
5543957,0.579224,-0.524902,-0.481934,-12.756351,-7.995607,13.488773,cycling
5543974,0.664429,-0.618652,-0.464355,-10.803223,-7.08008,8.789063,cycling
5543991,0.575439,-0.648193,-0.370728,-7.446291,-7.385256,8.544922,cycling
5544007,0.668823,-0.65918,-0.41687,-6.408693,-3.967286,4.882813,cycling
5544024,0.648438,-0.585693,-0.418213,-5.126953,-8.361816,4.02832,cycling
5544041,0.715332,-0.58313,-0.430786,-2.319336,-9.94873,0.610352,cycling
5544057,0.679443,-0.619995,-0.443237,-0.183106,-13.122562,0.0,cycling
5544074,0.704956,-0.663452,-0.395752,1.159668,-11.962894,-2.990724,cycling
5544091,0.746216,-0.625122,-0.417358,1.464844,-8.728027,-6.286623,cycling
5544107,0.631836,-0.58313,-0.433472,2.075195,-10.009766,-2.13623,cycling
5544124,0.682983,-0.576294,-0.463745,0.854492,-13.061527,-1.586915,cycling
5544141,0.671631,-0.621216,-0.450684,1.831055,-10.314941,-0.305176,cycling
5544157,0.630249,-0.664429,-0.428101,2.197266,-11.291508,1.281738,cycling
5544174,0.624756,-0.708008,-0.435425,2.929688,-10.192871,-0.183106,cycling
5544191,0.571533,-0.6521,-0.358276,2.929688,-7.934572,0.915528,cycling
5544207,0.678223,-0.562378,-0.458984,4.455566,-6.774904,0.610352,cycling
5544224,0.562012,-0.583496,-0.360474,6.225588,-3.479005,4.272461,cycling
5544241,0.678711,-0.561768,-0.394775,7.141115,-0.854492,2.868653,cycling
5544257,0.756958,-0.611328,-0.49585,7.324221,-0.488281,-0.366211,cycling
5544274,0.509155,-0.560181,-0.564819,1.77002,-1.037598,3.41797,cycling
5544291,0.46582,-0.501709,-0.588623,-0.610352,-1.403809,6.286623,cycling
5544307,0.663696,-0.569946,-0.613159,-4.272461,-0.305176,6.469728,cycling
5544324,0.516602,-0.646118,-0.5625,-5.798342,-2.319336,6.347658,cycling
5544341,0.572754,-0.614746,-0.394653,-6.347658,6.896975,2.807618,cycling
5544357,0.578491,-0.515625,-0.352173,-1.403809,2.319336,8.483887,cycling
5544374,0.705933,-0.758057,-0.468018,-5.004883,1.525879,0.671387,cycling
5544391,0.562012,-0.62793,-0.450073,-6.95801,13.549809,3.356935,cycling
5544407,0.599731,-0.745972,-0.484985,-5.493164,5.798342,-2.380371,cycling
5544424,0.586304,-0.580078,-0.467529,-12.084965,15.319828,4.638672,cycling
5544441,0.622925,-0.562378,-0.437988,-9.643555,11.596684,2.624512,cycling
5544458,0.693481,-0.427979,-0.494629,-8.544922,10.253906,9.033203,cycling
5544474,0.705566,-0.571777,-0.479492,-8.178711,5.249023,7.629396,cycling
5544491,0.655884,-0.63916,-0.481201,-10.253906,8.850098,4.150391,cycling
5544508,0.673218,-0.604492,-0.47583,-7.507326,5.187988,-1.037598,cycling
5544524,0.678955,-0.601929,-0.449463,-6.347658,6.164553,-2.990724,cycling
5544541,0.751465,-0.586914,-0.50708,-1.281738,1.464844,-5.493164,cycling
5544558,0.646851,-0.574463,-0.397461,0.610352,0.732422,-4.394531,cycling
5544574,0.701904,-0.62854,-0.453613,1.586915,0.610352,-14.099125,cycling
5544591,0.634888,-0.580444,-0.36145,3.54004,-3.723145,-6.774904,cycling
5544608,0.831177,-0.704712,-0.492065,2.13623,-0.732422,-14.709476,cycling
5544624,0.578003,-0.462891,-0.390991,7.568361,-1.037598,-7.08008,cycling
5544641,0.775269,-0.608398,-0.477783,7.873537,-4.882813,-13.366703,cycling
5544658,0.647949,-0.603271,-0.452759,2.929688,-4.821777,-5.554201,cycling
5544674,0.633789,-0.64856,-0.375732,0.549316,-11.474613,-5.249023,cycling
5544691,0.521484,-0.570068,-0.33667,2.624512,-9.643555,-2.990724,cycling
5544708,0.653198,-0.646973,-0.445679,2.624512,-8.300781,-5.004883,cycling
5544724,0.752197,-0.530273,-0.461426,0.976563,-5.798342,-4.455566,cycling
5544741,0.674316,-0.632935,-0.447754,2.990724,-8.239746,-6.469728,cycling
5544758,0.757202,-0.602173,-0.463501,0.915528,-11.047363,-5.371094,cycling
5544774,0.693726,-0.594482,-0.412964,3.41797,-14.465336,-5.493164,cycling
5544791,0.731812,-0.538574,-0.434448,5.004883,-15.319828,-5.249023,cycling
5544808,0.737427,-0.527954,-0.418823,7.324221,-15.502934,-5.676271,cycling
5544824,0.764526,-0.640137,-0.377075,10.009766,-17.944336,-10.864258,cycling
5544841,0.7229,-0.596436,-0.414673,12.084965,-21.057129,-11.108402,cycling
5544858,0.778687,-0.610596,-0.435913,11.169437,-18.493652,-13.061527,cycling
5544874,0.860596,-0.554199,-0.478638,11.413578,-25.451668,-13.793949,cycling
5544891,0.595703,-0.530884,-0.301636,17.456055,-31.005867,-10.742188,cycling
5544908,0.914185,-0.592773,-0.371948,19.165039,-26.489265,-18.310547,cycling
5544924,0.727783,-0.614258,-0.310181,21.54541,-27.832039,-17.944336,cycling
5544941,0.730591,-0.552612,-0.393555,20.996094,-22.338875,-17.700195,cycling
5544958,0.698853,-0.562866,-0.425781,20.202637,-23.315437,-15.869144,cycling
5544974,0.652344,-0.673828,-0.460938,17.272949,-18.676758,-15.869144,cycling
5544991,0.775269,-0.687256,-0.472412,15.136723,-15.441898,-20.324707,cycling
5545008,0.508911,-0.757935,-0.323364,17.944336,-18.920898,-18.310547,cycling
5545025,0.619873,-0.64624,-0.383911,12.878422,-12.329105,-15.258793,cycling
5545041,0.555176,-0.687622,-0.425781,15.747074,-14.648441,-14.526371,cycling
5545058,0.566162,-0.700195,-0.472656,11.413578,-9.155273,-13.305668,cycling
5545075,0.488281,-0.655396,-0.389282,17.456055,-9.765625,-10.437012,cycling
5545091,0.567749,-0.712769,-0.387695,14.465336,1.953125,-16.906738,cycling
5545108,0.664307,-0.639404,-0.505859,11.962894,3.723145,-16.418457,cycling
5545125,0.373901,-0.778931,-0.419312,13.366703,4.882813,-13.488773,cycling
5545141,0.661011,-0.678223,-0.534424,8.117676,16.784668,-16.479492,cycling
5545158,0.518555,-0.653076,-0.408203,12.817387,15.380863,-11.474613,cycling
5545175,0.551636,-0.615723,-0.500977,11.047363,26.489265,-15.258793,cycling
5545191,0.601318,-0.652588,-0.454224,17.700195,21.179199,-16.784668,cycling
5545208,0.656006,-0.697754,-0.373779,19.042969,24.841316,-19.470215,cycling
5545225,0.56665,-0.561768,-0.46936,20.874023,20.690918,-14.526371,cycling
5545241,0.75,-0.564819,-0.427368,19.836426,21.362305,-20.202637,cycling
5545258,0.750366,-0.58374,-0.572388,17.51709,7.263186,-14.648441,cycling
5545275,0.763306,-0.664429,-0.488525,18.066406,6.774904,-16.723633,cycling
5545291,0.794189,-0.615723,-0.441528,14.03809,11.352543,-13.305668,cycling
5545308,0.692871,-0.670776,-0.250244,14.831547,10.986328,-14.465336,cycling
5545325,0.699585,-0.610107,-0.279907,10.070801,14.221195,-15.075687,cycling
5545341,0.673096,-0.494629,-0.305908,7.751467,9.643555,-15.502934,cycling
5545358,0.624023,-0.490356,-0.37854,8.178711,10.559082,-9.643555,cycling
5545375,0.615234,-0.496704,-0.351074,3.173829,12.146,-5.187988,cycling
5545391,0.52832,-0.501465,-0.341553,1.89209,0.12207,-2.502441,cycling
5545408,0.651733,-0.583984,-0.313477,-4.821777,8.789063,-8.666992,cycling
5545425,0.620117,-0.678467,-0.51416,-13.000492,5.126953,-16.052246,cycling
5545441,0.795898,-0.496582,-0.530396,-16.052246,18.432617,-6.896975,cycling
5545458,0.69751,-0.640015,-0.34021,-8.789063,0.732422,-2.990724,cycling
5545475,0.94104,-0.570068,-0.495728,-13.122562,3.906251,-9.399414,cycling
5545491,0.622192,-0.649414,-0.482666,-7.446291,-2.685547,-1.953125,cycling
5545508,0.745972,-0.468384,-0.543701,-6.835939,6.164553,-3.906251,cycling
5545525,1.003296,-0.440063,-0.524048,-1.586915,-1.342773,-2.685547,cycling
5545541,0.698853,-0.401855,-0.439575,0.12207,-5.737307,7.263186,cycling
5545558,0.840698,-0.409912,-0.489014,-0.427246,1.281738,1.220703,cycling
5545575,0.669312,-0.473877,-0.326904,0.732422,-4.089355,9.460449,cycling
5545591,0.848389,-0.483643,-0.368042,-0.854492,1.403809,2.990724,cycling
5545608,0.623657,-0.585083,-0.346069,-0.671387,-7.751467,6.835939,cycling
5545625,0.766479,-0.581421,-0.436401,-3.295899,4.455566,4.516602,cycling
5545642,0.744873,-0.680542,-0.297363,-1.403809,-0.061035,1.159668,cycling
5545658,0.6521,-0.567017,-0.401733,-2.624512,5.432129,2.807618,cycling
5545675,0.764893,-0.497314,-0.42688,-4.760742,5.615236,-1.77002,cycling
5545692,0.744873,-0.609497,-0.399536,-3.295899,4.516602,-0.915528,cycling
5545708,0.719116,-0.580811,-0.363403,1.281738,3.234864,1.037598,cycling
5545725,0.842407,-0.575562,-0.425537,3.845216,11.169437,-3.845216,cycling
5545742,0.693359,-0.502075,-0.359009,5.798342,-2.807618,1.831055,cycling
5545758,0.795898,-0.443115,-0.400024,5.554201,5.004883,2.197266,cycling
5545775,0.672607,-0.344727,-0.289673,8.605957,0.671387,9.155273,cycling
5545792,0.666748,-0.436401,-0.286865,9.460449,-3.051759,10.009766,cycling
5545808,0.640259,-0.424805,-0.279541,13.305668,-4.821777,17.578125,cycling
5545825,0.771362,-0.698242,-0.336792,11.352543,-9.216309,4.760742,cycling
5545842,0.779785,-0.678467,-0.460938,8.117676,-7.629396,-0.549316,cycling
5545858,0.623657,-0.52124,-0.322998,10.375977,-7.873537,8.422852,cycling
5545875,0.631104,-0.369385,-0.474731,7.873537,-2.502441,6.408693,cycling
5545892,0.66333,-0.578979,-0.281616,9.399414,-19.470215,16.174316,cycling
5545908,0.655029,-0.636719,-0.465698,6.225588,-13.488773,12.939457,cycling
5545925,0.745239,-0.606812,-0.416016,9.765625,-14.892582,20.263672,cycling
5545942,0.922241,-0.597168,-0.392578,9.155273,-10.131836,14.770512,cycling
5545958,0.738159,-0.686035,-0.321167,11.474613,-15.747074,15.686039,cycling
5545975,0.814575,-0.687622,-0.425659,9.338379,-9.094238,9.216309,cycling
5545992,0.644287,-0.685181,-0.406616,8.178711,-8.972168,6.591799,cycling
5546008,0.639526,-0.662964,-0.354004,4.760742,-9.82666,5.554201,cycling
5546025,0.568359,-0.657349,-0.310669,5.065918,-7.629396,7.751467,cycling
5546042,0.684937,-0.77771,-0.276245,3.173829,-6.835939,5.981447,cycling
5546058,0.706299,-0.596313,-0.395874,0.061035,-0.488281,10.498047,cycling
5546075,0.654663,-0.542236,-0.376465,-0.671387,-4.455566,15.808109,cycling
5546092,0.661743,-0.734863,-0.377197,-2.746582,-4.516602,10.620117,cycling
5546108,0.461426,-0.67688,-0.36377,-3.112794,-7.751467,20.935059,cycling
5546125,0.653076,-0.729858,-0.474609,-8.972168,-0.549316,17.456055,cycling
5546142,0.567749,-0.66272,-0.534302,-10.742188,-2.624512,20.019531,cycling
5546158,0.562012,-0.626953,-0.396118,-10.498047,-3.784181,18.737793,cycling
5546175,0.652466,-0.744873,-0.362793,-10.253906,-0.854492,12.817387,cycling
5546192,0.636108,-0.747437,-0.354736,-10.253906,-2.197266,16.235352,cycling
5546209,0.603394,-0.737793,-0.390747,-10.314941,-1.708985,12.02393,cycling
5546225,0.595337,-0.667358,-0.382568,-9.277344,-1.64795,12.817387,cycling
5546242,0.691528,-0.603638,-0.401367,-7.751467,0.427246,8.911133,cycling
5546259,0.715454,-0.478394,-0.417358,-7.08008,-1.220703,9.399414,cycling
5546275,0.702393,-0.511475,-0.378906,-3.41797,-0.793457,7.019045,cycling
5546292,0.662354,-0.6427,-0.445923,-6.103518,-0.793457,6.652834,cycling
5546309,0.699341,-0.600586,-0.522705,-11.840824,-0.976563,6.591799,cycling
5546325,0.520874,-0.618042,-0.517334,-14.343266,-7.934572,3.845216,cycling
5546342,0.510864,-0.6521,-0.517456,-15.136723,-8.178711,3.295899,cycling
5546359,0.43457,-0.658203,-0.420166,-11.291508,-7.385256,5.493164,cycling
5546375,0.493286,-0.610718,-0.394043,-12.817387,-5.798342,6.95801,cycling
5546392,0.564209,-0.762451,-0.463989,-13.549809,-4.882813,8.056641,cycling
5546409,0.333496,-0.781006,-0.384888,-14.770512,-6.408693,14.28223,cycling
5546425,0.463989,-0.855469,-0.484985,-15.686039,-0.549316,9.70459,cycling
5546442,0.463623,-0.757446,-0.442993,-11.169437,1.342773,8.850098,cycling
5546459,0.546021,-0.776733,-0.457764,-7.629396,2.929688,5.126953,cycling
5546475,0.567139,-0.761597,-0.357544,-3.41797,4.577637,0.732422,cycling
5546492,0.607178,-0.682373,-0.365845,-2.990724,5.615236,2.319336,cycling
5546509,0.712891,-0.736572,-0.443726,-7.08008,5.981447,0.244141,cycling
5546525,0.571777,-0.766235,-0.455078,-9.277344,4.394531,4.638672,cycling
5546542,0.740601,-0.758057,-0.526978,-15.136723,11.657719,4.821777,cycling
5546559,0.610718,-0.702637,-0.442871,-13.061527,6.164553,4.638672,cycling
5546575,0.593506,-0.550293,-0.498657,-15.380863,6.835939,11.474613,cycling
5546592,0.474976,-0.533081,-0.439331,-13.122562,4.577637,13.488773,cycling
5546609,0.515503,-0.687378,-0.587646,-14.648441,12.573246,16.418457,cycling
5546625,0.506958,-0.613159,-0.480713,-12.02393,13.732914,16.784668,cycling
5546642,0.710449,-0.45166,-0.475952,-11.352543,7.263186,16.906738,cycling
5546659,0.664917,-0.460205,-0.435425,-7.141115,7.20215,14.831547,cycling
5546675,0.77771,-0.651489,-0.463867,-7.629396,3.295899,7.141115,cycling
5546692,0.662231,-0.765991,-0.463745,-6.469728,1.159668,4.211426,cycling
5546709,0.813843,-0.779663,-0.570923,-11.962894,4.638672,-2.319336,cycling
5546725,0.560791,-0.512817,-0.377319,-3.845216,-3.051759,1.403809,cycling
5546742,0.703491,-0.4729,-0.435547,-1.831055,-7.324221,3.54004,cycling
5546759,0.634033,-0.633545,-0.456787,-0.12207,-10.009766,0.915528,cycling
5546775,0.629639,-0.66333,-0.514282,-1.708985,-7.812502,2.868653,cycling
5546792,0.632446,-0.690918,-0.493164,-1.342773,-9.94873,-2.624512,cycling
5546809,0.60144,-0.696899,-0.477417,2.563477,-12.756351,-5.737307,cycling
5546826,0.626221,-0.612183,-0.467163,3.173829,-10.803223,-3.967286,cycling
5546842,0.631958,-0.585815,-0.399536,8.666992,-10.009766,-3.479005,cycling
5546859,0.645752,-0.480591,-0.425293,7.751467,-5.798342,1.098633,cycling
5546876,0.591675,-0.563599,-0.412354,3.66211,-8.117676,-0.061035,cycling
5546892,0.600708,-0.56897,-0.529175,1.098633,-4.394531,-0.671387,cycling
5546909,0.525146,-0.730835,-0.539917,-2.258301,-9.521484,-3.784181,cycling
5546926,0.595947,-0.689819,-0.564453,-3.479005,-0.061035,-5.798342,cycling
5546942,0.606323,-0.627075,-0.56604,-1.89209,-4.455566,-5.798342,cycling
5546959,0.587036,-0.508789,-0.443237,3.051759,-2.197266,-4.760742,cycling
5546976,0.581421,-0.511719,-0.419922,6.164553,-6.95801,-1.89209,cycling
5546992,0.743408,-0.695435,-0.535522,1.464844,-2.807618,-9.155273,cycling
5547009,0.646851,-0.607544,-0.495361,3.601075,-3.051759,-6.652834,cycling
5547026,0.644409,-0.678833,-0.46875,5.065918,-7.263186,-10.803223,cycling
5547042,0.69751,-0.761841,-0.508789,4.882813,-4.760742,-12.390141,cycling
5547059,0.582764,-0.665527,-0.424316,6.347658,-11.169437,-6.164553,cycling
5547076,0.750244,-0.479248,-0.454956,6.164553,-6.95801,-2.624512,cycling
5547092,0.603516,-0.63147,-0.369995,9.338379,-12.939457,-0.061035,cycling
5547109,0.712646,-0.69165,-0.576294,4.150391,-6.408693,-4.882813,cycling
5547126,0.852051,-0.516113,-0.664917,1.342773,-5.920412,-4.882813,cycling
5547142,0.604492,-0.503296,-0.442871,9.155273,-13.610844,-6.591799,cycling
5547159,0.754883,-0.484253,-0.527222,9.70459,-15.747074,-5.126953,cycling
5547176,0.673462,-0.678833,-0.48938,9.82666,-20.385742,-8.728027,cycling
5547192,0.6521,-0.545532,-0.452881,7.08008,-14.770512,-8.483887,cycling
5547209,0.572876,-0.685181,-0.452271,6.591799,-23.498543,-15.380863,cycling
5547226,0.555298,-0.580444,-0.380371,6.042482,-17.272949,-15.502934,cycling
5547242,0.815674,-0.567383,-0.512817,6.774904,-16.357422,-19.287109,cycling
5547259,0.648193,-0.61731,-0.390991,9.82666,-14.831547,-18.249512,cycling
5547276,0.715454,-0.655518,-0.499146,8.605957,-18.676758,-20.263672,cycling
5547292,0.644775,-0.667358,-0.502563,5.554201,-15.869144,-18.859863,cycling
5547309,0.698364,-0.641479,-0.505737,7.141115,-16.784668,-19.53125,cycling
5547326,0.599609,-0.615356,-0.511719,6.103518,-19.65332,-16.479492,cycling
5547342,0.557007,-0.604004,-0.503784,6.042482,-19.042969,-15.319828,cycling
5547359,0.626831,-0.613647,-0.366943,9.399414,-18.920898,-14.648441,cycling
5547376,0.566406,-0.706787,-0.333008,13.000492,-24.963387,-15.563969,cycling
5547392,0.753662,-0.717896,-0.409912,13.549809,-18.798828,-19.287109,cycling
5547409,0.722412,-0.737305,-0.359253,13.671879,-22.644051,-20.385742,cycling
5547426,0.647705,-0.562134,-0.419067,13.549809,-17.822266,-15.136723,cycling
5547443,0.708618,-0.546021,-0.38916,14.770512,-15.747074,-16.174316,cycling
5547459,0.605957,-0.48291,-0.419922,14.648441,-20.507813,-8.117676,cycling
5547476,0.750732,-0.62146,-0.557861,10.437012,-14.648441,-13.000492,cycling
5547493,0.492432,-0.740723,-0.473755,11.718754,-20.812988,-16.418457,cycling
5547509,0.591553,-0.574951,-0.459229,9.94873,-18.981934,-15.319828,cycling
5547526,0.58252,-0.640381,-0.44043,10.742188,-16.662598,-19.348145,cycling
5547543,0.638306,-0.580933,-0.43396,15.502934,-14.221195,-20.446777,cycling
5547559,0.549072,-0.710083,-0.407349,13.366703,-16.723633,-19.287109,cycling
5547576,0.521118,-0.704956,-0.421509,12.02393,-10.375977,-21.362305,cycling
5547593,0.589478,-0.69751,-0.445679,10.192871,-10.070801,-22.216805,cycling
5547609,0.550781,-0.591187,-0.447144,9.643555,-6.95801,-17.578125,cycling
5547643,0.530396,-0.683838,-0.443848,10.253906,-4.394531,-15.563969,cycling
5547659,0.489624,-0.634155,-0.418945,9.94873,-1.64795,-12.817387,cycling
5547676,0.602661,-0.729248,-0.449341,10.925293,4.02832,-18.493652,cycling
5547693,0.64209,-0.72583,-0.43396,10.498047,3.356935,-17.272949,cycling
5547709,0.540894,-0.803833,-0.457886,9.765625,5.187988,-23.132332,cycling
5547726,0.47644,-0.68457,-0.522339,8.056641,7.507326,-22.27784,cycling
5547743,0.566772,-0.567993,-0.47644,4.943848,10.620117,-17.089844,cycling
5547759,0.459229,-0.582642,-0.443237,10.070801,8.605957,-12.634281,cycling
5547776,0.626099,-0.659546,-0.45166,8.728027,8.728027,-9.460449,cycling
5547793,0.561035,-0.609375,-0.498169,5.187988,11.352543,-5.798342,cycling
5547809,0.466919,-0.60083,-0.491333,5.310059,6.225588,-1.403809,cycling
5547826,0.656494,-0.680054,-0.516602,0.12207,15.808109,-9.338379,cycling
5547843,0.607544,-0.599243,-0.406128,5.004883,9.887695,-10.009766,cycling
5547859,0.625122,-0.627197,-0.450806,4.821777,11.413578,-15.747074,cycling
5547876,0.776611,-0.585571,-0.427124,4.333496,11.413578,-13.488773,cycling
5547893,0.689575,-0.553223,-0.501587,3.479005,4.943848,-11.962894,cycling
5547909,0.690918,-0.54187,-0.518311,4.943848,5.371094,-10.437012,cycling
5547926,0.772949,-0.540771,-0.442871,2.441406,8.911133,-11.962894,cycling
5547943,0.678955,-0.590454,-0.461914,4.760742,5.187988,-14.892582,cycling
5547959,0.772949,-0.486816,-0.484009,-1.464844,3.967286,-12.390141,cycling
5547976,0.692261,-0.424316,-0.437866,-1.89209,4.02832,-11.108402,cycling
5547993,0.673706,-0.476563,-0.506836,0.610352,4.516602,-9.033203,cycling
5548010,0.770386,-0.545776,-0.439087,2.868653,2.929688,-14.28223,cycling
5548026,0.642212,-0.514893,-0.457764,3.66211,0.244141,-11.230473,cycling
5548043,0.660034,-0.552124,-0.487671,2.380371,3.66211,-16.296387,cycling
5548060,0.643677,-0.522705,-0.444336,5.859377,3.356935,-13.122562,cycling
5548076,0.624634,-0.562378,-0.453369,6.225588,4.394531,-12.634281,cycling
5548093,0.604736,-0.615601,-0.457642,6.347658,3.66211,-13.977055,cycling
5548110,0.603149,-0.550781,-0.410767,2.868653,7.507326,-10.864258,cycling
5548126,0.633057,-0.519409,-0.473389,0.915528,12.390141,-6.408693,cycling
5548143,0.603027,-0.520264,-0.429443,3.356935,11.779789,2.563477,cycling
5548160,0.658447,-0.628906,-0.529541,1.281738,9.033203,-1.403809,cycling
5548176,0.647461,-0.531372,-0.477539,2.563477,13.732914,1.831055,cycling
5548193,0.660278,-0.520752,-0.444214,3.967286,13.305668,0.854492,cycling
5548210,0.699463,-0.453613,-0.479004,3.845216,13.977055,2.075195,cycling
5548226,0.749878,-0.53894,-0.548218,2.624512,8.972168,2.197266,cycling
5548243,0.514893,-0.545044,-0.34021,7.995607,4.821777,8.361816,cycling
5548260,0.964478,-0.709717,-0.562378,4.638672,6.530764,-5.249023,cycling
5548276,1.028442,-0.740723,-0.449585,7.019045,9.155273,-6.835939,cycling
5548293,0.701416,-0.720947,-0.45166,5.615236,5.187988,-14.831547,cycling
5548310,0.715698,-0.28125,-0.537842,8.728027,-0.854492,-2.685547,cycling
5548326,1.10022,-0.389526,-0.424561,8.361816,12.329105,-11.413578,cycling
5548343,0.799194,-0.611572,-0.505127,6.164553,-7.934572,-2.441406,cycling
5548360,0.655762,-0.527466,-0.33252,10.314941,-7.629396,0.0,cycling
5548376,0.771362,-0.397949,-0.427734,10.742188,-7.690432,1.403809,cycling
5548393,0.899658,-0.454224,-0.448853,9.58252,-3.601075,-5.493164,cycling
5548410,0.6875,-0.541992,-0.394531,9.277344,-16.235352,5.798342,cycling
5548426,0.739258,-0.509277,-0.471191,4.272461,-4.821777,6.835939,cycling
5548443,0.812134,-0.609741,-0.484619,3.41797,-10.375977,-2.929688,cycling
5548460,0.493286,-0.45166,-0.33606,8.850098,-17.150879,10.009766,cycling
5548476,0.938721,-0.4552,-0.400757,7.141115,-5.371094,-0.061035,cycling
5548493,0.706909,-0.531128,-0.403809,9.94873,-13.549809,-4.821777,cycling
5548510,0.782593,-0.610718,-0.388916,11.840824,-15.197758,1.953125,cycling
5548526,0.708984,-0.463623,-0.342163,13.122562,-11.169437,0.305176,cycling
5548543,0.856812,-0.623047,-0.421265,12.695316,-14.709476,-8.483887,cycling
5548560,0.908447,-0.586426,-0.359375,13.977055,-15.136723,-1.525879,cycling
5548576,0.719116,-0.599731,-0.385376,12.756351,-14.465336,-6.408693,cycling
5548593,0.633057,-0.476807,-0.454468,16.601563,-7.629396,-5.310059,cycling
5548610,0.855347,-0.565186,-0.420532,15.014652,-9.521484,-5.249023,cycling
5548627,0.559326,-0.53772,-0.393066,15.441898,-9.277344,-1.342773,cycling
5548643,0.649658,-0.63501,-0.363037,13.916019,-13.793949,-2.502441,cycling
5548660,0.725098,-0.713745,-0.445068,13.305668,-9.460449,-4.760742,cycling
5548677,0.726563,-0.647461,-0.38916,11.169437,-9.033203,-6.103518,cycling
5548693,0.673828,-0.349854,-0.487061,10.681152,-0.854492,-5.004883,cycling
5548710,0.513184,-0.639648,-0.307373,11.291508,-15.563969,6.225588,cycling
5548727,0.837402,-0.832031,-0.469849,6.164553,-5.249023,-2.258301,cycling
5548743,0.399292,-0.697754,-0.425293,5.554201,-12.084965,7.08008,cycling
5548760,0.546509,-0.469116,-0.484741,3.112794,-6.408693,4.882813,cycling
5548777,0.767578,-0.58374,-0.366455,8.056641,-8.239746,5.859377,cycling
5548793,0.778809,-0.767578,-0.33252,7.507326,-14.343266,9.82666,cycling
5548810,0.681396,-0.872681,-0.419067,5.065918,-7.568361,5.981447,cycling
5548827,0.44104,-0.625366,-0.388306,9.399414,-5.859377,8.056641,cycling
5548843,0.587769,-0.54895,-0.441528,9.338379,-3.41797,7.751467,cycling
5548860,0.66272,-0.451172,-0.536621,4.760742,-6.652834,16.601563,cycling
5548877,0.495239,-0.593994,-0.427856,3.234864,-4.272461,21.66748,cycling
5548893,0.505737,-0.624146,-0.389038,-1.342773,-0.12207,23.010262,cycling
5548910,0.485718,-0.634277,-0.393555,-5.249023,6.225588,22.033691,cycling
5548927,0.565552,-0.683472,-0.537842,-15.808109,11.596684,18.066406,cycling
5548943,0.430542,-0.607544,-0.487061,-23.559578,15.441898,19.165039,cycling
5548960,0.45813,-0.714844,-0.416992,-23.193367,18.737793,13.916019,cycling
5548977,0.582275,-0.717163,-0.42981,-24.16993,20.080566,15.014652,cycling
5548993,0.455811,-0.792358,-0.366821,-22.644051,14.343266,16.662598,cycling
5549010,0.653687,-0.811035,-0.482788,-21.118164,14.892582,9.460449,cycling
5549027,0.577515,-0.824585,-0.483276,-17.578125,14.709476,8.056641,cycling
5549043,0.551758,-0.762939,-0.41687,-12.817387,8.666992,5.615236,cycling
5549060,0.645264,-0.703369,-0.518921,-11.718754,11.840824,5.432129,cycling
5549077,0.695801,-0.540283,-0.506592,-13.366703,8.911133,9.094238,cycling
5549093,0.723633,-0.479126,-0.573975,-11.474613,1.403809,15.502934,cycling
5549110,0.732178,-0.641357,-0.592407,-13.854984,2.441406,15.869144,cycling
5549127,0.635986,-0.651855,-0.462524,-13.183598,1.64795,11.779789,cycling
5549143,0.637817,-0.501709,-0.496094,-12.817387,4.821777,12.207035,cycling
5549160,0.701294,-0.542847,-0.522827,-11.840824,-1.342773,9.521484,cycling
5549177,0.794922,-0.704102,-0.665283,-14.099125,-1.098633,1.89209,cycling
5549194,0.594971,-0.685303,-0.52478,-12.084965,-5.004883,0.793457,cycling
5549210,0.694458,-0.617798,-0.441772,-9.765625,2.13623,-5.187988,cycling
5549227,0.557373,-0.546143,-0.373779,-8.239746,2.746582,-2.807618,cycling
5549244,0.592285,-0.515137,-0.343384,-3.845216,0.183106,-3.234864,cycling
5549260,0.799683,-0.644531,-0.44104,-7.324221,-1.77002,-3.295899,cycling
5549277,0.578735,-0.740967,-0.37793,-8.483887,-4.333496,-4.577637,cycling
5549294,0.685547,-0.604736,-0.387939,-9.338379,-0.305176,-5.615236,cycling
5549310,0.643188,-0.56665,-0.316895,-4.211426,-2.746582,-3.295899,cycling
5549327,0.839111,-0.491699,-0.476685,-2.990724,0.488281,-2.990724,cycling
5549344,0.75293,-0.472168,-0.576416,-0.244141,-2.197266,-6.042482,cycling
5549360,0.611328,-0.349121,-0.515137,0.671387,-10.986328,0.366211,cycling
5549377,0.758057,-0.586914,-0.650391,-0.976563,-2.380371,-5.981447,cycling
5549394,0.390625,-0.533813,-0.435059,2.13623,-7.690432,1.342773,cycling
5549410,0.651611,-0.526245,-0.528931,-4.760742,-2.502441,1.77002,cycling
5549427,0.508667,-0.62439,-0.419556,-0.12207,-6.591799,-0.12207,cycling
5549444,0.545654,-0.676514,-0.462036,-6.286623,-4.211426,0.976563,cycling
5549460,0.656494,-0.699219,-0.460571,-5.371094,0.183106,-8.605957,cycling
5549477,0.558472,-0.658691,-0.370483,-1.77002,1.342773,-3.723145,cycling
5549494,0.69519,-0.717896,-0.488281,-2.01416,5.310059,-8.544922,cycling
5549510,0.628418,-0.555054,-0.527588,3.295899,3.479005,-5.554201,cycling
5549527,0.634033,-0.574219,-0.459961,5.432129,2.13623,-3.41797,cycling
5549544,0.665405,-0.574585,-0.497803,6.774904,0.915528,-4.394531,cycling
5549560,0.786011,-0.482056,-0.542603,3.356935,1.525879,-1.953125,cycling
5549577,0.614136,-0.640869,-0.429199,7.812502,-2.502441,-3.845216,cycling
5549594,0.658203,-0.50354,-0.480469,7.20215,-1.525879,3.112794,cycling
5549610,0.801147,-0.66687,-0.558105,5.737307,1.831055,-6.95801,cycling
5549628,0.567993,-0.74707,-0.381836,11.901859,-7.751467,-8.056641,cycling
5549644,0.695801,-0.4823,-0.335083,15.441898,-5.065918,-4.150391,cycling
5549660,0.591797,-0.415771,-0.291382,24.292,-8.850098,-6.774904,cycling
5549677,0.734863,-0.570313,-0.550537,17.944336,-8.178711,-6.530764,cycling
5549694,0.660767,-0.544189,-0.525757,16.967773,-6.042482,-9.521484,cycling
5549710,0.781372,-0.556885,-0.509033,14.28223,-2.990724,-11.535648,cycling
5549727,0.618652,-0.575928,-0.300781,19.042969,-7.446291,-12.02393,cycling
5549744,0.781128,-0.653564,-0.528687,14.831547,-2.563477,-16.967773,cycling
5549760,0.603149,-0.606812,-0.523804,11.474613,-6.469728,-15.258793,cycling
5549777,0.584106,-0.58606,-0.486328,11.169437,-8.178711,-15.075687,cycling
5549794,0.587769,-0.576294,-0.373901,12.329105,-12.207035,-12.146,cycling
5549811,0.55542,-0.53772,-0.40918,11.779789,-7.812502,-5.432129,cycling
5549827,0.596436,-0.671753,-0.398193,12.634281,-3.784181,-9.460449,cycling
5549844,0.563599,-0.541992,-0.526855,6.164553,-1.464844,-5.249023,cycling
5549861,0.608276,-0.537476,-0.414185,7.019045,1.403809,-4.882813,cycling
5549877,0.578369,-0.590942,-0.430908,4.882813,2.868653,-0.305176,cycling
5549894,0.53833,-0.657227,-0.469116,2.563477,6.042482,3.112794,cycling
5549911,0.677979,-0.730591,-0.592651,-4.943848,9.70459,-3.112794,cycling
5549927,0.461548,-0.646606,-0.375488,0.793457,9.70459,-2.929688,cycling
5549944,0.618164,-0.637207,-0.454834,-2.441406,11.291508,-2.197266,cycling
5549961,0.552612,-0.592407,-0.343994,1.220703,12.939457,4.699707,cycling
5549977,0.60791,-0.698975,-0.433716,-3.173829,17.272949,11.962894,cycling
5549994,0.643921,-0.665405,-0.460449,-5.065918,19.165039,13.366703,cycling
5550011,0.591553,-0.552124,-0.391602,-4.394531,18.981934,12.817387,cycling
5550027,0.591797,-0.64917,-0.486084,-5.187988,19.226074,11.901859,cycling
5550044,0.685425,-0.591431,-0.508301,-6.408693,21.362305,11.840824,cycling
5550061,0.628052,-0.633057,-0.498535,-4.394531,17.700195,10.925293,cycling
5550077,0.58313,-0.668213,-0.53186,-8.117676,17.63916,11.352543,cycling
5550094,0.516846,-0.647705,-0.416016,-5.249023,20.080566,12.573246,cycling
5550111,0.558716,-0.666382,-0.465698,-6.835939,21.484375,16.784668,cycling
5550127,0.47583,-0.734619,-0.462524,-12.084965,21.728516,18.432617,cycling
5550144,0.532837,-0.740723,-0.511841,-13.793949,26.42823,16.174316,cycling
5550161,0.563354,-0.720703,-0.521851,-12.512211,27.893074,13.671879,cycling
5550177,0.585938,-0.724854,-0.530396,-11.413578,27.221687,9.82666,cycling
5550194,0.647339,-0.654541,-0.490234,-6.530764,25.085457,10.375977,cycling
5550211,0.606079,-0.677124,-0.502197,-8.850098,24.658211,11.230473,cycling
5550227,0.487549,-0.569336,-0.413818,-5.554201,22.644051,14.404301,cycling
5550244,0.592773,-0.536133,-0.474365,-9.521484,23.681648,18.005371,cycling
5550261,0.632202,-0.719727,-0.43396,-10.620117,25.390633,13.244633,cycling
5550277,0.661255,-0.593018,-0.497192,-11.779789,24.047859,12.207035,cycling
5550294,0.642822,-0.67041,-0.484863,-13.244633,19.65332,10.559082,cycling
5550311,0.618408,-0.652588,-0.428223,-12.390141,16.174316,9.277344,cycling
5550327,0.862305,-0.743042,-0.491333,-9.399414,16.235352,-0.793457,cycling
5550344,0.856812,-0.561646,-0.5271,-9.82666,11.352543,0.305176,cycling
5550361,0.72937,-0.612427,-0.319336,0.976563,2.502441,-4.02832,cycling
5550378,0.677856,-0.57251,-0.399536,-1.953125,1.159668,2.380371,cycling
5550394,0.762207,-0.773682,-0.304565,-2.685547,-1.525879,-1.525879,cycling
5550411,0.819824,-0.753418,-0.415649,-4.394531,0.793457,-2.441406,cycling
5550428,0.751465,-0.591553,-0.347778,-4.211426,-1.708985,-3.41797,cycling
5550444,0.731812,-0.456787,-0.348389,-0.061035,-6.042482,-4.150391,cycling
5550461,0.694946,-0.444946,-0.38562,-0.366211,-5.737307,0.549316,cycling
5550478,0.729614,-0.630981,-0.360107,-0.366211,-8.911133,-2.624512,cycling
5550494,0.782959,-0.62915,-0.456421,-4.150391,-7.324221,-3.66211,cycling
5550511,0.720093,-0.746704,-0.344238,-2.502441,-8.850098,-10.375977,cycling
5550528,0.619629,-0.553345,-0.31311,-0.854492,-12.878422,-4.638672,cycling
5550544,0.75415,-0.719604,-0.355591,-0.305176,-5.737307,-18.066406,cycling
5550561,0.475342,-0.657715,-0.280762,5.859377,-6.408693,-9.033203,cycling
5550578,0.775635,-0.822266,-0.450195,-0.854492,0.671387,-20.202637,cycling
5550594,0.417114,-0.46875,-0.26001,4.02832,-1.464844,-4.211426,cycling
5550611,0.663574,-0.582886,-0.502075,2.197266,5.004883,-8.666992,cycling
5550628,0.626953,-0.567749,-0.509399,1.831055,7.08008,-1.403809,cycling
5550644,0.559082,-0.589233,-0.52417,-3.845216,10.009766,2.685547,cycling
5550661,0.638062,-0.692383,-0.387329,-1.098633,10.864258,-2.807618,cycling
5550678,0.515869,-0.412354,-0.327271,1.342773,15.93018,6.713869,cycling
5550694,0.504272,-0.479004,-0.370728,3.845216,16.296387,4.882813,cycling
5550711,0.765869,-0.558472,-0.595459,-7.568361,16.357422,3.845216,cycling
5550728,0.665894,-0.752808,-0.55188,-12.207035,18.554688,-2.685547,cycling
5550744,0.791748,-0.633545,-0.494385,-9.70459,17.578125,-1.89209,cycling
5550761,0.60144,-0.408936,-0.37439,-6.164553,15.808109,2.197266,cycling
5550778,0.699097,-0.578613,-0.450928,-7.812502,20.080566,0.244141,cycling
5550794,0.586792,-0.661621,-0.481445,-9.521484,11.901859,6.164553,cycling
5550811,0.771606,-0.606079,-0.567383,-14.831547,22.583015,4.150391,cycling
5550828,0.650635,-0.660034,-0.345093,-6.408693,13.366703,0.976563,cycling
5550844,0.724731,-0.539185,-0.460938,-9.82666,13.854984,8.361816,cycling
5550861,0.635986,-0.659912,-0.345337,-6.835939,13.916019,4.638672,cycling
5550878,0.668091,-0.51001,-0.450317,-7.08008,14.28223,10.437012,cycling
5550894,0.613647,-0.613159,-0.385376,-6.530764,13.305668,8.178711,cycling
5550911,0.578247,-0.595703,-0.38269,-2.807618,8.666992,17.272949,cycling
5550928,0.63916,-0.702271,-0.480957,-8.483887,9.94873,14.16016,cycling
5550944,0.434326,-0.591797,-0.351807,-1.64795,12.573246,21.911621,cycling
5550961,0.612915,-0.536743,-0.446655,-6.225588,15.808109,25.512703,cycling
5550978,0.369873,-0.724854,-0.364502,-1.159668,15.380863,26.062019,cycling
5550995,0.875366,-0.679565,-0.503662,-12.573246,17.089844,19.65332,cycling
5551011,0.60022,-0.74231,-0.331177,-5.798342,16.235352,9.94873,cycling
5551028,0.580933,-0.535889,-0.428711,-0.549316,17.028809,20.751953,cycling
5551045,0.759766,-0.680908,-0.40918,-3.967286,13.732914,14.770512,cycling
5551061,0.6698,-0.622192,-0.632202,-8.544922,17.456055,18.005371,cycling
5551078,0.470459,-0.58728,-0.495605,-8.789063,13.671879,17.578125,cycling
5551095,0.720581,-0.58374,-0.470947,-11.535648,15.808109,15.258793,cycling
5551111,0.615112,-0.646729,-0.284668,-6.713869,9.58252,18.432617,cycling
5551128,0.653931,-0.62561,-0.418823,-11.962894,7.446291,21.728516,cycling
5551145,0.609741,-0.687866,-0.374268,-13.244633,3.356935,15.869144,cycling
5551161,0.570557,-0.698853,-0.365967,-12.817387,4.150391,17.089844,cycling
5551178,0.80542,-0.716553,-0.451904,-15.625004,9.94873,12.329105,cycling
5551195,0.707397,-0.662964,-0.469849,-13.916019,9.643555,11.962894,cycling
5551211,0.717651,-0.612915,-0.548462,-14.648441,7.629396,13.122562,cycling
5551228,0.598999,-0.572021,-0.440674,-15.014652,-0.671387,13.427738,cycling
5551245,0.763672,-0.629639,-0.477661,-18.798828,-1.77002,10.681152,cycling
5551261,0.546875,-0.586914,-0.251587,-6.469728,-5.249023,9.033203,cycling
5551278,0.811646,-0.568848,-0.448853,-10.559082,-9.643555,4.882813,cycling
5551295,0.759155,-0.669189,-0.294189,-2.990724,-6.652834,-1.037598,cycling
5551311,0.619019,-0.600708,-0.412964,-4.333496,-8.483887,3.54004,cycling
5551328,0.682495,-0.683594,-0.37793,-6.896975,-12.634281,3.54004,cycling
5551345,0.763306,-0.59436,-0.44458,-12.695316,-9.277344,2.868653,cycling
5551361,0.703247,-0.565796,-0.315063,-8.361816,-8.178711,3.41797,cycling
5551378,0.684814,-0.572388,-0.433838,-16.113281,-13.488773,7.873537,cycling
5551395,0.679077,-0.622559,-0.423096,-18.676758,-4.821777,8.056641,cycling
5551411,0.51416,-0.459106,-0.331543,-16.784668,-5.004883,12.573246,cycling
5551428,0.555298,-0.704346,-0.332642,-18.127441,-5.615236,15.991215,cycling
5551445,0.618652,-0.72522,-0.494995,-27.404793,-3.906251,18.859863,cycling
5551461,0.737671,-0.96521,-0.542236,-31.005867,1.64795,10.192871,cycling
5551478,0.44458,-0.723877,-0.463989,-20.446777,-6.286623,9.58252,cycling
5551495,0.537964,-0.783691,-0.412964,-16.723633,-9.216309,4.455566,cycling
5551511,0.524902,-0.596313,-0.386108,-3.54004,-8.178711,7.08008,cycling
5551528,0.595215,-0.670044,-0.48938,-2.441406,-10.803223,8.728027,cycling
5551545,0.610229,-0.703613,-0.391602,0.610352,-13.793949,5.615236,cycling
5551562,0.772217,-0.753906,-0.431396,-0.427246,-11.291508,1.159668,cycling
5551578,0.705933,-0.563232,-0.394409,2.502441,-19.042969,1.89209,cycling
5551595,0.796997,-0.636841,-0.52832,-5.432129,-22.52198,2.197266,cycling
5551612,0.619141,-0.467407,-0.457886,-1.586915,-23.132332,6.896975,cycling
5551628,0.931885,-0.72522,-0.554443,-8.666992,-24.963387,-6.042482,cycling
5551645,0.68396,-0.503296,-0.324585,5.615236,-30.517586,-9.277344,cycling
5551662,0.606934,-0.342773,-0.44043,2.868653,-37.719727,0.305176,cycling
5551678,0.673462,-0.609497,-0.349365,10.437012,-36.071777,-12.634281,cycling
5551695,0.569946,-0.500732,-0.48938,1.281738,-37.109375,-5.493164,cycling
5551712,0.706299,-0.615845,-0.342651,4.150391,-38.452148,-12.390141,cycling
5551728,0.64624,-0.515381,-0.378662,4.455566,-34.057617,-6.591799,cycling
5551745,0.616089,-0.669922,-0.255371,6.042482,-33.874512,-7.507326,cycling
5551762,0.524414,-0.657593,-0.330811,5.310059,-29.357918,-5.920412,cycling
5551778,0.62793,-0.660278,-0.442139,-0.244141,-23.864754,-8.605957,cycling
5551795,0.502441,-0.662598,-0.402344,-0.732422,-26.30616,-6.835939,cycling
5551812,0.516968,-0.732056,-0.438354,-0.793457,-20.935059,-6.713869,cycling
5551828,0.545288,-0.712769,-0.451538,0.488281,-17.150879,-8.666992,cycling
5551845,0.512207,-0.705322,-0.477051,-0.793457,-13.183598,-7.812502,cycling
5551862,0.515869,-0.543091,-0.512573,0.549316,-9.765625,-5.615236,cycling
5551878,0.543213,-0.671875,-0.58667,-0.427246,-4.272461,-4.882813,cycling
5551895,0.512817,-0.618408,-0.613037,-4.699707,-4.272461,-2.258301,cycling
5551912,0.630615,-0.600098,-0.545898,1.159668,2.563477,-6.042482,cycling
5551928,0.484619,-0.656982,-0.483032,2.685547,-7.446291,-2.197266,cycling
5551945,0.595581,-0.709595,-0.64917,-2.441406,-4.760742,-3.051759,cycling
5551962,0.581909,-0.690063,-0.57019,-1.89209,-5.187988,-6.225588,cycling
5551978,0.532959,-0.532959,-0.365356,5.737307,-10.131836,-3.54004,cycling
5551995,0.724609,-0.717773,-0.438354,9.460449,-8.850098,-7.141115,cycling
5552012,0.863281,-0.800049,-0.575806,3.906251,-5.065918,-13.610844,cycling
5552028,0.525269,-0.583374,-0.442993,12.329105,-13.610844,-7.690432,cycling
5552045,0.751831,-0.447998,-0.423706,14.770512,-20.202637,-6.286623,cycling
5552062,0.744385,-0.562378,-0.652466,6.835939,-19.226074,-9.216309,cycling
5552078,0.421753,-0.533081,-0.479858,17.39502,-30.21241,-3.54004,cycling
5552095,0.81543,-0.521118,-0.584351,8.178711,-26.489265,-7.568361,cycling
5552112,0.707886,-0.712402,-0.511353,6.347658,-20.446777,-14.648441,cycling
5552128,0.624512,-0.690796,-0.450806,10.803223,-27.526863,-17.150879,cycling
5552145,0.728271,-0.624756,-0.478271,9.765625,-23.376472,-20.874023,cycling
5552162,0.697266,-0.440918,-0.486816,11.962894,-14.831547,-20.996094,cycling
5552179,0.714966,-0.702881,-0.510742,14.953617,-14.770512,-26.916512,cycling
5552195,0.791138,-0.744263,-0.626343,3.295899,-14.465336,-19.287109,cycling
5552212,0.607422,-0.621216,-0.643555,0.061035,-9.94873,-21.118164,cycling
5552229,0.547974,-0.463867,-0.452393,8.850098,-9.277344,-15.93018,cycling
5552245,0.627319,-0.572998,-0.384521,11.535648,-16.601563,-15.747074,cycling
5552262,0.410645,-0.504272,-0.399414,8.850098,-15.502934,-0.793457,cycling
5552279,0.79541,-0.7052,-0.684082,-3.845216,-6.835939,-13.977055,cycling
5552295,0.434082,-0.544067,-0.512451,7.812502,-10.925293,-14.343266,cycling
5552312,0.705566,-0.513428,-0.577637,0.12207,-11.962894,-7.629396,cycling
5552329,0.762695,-0.81958,-0.602051,-5.432129,-9.094238,-11.657719,cycling
5552345,0.442383,-0.499146,-0.403931,7.08008,-7.568361,-8.117676,cycling
5552362,0.625488,-0.455444,-0.443604,3.784181,-12.084965,-5.004883,cycling
5552379,0.56189,-0.601685,-0.441528,0.183106,-10.253906,0.854492,cycling
5552395,0.795166,-0.666504,-0.53479,1.098633,2.502441,-9.82666,cycling
5552412,0.663574,-0.714722,-0.501221,7.629396,-7.019045,-15.380863,cycling
5552429,0.807129,-0.697632,-0.598877,0.915528,-5.920412,-17.456055,cycling
5552445,0.658569,-0.466431,-0.422607,12.512211,-14.465336,-15.075687,cycling
5552462,0.822021,-0.554688,-0.499146,9.94873,-15.869144,-14.892582,cycling
5552479,0.718262,-0.515747,-0.46106,14.648441,-17.39502,-12.878422,cycling
5552495,0.786621,-0.508301,-0.603271,8.056641,-20.568848,-10.742188,cycling
5552512,0.962158,-0.757446,-0.720459,2.502441,-21.240234,-18.249512,cycling
5552529,0.725952,-0.642822,-0.502441,4.272461,-31.494148,-14.404301,cycling
5552545,0.768677,-0.672363,-0.411377,12.329105,-19.958496,-27.526863,cycling
5552562,0.675415,-0.602295,-0.245117,28.747566,-28.808601,-24.353035,cycling
5552579,0.588013,-0.630615,-0.29187,31.494148,-35.217285,-16.418457,cycling
5552595,0.728271,-0.610107,-0.430664,24.16993,-24.108894,-18.737793,cycling
5552612,0.330322,-0.661499,-0.290039,29.113777,-35.400391,-14.953617,cycling
5552629,0.629395,-0.437866,-0.381348,21.911621,-33.38623,-7.141115,cycling
5552645,0.562866,-0.530518,-0.355957,24.719246,-32.226563,-10.192871,cycling
5552662,0.428589,-0.612427,-0.404297,19.348145,-29.541023,-6.713869,cycling
5552679,0.510498,-0.499512,-0.511597,7.934572,-13.671879,-7.019045,cycling
5552695,0.566528,-0.698608,-0.446533,9.033203,-12.451176,-16.784668,cycling
5552712,0.485352,-0.667236,-0.480713,9.643555,-14.343266,-13.244633,cycling
5552729,0.546631,-0.852417,-0.535645,3.601075,-6.95801,-20.019531,cycling
5552746,0.368896,-0.714966,-0.408691,7.507326,-11.169437,-15.625004,cycling
5552762,0.538452,-0.748169,-0.500244,5.798342,0.12207,-19.40918,cycling
5552779,0.47937,-0.617554,-0.497314,13.244633,-5.920412,-14.099125,cycling
5552796,0.619751,-0.855225,-0.710205,8.544922,-2.685547,-17.700195,cycling
5552812,0.417358,-0.632202,-0.582153,8.605957,-5.859377,-9.338379,cycling
5552829,0.403442,-0.618042,-0.535156,12.146,-2.990724,-9.643555,cycling
5552846,0.47876,-0.536987,-0.322632,19.226074,-3.051759,2.075195,cycling
5552862,0.778198,-0.817139,-0.820923,2.075195,6.225588,-6.774904,cycling
5552879,0.547119,-0.860107,-0.586304,4.821777,3.784181,-7.507326,cycling
5552896,0.536377,-0.289673,-0.400269,19.836426,0.183106,-1.159668,cycling
5552912,0.86731,-0.656494,-0.503296,12.26807,-3.723145,-6.95801,cycling
5552929,0.635742,-0.801514,-0.623413,7.873537,4.638672,-11.230473,cycling
5552946,0.721558,-0.488647,-0.592163,14.221195,1.64795,-7.751467,cycling
5552962,0.884521,-0.513184,-0.518677,15.380863,-11.657719,-12.146,cycling
5552979,0.788208,-0.671387,-0.513184,19.226074,-11.352543,-16.845703,cycling
5552996,0.859619,-0.642456,-0.559326,14.465336,-13.000492,-21.850586,cycling
5553012,0.704712,-0.386841,-0.609009,14.099125,-13.488773,-19.287109,cycling
5553029,0.684448,-0.455078,-0.346191,20.385742,-17.211914,-17.822266,cycling
5553046,0.563354,-0.646973,-0.392334,12.939457,-18.981934,-16.357422,cycling
5553062,0.606934,-0.882813,-0.39502,8.850098,-5.615236,-26.367195,cycling
5553079,0.600342,-0.651978,-0.48584,3.112794,-8.483887,-26.855476,cycling
5553096,0.538452,-0.458374,-0.342163,7.08008,-4.211426,-19.897461,cycling
5553112,0.493042,-0.425781,-0.352173,13.244633,-7.324221,-16.113281,cycling
5553129,0.265503,-0.429565,-0.400879,7.446291,-2.990724,-0.915528,cycling
5553146,0.645874,-0.479492,-0.546265,-1.403809,11.291508,-7.263186,cycling
5553162,0.452881,-0.681274,-0.384033,10.864258,-0.549316,-18.005371,cycling
5553179,0.590698,-0.658203,-0.709229,-7.568361,11.108402,-1.586915,cycling
5553196,0.729614,-0.658569,-0.754395,-1.708985,17.63916,-10.375977,cycling
5553212,0.373779,-0.703735,-0.361938,9.155273,3.723145,-1.586915,cycling
5553229,0.630127,-0.831665,-0.464844,6.652834,9.521484,-12.02393,cycling
5553246,0.475098,-0.531006,-0.484497,10.131836,3.051759,-5.371094,cycling
5553262,0.834595,-0.583618,-0.654785,6.652834,6.530764,-8.911133,cycling
5553279,0.579956,-0.424316,-0.547363,10.009766,-4.638672,7.629396,cycling
5553296,0.801514,-0.653931,-0.756104,0.0,2.868653,1.281738,cycling
5553312,0.442627,-0.713867,-0.294678,14.770512,-0.305176,-0.061035,cycling
5553329,0.546021,-0.585449,-0.372314,15.319828,-5.493164,5.004883,cycling
5553346,0.567261,-0.653442,-0.414917,11.352543,-1.342773,5.310059,cycling
5553363,0.572754,-0.79541,-0.495483,10.559082,-2.13623,0.305176,cycling
5553379,0.601807,-0.738647,-0.474609,9.094238,-7.995607,-3.66211,cycling
5553396,0.445923,-0.675903,-0.32019,13.916019,-5.798342,-4.577637,cycling
5553413,0.598633,-0.618408,-0.486206,12.02393,-5.004883,-0.915528,cycling
5553429,0.671631,-0.746216,-0.56604,9.399414,3.479005,-0.854492,cycling
5553446,0.478271,-0.730591,-0.521851,6.164553,-0.610352,-0.305176,cycling
5553463,0.549194,-0.738281,-0.439087,5.249023,2.685547,-0.732422,cycling
5553479,0.557861,-0.690186,-0.443848,1.464844,0.244141,3.54004,cycling
5553496,0.481567,-0.637939,-0.414917,-2.441406,9.82666,10.437012,cycling
5553513,0.54126,-0.557495,-0.475952,-2.868653,9.338379,11.779789,cycling
5553529,0.280029,-0.294922,-0.468384,-3.66211,11.291508,27.343758,cycling
5553546,0.907593,-0.977417,-0.826172,-20.751953,20.324707,9.765625,cycling
5553563,0.466431,-0.732056,-0.569702,-11.901859,22.583015,0.610352,cycling
5553613,0.243652,-0.665771,-0.414307,-4.821777,13.305668,7.141115,cycling
5553629,0.778198,-0.671997,-0.696533,-18.981934,22.033691,7.385256,cycling
5553646,0.62207,-0.167725,-0.151855,3.723145,9.033203,7.263186,cycling
5553663,0.800903,-0.753906,-0.431274,5.310059,6.774904,4.333496,cycling
5553679,0.793701,-0.637939,-0.79895,-7.995607,1.77002,-2.502441,cycling
5553696,0.813354,-0.49939,-0.685791,-3.967286,-2.319336,-7.934572,cycling
5553713,0.955078,-0.566406,-0.476563,-1.098633,-16.662598,-15.075687,cycling
5553729,0.690796,-0.487671,-0.421875,-0.061035,-26.062019,-11.657719,cycling
5553746,0.749023,-0.540405,-0.368896,4.516602,-21.118164,-17.456055,cycling
5553763,0.649048,-0.45105,-0.300781,6.896975,-34.240723,-13.244633,cycling
5553779,0.755249,-0.705322,-0.484131,0.0,-36.376953,-15.014652,cycling
5553796,0.657959,-0.669922,-0.335205,4.516602,-31.921394,-23.681648,cycling
5553813,0.802124,-0.774292,-0.343628,5.371094,-39.306641,-21.42334,cycling
5553829,0.741699,-0.537476,-0.317261,13.000492,-32.104492,-21.118164,cycling
5553846,0.762573,-0.693604,-0.377441,20.751953,-30.09034,-27.893074,cycling
5553863,0.679688,-0.516602,-0.454102,13.305668,-36.987305,-15.563969,cycling
5553879,0.58667,-0.505859,-0.330444,17.76123,-30.33448,-17.150879,cycling
5553896,0.594971,-0.835449,-0.41394,17.456055,-29.296883,-17.578125,cycling
5553913,0.687866,-0.829346,-0.627441,-0.366211,-16.357422,-18.798828,cycling
5553929,0.349731,-0.615845,-0.325806,13.000492,-16.418457,-16.662598,cycling
5553946,0.532837,-0.731567,-0.411377,15.380863,-20.263672,-14.953617,cycling
5553963,0.328125,-0.688965,-0.529419,11.718754,-11.962894,-11.047363,cycling
5553980,0.379761,-0.746216,-0.487183,12.817387,-4.760742,-17.272949,cycling
5553996,0.557495,-0.575806,-0.573853,9.887695,-7.385256,-17.150879,cycling
5554013,0.518555,-0.570313,-0.553955,13.061527,-0.549316,-13.122562,cycling
5554030,0.605103,-0.557617,-0.595459,7.568361,1.159668,-8.117676,cycling
5554046,0.407593,-0.697754,-0.483398,5.187988,8.666992,-3.112794,cycling
5554063,0.546021,-0.626831,-0.561157,0.976563,16.418457,-6.530764,cycling
5554080,0.410522,-0.765625,-0.421387,4.577637,3.967286,-7.141115,cycling
5554096,0.569458,-0.786743,-0.452271,0.610352,14.221195,-5.126953,cycling
5554113,0.724731,-0.803833,-0.493408,3.906251,14.709476,-15.502934,cycling
5554130,0.471436,-0.4104,-0.384155,13.977055,11.230473,-5.310059,cycling
5554146,0.651978,-0.493774,-0.488892,13.183598,10.681152,-7.751467,cycling
5554163,0.629761,-0.598511,-0.624512,8.117676,8.666992,-3.66211,cycling
5554196,0.596436,-0.47583,-0.562866,3.051759,-1.525879,8.056641,cycling
5554213,0.355835,-0.545288,-0.395264,9.338379,-5.126953,10.070801,cycling
5554230,0.561646,-0.545044,-0.472046,-0.244141,4.272461,10.192871,cycling
5554246,0.581055,-0.653564,-0.607422,-3.845216,9.643555,5.859377,cycling
5554263,0.568359,-0.678467,-0.570923,-0.732422,7.873537,5.126953,cycling
5554280,0.752563,-0.505493,-0.643555,-4.150391,7.934572,-2.319336,cycling
5554296,0.671631,-0.587891,-0.572754,4.272461,11.474613,-14.770512,cycling
5554313,0.804077,-0.524414,-0.572876,11.047363,6.95801,-14.526371,cycling
5554330,0.830566,-0.550171,-0.637573,8.605957,-2.746582,-11.169437,cycling
5554346,0.659424,-0.533936,-0.608398,3.295899,-5.615236,-1.89209,cycling
5554363,0.635254,-0.65271,-0.268555,7.751467,-6.713869,-3.295899,cycling
5554380,0.736694,-0.713623,-0.278198,8.300781,-5.920412,-6.469728,cycling
5554396,0.69458,-0.667847,-0.364258,6.774904,-5.310059,-6.042482,cycling
5554413,0.643555,-0.652344,-0.498901,0.732422,-2.563477,-4.455566,cycling
5554430,0.649048,-0.581299,-0.442261,0.976563,-3.845216,-4.943848,cycling
5554446,0.696289,-0.525024,-0.374878,7.20215,-2.624512,-8.056641,cycling
5554463,0.513184,-0.671387,-0.465454,3.66211,-7.20215,-1.281738,cycling
5554480,0.680054,-0.37439,-0.599365,0.732422,1.464844,-0.305176,cycling
5554496,0.509521,-0.318115,-0.336182,10.070801,-3.906251,0.915528,cycling
5554513,0.697632,-0.733765,-0.538818,1.220703,-1.159668,1.098633,cycling
5554530,0.743286,-0.817993,-0.559204,-4.02832,1.220703,-6.713869,cycling
5554547,0.781006,-0.664917,-0.50061,-1.159668,-0.793457,-5.126953,cycling
5554563,0.647949,-0.615112,-0.340698,6.835939,-5.249023,-8.789063,cycling
5554580,0.571777,-0.430664,-0.509277,5.432129,-1.037598,-2.563477,cycling
5554597,0.699219,-0.51709,-0.417236,6.95801,-1.89209,-2.13623,cycling
5554613,0.676514,-0.531006,-0.440063,5.371094,-8.239746,5.798342,cycling
5554630,0.650513,-0.797485,-0.520264,-0.549316,-1.708985,-1.281738,cycling
5554647,0.677246,-0.642822,-0.431396,1.831055,0.549316,-10.742188,cycling
5554663,0.644531,-0.588135,-0.354248,6.652834,-1.64795,-15.686039,cycling
5554680,0.594727,-0.681519,-0.363159,13.854984,-5.432129,-16.357422,cycling
5554697,0.736694,-0.628418,-0.647705,9.82666,-3.784181,-16.723633,cycling
5554713,0.727051,-0.633179,-0.572266,10.559082,-7.934572,-23.864754,cycling
5554730,0.573242,-0.44873,-0.390137,13.366703,-18.127441,-9.155273,cycling
5554747,0.611572,-0.447021,-0.337646,15.197758,-17.822266,-1.403809,cycling
5554763,0.601685,-0.866455,-0.360718,8.544922,-6.103518,-4.089355,cycling
5554780,0.59314,-0.818115,-0.512939,0.793457,-5.371094,-0.610352,cycling
5554797,0.725952,-0.6604,-0.479858,2.075195,3.967286,-8.605957,cycling
5554813,0.476929,-0.668213,-0.378662,8.728027,-4.272461,-4.760742,cycling
5554830,0.557129,-0.657837,-0.493164,7.934572,1.098633,-7.873537,cycling
5554847,0.548462,-0.486816,-0.488892,10.986328,3.295899,-2.624512,cycling
5554863,0.684937,-0.664063,-0.661743,4.516602,7.20215,-4.150391,cycling
5554880,0.4823,-0.68811,-0.533569,1.708985,4.211426,-0.427246,cycling
5554897,0.566162,-0.633911,-0.563843,1.464844,10.314941,-3.723145,cycling
5554913,0.573242,-0.620483,-0.321533,8.422852,2.990724,-2.197266,cycling
5554930,0.581055,-0.717773,-0.533936,1.708985,6.652834,0.0,cycling
5554947,0.65564,-0.594116,-0.546387,-1.953125,12.939457,-3.906251,cycling
5554963,0.563354,-0.555054,-0.461426,0.244141,8.789063,0.671387,cycling
5554980,0.707764,-0.593994,-0.45459,-2.258301,12.817387,2.746582,cycling
5554997,0.789429,-0.722656,-0.607422,-6.896975,18.920898,-1.281738,cycling
5555013,0.593262,-0.59082,-0.610107,-4.699707,16.418457,0.854492,cycling
5555030,0.736328,-0.496704,-0.506104,-0.12207,16.235352,-2.441406,cycling
5555047,0.770386,-0.574219,-0.674072,-4.02832,11.352543,-0.061035,cycling
5555063,0.585449,-0.601074,-0.540894,-3.295899,7.751467,-1.220703,cycling
5555080,0.682983,-0.423218,-0.553223,-0.854492,10.681152,0.732422,cycling
5555097,0.661377,-0.483398,-0.273682,5.920412,1.098633,-3.845216,cycling
5555113,0.659546,-0.484741,-0.408325,3.173829,6.652834,3.234864,cycling
5555130,0.738281,-0.638306,-0.411011,1.220703,11.169437,0.427246,cycling
5555147,0.557861,-0.405762,-0.524536,-4.272461,11.901859,11.047363,cycling
5555164,0.676025,-0.554932,-0.524902,-11.718754,12.573246,8.056641,cycling
5555180,0.662842,-0.586548,-0.397461,-7.019045,9.033203,9.94873,cycling
5555197,0.837524,-0.613647,-0.551758,-15.441898,6.530764,1.708985,cycling
5555214,0.641846,-0.466431,-0.469971,-7.08008,7.812502,-0.305176,cycling
5555230,0.762695,-0.762817,-0.39917,0.061035,5.126953,-2.929688,cycling
5555247,0.881836,-0.780029,-0.608521,-10.803223,3.051759,-1.525879,cycling
5555264,0.597046,-0.559814,-0.344971,2.441406,4.760742,-4.882813,cycling
5555280,0.620972,-0.61377,-0.303955,10.498047,-1.953125,-0.061035,cycling
5555297,0.879761,-0.890137,-0.567505,-4.882813,3.784181,1.586915,cycling
5555314,0.505249,-0.649536,-0.459961,-4.211426,5.004883,3.967286,cycling
5555330,0.561035,-0.450439,-0.245361,8.972168,-2.990724,10.620117,cycling
5555347,0.651855,-1.031128,-0.616699,-3.784181,0.366211,8.911133,cycling
5555364,0.555054,-0.88855,-0.56543,-4.455566,-1.098633,8.544922,cycling
5555380,0.613403,-0.396118,-0.403442,3.051759,-0.976563,8.117676,cycling
5555397,0.611938,-0.765747,-0.380371,8.544922,-5.920412,7.141115,cycling
5555414,0.452759,-0.815674,-0.502075,7.446291,-7.263186,11.596684,cycling
5555430,0.702148,-0.642822,-0.608398,0.793457,-1.098633,8.300781,cycling
5555447,0.560669,-0.438843,-0.400146,3.601075,-5.249023,14.03809,cycling
5555464,0.627686,-0.700684,-0.512817,-2.502441,-0.610352,16.418457,cycling
5555480,0.584106,-0.775757,-0.549927,-9.155273,-0.793457,15.93018,cycling
5555497,0.673462,-0.615356,-0.592163,-14.709476,6.652834,11.352543,cycling
5555514,0.601196,-0.536255,-0.271362,-5.493164,4.638672,8.605957,cycling
5555530,0.697632,-0.706055,-0.45166,-10.253906,4.455566,9.521484,cycling
5555547,0.588745,-0.670288,-0.386475,-10.192871,9.399414,7.324221,cycling
5555564,1.050415,-0.841187,-0.702515,-14.587406,12.756351,-5.737307,cycling
5555580,0.384399,-0.436157,-0.284058,-5.249023,-0.305176,4.943848,cycling
5555597,0.765747,-0.499756,-0.462158,-9.277344,7.141115,3.051759,cycling
5555614,0.558594,-0.522339,-0.323608,-3.479005,0.366211,9.58252,cycling
5555630,0.527466,-0.564819,-0.631592,-16.113281,-0.366211,14.953617,cycling
5555647,0.612061,-0.49353,-0.390137,-8.850098,2.01416,8.483887,cycling
5555664,0.641357,-0.496704,-0.304199,-5.981447,-3.66211,8.666992,cycling
5555680,0.726196,-0.641113,-0.390625,-6.652834,-5.493164,5.981447,cycling
5555697,0.718628,-0.556885,-0.585938,-11.657719,-7.20215,3.906251,cycling
5555714,0.61853,-0.616455,-0.420044,-6.408693,-12.756351,-1.159668,cycling
5555731,0.739502,-0.504395,-0.563599,-8.544922,-17.700195,-2.441406,cycling
5555747,0.800537,-0.658447,-0.421631,-2.380371,-21.728516,-8.361816,cycling
5555764,0.662476,-0.70874,-0.422119,-2.380371,-25.329597,-6.286623,cycling
5555781,0.707886,-0.715454,-0.388672,2.502441,-19.897461,-12.26807,cycling
5555797,0.811035,-0.634277,-0.444336,4.394531,-20.507813,-18.066406,cycling
5555814,0.592041,-0.542358,-0.359009,6.896975,-29.235847,-12.084965,cycling
5555831,0.609009,-0.420776,-0.386719,8.789063,-23.925789,-5.004883,cycling
5555847,0.680786,-0.743652,-0.364746,8.483887,-21.728516,-7.08008,cycling
5555864,0.485596,-0.55188,-0.406982,2.746582,-18.005371,-0.854492,cycling
5555881,0.641602,-0.699585,-0.381226,1.037598,-16.662598,-5.615236,cycling
5555897,0.75415,-0.782349,-0.525635,-5.126953,-13.122562,-9.338379,cycling
5555914,0.481812,-0.563721,-0.428955,3.906251,-13.366703,-8.178711,cycling
5555931,0.587158,-0.487061,-0.464233,7.385256,-17.822266,-5.310059,cycling
5555947,0.801392,-0.691772,-0.574097,9.216309,-18.310547,-12.02393,cycling
5555964,0.773193,-0.82605,-0.372559,16.784668,-23.620613,-22.888191,cycling
5555981,0.559692,-0.232178,-0.379517,23.071297,-34.790039,-5.859377,cycling
5555997,0.675293,-0.247559,-0.36499,29.113777,-30.639656,-8.056641,cycling
5556014,0.617188,-0.357666,-0.40564,25.146492,-39.123535,1.159668,cycling
5556031,0.490479,-0.420166,-0.487915,11.047363,-31.127937,1.831055,cycling
5556047,0.473877,-0.609253,-0.458252,8.789063,-25.634773,-5.859377,cycling
5556064,0.55542,-0.610474,-0.438965,-6.530764,-22.888191,-7.20215,cycling
5556081,0.551392,-0.801147,-0.361572,-4.272461,-15.441898,-15.319828,cycling
5556097,0.635498,-0.730347,-0.418579,-0.549316,-10.314941,-19.165039,cycling
5556114,0.594849,-0.770508,-0.442017,0.488281,-10.192871,-22.155769,cycling
5556131,0.432373,-0.520264,-0.392822,5.371094,-6.774904,-10.437012,cycling
5556147,0.793701,-0.708496,-0.665894,0.366211,0.488281,-16.357422,cycling
5556164,0.547119,-0.552246,-0.508423,6.713869,-8.361816,-2.319336,cycling
5556181,0.896484,-0.925537,-0.718994,-4.394531,2.380371,-20.385742,cycling
5556197,0.511353,-0.4021,-0.365356,17.089844,-8.850098,-10.742188,cycling
5556214,0.649658,-0.502441,-0.52356,13.793949,-9.399414,-8.972168,cycling
5556231,0.572266,-0.662231,-0.602539,8.850098,-11.230473,-13.977055,cycling
5556247,0.612427,-0.411865,-0.430908,13.793949,-6.408693,-7.141115,cycling
5556264,0.684082,-0.582886,-0.548218,2.746582,-15.747074,-7.446291,cycling
5556281,0.384644,-0.669434,-0.393188,6.591799,-15.93018,-3.173829,cycling
5556297,0.56604,-0.415527,-0.423828,4.455566,-7.446291,0.244141,cycling
5556314,0.760864,-0.704468,-0.519653,4.760742,-2.868653,-10.498047,cycling
5556331,0.586426,-0.672974,-0.512695,2.258301,-6.713869,-15.808109,cycling
5556348,0.504395,-0.371826,-0.487793,-0.061035,-11.596684,-7.385256,cycling
5556364,0.789063,-0.43689,-0.497192,6.530764,-10.070801,-8.666992,cycling
5556381,0.661499,-0.714111,-0.501343,6.225588,-13.061527,-2.01416,cycling
5556398,0.979736,-0.750122,-0.809814,-7.324221,-3.356935,1.098633,cycling
5556414,0.785767,-0.612915,-0.555054,0.183106,-12.207035,-2.01416,cycling
5556431,0.586792,-0.557251,-0.401855,7.385256,-20.751953,0.366211,cycling
5556448,0.641357,-0.671875,-0.43103,8.911133,-21.606445,1.586915,cycling
5556464,0.540771,-0.58728,-0.520264,11.291508,-21.118164,-1.77002,cycling
5556481,0.420166,-0.552246,-0.362549,10.437012,-20.324707,0.12207,cycling
5556498,0.624268,-0.535767,-0.294189,10.192871,-15.380863,1.525879,cycling
5556514,0.643433,-0.722534,-0.352661,9.765625,-12.939457,3.051759,cycling
5556531,0.656982,-0.743652,-0.537354,4.150391,-6.652834,1.831055,cycling
5556548,0.697021,-0.51062,-0.504883,11.901859,-8.361816,-10.742188,cycling
5556564,0.58313,-0.471069,-0.291504,19.470215,-18.493652,-10.925293,cycling
5556581,0.785645,-0.730103,-0.561646,16.723633,-14.648441,-12.939457,cycling
5556598,0.82251,-0.56311,-0.524658,20.996094,-16.296387,-16.113281,cycling
5556614,0.63855,-0.508301,-0.421509,27.038582,-23.498543,-21.789551,cycling
5556631,0.752319,-0.634033,-0.501587,23.742683,-26.062019,-22.583015,cycling
5556648,0.786987,-0.603882,-0.475464,22.460945,-29.418953,-25.329597,cycling
5556664,0.954834,-0.621582,-0.530396,18.920898,-27.587898,-33.691406,cycling
5556681,0.648193,-0.488159,-0.401001,23.864754,-34.973145,-30.883797,cycling
5556698,0.687256,-0.56897,-0.345093,24.597176,-30.21241,-32.226563,cycling
5556714,0.706055,-0.526733,-0.334106,22.644051,-28.44239,-25.207527,cycling
5556731,0.576904,-0.648071,-0.380859,19.104004,-18.493652,-21.118164,cycling
5556748,0.66687,-0.737671,-0.414551,16.540527,-19.165039,-25.878914,cycling
5556764,0.468384,-0.702637,-0.473633,11.291508,-14.404301,-25.451668,cycling
5556781,0.473633,-0.661011,-0.363892,14.465336,-14.831547,-26.30616,cycling
5556798,0.615112,-0.70874,-0.528931,12.573246,-5.432129,-31.98243,cycling
5556814,0.520752,-0.834595,-0.449097,19.775391,-7.141115,-35.339355,cycling
5556831,0.355591,-0.440674,-0.428711,25.085457,-3.845216,-21.66748,cycling
5556848,0.575317,-0.576538,-0.583008,13.000492,1.708985,-18.066406,cycling
5556864,0.461426,-0.661255,-0.483032,17.089844,1.037598,-20.996094,cycling
5556881,0.557251,-0.650269,-0.582275,11.962894,5.310059,-20.080566,cycling
5556898,0.469238,-0.572632,-0.557251,8.972168,5.126953,-13.732914,cycling
5556915,0.55603,-0.666992,-0.503906,10.437012,8.300781,-20.446777,cycling
5556931,0.604248,-0.570313,-0.401489,15.380863,6.591799,-18.676758,cycling
5556948,0.555054,-0.559692,-0.558594,11.535648,12.573246,-13.244633,cycling
5556965,0.650024,-0.522339,-0.572021,6.835939,13.671879,-11.718754,cycling
5556981,0.57312,-0.542969,-0.537109,9.765625,12.390141,-12.329105,cycling
5556998,0.457153,-0.503052,-0.466797,9.094238,8.789063,-3.356935,cycling
5557015,0.693237,-0.684326,-0.539429,5.676271,11.779789,-5.432129,cycling
5557031,0.745728,-0.720825,-0.533447,6.347658,10.192871,-8.361816,cycling
5557048,0.553223,-0.528442,-0.427246,10.498047,5.554201,-6.164553,cycling
5557065,0.569458,-0.432983,-0.458496,15.075687,5.004883,-4.211426,cycling
5557081,0.571899,-0.508423,-0.408691,14.953617,7.995607,-6.347658,cycling
5557098,0.75,-0.685303,-0.648926,9.033203,10.925293,-8.422852,cycling
5557115,0.433228,-0.537109,-0.486938,10.559082,6.103518,-1.220703,cycling
5557131,0.700195,-0.709839,-0.439819,8.361816,6.469728,-4.699707,cycling
5557148,0.688477,-0.703125,-0.569702,3.906251,10.437012,-5.737307,cycling
5557165,0.418945,-0.707031,-0.392456,10.070801,13.122562,-3.66211,cycling
5557181,0.706665,-0.597534,-0.486938,10.803223,13.732914,-6.408693,cycling
5557198,0.484619,-0.56665,-0.473755,6.347658,15.747074,-1.586915,cycling
5557215,0.53418,-0.742432,-0.514038,5.310059,23.803719,-2.685547,cycling
5557231,0.374023,-0.716675,-0.486328,-0.488281,22.338875,7.263186,cycling
5557248,0.438965,-0.693726,-0.474365,2.929688,33.081055,20.507813,cycling
5557265,0.61145,-0.757324,-0.5625,0.244141,38.513184,15.380863,cycling
5557281,0.426025,-0.922363,-0.480835,1.281738,38.146973,16.967773,cycling
5557298,0.353027,-0.575806,-0.380371,9.521484,37.414551,27.404793,cycling
5557315,0.783569,-0.743652,-0.634766,3.906251,43.457031,21.66748,cycling
5557331,0.408691,-0.854614,-0.453735,5.798342,36.92627,22.460945,cycling
5557348,0.735962,-0.679688,-0.772583,-1.342773,33.447266,16.113281,cycling
5557365,0.545532,-0.52356,-0.494141,1.403809,30.700691,18.737793,cycling
5557381,0.675659,-0.55188,-0.549805,-3.601075,28.44239,19.470215,cycling
5557398,0.790039,-0.674805,-0.439453,-6.652834,28.808601,17.63916,cycling
5557415,0.663452,-0.61731,-0.453979,-8.850098,26.489265,15.563969,cycling
5557431,0.8479,-0.558594,-0.64563,-18.981934,29.602058,13.793949,cycling
5557448,0.775146,-0.455811,-0.339111,-13.244633,18.188477,7.812502,cycling
5557465,0.640991,-0.635742,-0.388306,-13.977055,17.028809,9.887695,cycling
5557481,0.609741,-0.54895,-0.471558,-20.568848,14.221195,8.850098,cycling
5557498,0.677368,-0.461548,-0.283203,-13.305668,20.324707,1.77002,cycling
5557515,0.559814,-0.495972,-0.22229,-8.239746,18.249512,6.469728,cycling
5557532,0.632813,-0.690918,-0.574829,-23.742683,17.51709,8.239746,cycling
5557548,0.598145,-0.679688,-0.521484,-24.597176,20.629883,7.263186,cycling
5557565,0.62854,-0.765137,-0.481445,-24.353035,21.179199,5.371094,cycling
5557582,0.411987,-0.697998,-0.197632,-11.169437,12.329105,4.577637,cycling
5557598,0.631836,-0.647461,-0.467896,-11.840824,13.244633,7.934572,cycling
5557615,0.649658,-0.741211,-0.371948,-7.263186,13.916019,5.432129,cycling
5557632,0.715942,-0.788452,-0.515991,-10.131836,9.399414,5.065918,cycling
5557648,0.544434,-0.630127,-0.58667,-14.28223,8.728027,7.141115,cycling
5557665,0.567505,-0.633911,-0.362915,-8.666992,6.347658,4.516602,cycling
5557682,0.55249,-0.719116,-0.471924,-10.620117,4.821777,9.216309,cycling
5557698,0.574219,-0.801514,-0.560913,-13.427738,5.126953,8.056641,cycling
5557715,0.660522,-0.815186,-0.549927,-15.380863,0.976563,4.821777,cycling
5557732,0.480591,-0.500244,-0.192871,-0.244141,-3.051759,6.225588,cycling
5557748,0.68811,-0.534912,-0.207764,0.854492,-1.342773,7.934572,cycling
5557765,0.60376,-0.466187,-0.149292,7.995607,2.075195,13.549809,cycling
5557782,0.675903,-0.525635,-0.438721,-0.305176,7.568361,17.944336,cycling
5557798,0.75354,-0.641602,-0.751709,-20.080566,4.577637,12.756351,cycling
5557815,1.005249,-0.783325,-0.881958,-30.029305,3.723145,-1.342773,cycling
5557832,0.746948,-0.525757,-0.6875,-19.958496,-12.756351,-0.305176,cycling
5557848,0.727661,-0.472046,-0.313721,-4.333496,-19.53125,-2.075195,cycling
5557865,0.839478,-0.578125,-0.204224,4.02832,-17.51709,-7.995607,cycling
5557882,0.547485,-0.384155,-0.192749,4.943848,-18.676758,0.366211,cycling
5557898,0.621826,-0.573364,-0.204468,2.990724,-12.02393,-4.089355,cycling
5557915,0.659302,-0.743896,-0.575684,-15.380863,-6.896975,-5.554201,cycling
5557932,0.661377,-0.713501,-0.429199,-13.427738,-3.051759,-6.835939,cycling
5557948,0.64978,-0.596069,-0.464111,-15.869144,-5.554201,-2.990724,cycling
5557965,0.418945,-0.661499,-0.15332,-4.943848,-7.812502,2.807618,cycling
5557982,0.735962,-0.809326,-0.375854,-7.629396,-4.943848,-3.41797,cycling
5557998,0.485718,-0.834839,-0.547729,-15.380863,-0.12207,-8.117676,cycling
5558015,0.469727,-0.521118,-0.412231,-6.225588,0.976563,-8.850098,cycling
5558032,0.793701,-0.717285,-0.358765,8.728027,-9.70459,-14.099125,cycling
5558048,0.507446,-0.800781,-0.45813,6.835939,-11.779789,-5.065918,cycling
5558065,0.773315,-0.699585,-0.50061,7.263186,-0.366211,-17.028809,cycling
5558082,0.657471,-0.352661,-0.19873,16.235352,-16.967773,-9.460449,cycling
5558099,0.815186,-0.312256,-0.483643,8.544922,-17.089844,2.258301,cycling
5558115,0.990112,-0.523682,-0.864502,-9.70459,-6.835939,-1.037598,cycling
5558132,0.765503,-0.400024,-0.743286,-10.131836,-15.075687,0.427246,cycling
5558149,0.819824,-0.595581,-0.550415,-11.169437,-16.723633,-12.695316,cycling
5558165,0.608765,-0.618408,-0.255615,-1.586915,-17.456055,-14.404301,cycling
5558182,0.63562,-0.606201,-0.302612,-2.807618,-21.66748,-5.004883,cycling
5558199,0.927856,-0.681274,-0.453369,-4.455566,-10.803223,-18.981934,cycling
5558215,0.444702,-0.242065,-0.352173,1.64795,-9.643555,-14.465336,cycling
5558232,1.003662,-0.939697,-0.653931,1.098633,-12.695316,-25.939949,cycling
5558249,1.058228,-0.931396,-0.864624,-23.010262,-18.920898,-10.986328,cycling
5558265,0.232788,-0.122559,-0.169556,5.798342,-15.93018,2.01416,cycling
5558282,0.780762,-0.869995,-0.209595,12.207035,-20.568848,-3.967286,cycling
5558299,0.664307,-0.929932,-0.560547,-9.887695,-16.967773,12.817387,cycling
5558315,0.617676,-0.727417,-0.639648,-8.728027,3.967286,2.197266,cycling
5558332,0.59375,-0.462036,-0.283447,7.20215,-15.869144,1.77002,cycling
5558349,0.424927,-0.797363,-0.441162,5.676271,-6.408693,4.638672,cycling
5558365,0.595337,-0.704102,-0.508911,2.441406,-0.305176,2.01416,cycling
5558382,0.709595,-0.659912,-0.544922,0.366211,1.831055,0.793457,cycling
5558399,0.579346,-0.713745,-0.464478,4.638672,-8.361816,3.41797,cycling
5558415,0.744263,-0.810181,-0.574707,3.906251,-4.577637,1.708985,cycling
5558432,0.660522,-0.547607,-0.340698,12.939457,-5.126953,-2.746582,cycling
5558449,0.713989,-0.458008,-0.282837,17.76123,-6.652834,-4.333496,cycling
5558465,0.756836,-0.616577,-0.325684,17.456055,0.12207,-2.563477,cycling
5558482,0.503906,-0.583984,-0.600098,6.530764,-3.784181,3.601075,cycling
5558499,0.512085,-0.285645,-0.480225,10.009766,-7.019045,13.061527,cycling
5558515,0.63916,-0.614746,-0.37561,6.347658,-1.64795,11.413578,cycling
5558532,0.44043,-0.684082,-0.318481,9.94873,-3.54004,8.605957,cycling
5558549,0.77417,-0.775024,-0.531372,2.746582,-0.305176,-3.723145,cycling
5558565,0.613037,-0.480103,-0.422974,13.610844,-2.563477,-6.835939,cycling
5558582,0.77832,-0.406494,-0.522461,8.972168,-3.784181,-7.751467,cycling
5558599,0.587524,-0.765747,-0.451904,11.535648,-10.131836,-12.146,cycling
5558615,0.489014,-0.471558,-0.475708,11.108402,-5.249023,-2.563477,cycling
5558632,0.787231,-0.679321,-0.387573,4.821777,-9.887695,-10.131836,cycling
5558649,0.81543,-0.792725,-0.459473,-2.929688,-2.380371,-9.521484,cycling
5558665,0.651489,-0.667358,-0.420898,0.061035,-0.244141,-12.939457,cycling
5558682,0.664185,-0.569702,-0.419678,0.427246,-3.54004,-16.967773,cycling
5558699,0.591553,-0.614868,-0.407104,3.479005,-1.64795,-16.784668,cycling
5558716,0.879517,-0.628052,-0.672729,-6.835939,4.02832,-20.141602,cycling
5558732,0.659302,-0.736084,-0.312378,4.943848,-6.774904,-23.803719,cycling
5558749,0.59314,-0.46106,-0.376709,6.286623,-10.009766,-8.422852,cycling
5558766,0.495483,-0.505737,-0.343384,14.099125,-16.296387,-10.925293,cycling
5558782,0.64502,-0.525879,-0.244873,13.610844,-17.150879,-4.943848,cycling
5558799,0.715088,-0.712769,-0.540771,4.394531,-10.925293,-11.779789,cycling
5558816,0.607056,-0.607788,-0.44458,8.911133,-12.084965,-9.277344,cycling
5558832,0.766602,-0.425659,-0.645142,1.831055,-15.563969,-9.033203,cycling
5558849,0.564209,-0.583862,-0.481689,11.230473,-17.944336,-5.432129,cycling
5558866,0.56958,-0.452759,-0.2854,16.845703,-14.221195,-2.685547,cycling
5558882,0.716797,-0.585571,-0.431885,13.854984,-10.559082,-9.887695,cycling
5558899,0.635864,-0.650024,-0.403564,9.643555,-7.08008,-12.512211,cycling
5558916,0.672363,-0.536377,-0.555786,5.126953,-7.385256,-11.779789,cycling
5558932,0.721436,-0.470459,-0.446899,8.117676,-7.324221,-13.549809,cycling
5558949,0.636108,-0.540771,-0.494263,3.54004,-6.042482,-12.329105,cycling
5558966,0.529907,-0.541504,-0.401611,3.784181,2.563477,-12.512211,cycling
5558982,0.679688,-0.497192,-0.474487,-1.342773,7.385256,-12.02393,cycling
5558999,0.577271,-0.628784,-0.450562,-2.075195,8.911133,-10.498047,cycling
5559016,0.523682,-0.53479,-0.511597,-0.183106,12.207035,-4.02832,cycling
5559032,0.5354,-0.584106,-0.435181,-2.685547,16.357422,-4.516602,cycling
5559049,0.408081,-0.63147,-0.344727,2.01416,11.413578,3.173829,cycling
5559066,0.429443,-0.757813,-0.504517,-9.094238,13.000492,14.709476,cycling
5559082,0.624512,-0.99353,-0.644897,-11.657719,26.000984,9.033203,cycling
5559099,0.483398,-0.795166,-0.604858,-7.751467,28.686531,12.695316,cycling
5559116,0.562988,-0.687012,-0.556274,6.042482,39.733887,13.854984,cycling
5559132,0.580811,-0.609375,-0.546997,15.686039,31.188972,17.578125,cycling
5559149,0.502441,-0.620728,-0.473999,16.174316,20.385742,22.827156,cycling
5559166,0.623413,-0.655884,-0.499756,17.51709,20.141602,22.52198,cycling
5559182,0.629272,-0.648315,-0.61792,11.352543,13.183598,20.446777,cycling
5559199,0.735596,-0.447998,-0.560059,9.887695,13.916019,20.263672,cycling
5559216,0.714355,-0.486328,-0.458374,10.864258,5.249023,19.165039,cycling
5559232,0.910522,-0.471558,-0.586304,4.760742,5.371094,12.390141,cycling
5559249,0.812622,-0.478149,-0.241821,12.878422,-1.831055,3.173829,cycling
5559266,0.803101,-0.348022,-0.326538,10.681152,-5.737307,2.197266,cycling
5559282,0.919434,-0.348267,-0.375732,7.20215,-3.173829,-1.464844,cycling
5559299,0.885376,-0.453857,-0.591309,4.760742,-5.798342,-3.601075,cycling
5559316,0.704712,-0.618408,-0.559937,-0.671387,-10.559082,-6.530764,cycling
5559333,0.819946,-0.676147,-0.504639,-1.953125,-9.155273,-15.625004,cycling
5559349,0.595093,-0.616821,-0.192505,2.685547,-16.784668,-14.343266,cycling
5559366,0.642456,-0.753784,-0.231689,4.638672,-13.000492,-10.375977,cycling
5559383,0.556396,-0.714966,-0.306396,4.943848,-11.108402,-4.760742,cycling
5559399,0.664307,-0.709106,-0.451904,1.159668,-2.929688,-7.873537,cycling
5559416,0.592285,-0.796143,-0.358154,2.01416,-4.211426,-11.596684,cycling
5559433,0.592163,-0.782837,-0.560547,-4.577637,-3.173829,-7.385256,cycling
5559449,0.47168,-0.590576,-0.525757,-3.173829,1.220703,-5.432129,cycling
5559466,0.485107,-0.594482,-0.335205,7.08008,-2.380371,0.427246,cycling
5559483,0.462891,-0.652954,-0.438232,2.502441,-2.441406,6.225588,cycling
5559499,0.598633,-0.585815,-0.50415,1.220703,3.41797,4.394531,cycling
5559516,0.69397,-0.654785,-0.546265,-1.708985,3.723145,0.854492,cycling
5559533,0.469238,-0.794312,-0.429199,-1.159668,5.432129,-1.586915,cycling
5559549,0.588257,-0.549561,-0.487915,2.197266,7.141115,-1.64795,cycling
5559566,0.519165,-0.502808,-0.358521,6.774904,3.601075,-1.77002,cycling
5559583,0.602173,-0.637939,-0.517822,1.403809,7.751467,1.281738,cycling
5559599,0.609863,-0.593628,-0.501099,-0.915528,12.26807,2.075195,cycling
5559616,0.663086,-0.527222,-0.514404,-1.342773,10.009766,0.427246,cycling
5559633,0.731201,-0.565063,-0.577148,-5.310059,12.207035,1.098633,cycling
5559649,0.518921,-0.587158,-0.480591,-5.310059,10.864258,3.051759,cycling
5559666,0.58728,-0.661255,-0.503174,-10.009766,10.131836,5.004883,cycling
5559683,0.572144,-0.699707,-0.469238,-11.596684,9.521484,5.615236,cycling
5559699,0.55542,-0.789185,-0.407593,-8.911133,11.718754,1.953125,cycling
5559716,0.45752,-0.629639,-0.389893,-7.751467,11.047363,3.784181,cycling
5559733,0.457764,-0.686646,-0.261475,-2.929688,20.385742,7.568361,cycling
5559749,0.427856,-0.747314,-0.387573,-5.187988,20.141602,10.559082,cycling
5559766,0.532959,-0.677124,-0.631836,-15.075687,30.578621,15.563969,cycling
5559783,0.424805,-0.697876,-0.533569,-13.366703,28.869637,20.019531,cycling
5559799,0.472046,-0.743164,-0.590332,-16.052246,28.930672,20.568848,cycling
5559816,0.478882,-0.779663,-0.518921,-17.883301,30.395515,17.578125,cycling
5559833,0.564087,-0.626099,-0.387695,-9.82666,34.606934,15.747074,cycling
5559849,0.588867,-0.671143,-0.350586,-7.629396,35.217285,14.892582,cycling
5559866,0.585938,-0.744019,-0.520996,-13.244633,42.663574,15.93018,cycling
5559883,0.625854,-0.625,-0.661255,-22.705086,39.0625,18.188477,cycling
5559900,0.615479,-0.652954,-0.455933,-18.676758,34.301758,20.751953,cycling
5559916,0.7146,-0.733521,-0.651489,-24.475105,33.569336,23.193367,cycling
5559933,0.442993,-0.748901,-0.408203,-20.202637,31.066902,23.559578,cycling
5559950,0.764404,-0.547363,-0.515015,-18.005371,30.029305,22.583015,cycling
5559966,0.700684,-0.559448,-0.402344,-9.765625,31.311043,15.136723,cycling
5559983,0.679443,-0.610474,-0.65625,-14.343266,28.503426,14.28223,cycling
5560000,0.756226,-0.500854,-0.584473,-13.061527,20.751953,10.742188,cycling
5560016,0.770874,-0.561279,-0.510498,-13.916019,10.803223,9.887695,cycling
5560033,0.734131,-0.623291,-0.416992,-15.93018,8.911133,7.385256,cycling
5560050,0.74585,-0.541748,-0.357788,-15.869144,5.798342,7.446291,cycling
5560066,0.767212,-0.589478,-0.39978,-17.76123,1.403809,5.432129,cycling
5560083,0.815674,-0.616943,-0.426025,-19.714355,0.854492,3.66211,cycling
5560100,0.870972,-0.694336,-0.318359,-15.747074,-2.197266,-3.784181,cycling
5560116,0.777466,-0.571411,-0.37146,-9.82666,-7.263186,-6.408693,cycling
5560133,0.750854,-0.388184,-0.398804,-4.699707,-13.122562,-3.967286,cycling
5560150,0.692017,-0.484619,-0.275635,-1.831055,-18.432617,-2.624512,cycling
5560166,0.699585,-0.67334,-0.405151,-9.887695,-12.02393,-1.342773,cycling
5560183,0.640991,-0.668091,-0.258179,-6.774904,-11.474613,-2.990724,cycling
5560200,0.711792,-0.68396,-0.299927,-8.666992,-12.756351,-1.77002,cycling
5560216,0.67334,-0.699585,-0.289551,-5.065918,-9.094238,-3.601075,cycling
5560233,0.682251,-0.564697,-0.435059,-2.075195,-8.178711,-3.66211,cycling
5560250,0.661255,-0.604614,-0.512817,-3.295899,-7.141115,-4.638672,cycling
5560266,0.566772,-0.541748,-0.416626,1.281738,-12.634281,-1.098633,cycling
5560283,0.609009,-0.547729,-0.464111,-0.610352,-10.742188,6.713869,cycling
5560300,0.572266,-0.628906,-0.398071,0.366211,-5.798342,4.394531,cycling
5560316,0.442139,-0.612305,-0.321167,5.004883,-6.103518,5.493164,cycling
5560333,0.601807,-0.690674,-0.446411,0.610352,-0.12207,3.173829,cycling
5560350,0.542969,-0.645996,-0.402588,-1.708985,-0.366211,4.760742,cycling
5560366,0.41394,-0.661987,-0.334106,3.845216,6.164553,3.967286,cycling
5560383,0.545532,-0.773926,-0.415527,1.708985,10.131836,4.821777,cycling
5560400,0.536987,-0.744751,-0.437378,-1.403809,19.470215,2.685547,cycling
5560416,0.585449,-0.714111,-0.549683,-7.934572,16.967773,3.41797,cycling
5560433,0.543457,-0.703491,-0.528687,-8.056641,17.150879,5.920412,cycling
5560450,0.383423,-0.613892,-0.508667,-3.601075,14.770512,10.742188,cycling
5560466,0.430542,-0.679199,-0.567871,-6.774904,15.563969,13.488773,cycling
5560483,0.438721,-0.65332,-0.543335,-7.019045,17.028809,13.671879,cycling
5560500,0.546875,-0.645386,-0.557251,-9.521484,19.104004,10.131836,cycling
5560517,0.519409,-0.638916,-0.330933,-3.173829,18.615723,8.239746,cycling
5560533,0.68457,-0.765991,-0.462524,-4.699707,26.367195,3.356935,cycling
5560550,0.752441,-0.65625,-0.602295,-7.629396,26.672371,2.929688,cycling
5560567,0.564453,-0.58606,-0.56543,-7.20215,20.446777,4.455566,cycling
5560583,0.827148,-0.561279,-0.579224,-10.375977,18.310547,2.929688,cycling
5560600,0.715942,-0.590454,-0.496582,-8.544922,13.977055,0.12207,cycling
5560617,0.714355,-0.780273,-0.430786,-7.019045,18.859863,-3.479005,cycling
5560633,0.872437,-0.505249,-0.469238,-3.356935,18.188477,-7.08008,cycling
5560650,0.703857,-0.644775,-0.445313,-0.793457,9.94873,-5.554201,cycling
5560667,0.771729,-0.631104,-0.612549,-11.779789,11.108402,2.624512,cycling
5560683,0.702026,-0.641602,-0.481567,-14.770512,11.047363,-0.793457,cycling
5560700,0.593018,-0.536255,-0.22229,-5.554201,6.469728,2.075195,cycling
5560717,0.669556,-0.680542,-0.316528,-10.681152,8.850098,2.807618,cycling
5560733,0.611206,-0.786011,-0.49707,-15.502934,14.770512,0.976563,cycling
5560750,0.546387,-0.509277,-0.483276,-12.634281,11.901859,7.08008,cycling
5560767,0.608032,-0.710449,-0.393311,-12.02393,7.446291,2.441406,cycling
5560783,0.573975,-0.684082,-0.452881,-13.244633,10.925293,5.371094,cycling
5560800,0.588257,-0.525879,-0.536743,-15.075687,14.648441,7.690432,cycling
5560817,0.57666,-0.533447,-0.374878,-10.192871,8.178711,12.084965,cycling
5560833,0.560791,-0.748291,-0.368042,-11.108402,13.061527,9.094238,cycling
5560850,0.626831,-0.594116,-0.480225,-13.854984,13.854984,10.620117,cycling
5560867,0.611938,-0.684448,-0.433472,-12.146,10.559082,10.070801,cycling
5560883,0.688354,-0.730591,-0.610962,-19.836426,12.939457,9.094238,cycling
5560900,0.542114,-0.64624,-0.460083,-15.197758,9.399414,8.666992,cycling
5560917,0.671997,-0.572021,-0.483154,-13.183598,9.70459,8.850098,cycling
5560933,0.644775,-0.665405,-0.441406,-13.732914,8.544922,10.620117,cycling
5560950,0.629639,-0.63208,-0.504272,-14.221195,9.765625,12.878422,cycling
5560967,0.734375,-0.675415,-0.493164,-11.718754,9.399414,8.178711,cycling
5560983,0.612061,-0.56311,-0.428955,-6.530764,4.211426,10.498047,cycling
5561000,0.705444,-0.56604,-0.543701,-8.239746,1.586915,11.840824,cycling
5561017,0.693848,-0.548096,-0.42627,-3.845216,0.854492,9.033203,cycling
5561033,0.703735,-0.580322,-0.380371,-3.112794,-1.403809,8.666992,cycling
5561050,0.672485,-0.56311,-0.355469,-3.356935,-1.77002,9.094238,cycling
5561067,0.607056,-0.614746,-0.352539,-3.784181,-0.732422,10.070801,cycling
5561083,0.674683,-0.659424,-0.447876,-10.070801,0.793457,11.779789,cycling
5561100,0.614624,-0.611084,-0.472656,-14.892582,-2.13623,13.977055,cycling
5561117,0.525513,-0.69458,-0.443848,-13.549809,0.732422,14.770512,cycling
5561134,0.567871,-0.690063,-0.4375,-16.418457,-1.037598,12.26807,cycling
5561150,0.514893,-0.661987,-0.37793,-14.587406,-3.295899,12.02393,cycling
5561167,0.575439,-0.707764,-0.332886,-10.131836,2.380371,12.634281,cycling
5561184,0.556763,-0.686401,-0.332031,-4.943848,2.929688,12.26807,cycling
5561200,0.59668,-0.692871,-0.635498,-13.977055,6.469728,12.329105,cycling
5561217,0.502686,-0.524658,-0.469116,-12.939457,7.385256,17.089844,cycling
5561234,0.600586,-0.619141,-0.47998,-14.343266,6.469728,16.174316,cycling
5561250,0.546143,-0.724121,-0.507568,-21.179199,4.638672,12.512211,cycling
5561267,0.735352,-0.717651,-0.494263,-16.418457,13.977055,7.324221,cycling
5561284,0.714722,-0.622559,-0.421021,-8.911133,8.911133,1.89209,cycling
5561300,0.686401,-0.585693,-0.560791,-10.559082,4.516602,4.577637,cycling
5561317,0.662354,-0.707764,-0.534424,-11.474613,3.601075,4.638672,cycling
5561334,0.690796,-0.56604,-0.436279,-9.338379,-0.854492,4.577637,cycling
5561350,0.728882,-0.553467,-0.411011,-8.361816,-5.249023,5.676271,cycling
5561367,0.628418,-0.623169,-0.433472,-8.117676,-8.361816,8.605957,cycling
5561384,0.816284,-0.629883,-0.499756,-11.047363,-7.690432,2.868653,cycling
5561400,0.762695,-0.496216,-0.405884,-6.042482,-9.216309,-1.037598,cycling
5561417,0.832642,-0.556885,-0.300537,-3.051759,-12.695316,-4.089355,cycling
5561434,0.733765,-0.624268,-0.436401,-6.713869,-13.732914,-3.967286,cycling
5561450,0.700073,-0.552734,-0.425537,-11.169437,-15.441898,-1.281738,cycling
5561467,0.706299,-0.530518,-0.446533,-13.793949,-17.63916,-1.525879,cycling
5561484,0.510498,-0.646362,-0.399902,-14.770512,-17.883301,1.831055,cycling
5561500,0.571045,-0.78418,-0.386963,-14.770512,-16.113281,-1.098633,cycling
5561517,0.566772,-0.750244,-0.345215,-9.82666,-14.953617,-2.258301,cycling
5561534,0.611328,-0.643921,-0.40564,-8.422852,-14.587406,-0.854492,cycling
5561550,0.598389,-0.557251,-0.522949,-4.516602,-17.76123,-0.793457,cycling
5561567,0.474243,-0.630615,-0.447632,-1.464844,-17.700195,4.089355,cycling
5561584,0.55896,-0.66748,-0.462769,-3.723145,-17.150879,6.286623,cycling
5561600,0.59021,-0.60376,-0.400024,-3.845216,-15.258793,7.934572,cycling
5561617,0.597656,-0.692139,-0.380371,-3.967286,-10.375977,8.544922,cycling
5561634,0.563721,-0.600342,-0.454468,-5.065918,-11.352543,7.507326,cycling
5561650,0.565063,-0.575562,-0.499146,-5.920412,-12.695316,8.117676,cycling
5561667,0.690186,-0.588379,-0.457275,-1.220703,-11.779789,3.295899,cycling
5561684,0.640869,-0.556763,-0.389648,3.845216,-18.432617,1.953125,cycling
5561701,0.779907,-0.596069,-0.54187,-2.807618,-12.756351,0.549316,cycling
5561717,0.646118,-0.515137,-0.449585,2.685547,-17.883301,-0.793457,cycling
5561734,0.675903,-0.61853,-0.510742,0.854492,-20.324707,-4.089355,cycling
5561751,0.698975,-0.612671,-0.490601,-1.831055,-21.484375,-3.173829,cycling
5561767,0.715698,-0.690552,-0.506836,-1.525879,-23.925789,-9.033203,cycling
5561784,0.69043,-0.498047,-0.334351,5.798342,-29.907234,-9.521484,cycling
5561801,0.841675,-0.777588,-0.407227,15.014652,-30.578621,-20.690918,cycling
5561817,1.007202,-0.882935,-0.665771,6.103518,-29.418953,-26.916512,cycling
5561834,0.575317,-0.344116,-0.36792,15.93018,-33.203125,-15.686039,cycling
5561851,0.718628,-0.480591,-0.301392,23.559578,-41.015625,-14.221195,cycling
5561867,0.536255,-0.571777,-0.414185,14.03809,-39.550781,-4.699707,cycling
5561884,0.705322,-0.692749,-0.505127,10.314941,-20.812988,-16.723633,cycling
5561901,0.647217,-0.586426,-0.507446,7.873537,-33.447266,-16.357422,cycling
5561917,0.621704,-0.622314,-0.480347,12.207035,-26.123055,-18.859863,cycling
5561934,0.789917,-0.467163,-0.502075,14.099125,-28.07618,-17.944336,cycling
5561951,0.722046,-0.633545,-0.578247,19.40918,-29.418953,-25.756844,cycling
5561967,0.502808,-0.534058,-0.452026,16.113281,-31.98243,-20.935059,cycling
5561984,0.65271,-0.629639,-0.390137,16.784668,-29.846199,-26.916512,cycling
5562001,0.618652,-0.730225,-0.400879,8.239746,-32.470703,-21.606445,cycling
5562017,0.690186,-0.667725,-0.516235,4.821777,-24.719246,-21.850586,cycling
5562034,0.736206,-0.682861,-0.55249,1.77002,-18.188477,-26.550301,cycling
5562051,0.591187,-0.632446,-0.48877,1.281738,-16.479492,-24.963387,cycling
5562067,0.795532,-0.789795,-0.593994,3.112794,-7.263186,-31.555183,cycling
5562084,0.287109,-0.457642,-0.359009,9.70459,-16.296387,-10.925293,cycling
5562101,0.393677,-0.430664,-0.449219,10.070801,-12.878422,-8.789063,cycling
5562117,0.712402,-0.630249,-0.418579,8.361816,-7.812502,-3.967286,cycling
5562134,0.351807,-0.781006,-0.374146,6.347658,-6.347658,1.159668,cycling
5562151,0.677368,-0.709229,-0.543335,4.455566,-3.845216,-6.835939,cycling
5562167,0.709961,-0.698486,-0.448364,6.347658,-3.356935,-12.146,cycling
5562184,0.440674,-0.392212,-0.319702,20.202637,-12.02393,-9.58252,cycling
5562201,0.693848,-0.530273,-0.536621,19.165039,-8.483887,-10.253906,cycling
5562217,0.66394,-0.592529,-0.610596,13.732914,-10.070801,-7.690432,cycling
5562234,0.601807,-0.605591,-0.575562,11.962894,-9.155273,-6.408693,cycling
5562251,0.570923,-0.604858,-0.360229,12.02393,-15.197758,-8.666992,cycling
5562267,0.488281,-0.754028,-0.359619,12.207035,-13.305668,-13.549809,cycling
5562284,0.598755,-0.822388,-0.328247,12.02393,-6.164553,-20.446777,cycling
5562301,0.550659,-0.57373,-0.46167,15.686039,-4.02832,-18.737793,cycling
5562318,0.688232,-0.665894,-0.533569,14.831547,0.671387,-22.033691,cycling
5562334,0.444824,-0.627686,-0.465698,19.836426,-8.483887,-10.620117,cycling
5562351,0.716675,-0.629761,-0.528809,15.991215,0.732422,-12.02393,cycling
5562368,0.59436,-0.803589,-0.597168,12.02393,-0.061035,-16.052246,cycling
5562384,0.404053,-0.570923,-0.435303,17.822266,-15.380863,-9.399414,cycling
5562401,0.702759,-0.615601,-0.686157,11.779789,7.995607,-10.620117,cycling
5562418,0.5625,-0.939331,-0.520142,12.634281,9.277344,-18.310547,cycling
5562434,0.345093,-0.450684,-0.412964,17.51709,3.784181,-2.746582,cycling
5562451,0.416016,-0.518799,-0.415771,16.052246,12.695316,-6.591799,cycling
5562468,0.512939,-0.791504,-0.469482,14.831547,17.883301,-7.812502,cycling
5562484,0.567261,-0.802856,-0.725586,-0.610352,26.977547,-11.352543,cycling
5562501,0.397827,-0.596191,-0.61792,6.835939,22.52198,-12.817387,cycling
5562518,0.542725,-0.555176,-0.663818,6.774904,11.962894,-10.192871,cycling
5562534,0.531982,-0.625366,-0.507935,7.507326,10.925293,-8.483887,cycling
5562551,0.578613,-0.568359,-0.428711,4.150391,18.920898,-10.925293,cycling
5562568,0.673706,-0.382446,-0.418091,9.399414,21.972656,-10.192871,cycling
5562584,0.51062,-0.480103,-0.429199,6.164553,14.831547,-0.12207,cycling
5562601,0.474731,-0.694092,-0.579956,-5.615236,24.108894,6.835939,cycling
5562618,0.626587,-0.829224,-0.663574,-12.573246,26.977547,2.13623,cycling
5562634,0.572632,-0.62439,-0.567261,-14.221195,27.832039,2.563477,cycling
5562651,0.647461,-0.493164,-0.50061,-8.361816,21.850586,2.13623,cycling
5562668,0.768555,-0.67627,-0.52356,-5.310059,18.554688,-4.089355,cycling
5562684,0.710083,-0.625,-0.605103,-6.225588,16.601563,1.586915,cycling
5562701,0.93396,-0.676758,-0.779175,-9.460449,16.357422,-8.300781,cycling
5562718,0.44165,-0.366821,-0.299683,5.859377,2.502441,2.990724,cycling
5562734,0.667603,-0.473389,-0.230835,7.08008,-2.075195,3.967286,cycling
5562751,0.712891,-0.490601,-0.458862,0.976563,4.760742,8.911133,cycling
5562768,0.669922,-0.595215,-0.478516,-0.12207,9.58252,8.178711,cycling
5562784,0.593262,-0.648804,-0.427124,-3.601075,1.220703,8.728027,cycling
5562801,0.688232,-0.668335,-0.412109,-4.943848,3.66211,8.728027,cycling
5562818,0.627441,-0.663696,-0.426514,-0.366211,0.12207,5.004883,cycling
5562834,0.710449,-0.64502,-0.429565,7.141115,-3.784181,2.197266,cycling
5562851,0.847778,-0.664551,-0.574097,4.150391,-2.807618,-0.915528,cycling
5562868,0.587891,-0.733032,-0.416992,8.789063,-9.460449,-2.075195,cycling
5562885,0.720337,-0.464966,-0.589478,3.967286,-11.962894,1.953125,cycling
5562901,0.764648,-0.623291,-0.480225,6.713869,-12.26807,-0.915528,cycling
5562918,0.605469,-0.562744,-0.536499,5.615236,-17.76123,8.422852,cycling
5562935,0.7677,-0.713623,-0.470215,2.01416,-13.671879,-1.342773,cycling
5562951,0.458008,-0.460815,-0.320557,6.347658,-16.601563,2.807618,cycling
5562968,0.62085,-0.623413,-0.31665,7.751467,-11.474613,-2.197266,cycling
5562985,0.548096,-0.647827,-0.490356,-0.610352,-11.230473,0.976563,cycling
5563001,0.513306,-0.440186,-0.446533,2.807618,-6.408693,6.896975,cycling
5563018,0.497314,-0.541016,-0.390625,1.464844,-6.103518,1.281738,cycling
5563035,0.719116,-0.863281,-0.565186,-9.460449,-1.159668,2.197266,cycling
5563051,0.597046,-0.592651,-0.334351,1.586915,3.051759,-1.037598,cycling
5563068,0.53125,-0.485352,-0.321655,8.300781,-4.089355,4.760742,cycling
5563085,0.569824,-0.550049,-0.448242,6.591799,-1.89209,9.521484,cycling
5563101,0.657104,-0.662231,-0.790405,-9.399414,0.427246,6.652834,cycling
5563118,0.510254,-0.361084,-0.561157,-6.95801,-6.774904,10.070801,cycling
5563135,0.527954,-0.468628,-0.387451,-2.502441,-8.850098,9.399414,cycling
5563151,0.710449,-0.838867,-0.533081,-9.277344,-9.399414,2.075195,cycling
5563168,0.635742,-0.645874,-0.522583,-5.737307,-1.220703,-1.77002,cycling
5563185,0.673096,-0.399292,-0.424194,5.126953,-10.314941,-2.13623,cycling
5563201,0.692505,-0.659058,-0.427612,7.568361,-17.39502,-3.845216,cycling
5563218,0.798584,-0.870239,-0.62085,0.488281,-14.099125,-10.803223,cycling
5563235,0.738403,-0.546509,-0.344604,7.385256,-23.071297,-13.610844,cycling
5563251,0.770386,-0.460938,-0.264404,14.709476,-21.54541,-16.723633,cycling
5563268,0.680542,-0.517578,-0.357056,15.136723,-26.794441,-8.544922,cycling
5563285,0.564087,-0.494629,-0.540527,3.479005,-23.315437,-0.549316,cycling
5563301,0.720093,-0.613159,-0.472046,0.488281,-19.836426,-4.272461,cycling
5563318,0.748901,-0.640503,-0.575195,-5.737307,-17.39502,-5.004883,cycling
5563335,0.497681,-0.509155,-0.367188,-2.441406,-17.211914,-0.793457,cycling
5563351,0.485596,-0.484863,-0.216187,5.004883,-16.784668,4.455566,cycling
5563368,0.593018,-0.701782,-0.355713,2.258301,-15.380863,-1.831055,cycling
5563385,0.392456,-0.67749,-0.545044,-5.737307,-4.577637,0.061035,cycling
5563401,0.641968,-0.709717,-0.485107,-0.732422,-6.164553,-11.596684,cycling
5563418,0.494629,-0.717285,-0.483276,-0.671387,-10.803223,-9.155273,cycling
5563435,0.475098,-0.639404,-0.463013,1.89209,-5.310059,-11.962894,cycling
5563451,0.718384,-0.609253,-0.509644,6.469728,-2.380371,-14.16016,cycling
5563468,0.356689,-0.686401,-0.382446,11.413578,-6.774904,-6.774904,cycling
5563485,0.518921,-0.771606,-0.539917,5.371094,0.244141,-10.009766,cycling
5563502,0.546143,-0.596436,-0.463135,7.324221,-1.89209,-6.286623,cycling
5563518,0.525146,-0.674072,-0.389526,11.230473,-6.652834,-3.295899,cycling
5563535,0.617554,-0.738403,-0.516846,4.638672,-1.098633,-2.258301,cycling
5563552,0.563965,-0.632324,-0.384155,7.20215,-1.098633,-4.760742,cycling
5563568,0.604858,-0.582397,-0.483887,12.939457,2.197266,-7.507326,cycling
5563585,0.6427,-0.640381,-0.675171,6.95801,2.624512,-4.516602,cycling
5563602,0.651855,-0.580566,-0.725708,4.638672,1.831055,-2.13623,cycling
5563618,0.589233,-0.567505,-0.623657,5.920412,0.915528,-3.54004,cycling
5563635,0.603149,-0.647095,-0.473633,8.239746,-3.784181,-7.141115,cycling
5563652,0.681641,-0.579102,-0.498291,8.850098,-2.258301,-6.774904,cycling
5563668,0.628052,-0.595947,-0.434082,10.314941,-4.394531,-10.009766,cycling
5563685,0.730713,-0.514771,-0.483521,6.713869,0.305176,-10.253906,cycling
5563702,0.647217,-0.613892,-0.504761,7.08008,3.66211,-13.610844,cycling
5563718,0.65918,-0.564819,-0.678223,-2.563477,5.554201,-8.117676,cycling
5563735,0.58252,-0.569946,-0.498291,-4.455566,5.004883,-4.394531,cycling
5563752,0.600586,-0.716797,-0.421997,-3.051759,5.676271,-3.845216,cycling
5563768,0.655762,-0.672607,-0.50647,-7.019045,7.507326,-3.41797,cycling
5563785,0.63269,-0.525024,-0.409424,3.723145,12.695316,-10.253906,cycling
5563802,0.728882,-0.546631,-0.584595,4.333496,8.483887,-10.559082,cycling
5563818,0.663818,-0.671387,-0.55896,2.868653,5.493164,-8.178711,cycling
5563835,0.727661,-0.744995,-0.59375,-0.915528,4.211426,-9.277344,cycling
5563852,0.626099,-0.615234,-0.301025,3.967286,0.061035,-6.95801,cycling
5563868,0.669556,-0.608887,-0.274658,5.554201,2.868653,-2.075195,cycling
5563885,0.731812,-0.660645,-0.322388,4.455566,5.920412,-5.371094,cycling
5563902,0.651123,-0.608032,-0.418823,8.544922,1.831055,-2.746582,cycling
5563918,0.944214,-0.883545,-0.882935,-3.112794,0.793457,-15.563969,cycling
5563935,0.54187,-0.325806,-0.544678,6.652834,-11.352543,-11.474613,cycling
5563952,0.558838,-0.334961,-0.305908,20.935059,-18.493652,-9.460449,cycling
5563968,0.610474,-0.634155,-0.21814,20.080566,-19.958496,-1.464844,cycling
5563985,0.538574,-0.672119,-0.426392,15.686039,-11.169437,-0.915528,cycling
5564002,0.680176,-0.686035,-0.476074,14.709476,-10.498047,-7.263186,cycling
5564018,0.464478,-0.557373,-0.264282,14.221195,-16.479492,-3.051759,cycling
5564035,0.553711,-0.408203,-0.177124,17.63916,-6.225588,-0.061035,cycling
5564052,0.65979,-0.684814,-0.657227,3.845216,10.498047,-3.479005,cycling
5564069,0.828735,-0.497437,-0.745117,-4.150391,12.878422,1.098633,cycling
5564085,0.503418,-0.603394,-0.721191,-9.58252,4.272461,0.183106,cycling
5564102,0.198242,-0.827148,-0.096558,13.000492,2.563477,-1.342773,cycling
5564119,0.852539,-0.695801,-0.450928,2.929688,22.338875,-8.361816,cycling
5564135,0.482178,-0.874146,-0.476196,8.117676,16.723633,-14.099125,cycling
5564152,0.475586,-0.467041,-0.531982,9.521484,16.052246,-6.530764,cycling
5564169,0.687866,-0.562744,-0.630249,2.746582,9.277344,-5.798342,cycling
5564185,0.406494,-0.729492,-0.408203,7.629396,4.821777,-5.615236,cycling
5564202,0.644897,-0.598145,-0.519165,5.065918,12.146,-1.77002,cycling
5564219,0.753174,-0.808472,-0.528564,-1.281738,17.150879,-6.835939,cycling
5564235,0.547363,-0.72998,-0.429077,3.295899,11.962894,-2.990724,cycling
5564252,0.810425,-0.703613,-0.479126,5.737307,12.939457,-8.483887,cycling
5564269,0.692749,-0.625977,-0.388062,9.643555,10.131836,-5.493164,cycling
5564285,0.588135,-0.463379,-0.514282,10.681152,13.854984,-0.488281,cycling
5564302,0.578125,-0.476807,-0.480835,11.962894,8.972168,-0.549316,cycling
5564319,0.585938,-0.490967,-0.640259,-1.89209,11.596684,3.41797,cycling
5564335,0.721802,-0.612061,-0.570068,1.159668,13.977055,-3.967286,cycling
5564352,0.826782,-0.494873,-0.66394,-5.187988,10.314941,1.098633,cycling
5564369,0.515991,-0.6521,-0.414917,2.990724,9.765625,-1.831055,cycling
5564385,0.675049,-0.550537,-0.481567,0.549316,15.869144,-5.187988,cycling
5564402,0.676147,-0.502441,-0.440308,0.0,14.03809,-5.432129,cycling
5564419,0.657715,-0.591797,-0.51709,-4.821777,15.075687,-3.967286,cycling
5564435,0.478149,-0.604126,-0.448608,-5.432129,13.061527,2.563477,cycling
5564452,0.654175,-0.637573,-0.561768,-10.803223,17.51709,5.798342,cycling
5564469,0.607056,-0.6875,-0.461426,-8.483887,18.615723,5.981447,cycling
5564485,0.54834,-0.623901,-0.492065,-8.178711,14.343266,11.169437,cycling
5564502,0.76416,-0.852295,-0.549072,-8.117676,18.432617,4.699707,cycling
5564519,0.750977,-0.850952,-0.682861,-8.972168,13.854984,4.211426,cycling
5564535,0.434814,-0.634521,-0.471558,-4.272461,10.314941,8.361816,cycling
5564552,0.746338,-0.605591,-0.393066,0.427246,7.263186,10.131836,cycling
5564569,0.573608,-0.83728,-0.365845,1.64795,6.713869,14.343266,cycling
5564585,0.635864,-0.63208,-0.576904,-6.408693,6.652834,18.920898,cycling
5564602,0.658081,-0.432495,-0.304932,4.333496,7.324221,15.747074,cycling
5564619,0.630005,-0.81311,-0.492798,2.441406,1.281738,10.681152,cycling
5564635,0.89978,-1.010742,-0.775024,-14.28223,7.629396,1.525879,cycling
5564652,0.661865,-0.351929,-0.810669,-15.197758,1.64795,-1.159668,cycling
5564669,0.717896,-0.256104,-0.232788,7.995607,-10.681152,0.183106,cycling
5564686,0.446289,-0.42688,-0.316772,2.746582,-17.272949,12.207035,cycling
5564702,0.53772,-0.746704,-0.290039,-3.723145,-5.859377,8.056641,cycling
5564719,0.740967,-0.46936,-0.408936,-13.305668,-1.342773,8.117676,cycling
5564736,0.647705,-0.732788,-0.2677,-10.253906,-2.075195,0.793457,cycling
5564752,0.672119,-0.704956,-0.421387,-12.939457,1.831055,3.051759,cycling
5564769,0.652344,-0.69873,-0.529907,-15.075687,7.324221,2.319336,cycling
5564786,0.473145,-0.52002,-0.470825,-10.681152,1.708985,6.95801,cycling
5564802,0.51062,-0.666016,-0.523682,-9.58252,3.479005,6.591799,cycling
5564819,0.514282,-0.76416,-0.36792,-3.173829,3.967286,0.854492,cycling
5564836,0.593018,-0.668457,-0.37854,0.366211,6.591799,1.281738,cycling
5564852,0.633545,-0.740356,-0.324463,5.615236,6.896975,1.037598,cycling
5564869,0.671997,-0.730225,-0.453979,4.394531,7.812502,2.868653,cycling
5564886,0.563843,-0.790894,-0.46875,0.732422,9.765625,1.64795,cycling
5564902,0.921509,-0.561035,-0.806396,-7.141115,11.779789,-2.868653,cycling
5564919,0.920532,-0.815186,-0.793701,-10.864258,13.793949,-12.02393,cycling
5564936,0.632813,-0.745483,-0.662476,-10.375977,-3.967286,-5.676271,cycling
5564952,0.479248,-0.246826,-0.171143,6.713869,-5.676271,0.244141,cycling
5564969,0.752075,-0.719849,-0.45166,3.112794,3.41797,-3.906251,cycling
5564986,0.577881,-0.501465,-0.689575,-8.117676,2.624512,7.934572,cycling
5565002,0.665039,-0.668091,-0.536011,-13.366703,10.192871,5.676271,cycling
5565019,0.463013,-0.521118,-0.432129,-15.075687,8.544922,11.291508,cycling
5565036,0.449829,-0.752563,-0.300781,-13.549809,9.521484,8.666992,cycling
5565052,0.615356,-0.686768,-0.465576,-19.53125,19.104004,10.314941,cycling
5565069,0.496582,-0.564941,-0.310181,-9.70459,20.385742,10.498047,cycling
5565086,0.411011,-0.587524,-0.494385,-12.634281,17.39502,15.869144,cycling
5565102,0.413086,-0.702759,-0.511597,-15.319828,22.155769,14.953617,cycling
5565119,0.76416,-0.791626,-0.732056,-23.071297,22.888191,7.019045,cycling
5565136,0.559204,-0.364746,-0.295898,-7.20215,11.718754,9.033203,cycling
5565152,0.647583,-0.528076,-0.331299,-5.737307,10.559082,8.483887,cycling
5565169,0.729614,-0.502197,-0.616211,-10.253906,11.291508,10.314941,cycling
5565186,0.793335,-0.791016,-0.514038,-8.789063,12.817387,7.507326,cycling
5565202,0.772705,-0.782593,-0.626465,-18.493652,-4.211426,0.0,cycling
5565219,0.606689,-0.486084,-0.291382,-6.896975,-4.211426,-2.075195,cycling
5565236,1.059937,-0.595337,-0.260742,10.009766,-11.779789,-7.934572,cycling
5565252,0.767944,-0.561401,-0.431152,7.141115,-17.63916,-2.01416,cycling
5565269,0.900024,-0.564941,-0.498535,1.037598,-9.033203,-4.699707,cycling
5565286,0.77478,-0.476685,-0.401733,3.173829,-17.883301,-4.882813,cycling
5565303,0.637451,-0.554321,-0.18335,6.103518,-25.390633,0.12207,cycling
5565319,0.788208,-0.598267,-0.253296,4.516602,-20.324707,-1.831055,cycling
5565336,0.633667,-0.518066,-0.210449,6.347658,-18.249512,-0.732422,cycling
5565353,0.685547,-0.662231,-0.380615,3.295899,-12.451176,-6.286623,cycling
5565369,0.405396,-0.435913,-0.346924,3.479005,-15.136723,4.882813,cycling
5565386,0.589233,-0.624512,-0.413818,-1.831055,-10.192871,1.831055,cycling
5565403,0.54895,-0.540894,-0.435669,-7.751467,-6.103518,3.967286,cycling
5565419,0.456665,-0.734985,-0.377197,-0.732422,0.366211,-1.525879,cycling
5565436,0.759644,-0.687866,-0.585449,-10.192871,0.305176,-5.126953,cycling
5565453,0.52417,-0.480469,-0.436157,-7.141115,0.854492,-0.549316,cycling
5565469,0.614624,-0.537598,-0.482544,2.075195,1.281738,-5.615236,cycling
5565486,0.577881,-0.933228,-0.601807,-3.479005,-2.13623,-7.873537,cycling
5565503,0.535889,-0.86084,-0.637207,-10.253906,-1.098633,2.563477,cycling
5565519,0.699707,-0.716553,-0.40564,-0.12207,0.427246,-6.713869,cycling
5565536,0.744751,-0.63269,-0.483765,2.990724,-3.295899,-5.310059,cycling
5565553,0.595337,-0.72876,-0.502197,5.554201,7.385256,-3.234864,cycling
5565569,0.616821,-0.47583,-0.605835,1.525879,-4.211426,7.690432,cycling
5565586,0.722412,-0.605225,-0.580444,1.403809,-2.685547,7.324221,cycling
5565603,0.555542,-0.734619,-0.443359,3.112794,-4.882813,5.737307,cycling
5565619,0.679565,-0.705322,-0.545288,-0.610352,-5.676271,4.760742,cycling
5565636,0.485962,-0.485352,-0.279053,3.295899,-14.404301,4.089355,cycling
5565653,0.61731,-0.554199,-0.339233,6.103518,-7.019045,3.723145,cycling
5565669,0.680298,-0.756104,-0.243164,-6.530764,3.173829,-6.469728,cycling
5565686,0.651855,-0.621338,-0.650024,-5.432129,-4.150391,-6.225588,cycling
5565703,0.749512,-0.453491,-0.528809,-1.64795,-4.02832,-6.225588,cycling
5565719,0.694458,-0.681763,-0.327881,2.746582,-6.408693,-4.516602,cycling
5565736,0.637817,-0.717285,-0.551636,-11.657719,-0.915528,2.441406,cycling
5565753,0.751953,-0.525391,-0.482056,-5.554201,10.559082,-3.234864,cycling
5565769,0.626343,-0.657227,-0.194214,6.95801,-1.831055,-6.896975,cycling
5565786,0.750122,-0.749756,-0.500854,-4.02832,-1.708985,2.197266,cycling
5565803,0.6698,-0.720581,-0.563354,-5.920412,-1.403809,-2.807618,cycling
5565819,0.709351,-0.634399,-0.634888,-8.850098,-6.225588,-5.737307,cycling
5565836,0.731323,-0.652588,-0.34436,5.493164,-9.216309,-9.58252,cycling
5565853,0.788208,-0.589722,-0.421997,5.798342,-13.732914,-3.234864,cycling
5565870,0.878662,-0.763306,-0.602295,2.258301,-13.549809,-11.657719,cycling
5565886,0.697021,-0.424805,-0.431519,7.507326,-17.456055,-10.864258,cycling
5565903,0.694946,-0.39978,-0.326782,10.437012,-22.338875,-7.934572,cycling
5565920,0.791504,-0.733765,-0.375977,7.690432,-17.883301,-10.375977,cycling
5565936,0.632813,-0.552734,-0.453979,3.356935,-12.329105,-7.08008,cycling
5565953,0.535156,-0.430664,-0.286743,8.178711,-13.732914,-0.305176,cycling
5565970,0.650757,-0.621216,-0.380127,1.953125,-13.732914,-0.061035,cycling
5565986,0.421631,-0.715942,-0.470947,-2.929688,-9.521484,2.13623,cycling
5566003,0.535278,-0.552368,-0.530029,-2.929688,-6.896975,-2.380371,cycling
5566020,0.513916,-0.591919,-0.386353,0.671387,-10.192871,-3.601075,cycling
5566036,0.529785,-0.59314,-0.397217,3.295899,-9.277344,-2.075195,cycling
5566053,0.517334,-0.61731,-0.444824,8.178711,-4.211426,-4.150391,cycling
5566070,0.807007,-0.720947,-0.693359,-0.12207,-2.685547,-13.977055,cycling
5566086,0.658203,-0.622192,-0.668457,-3.784181,-4.333496,-11.108402,cycling
5566103,0.664551,-0.621704,-0.359131,4.638672,-12.329105,-8.117676,cycling
5566120,0.751221,-0.679932,-0.433838,4.760742,-9.70459,-6.164553,cycling
5566136,0.538208,-0.65625,-0.380981,8.178711,-11.169437,-5.126953,cycling
5566153,0.774536,-0.529419,-0.450806,7.873537,-6.95801,-2.624512,cycling
5566170,0.74646,-0.692139,-0.496216,3.906251,-8.666992,-2.929688,cycling
5566186,0.487183,-0.725952,-0.430054,5.249023,-15.075687,5.249023,cycling
5566203,0.588989,-0.679443,-0.387939,8.972168,-13.916019,3.784181,cycling
5566220,0.628052,-0.618652,-0.235596,11.840824,-15.380863,3.173829,cycling
5566236,0.602905,-0.557007,-0.552246,6.530764,-2.929688,4.272461,cycling
5566253,0.856323,-0.537476,-0.506592,10.131836,-3.66211,-4.760742,cycling
5566270,0.628296,-0.43396,-0.581177,7.446291,-20.263672,-1.89209,cycling
5566286,0.406128,-0.747803,-0.255249,14.343266,-12.573246,-3.967286,cycling
5566303,1.070557,-0.683472,-0.466309,4.882813,-9.460449,-11.657719,cycling
5566320,0.50061,-0.428345,-0.261353,11.901859,-13.244633,-9.521484,cycling
5566336,0.602783,-0.417114,-0.536865,5.249023,-2.380371,-7.873537,cycling
5566353,0.651245,-0.469604,-0.535645,-0.244141,-3.967286,-4.333496,cycling
5566370,0.450684,-0.688232,-0.457031,-0.12207,-5.310059,-3.356935,cycling
5566386,0.625,-0.601807,-0.493042,-2.868653,3.112794,-4.638672,cycling
5566403,0.672119,-0.566162,-0.431274,4.089355,2.01416,-5.187988,cycling
5566420,0.624512,-0.497437,-0.464966,4.638672,0.12207,0.854492,cycling
5566436,0.686768,-0.790039,-0.569702,3.906251,3.173829,-8.117676,cycling
5566453,0.542603,-0.579712,-0.522705,6.347658,0.305176,-3.784181,cycling
5566470,0.750977,-0.685791,-0.473389,5.981447,-3.41797,-11.840824,cycling
5566487,0.675415,-0.668213,-0.409302,6.042482,-3.295899,-8.850098,cycling
5566503,0.67688,-0.652466,-0.327148,14.892582,-1.831055,-9.399414,cycling
5566520,0.75293,-0.660522,-0.477905,9.277344,-0.915528,-8.300781,cycling
5566537,0.749634,-0.746582,-0.479858,8.178711,4.089355,-12.695316,cycling
5566553,0.520752,-0.341309,-0.469116,6.774904,-4.821777,1.220703,cycling
5566570,0.78833,-0.777588,-0.622681,1.098633,0.244141,-3.295899,cycling
5566587,0.538696,-0.578857,-0.47229,0.976563,-0.12207,-1.220703,cycling
5566603,0.350952,-0.211304,-0.341675,13.977055,-2.807618,7.629396,cycling
5566620,1.054321,-0.812012,-0.490234,11.352543,-4.150391,-14.465336,cycling
5566637,0.329224,-0.498779,-0.472656,11.108402,-2.807618,-3.234864,cycling
5566653,0.513062,-0.399536,-0.539429,14.709476,1.220703,-6.164553,cycling
5566670,0.929077,-0.755127,-0.578857,10.131836,-3.845216,-16.906738,cycling
5566687,0.253174,-0.576538,-0.494385,5.859377,-7.995607,-5.676271,cycling
5566703,0.904541,-0.563721,-0.498657,10.009766,2.502441,-14.404301,cycling
5566720,0.914917,-0.560669,-0.481079,4.211426,1.037598,-15.93018,cycling
5566737,0.236572,-0.641357,-0.390747,4.455566,8.422852,-3.173829,cycling
5566753,0.640137,-0.477539,-0.40564,4.943848,14.953617,-1.525879,cycling
5566770,0.672241,-0.621216,-0.467651,0.549316,12.207035,1.586915,cycling
5566787,0.353638,-0.785156,-0.453979,-1.77002,12.878422,4.821777,cycling
5566803,0.484009,-0.53772,-0.532227,-3.479005,13.977055,8.666992,cycling
5566820,0.490234,-0.833618,-0.457153,-4.455566,14.03809,7.385256,cycling
5566837,0.493774,-0.806396,-0.369385,-0.610352,17.211914,5.554201,cycling
5566853,0.46936,-0.717896,-0.383545,4.760742,15.869144,7.812502,cycling
5566870,0.639526,-0.583252,-0.657837,-5.310059,12.207035,11.596684,cycling
5566887,0.486694,-0.635376,-0.40625,1.708985,9.521484,8.300781,cycling
5566903,0.696777,-0.609375,-0.612793,-3.601075,12.573246,12.939457,cycling
5566920,0.500366,-0.621338,-0.40918,-2.746582,13.488773,12.634281,cycling
5566937,0.687866,-0.466797,-0.378052,0.427246,10.009766,12.878422,cycling
5566953,0.736206,-0.748657,-0.346191,0.915528,8.056641,8.972168,cycling
5566970,0.70813,-0.769531,-0.715576,-11.108402,6.713869,7.263186,cycling
5566987,0.699951,-0.480957,-0.648315,-6.530764,6.103518,4.943848,cycling
5567003,0.695557,-0.570923,-0.526733,1.77002,-4.394531,0.12207,cycling
5567020,0.760742,-0.770996,-0.565063,-0.915528,-4.882813,-5.004883,cycling
5567037,0.651123,-0.474243,-0.334106,11.535648,-6.713869,-3.906251,cycling
5567054,0.708862,-0.489136,-0.405273,8.666992,-8.056641,-0.732422,cycling
5567070,0.595581,-0.663086,-0.421753,4.882813,-5.187988,2.685547,cycling
5567087,0.675781,-0.591064,-0.481323,-0.427246,-1.77002,2.01416,cycling
5567104,0.586426,-0.49646,-0.405884,-2.502441,-2.868653,3.295899,cycling
5567120,0.635986,-0.493164,-0.41748,-4.272461,5.798342,4.272461,cycling
5567137,0.444702,-0.560547,-0.408081,-7.141115,4.516602,7.751467,cycling
5567154,0.403931,-0.550781,-0.442627,-9.094238,8.361816,17.211914,cycling
5567170,0.770874,-0.909424,-0.596436,-17.578125,14.709476,2.929688,cycling
5567187,0.462402,-0.653564,-0.56189,-19.042969,14.16016,1.403809,cycling
5567204,0.648193,-0.595337,-0.231812,-1.953125,4.699707,-6.042482,cycling
5567220,0.638428,-0.723022,-0.481934,-7.019045,3.906251,-2.746582,cycling
5567237,0.456787,-0.67981,-0.400269,-1.89209,13.549809,-0.793457,cycling
5567254,0.759277,-0.489136,-0.693115,-15.258793,9.70459,0.305176,cycling
5567270,0.672729,-0.503418,-0.500366,-10.070801,12.878422,1.953125,cycling
5567287,0.260742,-0.513672,-0.283081,-0.12207,-9.70459,22.033691,cycling
5567304,1.113403,-1.154785,-0.761475,-25.085457,13.244633,5.249023,cycling
5567320,1.149292,-1.374634,-0.789673,-21.118164,22.033691,-32.226563,cycling
5567337,0.324707,0.686523,-0.19104,13.000492,3.784181,-1.342773,cycling
5567354,0.335571,0.39563,0.157715,37.231445,-15.869144,13.488773,cycling
5567370,0.585205,-0.870361,-0.553833,-10.131836,-3.234864,22.033691,cycling
5567387,0.446167,-0.839233,-0.416992,-9.765625,16.296387,11.901859,cycling
5567404,1.084839,-0.634644,-0.744507,-22.094727,18.859863,12.634281,cycling
5567420,0.498047,-0.546021,-0.227661,-5.920412,-5.493164,8.117676,cycling
5567437,0.533569,-0.581909,-0.380127,-2.929688,5.004883,14.28223,cycling
5567454,0.784424,-0.515625,-0.634521,-5.798342,-3.723145,1.220703,cycling
5567470,0.702393,-0.640503,-0.670288,-7.751467,-3.479005,-0.854492,cycling
5567487,0.530029,-0.645264,-0.390869,-1.098633,-8.483887,-8.911133,cycling
5567504,0.695435,-0.380005,-0.387695,5.371094,-13.916019,-8.300781,cycling
5567520,0.643066,-0.506104,-0.205688,11.901859,-12.939457,-9.216309,cycling
5567537,0.717773,-0.594849,-0.462036,4.02832,-5.249023,-2.685547,cycling
5567554,0.747925,-0.589233,-0.65332,-5.249023,-2.807618,-2.319336,cycling
5567570,0.623779,-0.427246,-0.510376,-10.742188,-2.624512,5.310059,cycling
5567587,0.479736,-0.394775,-0.280273,-1.953125,-2.746582,12.329105,cycling
5567604,0.911011,-0.862793,-0.582642,-6.530764,3.051759,2.868653,cycling
5567620,0.25708,-1.082642,-0.112183,10.742188,-2.868653,-10.925293,cycling
5567637,0.54541,-0.754272,-0.515259,2.01416,8.361816,-12.939457,cycling
5567654,0.64856,-0.585571,-0.255493,21.240234,-6.347658,-5.920412,cycling
5567671,0.512085,-0.549805,-0.457886,10.375977,-7.446291,8.239746,cycling
5567687,0.386597,-0.546021,-0.368286,13.427738,2.502441,5.493164,cycling
5567704,0.713867,-0.480225,-0.58374,-1.220703,10.498047,4.943848,cycling
5567721,0.477661,-0.604492,-0.417236,-4.02832,8.422852,9.887695,cycling
5567737,0.672729,-0.700317,-0.521362,-7.08008,12.207035,5.981447,cycling
5567754,0.605957,-0.613037,-0.424927,-2.01416,8.300781,3.54004,cycling
5567771,0.545166,-0.687256,-0.342651,5.371094,9.82666,-6.408693,cycling
5567787,0.781494,-0.680176,-0.525757,5.249023,7.385256,-14.16016,cycling
5567804,0.70459,-0.679321,-0.537476,6.164553,5.798342,-15.014652,cycling
5567821,0.694946,-0.652588,-0.510498,5.249023,2.441406,-11.230473,cycling
5567837,0.783569,-0.587158,-0.512207,6.774904,-3.41797,-5.371094,cycling
5567854,0.720581,-0.758789,-0.542969,-0.732422,-9.216309,-2.624512,cycling
5567871,0.606812,-0.656738,-0.427979,1.586915,-9.765625,-2.441406,cycling
5567887,0.797119,-0.498657,-0.202148,15.869144,-10.437012,-7.141115,cycling
5567904,0.844482,-0.599487,-0.388184,15.441898,-8.972168,-10.314941,cycling
5567921,0.787231,-0.723267,-0.48645,10.681152,-5.798342,-10.498047,cycling
5567937,0.731445,-0.358398,-0.56897,6.042482,-3.845216,-6.774904,cycling
5567954,0.708496,-0.472046,-0.450562,6.408693,-10.498047,-6.286623,cycling
5567971,0.582642,-0.59436,-0.5271,-4.02832,-8.178711,-0.854492,cycling
5567987,0.561035,-0.531006,-0.498657,-5.432129,-5.187988,-0.427246,cycling
5568004,0.565063,-0.475098,-0.426392,-7.08008,-3.784181,0.0,cycling
5568021,0.571411,-0.651001,-0.301392,-1.77002,-0.854492,-3.845216,cycling
5568037,0.517944,-0.62561,-0.387939,-1.708985,0.488281,-2.258301,cycling
5568054,0.503418,-0.660522,-0.529175,-4.02832,5.126953,-3.173829,cycling
5568071,0.600708,-0.785522,-0.43811,-3.784181,5.187988,-5.371094,cycling
5568087,0.450195,-0.656982,-0.465088,-7.568361,4.821777,2.807618,cycling
5568104,0.341431,-0.525635,-0.340698,-2.075195,9.033203,4.821777,cycling
5568121,0.699951,-0.64917,-0.422852,-0.915528,14.587406,3.723145,cycling
5568137,0.545898,-0.71167,-0.508423,-2.868653,15.197758,8.605957,cycling
5568154,0.547485,-0.725708,-0.556519,-3.356935,13.122562,9.338379,cycling
5568171,0.798828,-0.623657,-0.576172,-6.225588,14.16016,6.164553,cycling
5568187,0.497681,-0.608643,-0.350586,0.610352,11.230473,9.643555,cycling
5568204,0.624023,-0.659302,-0.510132,-0.854492,14.03809,11.230473,cycling
5568221,0.661743,-0.70459,-0.558472,-5.126953,15.319828,8.789063,cycling
5568238,0.576416,-0.611938,-0.441895,-3.845216,11.352543,11.596684,cycling
5568254,0.742432,-0.674927,-0.460938,-4.272461,6.286623,7.324221,cycling
5568271,0.680786,-0.759766,-0.473389,-3.295899,9.277344,3.173829,cycling
5568288,0.679688,-0.494263,-0.527344,2.075195,10.375977,3.41797,cycling
5568304,0.675171,-0.436768,-0.546875,1.953125,4.699707,5.981447,cycling
5568321,0.601807,-0.537354,-0.510376,1.64795,7.263186,9.094238,cycling
5568338,0.731323,-0.530762,-0.58252,-2.624512,5.676271,8.239746,cycling
5568354,0.588989,-0.462158,-0.411743,-1.403809,2.441406,9.521484,cycling
5568371,0.655518,-0.518311,-0.334106,2.319336,4.882813,9.155273,cycling
5568388,0.641113,-0.538696,-0.297485,5.493164,3.173829,7.446291,cycling
5568404,0.537231,-0.522949,-0.531738,-3.723145,4.943848,10.498047,cycling
5568421,0.602295,-0.640137,-0.572266,-10.375977,7.385256,7.751467,cycling
5568438,0.54187,-0.638428,-0.596191,-11.535648,1.77002,5.432129,cycling
5568454,0.555542,-0.695923,-0.546997,-12.756351,-0.732422,2.563477,cycling
5568471,0.608643,-0.728149,-0.270996,-1.098633,-0.427246,-4.821777,cycling
5568488,0.611084,-0.66748,-0.47168,0.488281,4.394531,-6.774904,cycling
5568504,0.56897,-0.700562,-0.41748,1.403809,4.089355,-4.272461,cycling
5568521,0.590454,-0.591309,-0.46814,-5.126953,7.873537,1.89209,cycling
5568538,0.724365,-0.762451,-0.304688,-2.624512,13.671879,2.13623,cycling
5568554,0.732056,-0.782349,-0.389893,-5.187988,11.596684,3.41797,cycling
5568571,0.461914,-0.800781,-0.268433,0.0,17.272949,9.765625,cycling
5568588,0.634399,-0.709351,-0.45105,-3.051759,18.249512,7.995607,cycling
5568604,0.567871,-0.724731,-0.570801,-3.784181,18.310547,7.08008,cycling
5568621,0.520996,-0.682861,-0.651123,-4.882813,14.343266,8.056641,cycling
5568638,0.650024,-0.630005,-0.601196,-4.455566,13.244633,7.446291,cycling
5568654,0.60376,-0.753662,-0.510742,-5.126953,12.634281,4.333496,cycling
5568671,0.626465,-0.66748,-0.548218,-7.812502,16.296387,3.723145,cycling
5568688,0.539185,-0.474731,-0.441406,-4.089355,15.258793,5.004883,cycling
5568704,0.549438,-0.570068,-0.473511,-7.568361,19.836426,8.605957,cycling
5568721,0.67334,-0.618408,-0.63269,-15.869144,21.789551,7.873537,cycling
5568738,0.683472,-0.6427,-0.578979,-17.578125,19.226074,5.920412,cycling
5568754,0.688843,-0.617188,-0.572754,-18.249512,14.03809,3.906251,cycling
5568771,0.689209,-0.623291,-0.422729,-12.512211,14.953617,2.01416,cycling
5568788,0.694824,-0.616943,-0.436401,-12.146,13.854984,2.380371,cycling
5568804,0.558228,-0.653442,-0.415649,-11.657719,13.549809,5.065918,cycling
5568821,0.659546,-0.624023,-0.446411,-11.291508,10.375977,4.516602,cycling
5568838,0.680908,-0.604004,-0.39978,-6.95801,4.699707,3.173829,cycling
5568855,0.69165,-0.573486,-0.378662,-4.577637,2.441406,3.66211,cycling
5568871,0.745117,-0.559814,-0.504761,-3.906251,0.061035,2.441406,cycling
5568888,0.619141,-0.752197,-0.469849,-4.821777,-2.380371,3.356935,cycling
5568905,0.546875,-0.697876,-0.560303,-8.789063,-8.728027,9.216309,cycling
5568921,0.557129,-0.728271,-0.228149,-8.850098,-11.291508,11.413578,cycling
5568938,0.58374,-0.87207,0.080566,1.953125,-5.249023,11.779789,cycling
5568955,0.604126,-0.929688,-0.00769,0.732422,6.652834,5.920412,cycling
5568971,0.639282,-0.617065,-0.50061,-4.150391,8.239746,10.742188,cycling
5568988,0.678711,-0.729126,-0.77063,-13.305668,8.850098,8.789063,cycling
5569005,0.4552,-0.722534,-0.626831,-15.136723,4.821777,15.808109,cycling
5569021,0.506348,-0.819092,-0.476196,-8.361816,-1.464844,13.427738,cycling
5569038,0.361206,-0.500977,-0.03479,10.375977,-7.20215,24.047859,cycling
5569055,0.927368,-0.72522,-0.513794,-0.488281,9.094238,15.380863,cycling
5569071,0.535278,-0.588379,-0.403442,15.136723,2.502441,12.939457,cycling
5569088,0.541016,-0.462891,-0.795288,-5.981447,4.516602,21.057129,cycling
5569105,0.801758,-0.740356,-0.31958,1.89209,-2.319336,11.291508,cycling
5569121,0.517456,-0.284912,-0.496704,-5.371094,3.356935,24.53614,cycling
5569138,0.417603,-0.683838,-0.103027,9.460449,-2.380371,15.197758,cycling
5569155,0.898804,-0.617432,-0.763672,-15.686039,-2.502441,8.056641,cycling
5569171,0.781738,-0.481567,-0.303101,1.525879,7.446291,2.929688,cycling
5569188,1.016113,-0.539185,-0.443481,2.13623,-4.272461,-5.249023,cycling
5569205,0.374146,-0.434814,-0.269531,2.868653,-10.559082,3.845216,cycling
5569221,0.969604,-0.554077,-0.550171,-6.347658,4.333496,-1.281738,cycling
5569238,0.640381,-0.64502,-0.296997,-3.906251,3.601075,-2.746582,cycling
5569255,0.569214,-0.731567,-0.282227,-1.464844,4.760742,-4.882813,cycling
5569271,0.773071,-0.485718,-0.519531,-7.812502,6.103518,-6.713869,cycling
5569288,0.586914,-0.729858,-0.178833,3.66211,0.732422,-9.521484,cycling
5569305,0.706299,-0.762207,-0.354004,-0.671387,4.089355,-9.277344,cycling
5569321,0.580078,-0.585449,-0.40332,-0.488281,4.821777,-9.399414,cycling
5569338,0.804077,-0.649902,-0.588867,-2.624512,-1.464844,-18.127441,cycling
5569355,0.411377,-0.606323,-0.408691,8.300781,-11.901859,-13.916019,cycling
5569371,0.678467,-0.69812,-0.458862,7.20215,-17.456055,-14.221195,cycling
5569388,0.640137,-0.713989,-0.410034,9.338379,-19.40918,-13.366703,cycling
5569405,0.611572,-0.819214,-0.181519,13.366703,-27.099617,-14.03809,cycling
5569421,0.719238,-0.723633,-0.211548,11.047363,-19.836426,-15.197758,cycling
5569438,0.407227,-0.721069,0.019287,19.714355,-20.019531,-5.432129,cycling
5569455,0.595703,-0.750488,-0.337036,11.352543,-16.357422,-0.183106,cycling
5569472,0.688965,-0.742798,-0.543457,-0.610352,-9.277344,-5.920412,cycling
5569488,0.388062,-0.467041,-0.555664,-0.732422,-2.075195,2.380371,cycling
5569505,0.668213,-0.720337,-0.438843,-1.77002,-14.587406,-1.220703,cycling
5569522,0.443726,-0.840088,-0.218872,6.286623,-10.192871,0.976563,cycling
5569538,0.728149,-0.823853,-0.351563,6.103518,-4.882813,-3.845216,cycling
5569555,0.551392,-0.571411,-0.3396,11.596684,-4.02832,1.953125,cycling
5569572,0.542847,-0.557617,-0.499146,8.239746,-5.981447,8.728027,cycling
