timestamp_ms,ax,ay,az,gx,gy,gz,activity
1018378,0.919312,0.37085,-0.431763,10.620117,-94.604523,43.518066,eating_with_spoon
1018395,0.920044,0.357544,-0.453247,9.94873,-94.421417,40.649414,eating_with_spoon
1018411,0.86792,0.321167,-0.528809,9.521484,-81.970215,35.888672,eating_with_spoon
1018428,0.794434,0.297974,-0.576904,9.94873,-65.551758,30.151375,eating_with_spoon
1018445,0.771973,0.288696,-0.584351,10.986328,-59.448257,27.099617,eating_with_spoon
1018461,0.788818,0.264404,-0.564209,12.817387,-56.945816,22.39991,eating_with_spoon
1018478,0.850342,0.251953,-0.554688,13.610844,-65.368652,22.583015,eating_with_spoon
1018495,0.865356,0.222534,-0.57373,13.610844,-79.162598,24.16993,eating_with_spoon
1018511,0.8573,0.212524,-0.578369,12.146,-82.580566,24.353035,eating_with_spoon
1018528,0.812134,0.198486,-0.610474,9.277344,-75.134277,20.202637,eating_with_spoon
1018545,0.739258,0.215942,-0.653564,7.995607,-60.42482,13.549809,eating_with_spoon
1018561,0.723022,0.22644,-0.665161,7.08008,-51.025406,10.620117,eating_with_spoon
1018578,0.745361,0.236572,-0.679199,6.95801,-34.729004,5.676271,eating_with_spoon
1018595,0.788818,0.223267,-0.686157,8.605957,-30.151375,2.746582,eating_with_spoon
1018611,0.804565,0.205933,-0.680786,8.911133,-36.743164,1.64795,eating_with_spoon
1018628,0.787598,0.204956,-0.682007,7.995607,-40.344238,0.671387,eating_with_spoon
1018645,0.763672,0.223022,-0.708496,7.385256,-43.823242,-0.915528,eating_with_spoon
1018661,0.734619,0.225952,-0.751953,8.972168,-43.762207,-2.380371,eating_with_spoon
1018678,0.72229,0.217163,-0.770508,9.643555,-43.579102,-3.723145,eating_with_spoon
1018695,0.740234,0.194946,-0.778198,9.460449,-42.175293,-5.187988,eating_with_spoon
1018711,0.759033,0.192993,-0.791748,8.178711,-45.593277,-7.385256,eating_with_spoon
1018728,0.711792,0.196045,-0.822388,8.483887,-47.729507,-10.498047,eating_with_spoon
1018745,0.682983,0.203491,-0.834106,9.033203,-47.241226,-13.671879,eating_with_spoon
1018761,0.680054,0.204346,-0.851318,9.094238,-46.264664,-16.723633,eating_with_spoon
1018778,0.647217,0.21106,-0.852905,8.789063,-43.823242,-18.615723,eating_with_spoon
1018795,0.625488,0.213013,-0.847046,9.399414,-41.809082,-19.042969,eating_with_spoon
1018811,0.613037,0.212646,-0.830444,10.498047,-42.96875,-19.042969,eating_with_spoon
1018828,0.549438,0.225098,-0.830933,12.817387,-45.227066,-22.216805,eating_with_spoon
1018845,0.548828,0.204468,-0.823975,10.742188,-45.593277,-18.798828,eating_with_spoon
1018861,0.531494,0.22229,-0.814453,12.878422,-45.104996,-22.52198,eating_with_spoon
1018878,0.510254,0.209595,-0.781982,13.854984,-44.92189,-20.080566,eating_with_spoon
1018895,0.443115,0.216675,-0.768921,12.02393,-47.546402,-16.967773,eating_with_spoon
1018912,0.40332,0.217285,-0.760376,12.02393,-48.950211,-16.357422,eating_with_spoon
1018928,0.346802,0.201538,-0.739136,13.061527,-49.682632,-16.174316,eating_with_spoon
1018945,0.282471,0.18457,-0.709229,13.183598,-47.180191,-14.953617,eating_with_spoon
1018962,0.252319,0.177734,-0.696655,12.512211,-44.311539,-13.122562,eating_with_spoon
1018978,0.218506,0.173828,-0.675171,12.878422,-42.724609,-10.559082,eating_with_spoon
1018995,0.180176,0.154053,-0.657959,14.465336,-38.696289,-6.530764,eating_with_spoon
1019012,0.180054,0.159668,-0.664063,15.563969,-32.836914,-1.403809,eating_with_spoon
1019028,0.201782,0.161987,-0.678589,16.479492,-30.578621,1.586915,eating_with_spoon
1019045,0.250732,0.168945,-0.712769,19.65332,-28.808601,6.408693,eating_with_spoon
1019062,0.218994,0.151489,-0.716309,19.470215,-26.000984,13.061527,eating_with_spoon
1019078,0.202759,0.154419,-0.717285,19.836426,-23.620613,13.488773,eating_with_spoon
1019095,0.254639,0.148438,-0.718506,20.141602,-24.780281,16.723633,eating_with_spoon
1019112,0.333252,0.117554,-0.785156,19.836426,-27.954109,19.287109,eating_with_spoon
1019128,0.322998,0.092285,-0.863403,18.005371,-27.038582,21.972656,eating_with_spoon
1019145,0.295654,0.099854,-0.881348,17.51709,-25.268562,22.216805,eating_with_spoon
1019162,0.292847,0.11438,-0.866943,17.150879,-26.855476,23.437508,eating_with_spoon
1019178,0.286987,0.115112,-0.895264,14.404301,-34.790039,24.353035,eating_with_spoon
1019195,0.293091,0.107056,-0.924316,14.099125,-35.888672,24.902351,eating_with_spoon
1019212,0.330322,0.095825,-0.989746,16.723633,-45.898453,26.000984,eating_with_spoon
1019228,0.202026,0.080566,-0.972534,16.906738,-44.616714,30.151375,eating_with_spoon
1019245,0.17395,-0.00354,-1.111206,9.521484,-14.221195,16.357422,eating_with_spoon
1019262,0.349121,0.03479,-1.151611,6.103518,0.488281,18.737793,eating_with_spoon
1019278,0.469604,0.104004,-1.102539,11.901859,-31.98243,26.977547,eating_with_spoon
1019295,0.228638,0.090332,-1.05127,13.305668,-30.151375,20.202637,eating_with_spoon
1019312,0.218384,0.059326,-1.052124,12.390141,-15.991215,15.625004,eating_with_spoon
1019328,0.274414,0.00769,-1.05249,6.042482,4.02832,8.666992,eating_with_spoon
1019345,0.30835,0.00647,-1.026855,-2.502441,18.920898,-0.427246,eating_with_spoon
1019362,0.380859,0.020264,-1.004639,-8.850098,24.53614,-4.699707,eating_with_spoon
1019378,0.389038,0.042603,-0.999146,-9.155273,23.681648,-7.141115,eating_with_spoon
1019395,0.367676,0.04248,-0.986206,-11.352543,21.789551,-8.789063,eating_with_spoon
1019412,0.364746,0.079468,-0.985718,-10.925293,25.024422,-10.070801,eating_with_spoon
1019428,0.345337,0.076172,-0.973755,-9.58252,29.968269,-11.596684,eating_with_spoon
1019445,0.33252,0.086792,-0.899902,-8.850098,39.428711,-11.962894,eating_with_spoon
1019462,0.299194,0.079468,-0.861206,-7.019045,42.785645,-15.625004,eating_with_spoon
1019479,0.320679,0.071289,-0.870117,-8.056641,42.541504,-15.319828,eating_with_spoon
1019495,0.324585,0.065308,-0.908325,-7.20215,39.550781,-16.662598,eating_with_spoon
1019512,0.275146,0.056641,-0.880737,-7.873537,43.395996,-15.441898,eating_with_spoon
1019529,0.320313,0.091675,-0.833252,-10.070801,49.133316,-11.596684,eating_with_spoon
1019545,0.339478,0.098877,-0.835449,-8.666992,51.269547,-11.291508,eating_with_spoon
1019562,0.356689,0.103271,-0.868896,-7.873537,54.870621,-8.361816,eating_with_spoon
1019579,0.362671,0.105347,-0.842773,-7.629396,57.861343,-7.629396,eating_with_spoon
1019595,0.434937,0.09375,-0.85022,-7.08008,55.480972,-6.164553,eating_with_spoon
1019612,0.745972,0.007935,-1.531616,-18.005371,-6.286623,4.699707,eating_with_spoon
1019629,0.59668,0.260742,-0.955078,-5.493164,4.333496,-8.361816,eating_with_spoon
1019645,0.417847,0.090088,-0.806274,-10.925293,-17.822266,-8.728027,eating_with_spoon
1019662,0.347778,0.10083,-0.865967,-17.272949,-13.854984,-9.033203,eating_with_spoon
1019679,0.307495,0.105835,-0.911865,-17.028809,3.479005,-7.08008,eating_with_spoon
1019695,0.362061,0.145752,-0.903931,-13.122562,16.723633,-5.981447,eating_with_spoon
1019712,0.381348,0.16272,-0.89856,-8.666992,18.920898,-5.126953,eating_with_spoon
1019729,0.453369,0.164551,-0.884033,-5.676271,21.484375,-4.760742,eating_with_spoon
1019745,0.500122,0.162964,-0.8573,-5.065918,15.563969,-2.380371,eating_with_spoon
1019762,0.520142,0.163086,-0.848755,-5.920412,7.08008,-1.281738,eating_with_spoon
1019779,0.519409,0.169312,-0.854614,-4.089355,2.929688,-2.990724,eating_with_spoon
1019795,0.497681,0.165649,-0.857178,-6.530764,-2.13623,-2.258301,eating_with_spoon
1019812,0.494263,0.176514,-0.863037,-6.713869,-6.774904,-0.732422,eating_with_spoon
1019829,0.498779,0.179932,-0.863892,-5.249023,-10.192871,0.244141,eating_with_spoon
1019845,0.471558,0.168701,-0.862793,-5.065918,-14.831547,2.075195,eating_with_spoon
1019862,0.461182,0.165283,-0.868774,-3.66211,-18.310547,2.929688,eating_with_spoon
1019879,0.437012,0.161499,-0.873657,-3.234864,-20.507813,2.380371,eating_with_spoon
1019895,0.408203,0.160889,-0.881348,-3.356935,-20.019531,1.708985,eating_with_spoon
1019912,0.387573,0.165771,-0.890625,-3.173829,-15.991215,-0.366211,eating_with_spoon
1019929,0.383301,0.169189,-0.890869,-2.746582,-11.291508,-1.586915,eating_with_spoon
1019945,0.38269,0.169678,-0.889771,-2.685547,-9.033203,-1.953125,eating_with_spoon
1019962,0.391846,0.174072,-0.889893,-1.77002,-5.981447,-2.502441,eating_with_spoon
1019979,0.385376,0.174683,-0.890869,-1.098633,-3.173829,-1.708985,eating_with_spoon
1019995,0.386353,0.176392,-0.891724,-0.854492,-1.464844,-1.586915,eating_with_spoon
1020012,0.401855,0.183838,-0.884888,-0.244141,0.061035,-1.159668,eating_with_spoon
1020029,0.411865,0.178833,-0.880493,0.732422,-0.671387,-0.549316,eating_with_spoon
1020045,0.431396,0.178833,-0.873169,-0.061035,-2.746582,0.488281,eating_with_spoon
1020062,0.42627,0.178955,-0.874756,-0.671387,-4.333496,1.037598,eating_with_spoon
1020079,0.419434,0.173706,-0.879639,-1.098633,-6.652834,1.77002,eating_with_spoon
1020096,0.411499,0.169067,-0.879883,-2.685547,-7.751467,2.01416,eating_with_spoon
1020112,0.407715,0.170044,-0.882324,-2.929688,-8.117676,1.953125,eating_with_spoon
1020129,0.383545,0.169189,-0.887451,-3.41797,-7.20215,1.953125,eating_with_spoon
1020146,0.384888,0.166748,-0.88916,-3.845216,-5.004883,1.159668,eating_with_spoon
1020162,0.384399,0.166382,-0.886353,-5.187988,-3.845216,0.610352,eating_with_spoon
1020179,0.382568,0.168945,-0.886597,-6.042482,-3.41797,0.366211,eating_with_spoon
1020196,0.379395,0.178955,-0.891479,-7.385256,-1.89209,0.061035,eating_with_spoon
1020212,0.379761,0.186646,-0.889771,-6.95801,-0.427246,-0.366211,eating_with_spoon
1020229,0.383423,0.185059,-0.887329,-7.20215,0.12207,-0.671387,eating_with_spoon
1020246,0.399658,0.195313,-0.887939,-7.08008,0.183106,-1.159668,eating_with_spoon
1020262,0.383423,0.203247,-0.891968,-5.737307,0.549316,-0.366211,eating_with_spoon
1020279,0.359375,0.190796,-0.897339,-4.943848,4.821777,1.159668,eating_with_spoon
1020296,0.375977,0.200317,-0.897949,-4.882813,6.469728,1.098633,eating_with_spoon
1020312,0.386841,0.189453,-0.890137,-3.234864,8.178711,-0.549316,eating_with_spoon
1020329,0.391357,0.203979,-0.892212,-2.685547,10.314941,0.488281,eating_with_spoon
1020346,0.391235,0.203735,-0.8927,-1.953125,11.718754,0.366211,eating_with_spoon
1020362,0.380615,0.200806,-0.893433,-3.051759,17.150879,0.854492,eating_with_spoon
1020379,0.40686,0.203613,-0.893433,0.427246,19.836426,-1.159668,eating_with_spoon
1020396,0.384277,0.201172,-0.890015,2.807618,24.597176,0.12207,eating_with_spoon
1020412,0.389282,0.200684,-0.892822,0.793457,29.663094,2.746582,eating_with_spoon
1020429,0.431396,0.166138,-0.878906,0.366211,33.691406,0.793457,eating_with_spoon
1020446,0.394775,0.176147,-0.820923,-6.652834,42.724609,-1.831055,eating_with_spoon
1020462,0.389038,0.207031,-0.824097,-17.028809,61.584488,-12.451176,eating_with_spoon
1020479,0.580444,0.226074,-0.882202,-13.183598,66.28418,-7.20215,eating_with_spoon
1020496,0.692749,0.243652,-0.979248,-15.075687,62.927261,-5.676271,eating_with_spoon
1020512,0.758545,0.249023,-1.006226,-10.559082,48.217789,-8.605957,eating_with_spoon
1020529,0.689697,0.223877,-0.965332,-15.502934,30.456551,-9.82666,eating_with_spoon
1020546,0.678955,0.259888,-0.935303,-19.775391,17.39502,-13.732914,eating_with_spoon
1020562,0.65918,0.261963,-0.930542,-23.193367,7.629396,-17.150879,eating_with_spoon
1020579,0.650635,0.263062,-0.932007,-24.902351,5.615236,-18.920898,eating_with_spoon
1020596,0.614502,0.277222,-0.919678,-26.733406,11.657719,-24.353035,eating_with_spoon
1020612,0.591675,0.279785,-0.90686,-25.939949,24.841316,-29.968269,eating_with_spoon
1020629,0.588745,0.273682,-0.894409,-27.648933,29.907234,-30.21241,eating_with_spoon
1020646,0.60437,0.285522,-0.855225,-31.311043,30.578621,-31.98243,eating_with_spoon
1020663,0.579346,0.305298,-0.806152,-34.545898,30.21241,-34.362793,eating_with_spoon
1020679,0.592041,0.315308,-0.784912,-35.15625,33.325195,-37.109375,eating_with_spoon
1020696,0.589355,0.319946,-0.776733,-35.644531,34.057617,-38.818359,eating_with_spoon
1020713,0.57666,0.33728,-0.744019,-37.231445,31.98243,-41.381836,eating_with_spoon
1020729,0.546143,0.362427,-0.712891,-38.024902,37.353516,-42.358398,eating_with_spoon
1020746,0.544189,0.374512,-0.700684,-36.804199,42.175293,-43.395996,eating_with_spoon
1020763,0.55603,0.378906,-0.689819,-34.545898,52.49025,-45.166031,eating_with_spoon
1020779,0.549927,0.393311,-0.658325,-34.423828,60.241714,-45.959488,eating_with_spoon
1020796,0.566284,0.432739,-0.612549,-32.714844,64.453125,-47.363297,eating_with_spoon
1020813,0.558105,0.453979,-0.595337,-31.433113,67.321777,-47.729507,eating_with_spoon
1020829,0.574219,0.483521,-0.560913,-25.390633,69.824219,-49.194351,eating_with_spoon
1020846,0.590942,0.48999,-0.534912,-22.827156,63.537613,-46.997086,eating_with_spoon
1020863,0.596924,0.493408,-0.525757,-21.66748,57.678238,-46.386734,eating_with_spoon
1020879,0.565063,0.502075,-0.509644,-19.348145,54.016129,-46.264664,eating_with_spoon
1020896,0.505005,0.540405,-0.496582,-14.03809,65.307617,-46.997086,eating_with_spoon
1020913,0.538208,0.543335,-0.46521,-9.277344,74.768066,-43.457031,eating_with_spoon
1020929,0.571167,0.549561,-0.442749,-8.911133,74.462891,-41.687012,eating_with_spoon
1020946,0.601929,0.571655,-0.412109,-7.629396,67.749023,-40.222168,eating_with_spoon
1020963,0.614868,0.581787,-0.410767,-5.065918,58.41066,-37.841797,eating_with_spoon
1020979,0.608521,0.588623,-0.420166,-3.295899,53.527847,-36.743164,eating_with_spoon
1020996,0.602661,0.582886,-0.433594,-0.976563,44.250504,-33.14209,eating_with_spoon
1021013,0.579468,0.591064,-0.421387,1.220703,40.893555,-33.14209,eating_with_spoon
1021029,0.563843,0.599976,-0.411011,0.549316,44.067383,-33.203125,eating_with_spoon
1021046,0.553345,0.633789,-0.395386,2.929688,57.067886,-32.226563,eating_with_spoon
1021063,0.586548,0.620361,-0.400024,6.347658,61.767593,-28.869637,eating_with_spoon
1021079,0.653076,0.599121,-0.390869,5.859377,49.255386,-27.465828,eating_with_spoon
1021096,0.661133,0.608398,-0.397583,5.065918,40.83252,-28.07618,eating_with_spoon
1021113,0.62915,0.634644,-0.419434,6.835939,31.555183,-27.832039,eating_with_spoon
1021129,0.618408,0.626099,-0.411743,8.911133,27.465828,-26.611336,eating_with_spoon
1021146,0.620361,0.622437,-0.401123,8.666992,24.16993,-25.878914,eating_with_spoon
1021163,0.621338,0.633179,-0.39917,7.019045,16.540527,-25.451668,eating_with_spoon
1021179,0.621094,0.627075,-0.401611,5.126953,8.728027,-22.033691,eating_with_spoon
1021196,0.573975,0.631836,-0.391113,4.02832,8.544922,-22.827156,eating_with_spoon
1021213,0.555786,0.639893,-0.386841,3.784181,10.986328,-22.583015,eating_with_spoon
1021229,0.547485,0.649414,-0.386108,3.295899,15.502934,-21.66748,eating_with_spoon
1021246,0.588135,0.638672,-0.386963,2.13623,11.779789,-19.470215,eating_with_spoon
1021263,0.606201,0.636719,-0.386841,1.342773,5.554201,-18.310547,eating_with_spoon
1021280,0.585083,0.639526,-0.388916,0.305176,-8.483887,-16.479492,eating_with_spoon
1021296,0.516235,0.645142,-0.379883,0.488281,-12.02393,-15.258793,eating_with_spoon
1021313,0.487183,0.641357,-0.364258,0.854492,-5.554201,-12.207035,eating_with_spoon
1021330,0.49707,0.639404,-0.365112,0.305176,-2.197266,-10.314941,eating_with_spoon
1021346,0.525024,0.634399,-0.381958,-0.976563,-1.77002,-6.408693,eating_with_spoon
1021363,0.532349,0.632813,-0.385132,-2.258301,-9.094238,-3.845216,eating_with_spoon
1021380,0.52002,0.635376,-0.387817,-2.258301,-12.26807,-3.234864,eating_with_spoon
1021396,0.488647,0.634399,-0.395996,-2.380371,-13.427738,-0.976563,eating_with_spoon
1021413,0.482544,0.638794,-0.392944,-2.990724,-6.896975,0.976563,eating_with_spoon
1021430,0.492798,0.637573,-0.393433,-4.943848,-0.854492,4.089355,eating_with_spoon
1021446,0.5,0.640137,-0.386597,-6.347658,0.732422,5.310059,eating_with_spoon
1021463,0.496094,0.647217,-0.384155,-7.995607,3.051759,7.507326,eating_with_spoon
1021480,0.509766,0.650635,-0.382324,-9.887695,5.493164,10.742188,eating_with_spoon
1021496,0.531738,0.651489,-0.379272,-10.681152,5.493164,12.451176,eating_with_spoon
1021513,0.559204,0.65979,-0.372559,-11.535648,4.882813,15.136723,eating_with_spoon
1021530,0.570557,0.65979,-0.377563,-11.108402,3.601075,17.028809,eating_with_spoon
1021546,0.573975,0.646729,-0.367432,-11.718754,2.13623,18.554688,eating_with_spoon
1021563,0.573853,0.667725,-0.361084,-11.657719,1.89209,19.470215,eating_with_spoon
1021580,0.578857,0.659058,-0.361816,-9.94873,0.976563,22.033691,eating_with_spoon
1021596,0.575195,0.651367,-0.364014,-10.314941,2.746582,24.963387,eating_with_spoon
1021613,0.586914,0.65686,-0.359863,-10.375977,1.342773,26.062019,eating_with_spoon
1021630,0.587158,0.655273,-0.350464,-10.009766,-1.586915,27.954109,eating_with_spoon
1021646,0.601074,0.649902,-0.352661,-8.728027,-2.01416,30.944832,eating_with_spoon
1021663,0.613403,0.645752,-0.35022,-7.690432,-1.89209,32.409668,eating_with_spoon
1021680,0.630127,0.638306,-0.349854,-5.493164,-2.990724,35.15625,eating_with_spoon
1021696,0.651123,0.620605,-0.349487,-4.577637,-10.437012,38.635254,eating_with_spoon
1021713,0.681274,0.630737,-0.330078,-3.112794,-19.348145,40.283203,eating_with_spoon
1021730,0.693237,0.634888,-0.331665,-2.319336,-19.958496,41.564941,eating_with_spoon
1021746,0.715576,0.660156,-0.370361,12.084965,-32.043457,31.066902,eating_with_spoon
1021763,0.665527,0.604492,-0.371216,8.605957,-26.855476,34.729004,eating_with_spoon
1021780,0.701904,0.610229,-0.371948,8.728027,-30.517586,33.447266,eating_with_spoon
1021796,0.661255,0.60376,-0.358276,7.995607,-34.484863,33.38623,eating_with_spoon
1021813,0.649902,0.595215,-0.382202,7.934572,-29.479988,34.179688,eating_with_spoon
1021830,0.655273,0.569336,-0.411133,8.789063,-23.925789,35.705566,eating_with_spoon
1021846,0.668823,0.55835,-0.421021,8.728027,-21.057129,36.560059,eating_with_spoon
1021863,0.712769,0.539673,-0.434082,10.925293,-23.986824,36.376953,eating_with_spoon
1021880,0.712036,0.535522,-0.431641,11.108402,-36.132813,36.010742,eating_with_spoon
1021897,0.681763,0.529053,-0.427002,10.620117,-41.19873,36.560059,eating_with_spoon
1021913,0.607544,0.521118,-0.435791,9.399414,-36.315918,38.024902,eating_with_spoon
1021930,0.607422,0.489868,-0.457031,13.427738,-21.362305,38.696289,eating_with_spoon
1021947,0.646729,0.478882,-0.465454,11.657719,-16.967773,39.550781,eating_with_spoon
1021963,0.656372,0.47998,-0.456665,12.939457,-17.883301,37.780762,eating_with_spoon
1021980,0.697021,0.455811,-0.438965,10.314941,-12.26807,40.405273,eating_with_spoon
1021997,0.769165,0.483643,-0.453491,12.26807,-17.211914,39.123535,eating_with_spoon
1022013,0.772583,0.47229,-0.471313,12.573246,-22.766121,40.527344,eating_with_spoon
1022030,0.80957,0.454834,-0.51062,13.366703,-36.315918,41.137695,eating_with_spoon
1022047,0.818359,0.448853,-0.525879,11.962894,-53.955093,41.625977,eating_with_spoon
1022063,0.783325,0.454834,-0.524048,10.864258,-58.41066,40.588379,eating_with_spoon
1022080,0.732056,0.450684,-0.519043,10.681152,-50.048843,37.536621,eating_with_spoon
1022097,0.737915,0.436157,-0.540039,12.695316,-34.423828,33.874512,eating_with_spoon
1022113,0.768799,0.416016,-0.57373,13.793949,-32.104492,31.677254,eating_with_spoon
1022130,0.796143,0.406006,-0.586548,13.732914,-35.583496,31.127937,eating_with_spoon
1022147,0.824585,0.401489,-0.60437,12.817387,-49.560562,30.09034,eating_with_spoon
1022163,0.755737,0.399658,-0.60022,12.939457,-50.72023,27.526863,eating_with_spoon
1022180,0.740601,0.389771,-0.613525,14.03809,-48.339859,25.024422,eating_with_spoon
1022197,0.725586,0.366699,-0.664185,15.563969,-49.438492,22.338875,eating_with_spoon
1022213,0.691772,0.350952,-0.674072,16.601563,-54.870621,22.033691,eating_with_spoon
1022230,0.671875,0.338379,-0.656982,17.76123,-59.997574,21.789551,eating_with_spoon
1022247,0.654785,0.332153,-0.649658,17.944336,-61.828629,21.972656,eating_with_spoon
1022263,0.604858,0.317627,-0.657349,17.700195,-55.419937,21.179199,eating_with_spoon
1022280,0.567383,0.305908,-0.690918,17.822266,-42.114258,17.944336,eating_with_spoon
1022297,0.56604,0.296143,-0.69519,17.150879,-37.719727,17.333984,eating_with_spoon
1022313,0.635376,0.280029,-0.700439,16.784668,-43.701172,18.127441,eating_with_spoon
1022330,0.745239,0.262573,-0.73938,17.63916,-71.655273,21.179199,eating_with_spoon
1022347,0.674805,0.265137,-0.754272,20.263672,-94.604523,20.812988,eating_with_spoon
1022363,0.592773,0.26355,-0.744873,21.118164,-94.665558,18.310547,eating_with_spoon
1022380,0.482666,0.259766,-0.74292,20.019531,-78.24707,13.000492,eating_with_spoon
1022397,0.455811,0.241211,-0.749634,17.76123,-54.443375,8.789063,eating_with_spoon
1022413,0.483032,0.235962,-0.766724,17.089844,-48.584,8.178711,eating_with_spoon
1022430,0.479126,0.22644,-0.805176,14.28223,-47.363297,9.033203,eating_with_spoon
1022447,0.461304,0.229492,-0.842285,13.916019,-41.625977,8.300781,eating_with_spoon
1022464,0.450073,0.224609,-0.864014,14.831547,-29.052742,6.591799,eating_with_spoon
1022480,0.447876,0.214111,-0.868652,14.343266,-22.460945,6.469728,eating_with_spoon
1022497,0.453735,0.198242,-0.862915,10.437012,-17.822266,7.141115,eating_with_spoon
1022514,0.492065,0.196777,-0.865234,8.117676,-28.625496,8.544922,eating_with_spoon
1022530,0.499756,0.187012,-0.87854,6.164553,-37.902832,9.277344,eating_with_spoon
1022547,0.467407,0.176514,-0.900635,3.112794,-45.776382,9.033203,eating_with_spoon
1022564,0.362915,0.175537,-0.90686,0.915528,-29.907234,7.019045,eating_with_spoon
1022580,0.338379,0.17627,-0.906494,-0.305176,-16.479492,6.408693,eating_with_spoon
1022597,0.352661,0.184326,-0.895264,-3.234864,9.82666,5.859377,eating_with_spoon
1022614,0.445923,0.209595,-0.955688,-6.713869,16.662598,-0.12207,eating_with_spoon
1022630,0.456177,0.13623,-1.017212,-8.422852,22.460945,-0.305176,eating_with_spoon
1022647,0.473267,0.163574,-1.050537,-9.338379,30.944832,-1.159668,eating_with_spoon
1022664,0.536743,0.199707,-0.963135,-9.094238,37.231445,-3.906251,eating_with_spoon
1022680,0.459717,0.199707,-0.828857,-14.03809,34.240723,-1.89209,eating_with_spoon
1022697,0.43457,0.216064,-0.827881,-16.357422,34.240723,-1.525879,eating_with_spoon
1022714,0.425293,0.207031,-0.82666,-17.150879,35.339355,4.821777,eating_with_spoon
1022730,0.415649,0.219482,-0.811279,-13.671879,39.611816,8.728027,eating_with_spoon
1022747,0.457764,0.237183,-0.817505,-10.253906,46.264664,10.314941,eating_with_spoon
1022764,0.503174,0.243774,-0.822754,-9.70459,49.011246,11.230473,eating_with_spoon
1022780,0.583862,0.252197,-0.803833,-7.446291,48.767105,8.911133,eating_with_spoon
1022797,0.641968,0.237427,-0.773193,-7.568361,40.283203,7.385256,eating_with_spoon
1022814,0.637573,0.233276,-0.766357,-8.300781,34.851074,7.019045,eating_with_spoon
1022830,0.607788,0.231689,-0.770874,-7.873537,25.329597,5.249023,eating_with_spoon
1022847,0.588989,0.227295,-0.760376,-4.760742,19.65332,2.807618,eating_with_spoon
1022864,0.610596,0.245483,-0.766357,-4.272461,15.197758,2.563477,eating_with_spoon
1022880,0.610352,0.235718,-0.763184,-3.112794,11.840824,1.708985,eating_with_spoon
1022897,0.603516,0.233765,-0.759277,-3.784181,9.155273,1.708985,eating_with_spoon
1022914,0.60144,0.251465,-0.769409,0.244141,5.432129,-3.112794,eating_with_spoon
1022930,0.5896,0.224731,-0.754639,-1.464844,2.441406,0.976563,eating_with_spoon
1022947,0.566406,0.252563,-0.77356,-2.624512,5.859377,2.01416,eating_with_spoon
1022964,0.531616,0.247559,-0.780518,-0.549316,11.230473,2.258301,eating_with_spoon
1022980,0.532837,0.252075,-0.776489,0.061035,19.104004,4.333496,eating_with_spoon
1022997,0.539307,0.251221,-0.770996,0.12207,23.315437,5.798342,eating_with_spoon
1023014,0.567627,0.248535,-0.757568,0.854492,30.517586,9.82666,eating_with_spoon
1023030,0.56604,0.230835,-0.754028,1.77002,35.461426,10.864258,eating_with_spoon
1023047,0.573364,0.209839,-0.745728,-0.366211,39.733887,10.742188,eating_with_spoon
1023064,0.634766,0.220215,-0.727295,-2.746582,44.433609,8.300781,eating_with_spoon
1023081,0.639404,0.226196,-0.714111,-0.915528,46.508804,4.821777,eating_with_spoon
1023097,0.649292,0.220703,-0.70166,-2.685547,47.424332,6.835939,eating_with_spoon
1023114,0.688477,0.226074,-0.679321,-1.037598,45.349136,7.812502,eating_with_spoon
1023131,0.686523,0.23938,-0.676025,-0.061035,40.588379,9.216309,eating_with_spoon
1023147,0.720825,0.207275,-0.652344,-1.525879,36.865234,12.26807,eating_with_spoon
1023164,0.724854,0.237183,-0.655884,0.305176,34.545898,11.047363,eating_with_spoon
1023181,0.72522,0.216919,-0.640381,3.051759,30.944832,10.070801,eating_with_spoon
1023197,0.733398,0.200806,-0.628174,0.976563,28.19825,6.286623,eating_with_spoon
1023214,0.750122,0.210327,-0.626465,1.953125,25.512703,3.051759,eating_with_spoon
1023231,0.727539,0.209717,-0.634521,-0.793457,24.16993,1.342773,eating_with_spoon
1023247,0.729736,0.212402,-0.630493,3.234864,23.681648,-2.563477,eating_with_spoon
1023264,0.685547,0.216187,-0.652588,2.441406,29.113777,-3.601075,eating_with_spoon
1023281,0.661987,0.208252,-0.653442,3.723145,34.912109,-5.859377,eating_with_spoon
1023297,0.672974,0.174438,-0.629517,-0.549316,50.170914,-10.192871,eating_with_spoon
1023314,0.82312,0.227783,-0.550781,-5.920412,49.682632,-11.840824,eating_with_spoon
1023331,0.85437,0.250366,-0.533325,-1.831055,40.95459,-11.291508,eating_with_spoon
1023347,0.827759,0.232178,-0.536621,-5.615236,27.587898,-1.953125,eating_with_spoon
1023364,0.855713,0.269775,-0.514404,-5.004883,11.596684,4.882813,eating_with_spoon
1023381,0.841187,0.274658,-0.522949,5.371094,-8.605957,8.300781,eating_with_spoon
1023397,0.850952,0.252319,-0.515137,7.995607,-17.822266,10.253906,eating_with_spoon
1023414,0.847656,0.234375,-0.527588,5.981447,-29.968269,16.906738,eating_with_spoon
1023431,0.746338,0.223145,-0.591431,7.507326,-34.912109,20.324707,eating_with_spoon
1023447,0.744019,0.209351,-0.599121,8.422852,-33.38623,19.897461,eating_with_spoon
1023464,0.700439,0.209961,-0.647949,15.380863,-27.893074,16.235352,eating_with_spoon
1023481,0.697998,0.14624,-0.62561,11.840824,-13.793949,11.230473,eating_with_spoon
1023497,0.837524,0.158813,-0.573853,8.483887,-19.287109,5.737307,eating_with_spoon
1023514,0.807373,0.172119,-0.589478,7.995607,-23.193367,1.586915,eating_with_spoon
1023531,0.710449,0.159058,-0.641846,8.850098,-20.812988,-6.835939,eating_with_spoon
1023547,0.655151,0.163574,-0.664917,7.568361,-8.422852,-10.925293,eating_with_spoon
1023564,0.656738,0.174316,-0.665039,6.286623,-2.624512,-11.047363,eating_with_spoon
1023581,0.668457,0.190918,-0.664429,4.882813,7.141115,-7.324221,eating_with_spoon
1023597,0.632935,0.211304,-0.680542,7.507326,19.53125,-8.056641,eating_with_spoon
1023614,0.678589,0.183472,-0.656128,6.835939,25.085457,-5.554201,eating_with_spoon
1023631,0.705688,0.197876,-0.629761,0.488281,32.836914,-0.976563,eating_with_spoon
1023648,0.775146,0.213989,-0.604492,-0.793457,35.217285,3.41797,eating_with_spoon
1023664,0.815796,0.211304,-0.562622,3.112794,26.916512,8.483887,eating_with_spoon
1023681,0.829712,0.199219,-0.552124,2.319336,20.385742,11.535648,eating_with_spoon
1023698,0.811279,0.185059,-0.568359,0.915528,11.230473,16.296387,eating_with_spoon
1023714,0.697632,0.162964,-0.626953,1.098633,15.747074,15.441898,eating_with_spoon
1023731,0.704102,0.148682,-0.623169,1.342773,21.240234,13.793949,eating_with_spoon
1023748,0.823608,0.147461,-0.552979,-0.183106,24.292,10.620117,eating_with_spoon
1023764,0.880249,0.167358,-0.518188,-1.464844,13.671879,9.94873,eating_with_spoon
1023781,0.816284,0.161865,-0.5448,1.953125,3.906251,7.08008,eating_with_spoon
1023798,0.805908,0.161377,-0.547607,2.563477,1.586915,5.615236,eating_with_spoon
1023814,0.789551,0.162354,-0.567627,3.356935,-0.549316,4.760742,eating_with_spoon
1023831,0.766357,0.148926,-0.591675,1.89209,5.004883,3.967286,eating_with_spoon
1023848,0.757446,0.151367,-0.594604,0.610352,9.82666,4.577637,eating_with_spoon
1023864,0.754883,0.153687,-0.589355,0.427246,18.554688,5.187988,eating_with_spoon
1023881,0.751953,0.174438,-0.572754,6.225588,22.27784,1.953125,eating_with_spoon
1023898,0.828003,0.141602,-0.52356,6.286623,20.629883,-2.441406,eating_with_spoon
1023914,0.817261,0.138184,-0.526855,2.685547,20.996094,-3.051759,eating_with_spoon
1023931,0.73938,0.156982,-0.55957,2.807618,21.240234,-10.131836,eating_with_spoon
1023948,0.797485,0.117798,-0.536743,-1.586915,29.846199,-9.765625,eating_with_spoon
1023964,0.842529,0.142334,-0.526733,-3.295899,30.21241,-9.399414,eating_with_spoon
1023981,0.849487,0.158325,-0.499023,-5.737307,27.343758,-5.676271,eating_with_spoon
1023998,0.900269,0.178467,-0.466675,-7.263186,21.118164,0.793457,eating_with_spoon
1024014,0.873413,0.187012,-0.470825,-4.577637,11.535648,5.310059,eating_with_spoon
1024031,0.877075,0.182861,-0.468872,-4.333496,8.483887,6.713869,eating_with_spoon
1024048,0.833496,0.170532,-0.495483,0.183106,4.089355,5.920412,eating_with_spoon
1024064,0.856201,0.180908,-0.494629,0.183106,6.774904,4.882813,eating_with_spoon
1024081,0.862427,0.180176,-0.485474,2.746582,3.112794,3.173829,eating_with_spoon
1024098,0.828613,0.143799,-0.499878,3.112794,-0.488281,-1.281738,eating_with_spoon
1024114,0.805298,0.121216,-0.533203,-0.793457,9.887695,-4.02832,eating_with_spoon
1024131,0.801392,0.123657,-0.536865,-4.821777,17.63916,-5.493164,eating_with_spoon
1024148,0.717285,0.177856,-0.524292,2.319336,26.42823,-13.854984,eating_with_spoon
1024164,0.896362,0.138184,-0.463257,-11.108402,42.236328,-6.103518,eating_with_spoon
1024181,0.895142,0.166748,-0.403442,-7.507326,64.758301,-9.033203,eating_with_spoon
1024198,1.032471,0.199219,-0.464966,-6.225588,57.250992,-10.925293,eating_with_spoon
1024214,1.091919,0.197754,-0.455444,1.831055,35.400391,-10.070801,eating_with_spoon
1024231,1.113037,0.232788,-0.433228,3.41797,12.451176,-3.295899,eating_with_spoon
1024248,1.054565,0.199341,-0.387451,3.356935,2.685547,5.065918,eating_with_spoon
1024265,0.951538,0.224731,-0.380127,-1.89209,-2.502441,12.207035,eating_with_spoon
1024281,0.805786,0.206421,-0.368164,8.056641,-14.831547,11.962894,eating_with_spoon
1024298,0.650757,0.150513,-0.375488,8.728027,-6.408693,7.934572,eating_with_spoon
1024315,0.635254,0.140381,-0.364624,6.774904,-0.12207,5.432129,eating_with_spoon
1024331,0.776245,0.145386,-0.348999,8.728027,4.211426,0.244141,eating_with_spoon
1024348,0.806763,0.141846,-0.321411,10.498047,8.544922,-2.258301,eating_with_spoon
1024365,0.831421,0.142212,-0.327271,13.549809,9.460449,-3.41797,eating_with_spoon
1024381,0.834595,0.116455,-0.361206,17.39502,7.751467,-1.220703,eating_with_spoon
1024398,0.851074,0.156494,-0.364136,15.563969,1.64795,-3.051759,eating_with_spoon
1024415,0.896362,0.129272,-0.394775,13.549809,-3.845216,0.0,eating_with_spoon
1024431,0.893188,0.135132,-0.416504,11.108402,-1.220703,-0.183106,eating_with_spoon
1024448,0.925537,0.159302,-0.43457,9.033203,4.882813,-3.906251,eating_with_spoon
1024465,0.927979,0.184937,-0.503662,8.056641,17.150879,-8.056641,eating_with_spoon
1024481,0.948486,0.181274,-0.538574,7.446291,24.658211,-9.643555,eating_with_spoon
1024498,0.995117,0.205444,-0.558472,8.056641,31.433113,-14.03809,eating_with_spoon
1024515,0.97876,0.220825,-0.519775,7.08008,39.916992,-16.967773,eating_with_spoon
1024531,0.98584,0.218628,-0.51123,6.286623,55.725113,-19.348145,eating_with_spoon
1024548,0.995117,0.212158,-0.506348,8.300781,64.941406,-21.728516,eating_with_spoon
1024565,0.996826,0.209106,-0.450562,9.58252,75.073242,-24.475105,eating_with_spoon
1024581,1.033691,0.210815,-0.389038,8.483887,76.416016,-31.799324,eating_with_spoon
1024598,1.089722,0.19873,-0.380859,5.371094,74.951172,-29.113777,eating_with_spoon
1024615,1.151611,0.241089,-0.381226,8.056641,62.622086,-35.644531,eating_with_spoon
1024631,1.095337,0.210815,-0.362061,6.530764,50.415054,-37.17041,eating_with_spoon
1024648,1.063599,0.216431,-0.323608,3.479005,48.461929,-41.809082,eating_with_spoon
1024665,1.069092,0.270874,-0.251953,3.845216,46.69191,-46.081558,eating_with_spoon
1024681,1.093994,0.278564,-0.196655,6.408693,41.687012,-49.926773,eating_with_spoon
1024698,1.029785,0.294189,-0.173096,4.150391,37.963867,-54.74855,eating_with_spoon
1024715,1.011841,0.322266,-0.168457,4.272461,40.344238,-57.495132,eating_with_spoon
1024731,1.057739,0.354858,-0.164917,8.728027,39.794922,-60.241714,eating_with_spoon
1024748,0.996948,0.364136,-0.141113,13.061527,31.98243,-62.805191,eating_with_spoon
1024765,0.974243,0.369141,-0.115356,14.343266,30.09034,-64.51416,eating_with_spoon
1024781,0.974976,0.410767,-0.085205,16.662598,25.573738,-66.40625,eating_with_spoon
1024798,0.956421,0.425049,-0.090332,20.019531,16.723633,-64.453125,eating_with_spoon
1024815,0.93103,0.408691,-0.105713,20.263672,-0.610352,-60.485855,eating_with_spoon
1024831,0.902954,0.409546,-0.099365,20.202637,-9.338379,-59.326187,eating_with_spoon
1024848,0.823242,0.428833,-0.08667,20.935059,-16.174316,-57.800308,eating_with_spoon
1024865,0.790405,0.422729,-0.109741,22.155769,-19.226074,-54.809586,eating_with_spoon
1024882,0.790161,0.41748,-0.127319,22.094727,-23.620613,-53.466812,eating_with_spoon
1024898,0.772095,0.415283,-0.14978,20.751953,-37.353516,-49.499527,eating_with_spoon
1024915,0.668823,0.424438,-0.156494,20.202637,-36.132813,-46.508804,eating_with_spoon
1024932,0.630859,0.442627,-0.151367,19.40918,-20.141602,-43.518066,eating_with_spoon
1024948,0.652588,0.441895,-0.152222,18.859863,-15.380863,-41.19873,eating_with_spoon
1024965,0.702515,0.440063,-0.185303,16.845703,-19.40918,-35.095215,eating_with_spoon
1024982,0.696289,0.440063,-0.231689,14.587406,-35.766602,-29.174812,eating_with_spoon
1024998,0.640869,0.443237,-0.24707,13.732914,-38.574219,-27.709969,eating_with_spoon
1025015,0.613892,0.441895,-0.235474,10.681152,-32.043457,-24.658211,eating_with_spoon
1025032,0.603516,0.458618,-0.249023,7.751467,-22.094727,-21.606445,eating_with_spoon
1025048,0.640503,0.45752,-0.252563,3.66211,-16.174316,-18.859863,eating_with_spoon
1025065,0.668213,0.473755,-0.250488,1.89209,-16.784668,-17.578125,eating_with_spoon
1025082,0.652832,0.494019,-0.272095,0.12207,-12.939457,-17.578125,eating_with_spoon
1025098,0.695679,0.502319,-0.281494,-1.403809,-3.784181,-17.089844,eating_with_spoon
1025115,0.718506,0.505493,-0.273193,-2.319336,-1.464844,-16.662598,eating_with_spoon
1025132,0.738281,0.530151,-0.244995,-4.760742,-3.112794,-14.892582,eating_with_spoon
1025148,0.739014,0.549561,-0.27832,-4.02832,-8.056641,-12.146,eating_with_spoon
1025165,0.707275,0.542358,-0.290894,-3.356935,-4.272461,-11.230473,eating_with_spoon
1025182,0.66748,0.526855,-0.283447,-3.295899,-0.671387,-10.803223,eating_with_spoon
1025198,0.654175,0.531494,-0.26062,-4.638672,0.976563,-8.483887,eating_with_spoon
1025215,0.646973,0.521851,-0.266235,-6.591799,-4.760742,-3.784181,eating_with_spoon
1025232,0.640381,0.506714,-0.275757,-7.751467,-7.812502,-0.854492,eating_with_spoon
1025248,0.576416,0.483643,-0.287964,-8.972168,-5.493164,2.990724,eating_with_spoon
1025265,0.525269,0.454468,-0.28418,-11.535648,2.929688,8.300781,eating_with_spoon
1025282,0.504517,0.454468,-0.273926,-13.793949,5.859377,11.474613,eating_with_spoon
1025298,0.484253,0.45105,-0.234863,-17.944336,7.446291,20.019531,eating_with_spoon
1025315,0.523071,0.423584,-0.179565,-22.216805,2.502441,33.203125,eating_with_spoon
1025332,0.488281,0.428589,-0.17749,-23.437508,-3.051759,43.212891,eating_with_spoon
1025348,0.439941,0.423096,-0.179077,-23.315437,0.488281,47.485367,eating_with_spoon
1025365,0.461426,0.432861,-0.172607,-22.27784,13.488773,57.128922,eating_with_spoon
1025382,0.598022,0.461792,-0.199951,-20.629883,20.996094,67.138672,eating_with_spoon
1025398,0.759888,0.507935,-0.208862,-11.535648,-1.037598,64.025879,eating_with_spoon
1025415,0.644043,0.399658,-0.211426,-12.146,-1.281738,72.387695,eating_with_spoon
1025432,0.739136,0.452026,-0.223022,-18.920898,2.075195,75.256348,eating_with_spoon
1025449,0.814697,0.482056,-0.248291,-16.784668,5.554201,79.589844,eating_with_spoon
1025465,0.875854,0.470215,-0.266113,-16.784668,6.042482,81.970215,eating_with_spoon
1025482,0.979858,0.460693,-0.309448,-14.221195,-4.333496,80.13916,eating_with_spoon
1025499,0.921509,0.432617,-0.258545,-18.554688,-4.577637,73.364258,eating_with_spoon
1025515,0.937988,0.467285,-0.254761,-13.977055,0.366211,61.767593,eating_with_spoon
1025532,0.973022,0.449707,-0.256104,-13.122562,12.329105,57.434097,eating_with_spoon
1025549,1.059937,0.444336,-0.306763,-8.239746,10.437012,50.8423,eating_with_spoon
1025565,1.108521,0.39917,-0.288086,-8.728027,-10.314941,49.133316,eating_with_spoon
1025582,1.120361,0.391724,-0.248779,-10.681152,-18.615723,47.485367,eating_with_spoon
1025599,1.105713,0.381104,-0.174316,-9.277344,-16.479492,40.771484,eating_with_spoon
1025615,1.076904,0.366211,-0.212158,-7.141115,-3.234864,36.193848,eating_with_spoon
1025632,1.069336,0.352661,-0.25708,-5.615236,-1.708985,33.14209,eating_with_spoon
1025649,1.08728,0.328125,-0.30188,-3.356935,-14.221195,30.578621,eating_with_spoon
1025665,1.056274,0.340698,-0.243042,-2.197266,-29.541023,28.259285,eating_with_spoon
1025682,1.028076,0.334229,-0.205444,1.037598,-25.146492,27.038582,eating_with_spoon
1025699,0.984375,0.295654,-0.19104,1.220703,-21.30127,28.625496,eating_with_spoon
1025715,0.975464,0.269897,-0.249268,3.723145,-23.925789,26.672371,eating_with_spoon
1025732,0.978882,0.281372,-0.309326,12.207035,-38.818359,12.573246,eating_with_spoon
1025749,1.031738,0.239746,-0.307983,10.375977,-47.546402,17.700195,eating_with_spoon
1025765,1.009155,0.232666,-0.285522,10.803223,-65.979004,17.39502,eating_with_spoon
1025782,0.915527,0.215454,-0.281494,11.169437,-61.584488,17.883301,eating_with_spoon
1025799,0.897217,0.206421,-0.298096,11.657719,-53.710953,17.883301,eating_with_spoon
1025815,0.893555,0.212524,-0.348022,13.732914,-40.100098,15.197758,eating_with_spoon
1025832,0.937988,0.196899,-0.392212,15.197758,-42.175293,13.427738,eating_with_spoon
1025849,0.931763,0.178223,-0.42688,12.573246,-44.555679,11.535648,eating_with_spoon
1025865,0.937744,0.170776,-0.418579,11.352543,-39.428711,10.375977,eating_with_spoon
1025882,0.94104,0.188965,-0.402954,10.131836,-27.343758,8.544922,eating_with_spoon
1025899,0.913696,0.192383,-0.422119,9.643555,-24.597176,7.141115,eating_with_spoon
1025915,0.952393,0.203369,-0.437744,11.901859,-34.118652,6.774904,eating_with_spoon
1025932,0.986938,0.186157,-0.463379,15.136723,-59.753433,7.20215,eating_with_spoon
1025949,0.921509,0.177368,-0.451538,15.686039,-67.993164,7.507326,eating_with_spoon
1025965,0.84082,0.166504,-0.45105,12.512211,-54.687515,8.056641,eating_with_spoon
1025982,0.807617,0.164185,-0.468506,11.718754,-48.095718,9.033203,eating_with_spoon
1025999,0.741943,0.183105,-0.524658,12.26807,-38.818359,5.859377,eating_with_spoon
1026015,0.794434,0.1521,-0.540649,13.916019,-35.949707,4.394531,eating_with_spoon
1026032,0.81189,0.142822,-0.526489,13.244633,-35.27832,3.112794,eating_with_spoon
1026049,0.832886,0.131714,-0.524048,11.596684,-33.203125,2.258301,eating_with_spoon
1026066,0.7854,0.140015,-0.567139,10.131836,-27.465828,0.915528,eating_with_spoon
1026082,0.794678,0.109253,-0.598145,8.483887,-20.629883,0.915528,eating_with_spoon
1026099,0.78418,0.121704,-0.607788,5.126953,-18.066406,2.197266,eating_with_spoon
1026116,0.830933,0.137329,-0.608276,5.371094,-14.28223,-2.868653,eating_with_spoon
1026132,0.827026,0.13147,-0.591919,2.502441,-10.803223,-4.394531,eating_with_spoon
1026149,0.817505,0.136841,-0.586548,2.01416,-9.216309,-5.065918,eating_with_spoon
1026166,0.799072,0.15564,-0.586426,1.64795,-9.887695,-4.638672,eating_with_spoon
1026182,0.800537,0.141724,-0.581421,1.464844,-11.840824,-0.671387,eating_with_spoon
1026199,0.797974,0.139282,-0.579224,1.098633,-7.812502,2.746582,eating_with_spoon
1026216,0.73999,0.112183,-0.5625,-0.427246,-1.708985,4.089355,eating_with_spoon
1026232,0.750732,0.126465,-0.572876,-4.333496,7.08008,3.967286,eating_with_spoon
1026249,0.783691,0.141479,-0.563599,-2.075195,5.798342,0.610352,eating_with_spoon
1026266,0.80835,0.13147,-0.555664,-2.380371,4.394531,0.732422,eating_with_spoon
1026282,0.812134,0.1427,-0.57605,-1.831055,2.01416,-0.12207,eating_with_spoon
1026299,0.802612,0.137451,-0.588501,-0.854492,3.112794,-0.671387,eating_with_spoon
1026316,0.777466,0.138916,-0.587402,-0.610352,3.601075,-1.64795,eating_with_spoon
1026332,0.772827,0.14563,-0.570068,-1.281738,4.150391,-3.295899,eating_with_spoon
1026349,0.796509,0.153442,-0.553101,-1.64795,2.258301,-3.356935,eating_with_spoon
1026366,0.787476,0.158447,-0.55188,-2.685547,1.831055,-2.01416,eating_with_spoon
1026382,0.783203,0.165527,-0.552979,-2.685547,2.01416,-1.159668,eating_with_spoon
1026399,0.776733,0.157471,-0.565308,-3.54004,3.41797,-0.488281,eating_with_spoon
1026416,0.815674,0.15271,-0.566772,-4.150391,2.807618,-1.464844,eating_with_spoon
1026432,0.823242,0.149292,-0.561157,-4.577637,1.586915,-1.403809,eating_with_spoon
1026449,0.802368,0.15918,-0.558716,-4.760742,-0.732422,-2.13623,eating_with_spoon
1026466,0.803101,0.147095,-0.557617,-4.943848,-1.708985,-2.13623,eating_with_spoon
1026482,0.796387,0.150879,-0.565308,-4.211426,-1.037598,-3.356935,eating_with_spoon
1026499,0.797241,0.147095,-0.56604,-4.272461,-0.12207,-3.051759,eating_with_spoon
1026516,0.800537,0.160034,-0.567383,-4.333496,0.305176,-3.051759,eating_with_spoon
1026532,0.801758,0.159912,-0.566895,-3.479005,-0.610352,-3.173829,eating_with_spoon
1026549,0.805054,0.163208,-0.569702,-2.868653,-1.281738,-3.906251,eating_with_spoon
1026566,0.790527,0.164917,-0.571655,-1.89209,-1.464844,-4.455566,eating_with_spoon
1026582,0.781128,0.170654,-0.576904,-1.64795,-0.427246,-4.272461,eating_with_spoon
1026599,0.793823,0.177979,-0.56958,-0.671387,0.366211,-4.455566,eating_with_spoon
1026616,0.799194,0.169922,-0.563721,-1.953125,0.854492,-3.051759,eating_with_spoon
1026632,0.797729,0.179932,-0.561768,-2.868653,0.732422,-2.746582,eating_with_spoon
1026649,0.802979,0.180298,-0.557007,-2.685547,-0.976563,-2.502441,eating_with_spoon
1026666,0.799927,0.178955,-0.557861,-2.319336,-1.89209,-2.624512,eating_with_spoon
1026683,0.792847,0.176392,-0.559814,-1.953125,-3.173829,-2.990724,eating_with_spoon
1026699,0.790161,0.177002,-0.560425,-2.197266,-3.906251,-3.234864,eating_with_spoon
1026716,0.790283,0.177734,-0.560791,-2.441406,-4.455566,-3.356935,eating_with_spoon
1026733,0.792603,0.179199,-0.560913,-2.502441,-4.577637,-3.601075,eating_with_spoon
1026749,0.782715,0.177368,-0.565796,-2.380371,-5.065918,-3.906251,eating_with_spoon
1026766,0.785767,0.179932,-0.572266,-3.112794,-5.065918,-5.249023,eating_with_spoon
1026783,0.786377,0.186157,-0.572388,-3.051759,-5.004883,-5.432129,eating_with_spoon
1026799,0.785767,0.187866,-0.570313,-3.66211,-4.638672,-4.577637,eating_with_spoon
1026816,0.781372,0.197998,-0.573486,-3.112794,-5.249023,-3.723145,eating_with_spoon
1026833,0.775757,0.193848,-0.575195,-3.051759,-5.065918,-3.41797,eating_with_spoon
1026849,0.779785,0.193237,-0.577881,-3.295899,-4.821777,-3.601075,eating_with_spoon
1026866,0.781006,0.198364,-0.57605,-5.004883,-4.455566,-3.173829,eating_with_spoon
1026883,0.785156,0.198242,-0.57605,-3.234864,-4.516602,-2.746582,eating_with_spoon
1026899,0.783081,0.199585,-0.578247,-3.41797,-4.821777,-2.563477,eating_with_spoon
1026916,0.765015,0.205688,-0.583862,-2.502441,-4.150391,-2.075195,eating_with_spoon
1026933,0.763794,0.200562,-0.588867,-2.197266,-2.685547,-1.89209,eating_with_spoon
1026949,0.761475,0.201904,-0.589233,-2.075195,-1.77002,-1.77002,eating_with_spoon
1026966,0.760376,0.196167,-0.586914,-2.807618,0.793457,-1.220703,eating_with_spoon
1026983,0.776611,0.205566,-0.577148,-3.295899,1.64795,-1.586915,eating_with_spoon
1026999,0.781006,0.208984,-0.570557,-2.563477,0.0,-2.13623,eating_with_spoon
1027016,0.782959,0.213623,-0.571777,-2.01416,-1.098633,-2.380371,eating_with_spoon
1027033,0.775391,0.213501,-0.579346,-0.854492,-2.075195,-1.89209,eating_with_spoon
1027049,0.771973,0.214111,-0.583008,-0.610352,-1.403809,-0.915528,eating_with_spoon
1027066,0.77063,0.212524,-0.58374,-0.427246,-0.793457,-0.305176,eating_with_spoon
1027083,0.779663,0.213379,-0.577637,-0.061035,-0.732422,-0.12207,eating_with_spoon
1027099,0.770996,0.206299,-0.57666,0.671387,-1.586915,0.12207,eating_with_spoon
1027116,0.768433,0.202881,-0.582642,-0.366211,-0.732422,-0.610352,eating_with_spoon
1027133,0.766113,0.204224,-0.584839,-0.12207,-0.549316,-0.854492,eating_with_spoon
1027149,0.767822,0.20459,-0.581421,-1.098633,0.732422,-1.159668,eating_with_spoon
1027166,0.770386,0.211426,-0.579224,-1.342773,1.586915,-0.305176,eating_with_spoon
1027183,0.775024,0.214355,-0.575317,-1.159668,1.342773,-0.183106,eating_with_spoon
1027199,0.775391,0.214233,-0.574829,-0.12207,-0.305176,-0.12207,eating_with_spoon
1027216,0.768555,0.209106,-0.578369,-0.488281,-0.366211,-0.732422,eating_with_spoon
1027233,0.772461,0.213501,-0.577026,-0.488281,-0.549316,-0.976563,eating_with_spoon
1027250,0.771606,0.216553,-0.577515,-0.427246,-0.793457,-0.732422,eating_with_spoon
1027266,0.773804,0.220215,-0.578247,-0.061035,-1.403809,0.0,eating_with_spoon
1027283,0.766968,0.212646,-0.582642,0.12207,-0.976563,1.220703,eating_with_spoon
1027300,0.762451,0.206543,-0.581909,-0.244141,0.0,1.586915,eating_with_spoon
1027316,0.773926,0.208374,-0.5802,-0.915528,0.549316,1.342773,eating_with_spoon
1027333,0.768433,0.198975,-0.569824,-1.098633,0.427246,0.488281,eating_with_spoon
1027350,0.777222,0.205933,-0.570435,-1.586915,-0.061035,-0.366211,eating_with_spoon
1027366,0.781494,0.195679,-0.569458,-3.479005,-1.464844,1.037598,eating_with_spoon
1027383,0.768555,0.216431,-0.579224,-2.197266,-2.01416,-1.159668,eating_with_spoon
1027400,0.757935,0.212402,-0.582153,-2.197266,-1.953125,-1.953125,eating_with_spoon
1027416,0.76062,0.217041,-0.579956,-1.953125,-1.342773,-2.01416,eating_with_spoon
1027433,0.767578,0.223633,-0.58606,-1.525879,-1.037598,-1.831055,eating_with_spoon
1027450,0.765259,0.2229,-0.584473,-1.159668,0.12207,-1.281738,eating_with_spoon
1027466,0.766113,0.223389,-0.584595,-0.976563,0.671387,-0.915528,eating_with_spoon
1027483,0.76001,0.220215,-0.586304,-1.281738,2.807618,0.610352,eating_with_spoon
1027500,0.768433,0.218994,-0.581299,-2.075195,4.638672,1.64795,eating_with_spoon
1027516,0.771362,0.22168,-0.578247,-1.586915,5.249023,2.258301,eating_with_spoon
1027533,0.769165,0.21875,-0.577881,-1.525879,5.676271,2.563477,eating_with_spoon
1027550,0.763184,0.213135,-0.580322,-2.075195,7.995607,3.41797,eating_with_spoon
1027566,0.744751,0.232056,-0.588379,-1.77002,11.474613,2.502441,eating_with_spoon
1027583,0.756348,0.229004,-0.583252,1.64795,12.146,1.220703,eating_with_spoon
1027600,0.774902,0.209717,-0.5625,-1.281738,15.136723,1.831055,eating_with_spoon
1027616,0.783813,0.216919,-0.561401,0.427246,14.770512,1.220703,eating_with_spoon
1027633,0.774902,0.213989,-0.566406,-1.77002,18.005371,1.89209,eating_with_spoon
1027650,0.761475,0.220093,-0.566406,0.732422,18.920898,-0.061035,eating_with_spoon
1027666,0.774414,0.211304,-0.550537,-1.953125,23.254402,0.976563,eating_with_spoon
1027683,0.78833,0.218628,-0.542603,-0.671387,24.108894,-0.427246,eating_with_spoon
1027700,0.819458,0.199219,-0.526245,-1.220703,24.16993,0.061035,eating_with_spoon
1027716,0.826538,0.234741,-0.521606,-2.13623,21.362305,-1.159668,eating_with_spoon
1027733,0.83313,0.206177,-0.507813,-1.525879,19.165039,0.366211,eating_with_spoon
1027750,0.796997,0.247192,-0.541138,1.953125,19.226074,-3.66211,eating_with_spoon
1027766,0.818359,0.21936,-0.539429,1.464844,21.30127,-0.549316,eating_with_spoon
1027783,0.826904,0.238159,-0.53186,4.394531,21.057129,-3.784181,eating_with_spoon
1027800,0.872681,0.196655,-0.484863,-4.455566,23.742683,1.77002,eating_with_spoon
1027816,0.848267,0.228271,-0.494263,-4.211426,24.16993,1.64795,eating_with_spoon
1027833,0.852051,0.237427,-0.504272,1.342773,24.16993,3.173829,eating_with_spoon
1027850,0.870361,0.258301,-0.474976,-2.685547,23.986824,3.41797,eating_with_spoon
1027867,0.866455,0.296509,-0.460938,-2.929688,23.437508,3.356935,eating_with_spoon
1027883,0.890015,0.251831,-0.410034,7.263186,30.517586,-6.286623,eating_with_spoon
1027900,0.920532,0.192261,-0.410767,-7.507326,43.823242,-2.990724,eating_with_spoon
1027917,0.908813,0.258423,-0.423828,-7.141115,59.387222,-7.812502,eating_with_spoon
1027933,0.940796,0.248047,-0.409912,-6.713869,64.880371,-9.216309,eating_with_spoon
1027950,1.032959,0.261353,-0.432983,-10.192871,64.51416,-10.864258,eating_with_spoon
1027967,1.092285,0.21106,-0.401855,-10.131836,54.382339,-9.521484,eating_with_spoon
1027983,1.043945,0.214844,-0.388794,-13.183598,57.495132,-9.277344,eating_with_spoon
1028000,1.057007,0.295898,-0.344849,-10.620117,61.645523,-25.390633,eating_with_spoon
1028017,1.04834,0.294189,-0.340576,-4.089355,60.180679,-32.958984,eating_with_spoon
1028033,1.088989,0.264771,-0.381958,-5.432129,53.100601,-34.362793,eating_with_spoon
1028050,1.12854,0.27417,-0.386963,-5.554201,43.640137,-36.132813,eating_with_spoon
1028067,1.138184,0.30481,-0.354248,-4.394531,21.606445,-40.710449,eating_with_spoon
1028083,1.033936,0.349243,-0.3125,-2.441406,11.474613,-45.166031,eating_with_spoon
1028100,1.010376,0.360352,-0.303223,0.427246,10.192871,-47.485367,eating_with_spoon
1028117,0.974731,0.356567,-0.28894,1.89209,10.253906,-48.584,eating_with_spoon
1028133,0.995483,0.358887,-0.293945,-0.244141,2.807618,-46.997086,eating_with_spoon
1028150,0.941528,0.373169,-0.289307,1.464844,1.037598,-50.231949,eating_with_spoon
1028167,0.908691,0.387695,-0.286377,1.098633,3.723145,-51.696793,eating_with_spoon
1028183,0.902344,0.447144,-0.294312,2.685547,7.20215,-54.687515,eating_with_spoon
1028200,0.956787,0.451416,-0.30249,9.277344,-2.13623,-54.138199,eating_with_spoon
1028217,0.971436,0.428345,-0.294434,10.803223,-10.009766,-53.344742,eating_with_spoon
1028233,0.937744,0.426025,-0.277466,11.413578,-21.972656,-54.260269,eating_with_spoon
1028250,0.846558,0.447388,-0.265381,12.512211,-23.315437,-54.809586,eating_with_spoon
1028267,0.809326,0.465454,-0.266235,15.197758,-22.338875,-54.62648,eating_with_spoon
1028283,0.806396,0.449219,-0.257935,14.770512,-23.437508,-52.551285,eating_with_spoon
1028300,0.786621,0.447754,-0.264404,14.404301,-26.367195,-52.73439,eating_with_spoon
1028317,0.729736,0.44873,-0.267334,15.747074,-26.062019,-54.077164,eating_with_spoon
1028333,0.716064,0.453979,-0.272095,16.113281,-24.719246,-54.382339,eating_with_spoon
1028350,0.71582,0.463379,-0.271973,17.089844,-23.376472,-54.870621,eating_with_spoon
1028367,0.690918,0.456177,-0.296143,16.784668,-25.329597,-54.931656,eating_with_spoon
1028383,0.669189,0.456421,-0.297729,16.052246,-25.878914,-54.50441,eating_with_spoon
1028400,0.635986,0.480225,-0.277954,15.502934,-22.338875,-54.199234,eating_with_spoon
1028417,0.606201,0.50293,-0.29834,15.747074,-17.700195,-51.879898,eating_with_spoon
1028434,0.62207,0.496826,-0.339722,16.479492,-19.714355,-47.485367,eating_with_spoon
1028450,0.631836,0.491699,-0.344849,15.93018,-25.756844,-44.79982,eating_with_spoon
1028467,0.581421,0.503906,-0.340698,14.28223,-36.193848,-41.137695,eating_with_spoon
1028484,0.518555,0.521606,-0.344727,13.244633,-35.15625,-37.231445,eating_with_spoon
1028500,0.506348,0.524902,-0.359863,12.817387,-31.799324,-34.973145,eating_with_spoon
1028517,0.48645,0.521973,-0.4021,11.474613,-26.367195,-29.846199,eating_with_spoon
1028534,0.458618,0.536743,-0.4104,9.338379,-23.559578,-26.062019,eating_with_spoon
1028550,0.438965,0.553223,-0.412964,5.798342,-16.296387,-20.202637,eating_with_spoon
1028567,0.43335,0.564819,-0.415771,4.394531,-9.094238,-18.188477,eating_with_spoon
1028584,0.484741,0.559204,-0.428955,3.41797,-4.577637,-14.770512,eating_with_spoon
1028600,0.463989,0.552246,-0.425903,-0.12207,-5.126953,-10.681152,eating_with_spoon
1028617,0.467041,0.559937,-0.424072,-2.13623,-6.286623,-8.911133,eating_with_spoon
1028634,0.472046,0.558228,-0.439087,-3.906251,-6.469728,-4.699707,eating_with_spoon
1028650,0.468262,0.544312,-0.432495,-5.126953,1.342773,-0.915528,eating_with_spoon
1028667,0.46106,0.55188,-0.411011,-7.263186,6.164553,2.319336,eating_with_spoon
1028684,0.458496,0.555908,-0.399658,-8.483887,6.591799,4.150391,eating_with_spoon
1028700,0.448242,0.559204,-0.386475,-10.620117,5.432129,8.911133,eating_with_spoon
1028717,0.437134,0.549927,-0.396973,-11.230473,7.141115,15.136723,eating_with_spoon
1028734,0.440674,0.543091,-0.396484,-11.291508,9.094238,18.371582,eating_with_spoon
1028750,0.448608,0.532471,-0.391846,-11.718754,13.488773,25.207527,eating_with_spoon
1028767,0.446655,0.527222,-0.372559,-12.329105,16.113281,32.653809,eating_with_spoon
1028784,0.439453,0.531738,-0.348511,-14.526371,18.432617,39.245605,eating_with_spoon
1028800,0.430542,0.533325,-0.337036,-14.953617,20.690918,42.541504,eating_with_spoon
1028817,0.429321,0.515259,-0.334229,-14.892582,27.954109,49.987808,eating_with_spoon
1028834,0.490234,0.494263,-0.345093,-14.831547,33.14209,58.349625,eating_with_spoon
1028850,0.527222,0.487915,-0.348755,-14.648441,33.26416,62.744156,eating_with_spoon
1028867,0.54834,0.485718,-0.324219,-15.563969,28.808601,70.922852,eating_with_spoon
1028884,0.488403,0.485962,-0.260498,-18.554688,26.000984,75.866699,eating_with_spoon
1028901,0.558716,0.498169,-0.238647,-17.944336,23.986824,72.021484,eating_with_spoon
1028917,0.64917,0.47522,-0.262939,-17.272949,21.42334,74.462891,eating_with_spoon
1028934,0.64563,0.425537,-0.325684,-14.892582,49.987808,78.308105,eating_with_spoon
1028950,0.958862,0.502075,-0.346802,-10.437012,31.860359,74.890137,eating_with_spoon
1028967,0.769775,0.450928,-0.274048,-13.366703,43.640137,78.796387,eating_with_spoon
1028984,0.894287,0.473145,-0.196411,-18.798828,61.950699,76.782227,eating_with_spoon
1029000,1.085571,0.4823,-0.237061,-18.676758,47.119156,75.927734,eating_with_spoon
1029017,1.122437,0.466675,-0.253418,-15.93018,41.625977,72.32666,eating_with_spoon
1029034,1.144409,0.446533,-0.226929,-12.878422,37.597656,63.903824,eating_with_spoon
1029051,1.143066,0.460083,-0.167847,-10.131836,31.005867,53.833023,eating_with_spoon
1029067,1.077026,0.445679,-0.173828,-6.652834,22.827156,47.363297,eating_with_spoon
1029084,1.072632,0.432373,-0.180786,-4.455566,18.066406,44.250504,eating_with_spoon
1029101,1.13147,0.393066,-0.187134,-0.366211,14.587406,41.748047,eating_with_spoon
1029117,1.135986,0.367188,-0.220581,2.380371,8.605957,38.94043,eating_with_spoon
1029134,1.111572,0.365967,-0.227295,3.356935,2.929688,36.560059,eating_with_spoon
1029151,1.011108,0.351929,-0.223511,4.455566,-3.295899,31.860359,eating_with_spoon
1029167,0.946899,0.338257,-0.208252,4.577637,-4.02832,31.738289,eating_with_spoon
1029184,0.976318,0.314453,-0.225464,6.835939,-3.234864,31.005867,eating_with_spoon
1029201,1.016602,0.30127,-0.227783,8.300781,-5.676271,28.808601,eating_with_spoon
1029217,1.030273,0.25,-0.242065,7.019045,-6.652834,28.32032,eating_with_spoon
1029234,0.979858,0.265869,-0.238037,6.95801,-3.41797,23.376472,eating_with_spoon
1029251,0.996948,0.258789,-0.237183,5.187988,-2.868653,23.742683,eating_with_spoon
1029267,0.971924,0.271729,-0.235229,9.094238,-12.451176,12.451176,eating_with_spoon
1029284,1.026489,0.241577,-0.249756,8.544922,-19.958496,10.253906,eating_with_spoon
1029301,0.985352,0.23999,-0.233398,7.690432,-27.893074,7.873537,eating_with_spoon
1029317,0.988159,0.206665,-0.220947,4.821777,-25.390633,10.253906,eating_with_spoon
1029334,0.953613,0.243896,-0.228516,2.01416,-21.66748,6.713869,eating_with_spoon
1029351,0.973877,0.22998,-0.260498,1.281738,-15.625004,5.920412,eating_with_spoon
1029367,1.034546,0.213013,-0.267456,2.075195,-20.263672,7.20215,eating_with_spoon
1029384,0.956421,0.24231,-0.259399,6.835939,-29.724129,2.319336,eating_with_spoon
1029401,0.942505,0.22583,-0.221191,3.784181,-24.902351,2.319336,eating_with_spoon
1029417,0.940186,0.214844,-0.209351,0.610352,-18.798828,4.882813,eating_with_spoon
1029434,0.949707,0.228638,-0.247314,-0.12207,-10.864258,5.004883,eating_with_spoon
1029451,0.939331,0.221313,-0.286255,3.234864,-12.634281,4.577637,eating_with_spoon
1029467,0.95105,0.247559,-0.282471,7.20215,-25.695808,3.601075,eating_with_spoon
1029484,0.929443,0.239624,-0.257202,10.559082,-28.44239,1.464844,eating_with_spoon
1029501,0.959961,0.201904,-0.255005,7.263186,-28.686531,4.943848,eating_with_spoon
1029517,0.935303,0.214478,-0.310913,5.310059,-26.916512,8.422852,eating_with_spoon
1029534,0.902954,0.223633,-0.335205,9.460449,-27.954109,6.164553,eating_with_spoon
1029551,0.869629,0.233765,-0.352173,12.878422,-29.113777,0.549316,eating_with_spoon
1029567,0.925781,0.170776,-0.33728,6.530764,-25.390633,5.615236,eating_with_spoon
1029584,0.860107,0.228271,-0.353027,8.300781,-23.986824,2.01416,eating_with_spoon
1029601,0.867798,0.220093,-0.357056,10.253906,-23.559578,0.488281,eating_with_spoon
1029618,0.939941,0.12561,-0.374146,0.061035,-14.953617,7.507326,eating_with_spoon
1029634,0.979004,0.207642,-0.42749,-1.342773,-15.197758,5.554201,eating_with_spoon
1029651,0.967773,0.187988,-0.414429,-1.098633,-13.610844,4.821777,eating_with_spoon
1029668,0.900757,0.188965,-0.389282,-0.915528,-8.300781,1.586915,eating_with_spoon
1029684,0.864502,0.172363,-0.388306,-2.441406,-1.831055,0.488281,eating_with_spoon
1029701,0.864258,0.172729,-0.390137,-3.723145,2.13623,0.366211,eating_with_spoon
1029718,0.870117,0.17627,-0.387451,-4.211426,2.929688,0.549316,eating_with_spoon
1029734,0.885376,0.189697,-0.378052,-4.394531,2.624512,0.793457,eating_with_spoon
1029751,0.892334,0.209106,-0.366943,-2.807618,0.183106,0.12207,eating_with_spoon
1029768,0.815918,0.287842,-0.398071,8.178711,-5.676271,-11.779789,eating_with_spoon
1029784,0.983643,0.111816,-0.339355,-1.708985,-0.183106,-0.671387,eating_with_spoon
1029801,0.903076,0.2146,-0.35437,-0.366211,-3.234864,-0.854492,eating_with_spoon
1029818,0.894409,0.202271,-0.356689,0.976563,-7.446291,-1.831055,eating_with_spoon
1029834,0.895142,0.205322,-0.360229,1.831055,-9.216309,-2.319336,eating_with_spoon
1029851,0.887939,0.198242,-0.372192,2.746582,-11.840824,-3.295899,eating_with_spoon
1029868,0.882446,0.195923,-0.38916,3.051759,-11.657719,-4.150391,eating_with_spoon
1029884,0.878418,0.194458,-0.399414,2.746582,-10.864258,-4.333496,eating_with_spoon
1029901,0.877075,0.196777,-0.401733,1.708985,-9.277344,-4.821777,eating_with_spoon
1029918,0.878418,0.200439,-0.382935,0.305176,-9.58252,-4.882813,eating_with_spoon
1029934,0.882568,0.204712,-0.376709,0.244141,-10.864258,-5.310059,eating_with_spoon
1029951,0.876343,0.204224,-0.390625,1.037598,-12.939457,-5.859377,eating_with_spoon
1029968,0.872192,0.201416,-0.41333,0.793457,-11.840824,-6.95801,eating_with_spoon
1029984,0.868774,0.204712,-0.416504,0.0,-10.009766,-7.324221,eating_with_spoon
1030001,0.870483,0.208008,-0.414673,-0.366211,-9.82666,-7.385256,eating_with_spoon
1030018,0.90564,0.194458,-0.394531,-12.939457,-5.737307,-0.976563,eating_with_spoon
1030034,0.889038,0.216675,-0.416016,-3.112794,-10.925293,-1.525879,eating_with_spoon
1030051,0.890015,0.203247,-0.41333,-6.347658,-10.131836,-0.976563,eating_with_spoon
1030068,0.871582,0.233765,-0.430176,-3.234864,-10.314941,-0.183106,eating_with_spoon
1030084,0.861938,0.224487,-0.430664,-0.915528,-10.681152,-0.305176,eating_with_spoon
1030101,0.848511,0.227539,-0.437866,-1.220703,-10.375977,-0.488281,eating_with_spoon
1030118,0.848877,0.226807,-0.439209,-0.976563,-9.643555,-0.244141,eating_with_spoon
1030134,0.8573,0.208496,-0.432373,-2.380371,-8.117676,0.854492,eating_with_spoon
1030151,0.844604,0.230225,-0.446167,-0.732422,-7.751467,-0.488281,eating_with_spoon
1030168,0.848755,0.221313,-0.448853,-1.098633,-7.019045,-0.12207,eating_with_spoon
1030184,0.84082,0.226074,-0.45166,0.488281,-6.286623,-0.915528,eating_with_spoon
1030201,0.853638,0.218628,-0.439209,0.305176,-5.798342,-0.915528,eating_with_spoon
1030218,0.860596,0.226196,-0.434204,1.342773,-7.629396,-1.464844,eating_with_spoon
1030235,0.874512,0.216553,-0.431885,0.12207,-8.239746,-0.061035,eating_with_spoon
1030251,0.845337,0.236816,-0.451294,1.586915,-9.70459,-0.366211,eating_with_spoon
1030268,0.844727,0.230835,-0.459351,2.01416,-8.728027,0.366211,eating_with_spoon
1030285,0.842285,0.232422,-0.461426,2.502441,-8.544922,0.549316,eating_with_spoon
1030301,0.844971,0.22876,-0.460693,4.02832,-8.544922,0.610352,eating_with_spoon
1030318,0.865723,0.217285,-0.453491,4.943848,-10.314941,1.342773,eating_with_spoon
1030335,0.847412,0.241577,-0.457886,4.943848,-12.817387,1.77002,eating_with_spoon
1030351,0.859741,0.229736,-0.460205,6.408693,-14.404301,2.807618,eating_with_spoon
1030368,0.847168,0.228027,-0.475342,6.896975,-15.747074,2.746582,eating_with_spoon
1030385,0.849487,0.220459,-0.488403,9.94873,-18.615723,1.281738,eating_with_spoon
1030401,0.834595,0.210693,-0.483154,9.887695,-18.432617,1.037598,eating_with_spoon
1030418,0.834106,0.213501,-0.483643,10.192871,-18.066406,0.793457,eating_with_spoon
1030435,0.830811,0.206299,-0.489624,9.643555,-16.784668,1.708985,eating_with_spoon
1030451,0.835083,0.210449,-0.499268,9.643555,-17.089844,1.831055,eating_with_spoon
1030468,0.84436,0.21167,-0.516479,10.620117,-19.714355,1.281738,eating_with_spoon
1030485,0.851563,0.209229,-0.508911,12.939457,-24.292,-1.037598,eating_with_spoon
1030501,0.83728,0.187988,-0.508423,12.329105,-25.207527,-1.159668,eating_with_spoon
1030518,0.828491,0.176147,-0.517212,10.070801,-25.390633,1.464844,eating_with_spoon
1030535,0.789063,0.211792,-0.54895,12.451176,-23.620613,-1.64795,eating_with_spoon
1030551,0.80603,0.184082,-0.54541,10.803223,-22.766121,-0.793457,eating_with_spoon
1030568,0.82605,0.180298,-0.557373,10.375977,-22.583015,0.366211,eating_with_spoon
1030585,0.867798,0.14856,-0.608398,8.666992,-38.024902,7.751467,eating_with_spoon
1030601,0.800781,0.205811,-0.634399,9.155273,-52.61232,8.300781,eating_with_spoon
1030618,0.831299,0.167236,-0.634033,9.216309,-58.898941,1.953125,eating_with_spoon
1030635,0.811035,0.182373,-0.640991,9.887695,-59.814468,-0.061035,eating_with_spoon
1030651,0.720337,0.167236,-0.640015,8.178711,-49.072281,-1.098633,eating_with_spoon
1030668,0.714111,0.178833,-0.644165,6.591799,-35.827637,-3.601075,eating_with_spoon
1030685,0.735229,0.179077,-0.649414,5.859377,-33.26416,-4.150391,eating_with_spoon
1030701,0.776367,0.183594,-0.673096,5.126953,-36.437988,-4.02832,eating_with_spoon
1030718,0.755371,0.184814,-0.692017,6.103518,-43.09082,-3.54004,eating_with_spoon
1030735,0.719482,0.194214,-0.697388,2.868653,-42.114258,-3.54004,eating_with_spoon
1030751,0.69165,0.205078,-0.69812,6.530764,-38.757324,-7.446291,eating_with_spoon
1030768,0.691895,0.170044,-0.697632,6.469728,-35.400391,-7.446291,eating_with_spoon
1030785,0.675659,0.177734,-0.696411,5.310059,-36.376953,-7.263186,eating_with_spoon
1030801,0.662109,0.176636,-0.693726,4.516602,-35.644531,-6.835939,eating_with_spoon
1030818,0.660767,0.174805,-0.698608,3.051759,-33.508301,-7.019045,eating_with_spoon
1030835,0.637817,0.176025,-0.710083,1.281738,-28.381355,-7.934572,eating_with_spoon
1030852,0.636597,0.176758,-0.718994,-0.915528,-18.615723,-7.629396,eating_with_spoon
1030868,0.647949,0.175415,-0.725586,-1.464844,-14.465336,-7.568361,eating_with_spoon
1030885,0.67627,0.167114,-0.727539,-3.845216,-7.873537,-8.728027,eating_with_spoon
1030902,0.705811,0.180786,-0.722656,-8.239746,-3.601075,-10.253906,eating_with_spoon
1030918,0.709961,0.188477,-0.72876,-8.483887,-0.366211,-12.26807,eating_with_spoon
1030935,0.708252,0.182495,-0.737061,-10.925293,2.929688,-15.380863,eating_with_spoon
1030952,0.704224,0.192505,-0.736084,-14.587406,9.887695,-18.005371,eating_with_spoon
1030968,0.704102,0.202637,-0.732666,-16.479492,15.686039,-21.484375,eating_with_spoon
1030985,0.696899,0.213989,-0.735596,-19.165039,34.118652,-24.53614,eating_with_spoon
1031002,0.690063,0.230835,-0.727417,-25.146492,58.166519,-27.832039,eating_with_spoon
1031018,0.760986,0.248291,-0.728027,-27.282722,69.763184,-31.555183,eating_with_spoon
1031035,0.802368,0.254883,-0.732788,-27.832039,68.29834,-33.996582,eating_with_spoon
1031052,0.801514,0.266357,-0.715942,-30.09034,68.42041,-40.283203,eating_with_spoon
1031068,0.789673,0.307617,-0.676758,-30.395515,80.26123,-46.020523,eating_with_spoon
1031085,0.796143,0.321411,-0.657471,-29.846199,84.899902,-48.400894,eating_with_spoon
1031102,0.833618,0.34021,-0.637939,-28.503426,82.275391,-52.368179,eating_with_spoon
1031118,0.835571,0.353027,-0.628296,-28.564461,70.007324,-56.030289,eating_with_spoon
1031135,0.7854,0.378052,-0.578857,-29.968269,67.321777,-59.570328,eating_with_spoon
1031152,0.748047,0.402954,-0.555054,-29.235847,73.608398,-61.828629,eating_with_spoon
1031168,0.745361,0.432983,-0.519775,-24.841316,80.383301,-64.39209,eating_with_spoon
1031185,0.7948,0.448853,-0.489136,-23.986824,69.213867,-64.575195,eating_with_spoon
1031202,0.783081,0.461548,-0.472412,-23.254402,63.232437,-65.551758,eating_with_spoon
1031218,0.744019,0.489502,-0.445801,-21.057129,63.110367,-67.016602,eating_with_spoon
1031235,0.758057,0.526855,-0.445679,-15.991215,58.898941,-66.345215,eating_with_spoon
1031252,0.757202,0.538574,-0.39917,-12.878422,43.273926,-64.819336,eating_with_spoon
1031268,0.747925,0.549072,-0.384644,-11.474613,34.545898,-63.598648,eating_with_spoon
1031285,0.6875,0.560059,-0.361328,-7.08008,25.451668,-60.607925,eating_with_spoon
1031302,0.659546,0.567871,-0.369873,-2.624512,25.939949,-56.579605,eating_with_spoon
1031318,0.664307,0.570068,-0.376709,-0.793457,23.254402,-54.321304,eating_with_spoon
1031335,0.693115,0.568237,-0.355835,1.586915,7.629396,-50.170914,eating_with_spoon
1031352,0.694336,0.578003,-0.321899,4.455566,-11.047363,-46.508804,eating_with_spoon
1031368,0.61853,0.585571,-0.339355,7.629396,-18.920898,-43.701172,eating_with_spoon
1031385,0.611694,0.580444,-0.352417,9.338379,-19.775391,-41.931152,eating_with_spoon
1031402,0.603882,0.563354,-0.370117,11.779789,-23.498543,-38.085938,eating_with_spoon
1031419,0.577393,0.563721,-0.356445,11.718754,-31.372078,-33.874512,eating_with_spoon
1031435,0.555786,0.569214,-0.3479,11.596684,-33.38623,-31.98243,eating_with_spoon
1031452,0.513062,0.560547,-0.365967,11.718754,-30.639656,-27.404793,eating_with_spoon
1031469,0.52124,0.545044,-0.394653,10.070801,-23.986824,-22.827156,eating_with_spoon
1031485,0.52832,0.54541,-0.396729,8.911133,-21.179199,-18.920898,eating_with_spoon
1031502,0.498657,0.544189,-0.388306,6.591799,-20.019531,-16.845703,eating_with_spoon
1031519,0.477661,0.544922,-0.389404,3.967286,-16.418457,-12.634281,eating_with_spoon
1031535,0.510742,0.53894,-0.398926,2.13623,-12.695316,-7.934572,eating_with_spoon
1031552,0.520142,0.560791,-0.41272,1.77002,-11.657719,-7.934572,eating_with_spoon
1031569,0.520142,0.530151,-0.395874,2.01416,-9.94873,-4.882813,eating_with_spoon
1031585,0.50769,0.585449,-0.409668,-1.77002,-7.141115,-3.234864,eating_with_spoon
1031602,0.525024,0.563599,-0.407104,-2.01416,-9.277344,-1.403809,eating_with_spoon
1031619,0.520264,0.570557,-0.421753,-5.676271,-10.925293,3.845216,eating_with_spoon
1031635,0.50708,0.571777,-0.408325,-6.042482,-12.756351,6.103518,eating_with_spoon
1031652,0.458252,0.581665,-0.399658,-7.873537,-6.042482,7.873537,eating_with_spoon
1031669,0.452271,0.591431,-0.397583,-8.178711,-0.793457,9.033203,eating_with_spoon
1031685,0.457031,0.600586,-0.415039,-8.605957,5.676271,13.183598,eating_with_spoon
1031702,0.502319,0.595825,-0.442139,-8.361816,1.831055,18.920898,eating_with_spoon
1031719,0.504517,0.590576,-0.450928,-8.117676,-2.624512,21.606445,eating_with_spoon
1031735,0.495117,0.583496,-0.42627,-9.094238,-12.634281,26.672371,eating_with_spoon
1031752,0.502319,0.606934,-0.411743,-10.864258,-16.296387,30.33448,eating_with_spoon
1031769,0.513428,0.614868,-0.41394,-11.047363,-10.131836,33.752441,eating_with_spoon
1031785,0.537231,0.606934,-0.427734,-11.291508,-6.286623,35.400391,eating_with_spoon
1031802,0.612183,0.597046,-0.459351,-11.535648,-9.155273,36.92627,eating_with_spoon
1031819,0.632324,0.615723,-0.446533,-13.000492,-18.981934,37.29248,eating_with_spoon
1031835,0.615356,0.622925,-0.435791,-12.695316,-20.874023,37.29248,eating_with_spoon
1031852,0.593994,0.614258,-0.426514,-11.474613,-16.906738,36.92627,eating_with_spoon
1031869,0.64502,0.593018,-0.446045,-11.108402,-12.084965,37.841797,eating_with_spoon
1031885,0.72937,0.588135,-0.447876,-11.047363,-16.296387,38.818359,eating_with_spoon
1031902,0.772461,0.591064,-0.435791,-10.498047,-21.66748,39.001465,eating_with_spoon
1031919,0.776489,0.609253,-0.426147,-9.643555,-35.217285,37.658691,eating_with_spoon
1031935,0.719849,0.621704,-0.424805,-7.08008,-41.748047,34.667969,eating_with_spoon
1031952,0.709595,0.611328,-0.436157,-5.493164,-39.367676,33.26416,eating_with_spoon
1031969,0.809082,0.628296,-0.476563,2.502441,-42.419434,24.41407,eating_with_spoon
1031985,0.737915,0.571655,-0.474976,1.403809,-28.930672,25.024422,eating_with_spoon
1032002,0.770752,0.591309,-0.482666,0.671387,-20.690918,20.019531,eating_with_spoon
1032019,0.789917,0.618652,-0.485229,-0.793457,-18.432617,18.066406,eating_with_spoon
1032036,0.76355,0.643188,-0.511963,0.305176,-12.26807,12.26807,eating_with_spoon
1032052,0.76709,0.636108,-0.546875,2.13623,-8.422852,7.934572,eating_with_spoon
1032069,0.75708,0.629883,-0.554321,2.563477,-5.981447,5.554201,eating_with_spoon
1032086,0.733643,0.631104,-0.552002,1.64795,-0.061035,0.915528,eating_with_spoon
1032102,0.717651,0.646484,-0.542603,1.403809,4.577637,-4.089355,eating_with_spoon
1032119,0.723267,0.635132,-0.541016,1.831055,5.615236,-5.371094,eating_with_spoon
1032136,0.726807,0.619141,-0.564697,0.854492,4.02832,-5.981447,eating_with_spoon
1032152,0.716675,0.599121,-0.569336,1.586915,0.610352,-8.789063,eating_with_spoon
1032169,0.702637,0.588013,-0.549316,1.159668,-0.793457,-10.742188,eating_with_spoon
1032186,0.682495,0.584229,-0.539673,0.915528,0.732422,-11.718754,eating_with_spoon
1032202,0.641235,0.590332,-0.513184,-0.183106,7.812502,-13.244633,eating_with_spoon
1032219,0.653076,0.587891,-0.50415,-1.342773,14.03809,-14.03809,eating_with_spoon
1032236,0.669678,0.585449,-0.509644,-1.64795,14.03809,-14.343266,eating_with_spoon
1032252,0.863525,0.653198,-0.557861,6.774904,-11.474613,-19.226074,eating_with_spoon
1032269,0.425415,0.445679,-0.478882,-16.174316,18.676758,19.65332,eating_with_spoon
1032286,0.795288,0.598267,-0.494019,-0.671387,16.296387,-4.394531,eating_with_spoon
1032302,0.764526,0.575439,-0.496704,-3.967286,7.20215,-5.310059,eating_with_spoon
1032319,0.688354,0.562622,-0.518921,2.929688,-13.122562,-23.071297,eating_with_spoon
1032336,0.610474,0.521606,-0.498047,-4.760742,-12.207035,-20.568848,eating_with_spoon
1032352,0.618042,0.554443,-0.492188,-4.516602,-10.375977,-25.878914,eating_with_spoon
1032369,0.62854,0.567017,-0.483032,-3.356935,-14.03809,-26.855476,eating_with_spoon
1032386,0.599121,0.561401,-0.478027,-2.807618,-8.544922,-25.329597,eating_with_spoon
1032402,0.616699,0.568115,-0.463745,-3.051759,-4.333496,-24.658211,eating_with_spoon
1032419,0.605225,0.567627,-0.45459,-3.66211,-3.234864,-23.437508,eating_with_spoon
1032436,0.585205,0.570068,-0.456909,-5.187988,-1.281738,-18.981934,eating_with_spoon
1032452,0.608887,0.58252,-0.484375,-2.807618,-7.507326,-14.465336,eating_with_spoon
1032469,0.583252,0.576782,-0.487183,-3.295899,-8.544922,-11.352543,eating_with_spoon
1032486,0.559204,0.589233,-0.471069,-1.64795,-6.652834,-11.352543,eating_with_spoon
1032502,0.558472,0.5802,-0.466553,-1.281738,-3.723145,-9.58252,eating_with_spoon
1032519,0.54834,0.583252,-0.466553,-2.01416,-3.723145,-6.896975,eating_with_spoon
1032536,0.590942,0.58252,-0.473511,-3.54004,-8.544922,-4.089355,eating_with_spoon
1032552,0.585205,0.582153,-0.487549,-2.380371,-19.165039,-3.234864,eating_with_spoon
1032569,0.560669,0.575195,-0.498047,-2.746582,-29.602058,-1.89209,eating_with_spoon
1032586,0.542603,0.572021,-0.493164,-2.990724,-33.081055,-1.403809,eating_with_spoon
1032603,0.502197,0.598755,-0.489746,-1.64795,-36.132813,-5.920412,eating_with_spoon
1032619,0.398438,0.591431,-0.476563,-3.906251,-17.63916,-5.310059,eating_with_spoon
1032636,0.469238,0.551758,-0.46167,-0.671387,-25.329597,2.13623,eating_with_spoon
1032653,0.471802,0.637329,-0.488647,-8.300781,-29.907234,10.437012,eating_with_spoon
1032669,0.459351,0.589233,-0.458496,-1.586915,-25.268562,0.549316,eating_with_spoon
1032686,0.500366,0.61084,-0.451416,-4.455566,-30.33448,4.882813,eating_with_spoon
1032703,0.494263,0.628906,-0.447632,-4.638672,-33.630371,5.920412,eating_with_spoon
1032719,0.462769,0.642212,-0.430176,-2.13623,-36.071777,7.019045,eating_with_spoon
1032736,0.460449,0.675049,-0.407715,3.051759,-39.367676,4.333496,eating_with_spoon
1032753,0.463623,0.66394,-0.393433,5.065918,-43.701172,5.554201,eating_with_spoon
1032769,0.406128,0.675903,-0.369751,5.065918,-50.048843,11.962894,eating_with_spoon
1032786,0.377686,0.672241,-0.341675,12.573246,-52.246109,9.887695,eating_with_spoon
1032803,0.369141,0.661133,-0.387207,17.272949,-57.922379,13.366703,eating_with_spoon
1032819,0.370605,0.665283,-0.425537,20.629883,-62.927261,14.465336,eating_with_spoon
1032836,0.350708,0.659912,-0.459961,27.709969,-70.373535,14.099125,eating_with_spoon
1032853,0.317261,0.626221,-0.468994,35.15625,-72.021484,13.122562,eating_with_spoon
1032869,0.299683,0.619263,-0.481934,35.644531,-67.810059,14.770512,eating_with_spoon
1032886,0.286011,0.598511,-0.543213,40.95459,-55.969254,15.380863,eating_with_spoon
1032903,0.269531,0.558472,-0.620972,42.175293,-45.166031,19.104004,eating_with_spoon
1032919,0.299438,0.536011,-0.639404,43.762207,-37.658691,19.958496,eating_with_spoon
1032936,0.282349,0.522827,-0.63147,43.823242,-31.98243,19.897461,eating_with_spoon
1032953,0.229736,0.50415,-0.657471,41.687012,-13.244633,21.057129,eating_with_spoon
1032969,0.278076,0.509155,-0.771606,41.931152,5.310059,24.108894,eating_with_spoon
1032986,0.355835,0.479248,-0.819092,43.579102,11.962894,25.207527,eating_with_spoon
1033003,0.412964,0.437134,-0.854492,44.92189,21.66748,26.672371,eating_with_spoon
1033019,0.436157,0.390747,-0.835449,41.687012,35.705566,28.07618,eating_with_spoon
1033036,0.487793,0.410767,-1.072144,43.762207,17.51709,18.310547,eating_with_spoon
1033053,0.751465,0.319458,-1.152344,48.767105,7.324221,30.517586,eating_with_spoon
1033069,0.698486,0.305298,-1.027832,29.418953,11.474613,35.095215,eating_with_spoon
1033086,0.402344,0.317749,-0.791626,12.084965,33.203125,30.761726,eating_with_spoon
1033103,0.444092,0.339478,-0.834473,13.244633,53.894058,26.000984,eating_with_spoon
1033119,0.891113,0.482056,-0.932739,17.39502,83.190918,-1.281738,eating_with_spoon
1033136,0.711426,0.44812,-0.887817,2.746582,81.298828,-13.549809,eating_with_spoon
1033153,0.670898,0.424316,-0.87207,-2.746582,83.068848,-8.911133,eating_with_spoon
1033169,0.755493,0.443481,-0.774292,-2.929688,79.040527,-7.873537,eating_with_spoon
1033186,0.610718,0.387573,-0.621826,0.793457,70.861816,-3.66211,eating_with_spoon
1033203,0.528198,0.364258,-0.579224,2.685547,67.138672,8.789063,eating_with_spoon
1033220,0.597046,0.342773,-0.612183,19.836426,57.006851,21.972656,eating_with_spoon
1033236,0.519409,0.285034,-0.595703,20.507813,60.729996,32.958984,eating_with_spoon
1033253,0.58667,0.271729,-0.624512,30.700691,75.134277,36.621094,eating_with_spoon
1033270,0.667847,0.19873,-0.604858,31.921394,72.32666,36.376953,eating_with_spoon
1033286,0.766357,0.228882,-0.554688,29.907234,65.551758,26.42823,eating_with_spoon
1033303,0.81897,0.233032,-0.543213,23.498543,50.109879,21.118164,eating_with_spoon
1033320,0.818726,0.294312,-0.571045,20.141602,24.41407,15.014652,eating_with_spoon
1033336,0.836792,0.328857,-0.609863,24.16993,6.774904,9.58252,eating_with_spoon
1033353,0.672363,0.279175,-0.616333,31.066902,-22.338875,4.638672,eating_with_spoon
1033370,0.620239,0.25061,-0.591309,26.18409,-23.315437,11.962894,eating_with_spoon
1033386,0.619995,0.261475,-0.591919,21.362305,-22.094727,17.822266,eating_with_spoon
1033403,0.653564,0.294312,-0.61792,15.747074,-20.385742,23.193367,eating_with_spoon
1033420,0.636108,0.275391,-0.618896,12.451176,-8.422852,20.751953,eating_with_spoon
1033436,0.762085,0.262329,-0.631104,1.953125,14.16016,27.587898,eating_with_spoon
1033453,0.805176,0.28894,-0.654541,-0.305176,7.690432,28.625496,eating_with_spoon
1033470,0.755493,0.275635,-0.667114,8.483887,-8.850098,17.028809,eating_with_spoon
1033486,0.75769,0.250854,-0.643311,3.967286,-17.822266,17.944336,eating_with_spoon
1033503,0.762085,0.265015,-0.638306,4.394531,-17.578125,15.686039,eating_with_spoon
1033520,0.730225,0.23938,-0.612305,2.441406,-9.155273,15.991215,eating_with_spoon
1033536,0.745605,0.238403,-0.626343,-0.488281,1.464844,15.869144,eating_with_spoon
1033553,0.810303,0.238892,-0.669189,-1.220703,-2.502441,16.052246,eating_with_spoon
1033570,0.82251,0.251587,-0.675537,-0.488281,-5.004883,14.404301,eating_with_spoon
1033586,0.809814,0.239258,-0.663452,1.220703,-4.638672,9.70459,eating_with_spoon
1033603,0.74939,0.231812,-0.642456,0.183106,-0.061035,3.356935,eating_with_spoon
1033620,0.71875,0.227539,-0.633789,-0.427246,1.831055,1.098633,eating_with_spoon
1033636,0.667114,0.197754,-0.623291,-2.13623,3.173829,-0.488281,eating_with_spoon
1033653,0.682495,0.233887,-0.647461,-0.549316,9.82666,1.708985,eating_with_spoon
1033670,0.764404,0.203613,-0.608887,4.577637,-4.943848,1.77002,eating_with_spoon
1033686,0.534302,0.172852,-0.576538,-9.887695,2.13623,22.033691,eating_with_spoon
1033703,0.767578,0.196045,-0.608276,3.112794,11.779789,11.718754,eating_with_spoon
1033720,0.73877,0.163452,-0.633911,-3.54004,11.535648,18.066406,eating_with_spoon
1033736,0.808594,0.18689,-0.650146,-2.319336,10.803223,16.540527,eating_with_spoon
1033753,0.847046,0.195435,-0.62561,-0.549316,0.061035,14.221195,eating_with_spoon
1033770,0.785645,0.220459,-0.605713,-4.272461,-2.13623,12.573246,eating_with_spoon
1033787,0.772949,0.242676,-0.614502,-1.708985,-0.732422,8.605957,eating_with_spoon
1033803,0.790283,0.21936,-0.627686,2.13623,-1.220703,4.455566,eating_with_spoon
1033820,0.824219,0.217529,-0.699219,2.075195,-7.141115,5.859377,eating_with_spoon
1033837,0.859863,0.260498,-0.760498,-0.12207,-18.920898,3.66211,eating_with_spoon
1033853,0.757813,0.246948,-0.724854,2.319336,-13.183598,1.342773,eating_with_spoon
1033870,0.71582,0.200562,-0.636353,3.234864,-9.155273,1.342773,eating_with_spoon
1033887,0.683716,0.185669,-0.642334,2.258301,-7.019045,1.342773,eating_with_spoon
1033903,0.65918,0.162109,-0.654175,0.976563,-3.66211,2.685547,eating_with_spoon
1033920,0.669922,0.178833,-0.660522,-0.793457,6.469728,0.549316,eating_with_spoon
1033937,0.692871,0.186523,-0.653442,-4.882813,15.197758,0.671387,eating_with_spoon
1033953,0.769775,0.200195,-0.625854,-5.065918,15.747074,1.89209,eating_with_spoon
1033970,0.778076,0.192383,-0.616455,-4.394531,13.732914,0.732422,eating_with_spoon
1033987,0.760376,0.190796,-0.608032,-5.187988,8.911133,-0.12207,eating_with_spoon
1034003,0.759399,0.195679,-0.604004,-3.356935,4.821777,-1.220703,eating_with_spoon
1034020,0.755005,0.19165,-0.601929,-6.347658,3.601075,3.356935,eating_with_spoon
1034037,0.763916,0.218262,-0.616333,-7.446291,-1.098633,9.460449,eating_with_spoon
1034053,0.718994,0.196899,-0.632568,-3.41797,-0.366211,7.019045,eating_with_spoon
1034070,0.724976,0.205566,-0.634888,0.854492,3.234864,2.197266,eating_with_spoon
1034087,0.70874,0.187012,-0.626709,-0.427246,6.042482,3.784181,eating_with_spoon
1034103,0.7146,0.194702,-0.638184,-2.746582,10.498047,2.441406,eating_with_spoon
1034120,0.699585,0.200928,-0.631836,-2.197266,17.76123,2.929688,eating_with_spoon
1034137,0.703735,0.193359,-0.623291,-3.601075,21.30127,4.02832,eating_with_spoon
1034153,0.733154,0.21106,-0.612793,-3.479005,26.42823,7.141115,eating_with_spoon
1034170,0.740234,0.202637,-0.605225,-1.220703,30.09034,8.911133,eating_with_spoon
1034187,0.747803,0.200684,-0.597534,-1.037598,31.921394,10.131836,eating_with_spoon
1034203,0.786255,0.196899,-0.571411,0.915528,33.14209,12.084965,eating_with_spoon
1034220,0.810303,0.171753,-0.556274,1.953125,29.785164,11.047363,eating_with_spoon
1034237,0.840698,0.174805,-0.536621,-1.342773,24.108894,9.643555,eating_with_spoon
1034253,0.851929,0.174561,-0.527588,0.12207,19.592285,6.164553,eating_with_spoon
1034270,0.822021,0.175171,-0.536499,-0.793457,10.986328,3.051759,eating_with_spoon
1034287,0.810303,0.180664,-0.541382,-0.305176,8.117676,1.281738,eating_with_spoon
1034303,0.815552,0.18335,-0.537109,-0.061035,5.798342,0.976563,eating_with_spoon
1034320,0.827393,0.18689,-0.532593,0.854492,0.366211,2.502441,eating_with_spoon
1034337,0.821411,0.180786,-0.5354,2.01416,-4.455566,4.089355,eating_with_spoon
1034353,0.806763,0.175293,-0.543213,2.319336,-6.95801,3.906251,eating_with_spoon
1034370,0.791992,0.172363,-0.550171,2.380371,-6.835939,3.601075,eating_with_spoon
1034387,0.772705,0.169067,-0.562744,2.197266,-4.394531,2.258301,eating_with_spoon
1034404,0.769409,0.165771,-0.565308,1.525879,0.183106,1.159668,eating_with_spoon
1034420,0.772949,0.16626,-0.564941,0.915528,2.380371,0.366211,eating_with_spoon
1034437,0.780029,0.167236,-0.559448,0.427246,5.126953,-0.427246,eating_with_spoon
1034454,0.778076,0.164429,-0.565063,-1.464844,8.361816,-0.854492,eating_with_spoon
1034470,0.775269,0.171753,-0.571289,-1.342773,15.197758,-4.272461,eating_with_spoon
1034487,0.75,0.166992,-0.570068,-2.319336,20.568848,-3.234864,eating_with_spoon
1034504,0.755859,0.176758,-0.56958,-4.02832,30.883797,-3.051759,eating_with_spoon
1034520,0.763428,0.163574,-0.557129,-4.943848,43.457031,-2.990724,eating_with_spoon
1034537,0.784912,0.158691,-0.547363,-7.20215,48.767105,-3.173829,eating_with_spoon
1034554,0.796021,0.131714,-0.50415,-14.03809,58.471695,-5.065918,eating_with_spoon
1034570,0.854736,0.157593,-0.46521,-15.380863,63.415543,-13.488773,eating_with_spoon
1034587,0.935425,0.175171,-0.435791,-20.507813,56.579605,-13.977055,eating_with_spoon
1034604,0.945679,0.185547,-0.42334,-20.629883,53.344742,-14.465336,eating_with_spoon
1034620,0.904785,0.061768,-0.364136,-4.211426,77.453613,6.408693,eating_with_spoon
1034637,1.187866,0.258179,-0.385986,-12.451176,73.181152,-10.681152,eating_with_spoon
1034654,1.168213,0.214844,-0.36438,-11.047363,63.842789,-12.02393,eating_with_spoon
1034670,1.184448,0.254883,-0.34729,-15.319828,51.940933,-22.583015,eating_with_spoon
1034687,1.184448,0.290894,-0.373901,-14.831547,42.724609,-31.433113,eating_with_spoon
1034704,1.145996,0.282959,-0.379272,-15.747074,39.123535,-34.606934,eating_with_spoon
1034720,1.067871,0.315308,-0.37085,-17.272949,37.658691,-43.212891,eating_with_spoon
1034737,1.055542,0.323364,-0.297974,-20.080566,43.518066,-47.119156,eating_with_spoon
1034754,1.01416,0.345459,-0.299194,-21.972656,53.466812,-49.499527,eating_with_spoon
1034770,1.005737,0.364746,-0.325195,-20.812988,49.438492,-54.565445,eating_with_spoon
1034787,0.958252,0.354858,-0.355225,-20.812988,43.395996,-56.274429,eating_with_spoon
1034804,0.983398,0.363647,-0.304077,-19.287109,35.339355,-58.044449,eating_with_spoon
1034820,0.989014,0.371582,-0.266113,-17.944336,31.738289,-59.143082,eating_with_spoon
1034837,0.941406,0.389648,-0.192627,-18.310547,39.855957,-59.082047,eating_with_spoon
1034854,0.941528,0.446777,-0.190796,-13.427738,40.649414,-62.43898,eating_with_spoon
1034870,0.931641,0.445679,-0.203735,-11.352543,31.494148,-62.072769,eating_with_spoon
1034887,0.927979,0.449463,-0.202026,-9.887695,27.587898,-62.866226,eating_with_spoon
1034904,0.916016,0.462769,-0.159668,-5.859377,25.024422,-63.232437,eating_with_spoon
1034920,0.877075,0.506714,-0.149048,-1.89209,19.226074,-61.828629,eating_with_spoon
1034937,0.87439,0.528931,-0.143677,2.197266,15.319828,-62.194839,eating_with_spoon
1034954,0.872192,0.506958,-0.135986,3.906251,-0.366211,-57.189957,eating_with_spoon
1034971,0.810669,0.52063,-0.138062,6.591799,-4.394531,-53.955093,eating_with_spoon
1034987,0.800293,0.522583,-0.139648,10.681152,-5.737307,-54.931656,eating_with_spoon
1035004,0.780884,0.525146,-0.133667,12.878422,-5.615236,-55.114761,eating_with_spoon
1035021,0.776489,0.539673,-0.108765,14.831547,-6.95801,-53.039566,eating_with_spoon
1035037,0.764526,0.566895,-0.135376,16.357422,-14.099125,-50.8423,eating_with_spoon
1035054,0.767944,0.564453,-0.163696,16.601563,-21.057129,-49.377457,eating_with_spoon
1035071,0.716675,0.549194,-0.208984,16.967773,-35.217285,-47.546402,eating_with_spoon
1035087,0.652344,0.538452,-0.211304,17.150879,-42.175293,-46.508804,eating_with_spoon
1035104,0.638672,0.556274,-0.219971,16.052246,-49.316422,-42.358398,eating_with_spoon
1035121,0.631836,0.561768,-0.23999,15.686039,-56.762711,-39.794922,eating_with_spoon
1035137,0.596069,0.547363,-0.253174,15.869144,-63.720718,-37.902832,eating_with_spoon
1035154,0.536865,0.543091,-0.276978,13.977055,-66.589355,-35.095215,eating_with_spoon
1035171,0.525879,0.540283,-0.287964,12.695316,-72.509766,-34.057617,eating_with_spoon
1035187,0.582275,0.522705,-0.295044,8.911133,-101.074249,-31.98243,eating_with_spoon
1035204,0.513794,0.53186,-0.315918,5.615236,-131.530762,-32.653809,eating_with_spoon
1035221,0.441772,0.532959,-0.315918,6.042482,-136.71875,-32.165527,eating_with_spoon
1035237,0.393799,0.519043,-0.271729,6.896975,-132.8125,-25.817879,eating_with_spoon
1035254,0.309692,0.5271,-0.249634,4.577637,-122.009308,-17.456055,eating_with_spoon
1035271,0.254028,0.53772,-0.276001,1.89209,-120.056183,-12.02393,eating_with_spoon
1035287,0.246582,0.546265,-0.289917,1.89209,-124.389679,-10.925293,eating_with_spoon
1035304,0.269775,0.540527,-0.320068,2.624512,-127.746613,-3.54004,eating_with_spoon
1035321,0.321533,0.553589,-0.367065,7.446291,-135.620117,7.324221,eating_with_spoon
1035337,0.314331,0.556519,-0.387085,10.742188,-137.573242,13.793949,eating_with_spoon
1035354,0.268921,0.558228,-0.396118,18.005371,-133.544922,28.564461,eating_with_spoon
1035371,0.192017,0.565063,-0.415039,26.367195,-123.230011,40.710449,eating_with_spoon
1035387,0.131348,0.596313,-0.447266,34.301758,-105.529816,49.377457,eating_with_spoon
1035404,0.109619,0.609009,-0.47229,38.696289,-89.660675,53.649918,eating_with_spoon
1035421,0.073975,0.603638,-0.519653,46.203629,-46.630875,63.964859,eating_with_spoon
1035437,0.094971,0.563721,-0.504272,54.077164,-2.929688,74.09668,eating_with_spoon
1035454,0.140869,0.540283,-0.494629,55.053726,19.104004,79.162598,eating_with_spoon
1035471,0.282349,0.493652,-0.551514,59.082047,47.851578,88.623077,eating_with_spoon
1035487,0.414795,0.460449,-0.675903,58.41066,64.086914,95.336945,eating_with_spoon
1035504,0.467529,0.449829,-0.709106,54.50441,72.021484,96.862823,eating_with_spoon
1035521,0.502441,0.433105,-0.677612,51.879898,79.467773,97.351105,eating_with_spoon
1035537,0.606323,0.395874,-0.641357,46.447769,107.299835,97.167999,eating_with_spoon
1035554,0.653687,0.352783,-0.661865,41.381836,131.958008,94.787628,eating_with_spoon
1035571,0.728638,0.341187,-0.654297,38.635254,137.451172,90.454132,eating_with_spoon
1035588,1.072144,0.450317,-0.669312,37.658691,127.380402,70.19043,eating_with_spoon
1035604,1.024658,0.231934,-0.538696,36.621094,118.896515,57.983414,eating_with_spoon
1035621,0.928467,0.29187,-0.691406,30.822762,141.052246,51.940933,eating_with_spoon
1035638,0.910889,0.289185,-0.678101,26.000984,145.690918,52.61232,eating_with_spoon
1035654,0.853149,0.273315,-0.52417,9.216309,147.521973,65.734863,eating_with_spoon
1035671,1.013306,0.309082,-0.374023,1.64795,129.516602,58.6548,eating_with_spoon
1035688,1.102051,0.317505,-0.331177,3.845216,114.624054,47.607437,eating_with_spoon
1035704,1.064209,0.269409,-0.332153,3.906251,100.036652,40.527344,eating_with_spoon
1035721,1.165527,0.246704,-0.356201,1.037598,83.312988,42.663574,eating_with_spoon
1035738,1.125,0.243286,-0.372803,0.12207,71.228027,43.334961,eating_with_spoon
1035754,1.042114,0.229858,-0.375732,6.408693,44.494644,35.095215,eating_with_spoon
1035771,1.015991,0.2146,-0.344727,7.20215,26.733406,30.395515,eating_with_spoon
1035788,1.036499,0.186523,-0.317749,6.042482,7.873537,27.404793,eating_with_spoon
1035804,1.030762,0.178833,-0.329712,6.408693,6.713869,25.634773,eating_with_spoon
1035821,1.081055,0.136841,-0.324463,8.178711,2.380371,20.019531,eating_with_spoon
1035838,1.18457,0.202759,-0.382935,7.08008,-47.119156,11.840824,eating_with_spoon
1035854,0.971191,0.143433,-0.361084,4.760742,-44.067383,15.075687,eating_with_spoon
1035871,1.076782,0.137817,-0.414429,1.708985,-35.705566,6.95801,eating_with_spoon
1035888,0.988281,0.142212,-0.388428,-3.601075,-22.949226,4.577637,eating_with_spoon
1035904,0.898071,0.151611,-0.344238,-6.347658,-11.596684,3.234864,eating_with_spoon
1035921,0.855835,0.1604,-0.343872,-3.234864,-8.422852,1.098633,eating_with_spoon
1035938,0.873901,0.145264,-0.339478,1.220703,-3.54004,-0.366211,eating_with_spoon
1035954,0.930298,0.115845,-0.333618,1.342773,-4.638672,2.380371,eating_with_spoon
1035971,0.930786,0.120361,-0.333008,1.342773,-7.507326,3.112794,eating_with_spoon
1035988,0.933105,0.113892,-0.307129,-0.976563,-8.728027,4.02832,eating_with_spoon
1036004,0.920898,0.129028,-0.322754,-1.64795,-7.324221,3.356935,eating_with_spoon
1036021,0.908691,0.128662,-0.352295,0.915528,-6.164553,2.075195,eating_with_spoon
1036038,0.913574,0.124023,-0.360229,1.586915,-6.286623,1.403809,eating_with_spoon
1036054,0.910034,0.123169,-0.364746,2.502441,-7.690432,0.366211,eating_with_spoon
1036071,0.904907,0.128906,-0.358765,1.953125,-6.225588,-0.976563,eating_with_spoon
1036088,0.906982,0.135254,-0.358521,2.441406,-6.347658,-0.976563,eating_with_spoon
1036104,0.904175,0.141357,-0.359741,3.479005,-7.385256,-1.098633,eating_with_spoon
1036121,0.899902,0.141602,-0.36145,3.112794,-5.065918,-1.281738,eating_with_spoon
1036138,0.904175,0.142578,-0.365356,2.563477,-3.906251,-0.488281,eating_with_spoon
1036155,0.901855,0.141724,-0.363892,1.953125,-3.54004,-0.12207,eating_with_spoon
1036171,0.903442,0.141602,-0.363647,0.610352,-2.929688,0.549316,eating_with_spoon
1036188,0.900146,0.13147,-0.365845,-0.549316,-2.929688,0.0,eating_with_spoon
1036205,0.897705,0.13501,-0.359985,-0.488281,-2.929688,-0.549316,eating_with_spoon
1036221,0.899048,0.137817,-0.362061,0.427246,-4.394531,-0.671387,eating_with_spoon
1036238,0.897217,0.136108,-0.365967,0.671387,-5.554201,-1.342773,eating_with_spoon
1036255,0.896118,0.13916,-0.368164,0.671387,-5.187988,-1.64795,eating_with_spoon
1036271,0.895874,0.137573,-0.369873,0.427246,-3.845216,-1.831055,eating_with_spoon
1036288,0.946533,0.134399,-0.355957,-1.831055,-1.159668,-1.281738,eating_with_spoon
1036305,0.869751,0.150513,-0.370239,-1.77002,-2.01416,-0.976563,eating_with_spoon
1036321,0.910522,0.140869,-0.378784,-1.953125,-1.831055,-0.854492,eating_with_spoon
1036338,0.895752,0.138306,-0.38501,-1.220703,-1.708985,-1.342773,eating_with_spoon
1036355,0.891235,0.140503,-0.378418,-1.037598,-1.403809,-1.281738,eating_with_spoon
1036371,0.897095,0.142944,-0.375,-0.854492,-1.342773,-1.037598,eating_with_spoon
1036388,0.895264,0.140259,-0.372559,-0.427246,-1.281738,-1.098633,eating_with_spoon
1036405,0.901123,0.142822,-0.373047,-0.305176,-1.525879,-1.403809,eating_with_spoon
1036421,0.899536,0.145752,-0.373779,-0.061035,-1.708985,-0.671387,eating_with_spoon
1036438,0.900879,0.145874,-0.375122,0.061035,-1.77002,-0.183106,eating_with_spoon
1036455,0.901489,0.145508,-0.371582,-0.244141,-2.319336,0.854492,eating_with_spoon
1036471,0.900391,0.145508,-0.373047,-0.183106,-2.746582,1.89209,eating_with_spoon
1036488,0.894531,0.145752,-0.374756,0.0,-3.173829,2.13623,eating_with_spoon
1036505,0.894409,0.145752,-0.376221,0.061035,-3.66211,2.075195,eating_with_spoon
1036521,0.893311,0.147705,-0.383057,0.061035,-4.02832,2.13623,eating_with_spoon
1036538,0.896484,0.145874,-0.387085,0.305176,-2.807618,2.563477,eating_with_spoon
1036555,0.893311,0.145874,-0.390381,0.366211,-1.89209,2.624512,eating_with_spoon
1036571,0.893188,0.141357,-0.385742,0.366211,-1.89209,2.685547,eating_with_spoon
1036588,0.889648,0.142334,-0.38501,0.244141,-2.13623,2.441406,eating_with_spoon
1036605,0.890625,0.141235,-0.388306,0.488281,-2.380371,2.197266,eating_with_spoon
1036621,0.88916,0.138428,-0.386719,0.488281,-2.685547,2.13623,eating_with_spoon
1036638,0.891602,0.132935,-0.382935,0.732422,-2.929688,1.77002,eating_with_spoon
1036655,0.887085,0.133545,-0.385742,0.427246,-2.685547,0.976563,eating_with_spoon
1036671,0.890015,0.135254,-0.387939,0.671387,-2.563477,0.610352,eating_with_spoon
1036688,0.890503,0.134277,-0.390625,0.915528,-2.685547,0.366211,eating_with_spoon
1036705,0.898682,0.131226,-0.385132,0.610352,-3.173829,0.366211,eating_with_spoon
1036721,0.894531,0.131836,-0.382568,0.305176,-3.479005,0.244141,eating_with_spoon
1036738,0.894897,0.135742,-0.377563,0.549316,-4.638672,0.061035,eating_with_spoon
1036755,0.898193,0.126343,-0.354248,0.244141,-7.385256,-0.061035,eating_with_spoon
1036772,0.899658,0.12085,-0.351685,0.0,-10.253906,-0.427246,eating_with_spoon
1036788,0.875244,0.119385,-0.367432,0.0,-16.296387,-2.990724,eating_with_spoon
1036805,0.899414,0.127441,-0.382324,0.732422,-22.949226,-6.652834,eating_with_spoon
1036822,0.901855,0.12439,-0.369873,0.366211,-30.33448,-7.385256,eating_with_spoon
1036838,0.908325,0.122803,-0.362427,0.12207,-31.799324,-7.263186,eating_with_spoon
1036855,0.907837,0.149048,-0.381836,-0.244141,-35.400391,-6.164553,eating_with_spoon
1036872,0.910889,0.148804,-0.467896,1.525879,-43.579102,-3.295899,eating_with_spoon
1036888,0.881592,0.158081,-0.505005,2.01416,-47.485367,-3.601075,eating_with_spoon
1036905,0.813843,0.167969,-0.551147,2.441406,-48.645035,-4.943848,eating_with_spoon
1036922,0.775391,0.178223,-0.549438,1.708985,-36.315918,-4.150391,eating_with_spoon
1036938,0.792847,0.174805,-0.554443,1.64795,-24.658211,-2.502441,eating_with_spoon
1036955,0.798096,0.171509,-0.560913,1.342773,-19.592285,-1.098633,eating_with_spoon
1036972,0.802002,0.166138,-0.554443,0.549316,-11.718754,-0.671387,eating_with_spoon
1036988,0.822632,0.172974,-0.526489,0.427246,-6.95801,-2.075195,eating_with_spoon
1037005,0.818604,0.161011,-0.523193,-1.220703,-5.065918,-0.854492,eating_with_spoon
1037022,0.812988,0.151978,-0.525635,-3.234864,0.12207,0.0,eating_with_spoon
1037038,0.816284,0.148193,-0.5354,-4.150391,5.371094,0.183106,eating_with_spoon
1037055,0.862915,0.149658,-0.538452,-4.394531,10.375977,-1.098633,eating_with_spoon
1037072,0.875366,0.153931,-0.543091,-3.601075,10.192871,-2.380371,eating_with_spoon
1037088,0.865479,0.146118,-0.548828,-4.272461,9.094238,-2.13623,eating_with_spoon
1037105,0.846313,0.147949,-0.526611,-7.20215,4.272461,-0.488281,eating_with_spoon
1037122,0.852295,0.155518,-0.511353,-7.873537,1.159668,0.0,eating_with_spoon
1037138,0.933228,0.15625,-0.606689,-7.385256,-31.921394,6.469728,eating_with_spoon
1037155,0.743774,0.147827,-0.555542,-11.108402,-42.114258,6.469728,eating_with_spoon
1037172,0.819946,0.187622,-0.541748,-10.742188,-34.057617,-1.464844,eating_with_spoon
1037188,0.805298,0.190552,-0.533936,-10.864258,-30.761726,-4.089355,eating_with_spoon
1037205,0.730713,0.152466,-0.531494,-11.413578,-19.65332,-2.502441,eating_with_spoon
1037222,0.714478,0.162109,-0.51355,-11.962894,-0.671387,0.732422,eating_with_spoon
1037238,0.7323,0.165771,-0.502319,-10.864258,5.493164,2.01416,eating_with_spoon
1037255,0.724854,0.157349,-0.456421,-8.544922,15.258793,4.821777,eating_with_spoon
1037272,0.736328,0.158569,-0.406372,-8.117676,19.897461,8.422852,eating_with_spoon
1037288,0.72168,0.165894,-0.388672,-8.422852,24.047859,9.155273,eating_with_spoon
1037305,0.78418,0.170532,-0.392578,-2.258301,28.381355,5.920412,eating_with_spoon
1037322,0.78418,0.1604,-0.424683,0.427246,27.282722,7.568361,eating_with_spoon
1037338,0.796875,0.161743,-0.453003,1.159668,22.644051,7.812502,eating_with_spoon
1037355,0.834595,0.163696,-0.467041,-0.671387,21.606445,6.896975,eating_with_spoon
1037372,1.020142,0.175781,-0.544067,-5.249023,16.296387,5.065918,eating_with_spoon
1037389,1.071655,0.20166,-0.549194,-2.258301,2.868653,2.868653,eating_with_spoon
1037405,0.968262,0.193726,-0.498535,-0.12207,-2.13623,2.380371,eating_with_spoon
1037422,0.841797,0.17334,-0.467651,0.854492,-3.356935,2.746582,eating_with_spoon
1037439,0.813843,0.157837,-0.507202,1.281738,4.455566,2.624512,eating_with_spoon
1037455,0.827148,0.160645,-0.510986,1.89209,10.375977,2.441406,eating_with_spoon
1037472,0.834351,0.162842,-0.497192,2.502441,9.521484,2.441406,eating_with_spoon
1037489,0.872437,0.158325,-0.46814,2.502441,3.906251,3.66211,eating_with_spoon
1037505,0.886353,0.150391,-0.452881,3.295899,-3.845216,5.065918,eating_with_spoon
1037522,0.87439,0.144287,-0.455688,2.807618,-4.150391,5.432129,eating_with_spoon
1037539,0.8573,0.150879,-0.477783,3.295899,-5.126953,4.882813,eating_with_spoon
1037555,0.846191,0.153687,-0.487915,3.967286,-4.089355,4.02832,eating_with_spoon
1037572,0.849365,0.15625,-0.489746,5.676271,-5.187988,3.173829,eating_with_spoon
1037589,0.845093,0.156494,-0.487671,6.042482,-5.798342,2.746582,eating_with_spoon
1037605,0.84729,0.144775,-0.486206,6.103518,-4.333496,2.624512,eating_with_spoon
1037622,0.847778,0.132446,-0.490356,5.676271,-1.89209,3.41797,eating_with_spoon
1037639,0.84668,0.13147,-0.492432,5.187988,-1.159668,3.601075,eating_with_spoon
1037655,0.842407,0.140381,-0.483765,3.051759,-0.12207,3.54004,eating_with_spoon
1037672,0.844971,0.140503,-0.488525,4.089355,1.342773,3.41797,eating_with_spoon
1037689,0.835938,0.124634,-0.502075,3.723145,5.004883,2.01416,eating_with_spoon
1037705,0.851074,0.125732,-0.512207,4.211426,7.141115,1.64795,eating_with_spoon
1037722,0.831665,0.134033,-0.526733,6.408693,9.460449,0.671387,eating_with_spoon
1037739,0.82019,0.135498,-0.534058,9.643555,12.756351,1.098633,eating_with_spoon
1037755,0.838501,0.136475,-0.522705,10.925293,14.953617,0.793457,eating_with_spoon
1037772,0.84375,0.117432,-0.469482,15.563969,20.690918,3.051759,eating_with_spoon
1037789,0.826904,0.104004,-0.4021,18.920898,39.428711,1.037598,eating_with_spoon
1037805,0.839844,0.10083,-0.382813,19.65332,53.161636,-1.159668,eating_with_spoon
1037822,0.876343,0.096191,-0.39978,17.63916,57.922379,-4.455566,eating_with_spoon
1037839,0.887329,0.101563,-0.409058,14.465336,67.016602,-7.20215,eating_with_spoon
1037855,0.885742,0.100098,-0.37854,12.512211,78.918457,-7.446291,eating_with_spoon
1037872,0.892456,0.110718,-0.362305,11.718754,87.646484,-8.422852,eating_with_spoon
1037889,0.949585,0.105835,-0.310547,8.483887,109.191925,-11.596684,eating_with_spoon
1037905,1.039185,0.140991,-0.287109,7.019045,115.905792,-14.770512,eating_with_spoon
1037922,1.070679,0.147705,-0.277344,8.117676,97.900421,-22.27784,eating_with_spoon
1037939,1.031128,0.114624,-0.245483,-3.356935,95.153839,-22.39991,eating_with_spoon
1037956,1.054443,0.180054,-0.238403,-13.916019,104.980499,-27.771004,eating_with_spoon
1037972,1.095825,0.215698,-0.221436,-17.089844,119.262726,-32.958984,eating_with_spoon
1037989,1.175903,0.254883,-0.214355,-15.747074,111.450226,-38.146973,eating_with_spoon
1038006,1.132568,0.244873,-0.160767,-18.371582,87.097168,-44.79982,eating_with_spoon
1038022,1.159668,0.272705,-0.117676,-21.057129,74.157715,-49.316422,eating_with_spoon
1038039,1.147705,0.276245,-0.117188,-20.874023,70.3125,-51.940933,eating_with_spoon
1038056,1.150391,0.29248,-0.128296,-17.944336,52.124039,-57.373062,eating_with_spoon
1038072,1.128052,0.303833,-0.083374,-16.052246,36.071777,-60.974136,eating_with_spoon
1038089,1.114014,0.347412,-0.020142,-12.695316,21.728516,-62.622086,eating_with_spoon
1038106,1.115234,0.369751,0.00415,-9.521484,15.869144,-65.124512,eating_with_spoon
1038122,1.132813,0.370972,0.005493,-1.953125,4.150391,-70.373535,eating_with_spoon
1038139,1.094727,0.363525,-0.01062,0.671387,-8.178711,-69.885254,eating_with_spoon
1038156,1.076294,0.387451,-0.002319,1.77002,-16.357422,-69.641113,eating_with_spoon
1038172,1.045044,0.414551,0.034912,4.821777,-32.043457,-70.19043,eating_with_spoon
1038189,0.982666,0.425415,0.01416,9.094238,-41.809082,-69.580078,eating_with_spoon
1038206,0.899292,0.420654,-0.030884,12.756351,-48.400894,-67.504883,eating_with_spoon
1038222,0.870361,0.4198,-0.033813,13.610844,-50.964371,-66.589355,eating_with_spoon
1038239,0.824951,0.440308,-0.031372,15.075687,-53.955093,-63.720718,eating_with_spoon
1038256,0.75708,0.461792,-0.036987,18.310547,-50.170914,-62.622086,eating_with_spoon
1038272,0.748291,0.458008,-0.046875,19.836426,-44.250504,-61.828629,eating_with_spoon
1038289,0.737427,0.455688,-0.063599,21.057129,-32.714844,-59.387222,eating_with_spoon
1038306,0.728516,0.471069,-0.064575,20.935059,-27.771004,-56.091324,eating_with_spoon
1038322,0.718994,0.479858,-0.068481,20.935059,-26.30616,-53.710953,eating_with_spoon
1038339,0.706299,0.487305,-0.092896,21.54541,-23.010262,-52.978531,eating_with_spoon
1038356,0.698853,0.493042,-0.111328,21.850586,-20.812988,-51.147476,eating_with_spoon
1038372,0.692871,0.493652,-0.106201,20.629883,-19.042969,-48.278824,eating_with_spoon
1038389,0.693237,0.495239,-0.108521,19.470215,-20.202637,-46.142593,eating_with_spoon
1038406,0.6875,0.508789,-0.123047,16.845703,-26.42823,-42.541504,eating_with_spoon
1038422,0.653442,0.518799,-0.151367,14.587406,-29.785164,-40.527344,eating_with_spoon
1038439,0.640015,0.525269,-0.161255,13.427738,-29.602058,-39.855957,eating_with_spoon
1038456,0.613281,0.539917,-0.186401,12.207035,-27.526863,-38.085938,eating_with_spoon
1038472,0.588257,0.559692,-0.210083,10.742188,-22.949226,-35.583496,eating_with_spoon
1038489,0.595947,0.587402,-0.227173,9.399414,-19.042969,-32.470703,eating_with_spoon
1038506,0.5896,0.591431,-0.245117,9.033203,-17.76123,-30.883797,eating_with_spoon
1038522,0.557983,0.58667,-0.27002,7.385256,-14.28223,-27.404793,eating_with_spoon
1038539,0.569336,0.608276,-0.252075,5.065918,-13.488773,-24.475105,eating_with_spoon
1038556,0.574463,0.627197,-0.251343,4.516602,-16.235352,-23.315437,eating_with_spoon
1038573,0.573364,0.623535,-0.271851,3.723145,-21.850586,-19.40918,eating_with_spoon
1038589,0.55957,0.616211,-0.310669,2.929688,-21.728516,-15.197758,eating_with_spoon
1038606,0.569946,0.645752,-0.298584,2.075195,-20.446777,-11.840824,eating_with_spoon
1038623,0.573364,0.655518,-0.289917,2.380371,-18.737793,-9.887695,eating_with_spoon
1038639,0.585693,0.652832,-0.285156,3.295899,-15.747074,-6.652834,eating_with_spoon
1038656,0.602783,0.649536,-0.2854,3.41797,-13.061527,-4.638672,eating_with_spoon
1038673,0.610352,0.655518,-0.291016,2.624512,-13.916019,-3.41797,eating_with_spoon
1038689,0.588379,0.661499,-0.305542,-0.244141,-18.737793,-1.464844,eating_with_spoon
1038706,0.583496,0.654297,-0.298706,-2.13623,-17.944336,0.244141,eating_with_spoon
1038723,0.589966,0.653442,-0.307007,-2.197266,-12.756351,3.234864,eating_with_spoon
1038739,0.590942,0.64917,-0.312744,-2.01416,-11.230473,5.126953,eating_with_spoon
1038756,0.564819,0.631836,-0.348022,-2.502441,-13.977055,9.338379,eating_with_spoon
1038773,0.514526,0.608887,-0.384399,-3.967286,-24.353035,13.549809,eating_with_spoon
1038789,0.480103,0.592896,-0.384644,-5.187988,-29.663094,15.380863,eating_with_spoon
1038806,0.449951,0.565796,-0.333252,-6.042482,-31.921394,20.202637,eating_with_spoon
1038823,0.442871,0.557861,-0.292114,-4.455566,-25.451668,26.855476,eating_with_spoon
1038839,0.446655,0.554077,-0.274536,-3.234864,-14.953617,34.301758,eating_with_spoon
1038856,0.462402,0.54895,-0.271484,-1.342773,-12.939457,38.085938,eating_with_spoon
1038873,0.47229,0.552124,-0.285156,-0.854492,-22.216805,45.410172,eating_with_spoon
1038889,0.462891,0.552856,-0.305298,-0.610352,-41.687012,52.73439,eating_with_spoon
1038906,0.481567,0.55249,-0.310059,0.549316,-52.307144,56.762711,eating_with_spoon
1038923,0.516724,0.543701,-0.293213,4.150391,-63.476578,65.063477,eating_with_spoon
1038939,0.520752,0.556274,-0.253906,10.009766,-55.725113,71.594238,eating_with_spoon
1038956,0.497925,0.564087,-0.239502,12.634281,-48.034683,73.852539,eating_with_spoon
1038973,0.528687,0.542114,-0.246582,17.883301,-46.752945,78.796387,eating_with_spoon
1038989,0.565186,0.496094,-0.362915,15.075687,-69.702148,84.228516,eating_with_spoon
1039006,0.629517,0.478394,-0.445801,14.526371,-94.116241,91.73587,eating_with_spoon
1039023,0.675659,0.472412,-0.441406,15.625004,-97.351105,94.604523,eating_with_spoon
1039039,0.679077,0.474976,-0.411255,22.705086,-77.331543,92.956573,eating_with_spoon
1039056,0.70752,0.407959,-0.452393,31.738289,-33.447266,87.036133,eating_with_spoon
1039073,0.743286,0.379761,-0.52417,34.118652,-18.188477,84.411621,eating_with_spoon
1039089,0.812622,0.345337,-0.638306,32.043457,-7.873537,80.627441,eating_with_spoon
1039106,0.94104,0.321533,-0.617065,23.681648,-8.728027,78.857422,eating_with_spoon
1039123,1.009766,0.349487,-0.616089,21.728516,8.544922,73.608398,eating_with_spoon
1039140,1.020142,0.350464,-0.624268,25.878914,22.27784,67.260742,eating_with_spoon
1039156,1.019775,0.340698,-0.69812,30.33448,44.189453,53.527847,eating_with_spoon
1039173,1.15271,0.264893,-0.735352,23.315437,5.981447,52.795425,eating_with_spoon
1039190,1.070923,0.30127,-0.764893,19.470215,0.366211,51.330582,eating_with_spoon
1039206,1.026611,0.34314,-0.727051,23.498543,-14.709476,39.978027,eating_with_spoon
1039223,0.807861,0.299438,-0.605347,22.52198,-5.371094,34.240723,eating_with_spoon
1039240,0.805664,0.237427,-0.57019,18.005371,17.456055,30.456551,eating_with_spoon
1039256,0.845093,0.223267,-0.585449,14.648441,25.512703,28.32032,eating_with_spoon
1039273,0.855103,0.193237,-0.58606,8.422852,39.611816,25.329597,eating_with_spoon
1039290,0.817749,0.187134,-0.543701,5.676271,56.213394,21.118164,eating_with_spoon
1039306,0.816528,0.180908,-0.520142,5.187988,61.279312,20.202637,eating_with_spoon
1039323,0.847534,0.154541,-0.479614,3.723145,57.739273,21.789551,eating_with_spoon
1039340,0.959229,0.149048,-0.492065,1.037598,40.161133,20.812988,eating_with_spoon
1039356,1.050781,0.14209,-0.526611,-5.249023,31.98243,7.08008,eating_with_spoon
1039373,1.370728,0.184326,-0.589355,0.12207,8.789063,0.671387,eating_with_spoon
1039390,0.875488,0.165039,-0.440674,-0.244141,12.451176,1.159668,eating_with_spoon
1039406,0.865845,0.190918,-0.402344,-1.220703,9.58252,1.89209,eating_with_spoon
1039423,0.823853,0.190796,-0.414307,0.671387,9.094238,3.479005,eating_with_spoon
1039440,0.820557,0.17981,-0.443359,5.859377,8.666992,4.455566,eating_with_spoon
1039456,0.863403,0.16687,-0.44519,7.20215,8.239746,6.225588,eating_with_spoon
1039473,0.862183,0.164917,-0.427856,5.737307,6.774904,7.263186,eating_with_spoon
1039490,0.915527,0.165405,-0.395142,4.089355,0.854492,8.972168,eating_with_spoon
1039506,0.912476,0.135498,-0.388184,2.01416,-2.685547,9.277344,eating_with_spoon
1039523,0.860718,0.131592,-0.423584,0.915528,-4.882813,6.408693,eating_with_spoon
1039540,0.866821,0.131226,-0.444336,0.976563,-4.089355,5.065918,eating_with_spoon
1039556,0.872192,0.13208,-0.457886,0.488281,0.12207,3.173829,eating_with_spoon
1039573,0.87085,0.142944,-0.448242,0.488281,2.441406,2.258301,eating_with_spoon
1039590,0.85376,0.143921,-0.446167,0.549316,2.929688,2.075195,eating_with_spoon
1039606,0.870239,0.13855,-0.442017,3.41797,2.563477,0.366211,eating_with_spoon
1039623,0.84729,0.137451,-0.441162,1.89209,0.915528,-0.183106,eating_with_spoon
1039640,0.882813,0.138794,-0.428589,0.854492,0.244141,-0.305176,eating_with_spoon
1039656,0.874512,0.141968,-0.428467,0.366211,-0.488281,-0.244141,eating_with_spoon
1039673,0.873779,0.147095,-0.437256,0.12207,-0.12207,-0.061035,eating_with_spoon
1039690,0.866455,0.148438,-0.438843,0.305176,0.305176,0.183106,eating_with_spoon
1039706,0.872437,0.146729,-0.436768,-0.061035,1.342773,0.366211,eating_with_spoon
1039723,0.862549,0.143555,-0.442383,0.305176,2.01416,0.0,eating_with_spoon
1039740,0.875732,0.143188,-0.433838,0.488281,1.77002,-0.244141,eating_with_spoon
1039757,0.86792,0.139893,-0.431641,-0.12207,0.427246,-0.183106,eating_with_spoon
1039773,0.867065,0.139526,-0.428955,-0.671387,-0.305176,-0.244141,eating_with_spoon
1039790,0.882202,0.148315,-0.427368,-0.793457,-1.64795,-0.061035,eating_with_spoon
1039807,0.883179,0.15271,-0.424438,-0.366211,-1.708985,0.915528,eating_with_spoon
1039823,0.884399,0.152588,-0.42395,-0.366211,-1.525879,1.342773,eating_with_spoon
1039840,0.868286,0.146362,-0.435181,-0.305176,-0.854492,1.831055,eating_with_spoon
1039857,0.868652,0.141479,-0.436523,-0.427246,-0.305176,1.464844,eating_with_spoon
1039873,0.868286,0.139404,-0.434448,-0.12207,-0.976563,0.732422,eating_with_spoon
1039890,0.866699,0.138306,-0.43811,-0.061035,-1.342773,0.366211,eating_with_spoon
1039907,0.87146,0.139038,-0.433716,0.183106,-1.77002,-0.183106,eating_with_spoon
1039923,0.867676,0.140503,-0.438232,0.183106,-0.488281,-0.610352,eating_with_spoon
1039940,0.861328,0.140991,-0.439941,0.244141,-0.305176,-0.915528,eating_with_spoon
1039957,0.872437,0.141602,-0.440308,0.732422,0.061035,-1.77002,eating_with_spoon
1039973,0.857056,0.147217,-0.440918,0.671387,0.12207,-2.13623,eating_with_spoon
1039990,0.871948,0.147339,-0.435669,0.915528,-0.12207,-2.13623,eating_with_spoon
1040007,0.873535,0.149292,-0.434692,0.427246,-0.12207,-1.342773,eating_with_spoon
1040023,0.870483,0.15625,-0.439697,0.732422,-0.12207,-0.427246,eating_with_spoon
1040040,0.868896,0.150879,-0.437866,0.793457,0.183106,0.427246,eating_with_spoon
1040057,0.869507,0.149902,-0.43811,0.610352,0.305176,0.671387,eating_with_spoon
1040073,0.867432,0.149048,-0.438965,0.488281,0.305176,1.037598,eating_with_spoon
1040090,0.87085,0.147705,-0.442871,1.525879,-0.366211,0.366211,eating_with_spoon
1040107,0.891846,0.145142,-0.433472,0.732422,0.732422,1.281738,eating_with_spoon
1040123,0.867798,0.141968,-0.43335,0.305176,0.0,1.281738,eating_with_spoon
1040140,0.869385,0.140015,-0.434692,0.366211,-0.061035,0.732422,eating_with_spoon
1040157,0.867676,0.134521,-0.432739,0.183106,-0.305176,-0.610352,eating_with_spoon
1040173,0.867554,0.135498,-0.43103,0.12207,-0.732422,-1.220703,eating_with_spoon
1040190,0.867798,0.140015,-0.433716,-0.244141,-1.403809,-2.258301,eating_with_spoon
1040207,0.867065,0.147095,-0.440674,-0.427246,-1.403809,-2.563477,eating_with_spoon
1040223,0.865601,0.148682,-0.442383,-0.488281,-1.159668,-2.563477,eating_with_spoon
1040240,0.863281,0.151855,-0.44812,-0.427246,-1.220703,-2.319336,eating_with_spoon
1040257,0.864014,0.155884,-0.437744,-0.854492,0.488281,-2.075195,eating_with_spoon
1040273,0.874878,0.160156,-0.43689,-0.793457,0.427246,-1.525879,eating_with_spoon
1040290,0.870972,0.160889,-0.438721,-0.671387,0.488281,-0.915528,eating_with_spoon
1040307,0.8479,0.160522,-0.447021,0.0,-0.183106,-0.305176,eating_with_spoon
1040324,0.886353,0.154907,-0.440552,0.244141,1.953125,0.793457,eating_with_spoon
1040340,0.854736,0.155273,-0.442627,0.244141,1.464844,1.037598,eating_with_spoon
1040357,0.882935,0.147705,-0.434082,0.732422,1.64795,1.464844,eating_with_spoon
1040374,0.872192,0.141968,-0.429565,0.671387,0.854492,1.098633,eating_with_spoon
1040390,0.874146,0.141968,-0.429443,0.671387,0.061035,0.427246,eating_with_spoon
1040407,0.86853,0.142944,-0.429565,0.793457,-0.488281,-0.12207,eating_with_spoon
1040424,0.867432,0.144287,-0.429199,0.671387,-1.831055,-1.281738,eating_with_spoon
1040440,0.866333,0.147583,-0.433472,0.732422,-2.746582,-2.075195,eating_with_spoon
1040457,0.866943,0.149536,-0.436157,0.793457,-3.112794,-2.319336,eating_with_spoon
1040474,0.86499,0.149658,-0.435059,0.915528,-4.02832,-2.441406,eating_with_spoon
1040490,0.86853,0.154297,-0.432495,1.159668,-6.225588,-2.502441,eating_with_spoon
1040507,0.916016,0.156982,-0.416504,1.098633,-5.920412,-2.075195,eating_with_spoon
1040524,0.883301,0.140869,-0.388672,0.183106,-11.840824,-0.732422,eating_with_spoon
1040540,0.903809,0.138184,-0.404175,-1.342773,-19.104004,-2.13623,eating_with_spoon
1040557,0.923828,0.178101,-0.445313,1.64795,-34.729004,-7.873537,eating_with_spoon
1040574,0.898926,0.164063,-0.446655,2.746582,-40.283203,-8.056641,eating_with_spoon
1040590,0.854492,0.16687,-0.474365,2.258301,-42.84668,-7.08008,eating_with_spoon
1040607,0.846191,0.180176,-0.491699,3.54004,-44.616714,-5.493164,eating_with_spoon
1040624,0.830688,0.179932,-0.501587,4.089355,-44.311539,-4.455566,eating_with_spoon
1040640,0.804077,0.173584,-0.525635,5.615236,-39.916992,-4.089355,eating_with_spoon
1040657,0.782471,0.15918,-0.545166,5.004883,-35.766602,-4.150391,eating_with_spoon
1040674,0.755981,0.153564,-0.564087,3.356935,-27.954109,-4.638672,eating_with_spoon
1040690,0.747314,0.151245,-0.574707,2.380371,-22.39991,-4.577637,eating_with_spoon
1040707,0.748413,0.156616,-0.592529,0.610352,-12.756351,-3.601075,eating_with_spoon
1040724,0.747681,0.155396,-0.588257,-0.12207,-3.967286,-2.502441,eating_with_spoon
1040740,0.759155,0.154785,-0.57959,-0.549316,0.061035,-2.13623,eating_with_spoon
1040757,0.79248,0.15918,-0.556519,-1.098633,3.41797,-2.319336,eating_with_spoon
1040774,0.802002,0.162598,-0.546265,-1.64795,3.356935,-2.807618,eating_with_spoon
1040790,0.79895,0.17041,-0.548706,-1.77002,3.295899,-2.990724,eating_with_spoon
1040807,0.802368,0.173584,-0.549927,-1.77002,3.479005,-3.112794,eating_with_spoon
1040824,0.810059,0.186768,-0.54895,-1.098633,2.441406,-2.685547,eating_with_spoon
1040840,0.809326,0.18103,-0.547241,-0.610352,1.708985,-1.403809,eating_with_spoon
1040857,0.815796,0.186646,-0.545898,-0.183106,0.793457,-0.915528,eating_with_spoon
1040874,0.805542,0.186279,-0.549072,1.525879,-0.732422,0.671387,eating_with_spoon
1040890,0.796021,0.178223,-0.556763,1.89209,0.305176,1.098633,eating_with_spoon
1040907,0.798828,0.17981,-0.553467,2.502441,1.220703,2.075195,eating_with_spoon
1040924,0.791748,0.171631,-0.555176,2.563477,1.953125,2.319336,eating_with_spoon
1040941,0.800903,0.1604,-0.546509,2.319336,3.051759,1.953125,eating_with_spoon
1040957,0.807617,0.149902,-0.539307,1.831055,2.502441,0.976563,eating_with_spoon
1040974,0.80542,0.148438,-0.541016,1.037598,2.441406,0.244141,eating_with_spoon
1040991,0.817749,0.1698,-0.553467,2.075195,1.64795,-0.732422,eating_with_spoon
1041007,0.833862,0.172363,-0.561157,5.126953,-1.403809,-1.220703,eating_with_spoon
1041024,0.830078,0.168823,-0.562256,5.493164,-2.929688,-1.89209,eating_with_spoon
1041041,0.852173,0.149048,-0.559082,2.380371,-3.234864,-2.258301,eating_with_spoon
1041057,0.883789,0.153442,-0.608154,0.976563,-4.699707,-2.380371,eating_with_spoon
1041074,0.940063,0.129883,-0.630615,0.854492,-7.446291,-3.356935,eating_with_spoon
1041091,0.969604,0.144897,-0.637939,-2.868653,-10.864258,-3.112794,eating_with_spoon
1041107,1.101685,0.109619,-0.703125,-3.173829,-22.338875,-6.95801,eating_with_spoon
1041124,0.917603,0.22998,-0.727417,-14.221195,-57.312027,-13.977055,eating_with_spoon
1041141,0.802368,0.209717,-0.703613,-13.000492,-49.194351,-14.770512,eating_with_spoon
1041157,0.853516,0.21521,-0.685059,-16.479492,-35.217285,-19.287109,eating_with_spoon
1041174,0.723022,0.226563,-0.693604,-13.305668,-26.062019,-22.52198,eating_with_spoon
1041191,0.7146,0.203857,-0.675537,-11.840824,-15.808109,-27.160652,eating_with_spoon
1041207,0.742188,0.200928,-0.671631,-13.305668,-12.939457,-26.733406,eating_with_spoon
1041224,0.80127,0.190674,-0.667358,-18.005371,-14.03809,-21.484375,eating_with_spoon
1041241,0.789185,0.190186,-0.680786,-21.362305,-24.353035,-15.869144,eating_with_spoon
1041257,0.795776,0.206299,-0.683228,-19.775391,-29.479988,-18.371582,eating_with_spoon
1041274,0.810303,0.188599,-0.660278,-19.287109,-39.123535,-19.104004,eating_with_spoon
1041291,0.773315,0.178833,-0.605469,-23.376472,-38.635254,-16.601563,eating_with_spoon
1041307,0.787109,0.194702,-0.575928,-25.024422,-29.907234,-20.263672,eating_with_spoon
1041324,0.766602,0.210938,-0.578735,-23.681648,-23.864754,-25.939949,eating_with_spoon
1041341,0.791748,0.218872,-0.587646,-22.52198,-10.498047,-34.179688,eating_with_spoon
1041357,0.805054,0.218018,-0.568726,-28.07618,5.004883,-39.916992,eating_with_spoon
1041374,0.779175,0.247925,-0.55188,-31.066902,11.962894,-44.250504,eating_with_spoon
1041391,0.711304,0.315308,-0.512573,-34.240723,26.245125,-52.063004,eating_with_spoon
1041407,0.685181,0.382813,-0.493042,-32.104492,42.541504,-57.861343,eating_with_spoon
1041424,0.686157,0.434204,-0.491577,-32.897949,61.706558,-56.884781,eating_with_spoon
1041441,0.682739,0.46167,-0.509766,-31.433113,71.105957,-56.945816,eating_with_spoon
1041457,0.682983,0.490967,-0.544312,-28.503426,79.772949,-57.861343,eating_with_spoon
1041474,0.690308,0.506714,-0.541016,-26.489265,74.951172,-60.668961,eating_with_spoon
1041491,0.720947,0.518433,-0.5177,-25.756844,70.3125,-61.096207,eating_with_spoon
1041508,0.76123,0.542236,-0.46875,-23.498543,60.485855,-60.607925,eating_with_spoon
1041524,0.70459,0.580566,-0.435059,-22.338875,60.241714,-60.913101,eating_with_spoon
1041541,0.682617,0.597656,-0.437988,-20.080566,62.988297,-61.462418,eating_with_spoon
1041558,0.679443,0.587891,-0.45813,-12.939457,59.753433,-63.049332,eating_with_spoon
1041574,0.696411,0.572754,-0.431641,-9.887695,51.513687,-63.842789,eating_with_spoon
1041591,0.668335,0.601929,-0.41394,-4.455566,45.471207,-65.002441,eating_with_spoon
1041608,0.626343,0.601929,-0.408569,-0.366211,46.386734,-65.490723,eating_with_spoon
1041624,0.62146,0.599121,-0.37207,2.990724,44.128418,-62.805191,eating_with_spoon
1041641,0.605713,0.620239,-0.35791,5.920412,37.109375,-59.509293,eating_with_spoon
1041658,0.581665,0.61377,-0.344238,5.737307,31.250008,-54.992691,eating_with_spoon
1041674,0.568359,0.621216,-0.331299,0.183106,19.775391,-43.029785,eating_with_spoon
1041691,0.580688,0.62561,-0.337891,2.258301,10.986328,-38.696289,eating_with_spoon
1041708,0.514282,0.621338,-0.378784,5.554201,7.812502,-37.414551,eating_with_spoon
1041724,0.513062,0.62146,-0.38208,6.103518,6.835939,-35.888672,eating_with_spoon
1041741,0.525024,0.637329,-0.347168,4.943848,6.652834,-32.958984,eating_with_spoon
1041758,0.512329,0.642334,-0.352661,5.371094,11.962894,-26.794441,eating_with_spoon
1041774,0.514648,0.640381,-0.366699,6.286623,11.962894,-24.53614,eating_with_spoon
1041791,0.554443,0.604004,-0.354126,7.08008,4.882813,-20.751953,eating_with_spoon
1041808,0.559448,0.617798,-0.341675,5.249023,-5.981447,-17.944336,eating_with_spoon
1041824,0.528442,0.616577,-0.352661,5.554201,-5.065918,-15.808109,eating_with_spoon
1041841,0.518677,0.612915,-0.353638,4.638672,-1.220703,-14.465336,eating_with_spoon
1041858,0.531128,0.619751,-0.353882,5.615236,4.455566,-16.418457,eating_with_spoon
1041874,0.541748,0.609985,-0.364746,6.225588,2.502441,-15.563969,eating_with_spoon
1041891,0.534912,0.595703,-0.376953,5.004883,-0.610352,-12.329105,eating_with_spoon
1041908,0.515991,0.5896,-0.382935,1.831055,-8.666992,-8.911133,eating_with_spoon
1041924,0.473389,0.591675,-0.383179,1.403809,-7.934572,-9.887695,eating_with_spoon
1041941,0.458008,0.568726,-0.37207,1.464844,-3.112794,-9.82666,eating_with_spoon
1041958,0.467285,0.562256,-0.370117,0.0,-1.342773,-6.408693,eating_with_spoon
1041974,0.498413,0.577881,-0.375977,-1.77002,-1.64795,-1.708985,eating_with_spoon
1041991,0.502563,0.567627,-0.386597,-4.150391,-3.173829,5.737307,eating_with_spoon
1042008,0.508423,0.565918,-0.387085,-5.615236,-4.089355,8.789063,eating_with_spoon
1042024,0.55603,0.566162,-0.37915,-8.728027,-13.671879,16.174316,eating_with_spoon
1042041,0.642334,0.577759,-0.373535,-9.58252,-35.339355,20.935059,eating_with_spoon
1042058,0.659424,0.589966,-0.380127,-8.422852,-50.415054,21.240234,eating_with_spoon
1042074,0.598633,0.571655,-0.385254,-6.896975,-71.838379,22.766121,eating_with_spoon
1042091,0.582153,0.600464,-0.402588,-7.263186,-83.984375,26.123055,eating_with_spoon
1042108,0.543701,0.589233,-0.411743,-4.943848,-92.346222,32.043457,eating_with_spoon
1042125,0.568848,0.591553,-0.420654,-7.263186,-99.4263,39.978027,eating_with_spoon
1042141,0.599487,0.636719,-0.453491,-5.493164,-125.244171,48.339859,eating_with_spoon
1042158,0.525635,0.629272,-0.467896,-3.967286,-146.179199,53.283707,eating_with_spoon
1042175,0.488892,0.632935,-0.473633,-4.333496,-151.977539,54.687515,eating_with_spoon
1042191,0.399292,0.680298,-0.501831,-5.249023,-144.958496,55.175797,eating_with_spoon
1042208,0.360718,0.707886,-0.509888,0.732422,-119.018585,57.617203,eating_with_spoon
1042225,0.345459,0.706787,-0.531128,9.58252,-95.092804,57.617203,eating_with_spoon
1042241,0.290894,0.670654,-0.54248,11.901859,-78.552246,58.715836,eating_with_spoon
1042258,0.385864,0.663696,-0.577515,7.690432,-52.429214,67.260742,eating_with_spoon
1042275,0.417847,0.666138,-0.615601,12.146,-44.616714,64.51416,eating_with_spoon
1042291,0.367798,0.644043,-0.628662,12.939457,-38.146973,64.27002,eating_with_spoon
1042308,0.423462,0.650635,-0.653076,13.977055,-32.714844,63.415543,eating_with_spoon
1042325,0.533203,0.619629,-0.694458,17.944336,-35.03418,62.988297,eating_with_spoon
1042341,0.549072,0.592407,-0.731812,20.568848,-31.738289,62.866226,eating_with_spoon
1042358,0.532959,0.584351,-0.738647,21.66748,-31.98243,61.950699,eating_with_spoon
1042375,0.480347,0.561768,-0.716187,21.850586,-35.644531,59.509293,eating_with_spoon
1042391,0.452271,0.539307,-0.683105,22.583015,-35.888672,55.297867,eating_with_spoon
1042408,0.461548,0.520508,-0.67627,24.53614,-31.494148,53.283707,eating_with_spoon
1042425,0.532715,0.47229,-0.701172,27.832039,-15.563969,52.307144,eating_with_spoon
1042441,0.555542,0.411987,-0.73877,27.648933,-5.676271,50.659195,eating_with_spoon
1042458,0.646484,0.401123,-0.784302,18.798828,-5.737307,46.997086,eating_with_spoon
1042475,0.738159,0.416138,-0.78894,21.179199,-16.784668,38.879395,eating_with_spoon
1042491,0.770142,0.374878,-0.769043,18.127441,-30.944832,33.38623,eating_with_spoon
1042508,0.726563,0.363281,-0.757202,13.122562,-23.742683,27.343758,eating_with_spoon
1042525,0.695068,0.357544,-0.762085,9.643555,-14.03809,24.353035,eating_with_spoon
1042541,0.765869,0.374878,-0.767212,9.765625,-12.573246,15.991215,eating_with_spoon
1042558,0.765991,0.36499,-0.747559,10.070801,-35.888672,13.061527,eating_with_spoon
1042575,0.710449,0.35376,-0.735107,7.568361,-43.518066,13.122562,eating_with_spoon
1042591,0.660645,0.379761,-0.721069,5.493164,-50.781265,8.728027,eating_with_spoon
1042608,0.597534,0.391846,-0.727173,9.094238,-56.274429,2.502441,eating_with_spoon
1042625,0.510864,0.372192,-0.732056,9.216309,-47.058121,0.488281,eating_with_spoon
1042641,0.51001,0.368652,-0.737793,9.521484,-42.480469,-0.854492,eating_with_spoon
1042658,0.467041,0.345093,-0.744629,7.263186,-30.944832,1.098633,eating_with_spoon
1042675,0.475098,0.352173,-0.774048,8.117676,-20.507813,-0.915528,eating_with_spoon
1042691,0.499634,0.341431,-0.786621,6.530764,-18.615723,0.366211,eating_with_spoon
1042708,0.510132,0.345459,-0.814453,6.835939,-19.287109,4.211426,eating_with_spoon
1042725,0.452393,0.349243,-0.826416,4.882813,-18.493652,2.990724,eating_with_spoon
1042742,0.426636,0.333496,-0.853149,2.929688,-16.418457,2.258301,eating_with_spoon
1042758,0.42395,0.336304,-0.876221,0.854492,-16.479492,1.708985,eating_with_spoon
1042775,0.435303,0.348511,-0.88147,1.64795,-18.493652,-2.990724,eating_with_spoon
1042792,0.394165,0.324585,-0.82605,3.66211,-5.981447,-0.305176,eating_with_spoon
1042808,0.408569,0.326782,-0.814453,1.708985,1.037598,3.051759,eating_with_spoon
1042825,0.454346,0.342407,-0.82605,1.098633,-0.488281,1.464844,eating_with_spoon
1042842,0.422485,0.342651,-0.861816,0.610352,-4.760742,-3.723145,eating_with_spoon
1042858,0.449585,0.325684,-0.852295,3.112794,-9.033203,-7.20215,eating_with_spoon
1042875,0.459473,0.322266,-0.830444,3.54004,-8.850098,-5.126953,eating_with_spoon
1042892,0.426025,0.339233,-0.802734,6.286623,-3.723145,-4.394531,eating_with_spoon
1042908,0.432129,0.335083,-0.823853,6.347658,0.732422,-5.065918,eating_with_spoon
1042925,0.44519,0.331787,-0.83313,5.493164,-0.854492,-3.845216,eating_with_spoon
1042942,0.464355,0.342041,-0.854614,5.981447,-11.413578,-3.906251,eating_with_spoon
1042958,0.402222,0.325684,-0.861206,8.178711,-15.136723,-5.493164,eating_with_spoon
1042975,0.369751,0.328735,-0.86377,8.666992,-8.972168,-7.385256,eating_with_spoon
1042992,0.316895,0.314575,-0.86145,8.972168,-3.41797,-8.972168,eating_with_spoon
1043008,0.340088,0.307495,-0.86499,7.751467,6.042482,-9.58252,eating_with_spoon
1043025,0.355591,0.32312,-0.86499,6.530764,4.638672,-9.155273,eating_with_spoon
1043042,0.348633,0.322754,-0.872314,6.347658,6.164553,-7.690432,eating_with_spoon
1043058,0.360474,0.319702,-0.88916,4.394531,9.033203,-4.089355,eating_with_spoon
1043075,0.410889,0.310791,-0.898926,1.831055,-0.244141,1.403809,eating_with_spoon
1043092,0.396362,0.301025,-0.88562,1.953125,-6.042482,-0.427246,eating_with_spoon
1043108,0.387573,0.318481,-0.843872,2.197266,-7.507326,1.77002,eating_with_spoon
1043125,0.368042,0.317505,-0.819336,-1.159668,0.366211,5.004883,eating_with_spoon
1043142,0.369019,0.325317,-0.835449,-3.234864,7.08008,2.258301,eating_with_spoon
1043158,0.359497,0.317749,-0.83606,-2.746582,11.413578,0.976563,eating_with_spoon
1043175,0.347412,0.344116,-0.821899,-2.746582,22.705086,0.366211,eating_with_spoon
1043192,0.324707,0.334229,-0.794312,-2.13623,35.827637,-0.732422,eating_with_spoon
1043208,0.344482,0.330566,-0.771362,-2.502441,45.593277,1.037598,eating_with_spoon
1043225,0.388428,0.360229,-0.754272,-1.64795,55.480972,1.037598,eating_with_spoon
1043242,0.346191,0.345215,-0.729126,-1.464844,74.768066,4.882813,eating_with_spoon
1043258,0.425659,0.338013,-0.748779,1.77002,79.956055,5.615236,eating_with_spoon
1043275,0.395752,0.325317,-0.751709,3.906251,78.796387,3.051759,eating_with_spoon
1043292,0.456543,0.337402,-0.72522,6.652834,82.15332,2.502441,eating_with_spoon
1043309,0.455688,0.340454,-0.685547,8.300781,81.054688,6.774904,eating_with_spoon
1043325,0.450439,0.328491,-0.675415,9.216309,83.068848,9.216309,eating_with_spoon
1043342,0.4729,0.301514,-0.681274,11.657719,88.867218,15.136723,eating_with_spoon
1043359,0.591309,0.295532,-0.66687,5.371094,80.749512,26.245125,eating_with_spoon
1043375,0.579346,0.269409,-0.648926,14.404301,79.711914,14.953617,eating_with_spoon
1043392,0.622803,0.263184,-0.651733,11.962894,79.650879,15.258793,eating_with_spoon
1043409,0.742798,0.259644,-0.662598,11.291508,72.32666,23.681648,eating_with_spoon
1043425,0.860962,0.262085,-0.672241,9.094238,46.508804,25.512703,eating_with_spoon
1043442,0.850708,0.24292,-0.67041,4.516602,39.123535,28.44239,eating_with_spoon
1043459,0.848511,0.242676,-0.682495,0.0,34.851074,26.733406,eating_with_spoon
1043475,0.801514,0.279663,-0.667725,3.906251,30.822762,14.465336,eating_with_spoon
1043492,0.871216,0.260742,-0.622192,5.187988,23.010262,13.244633,eating_with_spoon
1043509,0.7854,0.290283,-0.605835,4.272461,24.963387,10.925293,eating_with_spoon
1043525,0.607422,0.354858,-0.573853,8.422852,47.302261,1.281738,eating_with_spoon
1043542,0.826782,0.274658,-0.620605,17.39502,51.513687,-1.220703,eating_with_spoon
1043559,0.9552,0.182983,-0.632202,29.968269,37.841797,11.230473,eating_with_spoon
1043575,0.914673,0.246948,-0.602173,13.244633,30.578621,18.371582,eating_with_spoon
1043592,0.890137,0.213501,-0.591064,18.310547,23.498543,20.812988,eating_with_spoon
1043609,0.823486,0.202271,-0.579956,14.099125,20.385742,12.878422,eating_with_spoon
1043625,0.853394,0.248657,-0.585571,12.512211,3.723145,5.737307,eating_with_spoon
1043642,0.808594,0.263672,-0.56604,20.996094,-9.58252,-5.798342,eating_with_spoon
1043659,0.736816,0.235107,-0.550171,21.606445,-1.281738,-7.263186,eating_with_spoon
1043675,0.730347,0.233154,-0.546265,23.498543,3.051759,-6.95801,eating_with_spoon
1043692,0.785034,0.187744,-0.544312,16.662598,7.019045,-7.690432,eating_with_spoon
1043709,0.829956,0.173584,-0.551147,8.789063,-7.019045,-5.554201,eating_with_spoon
1043725,0.834717,0.191528,-0.57312,9.58252,-17.822266,-12.329105,eating_with_spoon
1043742,0.889282,0.189453,-0.592163,10.070801,-40.344238,-9.82666,eating_with_spoon
1043759,0.786011,0.20813,-0.601318,14.343266,-53.710953,-6.530764,eating_with_spoon
1043775,0.71582,0.180664,-0.594727,13.854984,-45.349136,-3.906251,eating_with_spoon
1043792,0.739868,0.184082,-0.59021,12.26807,-41.992188,-1.953125,eating_with_spoon
1043809,0.734375,0.21814,-0.603882,11.718754,-43.518066,-2.807618,eating_with_spoon
1043825,0.731934,0.189697,-0.623291,10.864258,-48.217789,-4.333496,eating_with_spoon
1043842,0.749268,0.189453,-0.625122,8.422852,-53.894058,-2.319336,eating_with_spoon
1043859,0.730713,0.206421,-0.640259,8.666992,-69.458008,-1.281738,eating_with_spoon
1043875,0.715698,0.193726,-0.662476,9.155273,-82.763672,-0.427246,eating_with_spoon
1043892,0.678833,0.179565,-0.700073,9.643555,-96.740753,0.12207,eating_with_spoon
1043909,0.6521,0.17395,-0.714478,8.605957,-101.684601,0.610352,eating_with_spoon
1043926,0.581909,0.183228,-0.737915,7.568361,-104.858429,0.061035,eating_with_spoon
1043942,0.535156,0.196411,-0.740967,7.995607,-96.252472,-0.244141,eating_with_spoon
1043959,0.533447,0.201782,-0.753906,10.192871,-91.369659,-1.342773,eating_with_spoon
1043976,0.506348,0.177124,-0.771484,10.070801,-85.632324,0.549316,eating_with_spoon
1043992,0.452515,0.186768,-0.806885,10.009766,-77.941895,1.220703,eating_with_spoon
1044009,0.436523,0.174072,-0.842041,9.521484,-68.237305,2.685547,eating_with_spoon
1044026,0.443359,0.182129,-0.857788,11.108402,-66.28418,3.41797,eating_with_spoon
1044042,0.437744,0.154297,-0.872803,13.793949,-72.44873,3.173829,eating_with_spoon
1044059,0.328857,0.149292,-0.887573,8.972168,-57.006851,1.586915,eating_with_spoon
1044076,0.334229,0.164185,-0.899902,6.469728,-40.893555,0.305176,eating_with_spoon
1044092,0.350708,0.167114,-0.908691,3.479005,-17.456055,-0.183106,eating_with_spoon
1044109,0.322021,0.146606,-0.911987,-0.305176,3.66211,0.0,eating_with_spoon
1044126,0.3302,0.145264,-0.911133,-3.112794,11.840824,0.671387,eating_with_spoon
1044142,0.367798,0.166626,-0.893799,-4.211426,15.319828,1.159668,eating_with_spoon
1044159,0.385132,0.151855,-0.880127,-5.126953,13.549809,2.13623,eating_with_spoon
1044176,0.388306,0.157959,-0.871948,-5.432129,17.39502,1.403809,eating_with_spoon
1044192,0.391479,0.156006,-0.852417,-5.432129,22.155769,0.793457,eating_with_spoon
1044209,0.437134,0.153442,-0.84436,-6.347658,30.883797,-0.244141,eating_with_spoon
1044226,0.546021,0.151001,-0.924438,-7.263186,28.747566,1.098633,eating_with_spoon
1044242,0.58667,0.167847,-0.966187,-8.728027,19.287109,1.64795,eating_with_spoon
1044259,0.499756,0.209595,-0.905518,-6.95801,13.854984,-4.333496,eating_with_spoon
1044276,0.5,0.190674,-0.828003,-6.042482,7.934572,-4.699707,eating_with_spoon
1044292,0.4823,0.189819,-0.842651,-5.187988,3.234864,-4.394531,eating_with_spoon
1044309,0.474609,0.191772,-0.849243,-4.882813,2.197266,-4.272461,eating_with_spoon
1044326,0.457275,0.197388,-0.848999,-3.051759,-0.610352,-3.41797,eating_with_spoon
1044342,0.440186,0.203125,-0.872314,-1.525879,-0.549316,-2.990724,eating_with_spoon
1044359,0.429932,0.199707,-0.879517,-0.488281,1.831055,-3.234864,eating_with_spoon
1044376,0.437988,0.19397,-0.87146,0.305176,8.483887,-2.563477,eating_with_spoon
1044392,0.464478,0.193237,-0.856689,-0.549316,11.840824,-1.220703,eating_with_spoon
1044409,0.477539,0.191406,-0.843384,-1.342773,12.207035,0.183106,eating_with_spoon
1044426,0.477905,0.19165,-0.840454,-1.831055,12.207035,0.915528,eating_with_spoon
1044442,0.484375,0.200562,-0.846558,-1.89209,11.474613,1.342773,eating_with_spoon
1044459,0.467041,0.194946,-0.85437,-0.671387,12.695316,0.549316,eating_with_spoon
1044476,0.472412,0.195679,-0.851563,-0.793457,14.099125,0.610352,eating_with_spoon
1044493,0.482666,0.19873,-0.845581,-0.488281,15.808109,1.037598,eating_with_spoon
1044509,0.474854,0.200073,-0.846191,0.610352,17.76123,1.159668,eating_with_spoon
1044526,0.486206,0.196899,-0.836182,1.220703,20.141602,1.220703,eating_with_spoon
1044543,0.49707,0.196655,-0.833496,1.403809,20.874023,1.64795,eating_with_spoon
1044559,0.490479,0.195801,-0.833618,2.197266,22.949226,2.01416,eating_with_spoon
1044576,0.496704,0.189575,-0.832275,1.586915,26.611336,2.441406,eating_with_spoon
1044593,0.497803,0.185669,-0.835938,1.037598,29.479988,2.197266,eating_with_spoon
1044609,0.481689,0.188232,-0.832397,-0.12207,37.353516,0.732422,eating_with_spoon
1044626,0.479614,0.177856,-0.814697,-1.403809,47.607437,0.793457,eating_with_spoon
1044643,0.52478,0.180542,-0.798462,-6.164553,49.743668,5.249023,eating_with_spoon
1044659,0.600464,0.203003,-0.765991,-3.66211,47.302261,6.103518,eating_with_spoon
1044676,0.614258,0.199463,-0.759155,-1.831055,41.809082,7.812502,eating_with_spoon
1044693,0.620483,0.194824,-0.752075,-0.854492,37.536621,7.629396,eating_with_spoon
1044709,0.619873,0.18811,-0.74939,-0.427246,35.766602,7.141115,eating_with_spoon
1044726,0.640381,0.185303,-0.733887,-1.586915,32.409668,5.798342,eating_with_spoon
1044743,0.643188,0.183228,-0.726318,-1.342773,26.977547,4.516602,eating_with_spoon
1044759,0.657715,0.185791,-0.72168,-1.464844,24.047859,4.211426,eating_with_spoon
1044776,0.681519,0.192139,-0.715698,-0.12207,15.93018,5.310059,eating_with_spoon
1044793,0.658447,0.190552,-0.723755,1.89209,9.70459,6.103518,eating_with_spoon
1044809,0.653198,0.177368,-0.723755,2.01416,7.141115,5.920412,eating_with_spoon
1044826,0.655396,0.17395,-0.719604,1.403809,5.859377,5.432129,eating_with_spoon
1044843,0.643311,0.169312,-0.721924,-0.183106,4.638672,3.356935,eating_with_spoon
1044859,0.652222,0.174805,-0.722168,-1.89209,3.173829,0.976563,eating_with_spoon
1044876,0.648071,0.180664,-0.725342,-2.441406,2.746582,0.610352,eating_with_spoon
1044893,0.62915,0.184692,-0.734375,-3.051759,4.02832,0.976563,eating_with_spoon
1044909,0.61731,0.185913,-0.735596,-2.624512,7.141115,2.502441,eating_with_spoon
1044926,0.596069,0.172485,-0.739624,-5.493164,15.380863,4.150391,eating_with_spoon
1044943,0.625854,0.169556,-0.718628,-6.835939,17.578125,3.66211,eating_with_spoon
1044959,0.724243,0.188232,-0.679443,-6.591799,10.681152,1.708985,eating_with_spoon
1044976,0.734619,0.199341,-0.682129,-4.150391,-3.479005,1.281738,eating_with_spoon
1044993,0.690674,0.19751,-0.697998,-2.746582,-7.751467,1.464844,eating_with_spoon
1045009,0.646362,0.194702,-0.722778,-2.319336,-8.605957,2.685547,eating_with_spoon
1045026,0.643799,0.199829,-0.724243,-1.281738,-5.615236,6.103518,eating_with_spoon
1045043,0.641602,0.192749,-0.724487,-0.732422,-3.479005,8.239746,eating_with_spoon
1045059,0.630859,0.186646,-0.728027,-0.854492,-1.89209,9.155273,eating_with_spoon
1045076,0.631836,0.162231,-0.726685,-4.821777,2.197266,12.756351,eating_with_spoon
1045093,0.576904,0.191772,-0.772827,0.183106,12.02393,6.469728,eating_with_spoon
1045110,0.522095,0.160767,-0.774658,-3.479005,24.902351,7.08008,eating_with_spoon
1045126,0.573853,0.158569,-0.741455,-6.042482,44.92189,5.065918,eating_with_spoon
1045143,0.630249,0.155884,-0.696899,-9.521484,55.847183,2.13623,eating_with_spoon
1045160,0.627563,0.149292,-0.702637,-10.742188,62.500015,-2.075195,eating_with_spoon
1045176,0.688843,0.19104,-0.662964,-11.413578,72.753906,-7.507326,eating_with_spoon
1045193,0.645386,0.206055,-0.674683,-7.019045,83.862305,-11.840824,eating_with_spoon
1045210,0.737183,0.206055,-0.604858,-8.789063,91.980011,-8.300781,eating_with_spoon
1045226,0.776001,0.224609,-0.583008,-7.507326,89.904816,-6.713869,eating_with_spoon
1045243,0.862793,0.241821,-0.520752,2.441406,72.631836,-4.394531,eating_with_spoon
1045260,0.911743,0.221558,-0.478027,2.258301,49.804703,3.906251,eating_with_spoon
1045276,0.910767,0.21228,-0.476318,2.807618,37.597656,5.554201,eating_with_spoon
1045293,0.869751,0.203735,-0.499023,3.051759,19.958496,5.798342,eating_with_spoon
1045310,0.793701,0.2052,-0.536987,3.54004,15.625004,4.394531,eating_with_spoon
1045326,0.836304,0.20105,-0.512695,2.624512,14.770512,6.896975,eating_with_spoon
1045343,0.864258,0.203247,-0.491577,3.051759,9.58252,8.483887,eating_with_spoon
1045360,0.898804,0.213379,-0.465454,6.225588,-10.498047,9.155273,eating_with_spoon
1045376,0.906982,0.178101,-0.477417,11.413578,-31.738289,8.972168,eating_with_spoon
1045393,0.857178,0.154419,-0.500366,8.422852,-34.973145,9.460449,eating_with_spoon
1045443,0.795288,0.176147,-0.569458,8.666992,-33.325195,6.652834,eating_with_spoon
1045460,0.798218,0.168457,-0.570068,10.070801,-35.217285,4.943848,eating_with_spoon
1045476,0.785522,0.165527,-0.585449,10.742188,-38.452148,2.13623,eating_with_spoon
1045493,0.759521,0.151611,-0.602417,10.498047,-38.452148,-2.380371,eating_with_spoon
1045510,0.736816,0.151978,-0.614136,11.901859,-36.743164,-6.408693,eating_with_spoon
1045526,0.667236,0.132568,-0.661499,11.352543,-25.634773,-12.451176,eating_with_spoon
1045543,0.645264,0.147827,-0.677734,5.493164,-5.432129,-13.122562,eating_with_spoon
1045560,0.630737,0.143066,-0.679565,-0.732422,14.03809,-11.474613,eating_with_spoon
1045576,0.643677,0.144409,-0.663818,-2.441406,22.460945,-13.488773,eating_with_spoon
1045593,0.773682,0.169067,-0.596191,-9.094238,26.489265,-12.817387,eating_with_spoon
1045610,0.809937,0.186523,-0.567139,-10.986328,16.906738,-8.911133,eating_with_spoon
1045626,0.812378,0.214355,-0.571533,-9.338379,10.803223,-7.263186,eating_with_spoon
1045643,0.848511,0.242798,-0.558228,-3.051759,-4.516602,-1.89209,eating_with_spoon
1045660,0.828125,0.226807,-0.567017,4.577637,-20.874023,4.150391,eating_with_spoon
1045677,0.838501,0.216919,-0.558105,6.286623,-44.250504,10.986328,eating_with_spoon
1045693,0.806396,0.192383,-0.581787,6.591799,-44.311539,13.977055,eating_with_spoon
1045710,0.708618,0.170044,-0.652466,3.54004,-44.79982,15.869144,eating_with_spoon
1045727,0.623901,0.142944,-0.699829,5.126953,-30.700691,9.277344,eating_with_spoon
1045743,0.646729,0.131714,-0.692871,3.234864,-22.766121,5.798342,eating_with_spoon
1045760,0.717773,0.140625,-0.657471,-0.732422,-15.563969,-0.12207,eating_with_spoon
1045777,0.724731,0.155029,-0.656006,-0.305176,-15.014652,-4.516602,eating_with_spoon
1045793,0.708008,0.155884,-0.662964,0.427246,-14.221195,-6.652834,eating_with_spoon
1045810,0.689575,0.17627,-0.671875,0.854492,-11.169437,-6.95801,eating_with_spoon
1045827,0.689453,0.183594,-0.679077,1.89209,-9.277344,-3.234864,eating_with_spoon
1045843,0.68335,0.182617,-0.684082,1.89209,-6.530764,0.549316,eating_with_spoon
1045860,0.678467,0.180298,-0.686035,1.77002,-4.516602,1.708985,eating_with_spoon
1045877,0.668945,0.176636,-0.685425,0.12207,0.732422,2.563477,eating_with_spoon
1045893,0.696899,0.180664,-0.675415,-0.427246,5.004883,2.929688,eating_with_spoon
1045910,0.70752,0.18103,-0.669067,-0.366211,5.737307,3.173829,eating_with_spoon
1045927,0.720703,0.172363,-0.660034,-0.671387,3.66211,3.845216,eating_with_spoon
1045943,0.706787,0.161499,-0.66687,-0.915528,2.075195,3.356935,eating_with_spoon
1045960,0.714233,0.160278,-0.666992,-1.464844,1.89209,2.624512,eating_with_spoon
1045977,0.714233,0.165283,-0.666016,-1.098633,1.464844,2.502441,eating_with_spoon
1045993,0.710205,0.166016,-0.669556,-0.061035,1.037598,3.479005,eating_with_spoon
1046010,0.70813,0.160034,-0.666626,1.220703,1.525879,2.502441,eating_with_spoon
1046027,0.708496,0.157227,-0.664307,0.915528,1.953125,1.525879,eating_with_spoon
1046043,0.719849,0.166016,-0.663208,0.732422,1.342773,-0.671387,eating_with_spoon
1046060,0.690918,0.164917,-0.677856,0.549316,3.906251,-1.708985,eating_with_spoon
1046077,0.684326,0.169556,-0.677246,-1.281738,10.070801,-2.502441,eating_with_spoon
1046093,0.713257,0.183716,-0.672119,-0.305176,10.498047,-2.685547,eating_with_spoon
1046110,0.686523,0.162354,-0.679932,1.403809,15.197758,-3.41797,eating_with_spoon
1046127,0.697144,0.174927,-0.669922,3.234864,20.324707,-12.817387,eating_with_spoon
1046143,0.702026,0.128418,-0.648926,7.324221,22.949226,-13.854984,eating_with_spoon
1046160,0.705688,0.183228,-0.690796,2.685547,31.799324,-21.606445,eating_with_spoon
1046177,0.591553,0.045776,-0.582886,20.019531,83.312988,-21.118164,eating_with_spoon
1046193,0.607056,-0.145142,-0.490356,-15.625004,153.137207,4.760742,eating_with_spoon
1046210,1.03772,0.220215,-0.576416,15.441898,128.540039,-6.530764,eating_with_spoon
1046227,1.170166,0.137329,-0.521606,21.240234,71.777344,-16.296387,eating_with_spoon
1046243,1.17981,0.140259,-0.478271,6.896975,60.668961,-20.751953,eating_with_spoon
1046260,1.201294,0.164673,-0.5177,1.64795,61.279312,-17.089844,eating_with_spoon
1046277,1.085693,0.189697,-0.592529,-0.305176,57.006851,-19.958496,eating_with_spoon
1046294,1.071899,0.208008,-0.571655,-8.422852,51.818863,-26.733406,eating_with_spoon
1046310,1.087769,0.261475,-0.563721,-9.765625,46.752945,-33.081055,eating_with_spoon
1046327,1.058716,0.281006,-0.5354,-5.615236,28.930672,-42.96875,eating_with_spoon
1046344,1.049072,0.304565,-0.533813,-10.620117,12.756351,-49.011246,eating_with_spoon
1046360,0.964233,0.324829,-0.50769,-5.920412,2.075195,-55.114761,eating_with_spoon
1046377,0.966919,0.310669,-0.5,-6.347658,-2.502441,-54.992691,eating_with_spoon
1046394,1.020874,0.307495,-0.511597,-9.277344,-20.080566,-53.283707,eating_with_spoon
1046410,0.979004,0.324585,-0.505859,-9.277344,-40.893555,-50.72023,eating_with_spoon
1046427,0.916382,0.337769,-0.499878,-6.713869,-47.729507,-52.917496,eating_with_spoon
1046444,0.812866,0.340698,-0.45813,-4.150391,-48.278824,-58.6548,eating_with_spoon
1046460,0.821167,0.361694,-0.425659,-4.02832,-43.212891,-60.42482,eating_with_spoon
1046477,0.802368,0.38269,-0.452759,-2.563477,-39.855957,-59.814468,eating_with_spoon
1046494,0.807007,0.39502,-0.463867,-1.220703,-38.085938,-58.837906,eating_with_spoon
1046510,0.759888,0.404785,-0.487183,1.037598,-27.465828,-60.058609,eating_with_spoon
1046527,0.675903,0.440918,-0.495728,3.295899,-17.089844,-63.049332,eating_with_spoon
1046544,0.649658,0.447632,-0.485596,4.516602,-12.329105,-63.964859,eating_with_spoon
1046560,0.614014,0.446167,-0.476563,5.249023,-4.333496,-65.979004,eating_with_spoon
1046577,0.622192,0.450562,-0.48291,6.286623,6.591799,-66.650391,eating_with_spoon
1046594,0.556396,0.447998,-0.5,6.713869,18.066406,-64.086914,eating_with_spoon
1046610,0.503784,0.439453,-0.500244,6.286623,27.465828,-62.805191,eating_with_spoon
1046627,0.515137,0.437988,-0.459717,5.126953,42.358398,-60.30275,eating_with_spoon
1046644,0.598633,0.489746,-0.462646,3.967286,40.283203,-57.556168,eating_with_spoon
1046660,0.604614,0.494995,-0.496216,5.126953,35.217285,-55.603043,eating_with_spoon
1046677,0.506592,0.457031,-0.533447,2.197266,33.630371,-53.161636,eating_with_spoon
1046694,0.489502,0.473511,-0.487305,1.159668,48.82814,-51.330582,eating_with_spoon
1046710,0.511841,0.493774,-0.454224,1.037598,54.260269,-46.752945,eating_with_spoon
1046727,0.557007,0.519165,-0.407715,0.610352,51.818863,-43.823242,eating_with_spoon
1046744,0.573242,0.506958,-0.412476,-1.525879,40.771484,-39.916992,eating_with_spoon
1046760,0.545532,0.508423,-0.444458,-3.66211,35.095215,-38.024902,eating_with_spoon
1046777,0.528076,0.520386,-0.455933,-4.455566,35.522461,-36.804199,eating_with_spoon
1046794,0.55127,0.532715,-0.436035,-4.943848,33.14209,-31.188972,eating_with_spoon
1046810,0.590698,0.532349,-0.370728,-6.225588,21.972656,-26.062019,eating_with_spoon
1046827,0.6073,0.541748,-0.363525,-6.591799,15.747074,-23.925789,eating_with_spoon
1046844,0.564697,0.561279,-0.393799,-6.530764,7.873537,-19.592285,eating_with_spoon
1046860,0.562866,0.559204,-0.406738,-5.920412,6.286623,-16.296387,eating_with_spoon
1046877,0.562378,0.569214,-0.387573,-6.591799,-1.525879,-13.427738,eating_with_spoon
1046894,0.546265,0.570923,-0.384766,-6.835939,-5.249023,-11.840824,eating_with_spoon
1046911,0.497559,0.575562,-0.376221,-5.981447,-1.953125,-9.155273,eating_with_spoon
1046927,0.51416,0.569336,-0.371826,-4.150391,11.352543,-6.713869,eating_with_spoon
1046944,0.505005,0.563965,-0.376831,-4.089355,16.906738,-5.737307,eating_with_spoon
1046961,0.535767,0.554443,-0.365356,-4.699707,15.808109,-3.234864,eating_with_spoon
1046977,0.533691,0.55603,-0.367676,-8.544922,-3.601075,1.525879,eating_with_spoon
1046994,0.49353,0.563965,-0.382935,-11.352543,-15.014652,6.347658,eating_with_spoon
1047011,0.501587,0.560547,-0.377808,-11.535648,-12.695316,8.666992,eating_with_spoon
1047027,0.505493,0.565552,-0.377075,-11.657719,4.394531,13.732914,eating_with_spoon
1047044,0.511719,0.546753,-0.375488,-11.962894,22.216805,19.287109,eating_with_spoon
1047061,0.518677,0.536621,-0.36853,-12.756351,26.123055,21.606445,eating_with_spoon
1047077,0.535034,0.53479,-0.327881,-16.601563,21.057129,25.634773,eating_with_spoon
1047094,0.587158,0.552979,-0.29541,-19.042969,4.760742,30.33448,eating_with_spoon
1047111,0.583984,0.553223,-0.320313,-19.53125,-7.812502,35.644531,eating_with_spoon
1047127,0.540771,0.552612,-0.340088,-19.287109,-9.338379,38.208008,eating_with_spoon
1047144,0.487915,0.542847,-0.341675,-18.310547,-7.019045,43.395996,eating_with_spoon
1047161,0.463501,0.555664,-0.328369,-17.150879,-5.371094,49.621597,eating_with_spoon
1047177,0.459229,0.565063,-0.321655,-16.784668,-4.272461,53.527847,eating_with_spoon
1047194,0.531372,0.570923,-0.331421,-13.549809,-0.061035,60.42482,eating_with_spoon
1047211,0.599243,0.549927,-0.396606,-9.58252,-3.54004,69.580078,eating_with_spoon
1047227,0.602173,0.524536,-0.414795,-10.070801,-12.878422,76.782227,eating_with_spoon
1047244,0.54895,0.508911,-0.400269,-10.314941,-11.779789,77.941895,eating_with_spoon
1047261,0.609375,0.506714,-0.344482,-9.094238,3.723145,79.956055,eating_with_spoon
1047277,0.79248,0.469238,-0.366455,-6.591799,15.380863,82.15332,eating_with_spoon
1047294,0.961426,0.475098,-0.400635,-5.187988,-11.413578,84.350586,eating_with_spoon
1047311,0.829224,0.377197,-0.375244,-7.751467,-21.66748,88.989288,eating_with_spoon
1047327,0.838379,0.366821,-0.295654,-16.479492,2.685547,84.655762,eating_with_spoon
1047344,0.881226,0.346802,-0.273804,-19.592285,21.057129,81.054688,eating_with_spoon
1047361,1.051636,0.344604,-0.292725,-20.568848,39.489746,74.34082,eating_with_spoon
1047377,1.122681,0.329956,-0.349243,-14.892582,25.817879,68.054199,eating_with_spoon
1047394,1.146484,0.303589,-0.270874,-14.099125,10.803223,64.575195,eating_with_spoon
1047411,1.13208,0.27771,-0.22583,-17.272949,9.155273,65.429688,eating_with_spoon
1047427,1.052368,0.289673,-0.183105,-23.620613,19.470215,60.119644,eating_with_spoon
1047444,1.065186,0.307251,-0.259766,-24.53614,28.19825,53.283707,eating_with_spoon
1047461,1.0979,0.349243,-0.30603,-11.169437,9.765625,37.963867,eating_with_spoon
1047478,1.120361,0.281372,-0.303345,-10.681152,-17.700195,40.649414,eating_with_spoon
1047494,1.127075,0.266479,-0.207764,-3.479005,-39.550781,32.958984,eating_with_spoon
1047511,1.188843,0.272095,-0.184937,4.089355,-38.94043,24.719246,eating_with_spoon
1047528,1.099243,0.237671,-0.212158,3.356935,-31.127937,24.16993,eating_with_spoon
1047544,1.120972,0.291748,-0.335083,8.056641,-38.269043,15.686039,eating_with_spoon
1047561,1.033447,0.244019,-0.369751,18.249512,-73.425293,7.324221,eating_with_spoon
1047578,0.966553,0.229004,-0.358643,16.235352,-80.13916,9.887695,eating_with_spoon
1047594,0.901733,0.270874,-0.307495,15.808109,-80.932617,11.047363,eating_with_spoon
1047611,0.839844,0.215698,-0.28125,14.953617,-55.236832,9.460449,eating_with_spoon
1047628,0.83606,0.239502,-0.355103,15.563969,-40.710449,3.234864,eating_with_spoon
1047644,0.856567,0.209595,-0.404785,14.343266,-39.489746,4.02832,eating_with_spoon
1047661,0.914673,0.223755,-0.509521,9.460449,-44.067383,3.967286,eating_with_spoon
1047678,0.989746,0.242676,-0.55896,9.033203,-51.086441,1.037598,eating_with_spoon
1047694,1.064941,0.227295,-0.574097,3.784181,-46.447769,-3.967286,eating_with_spoon
1047711,0.851685,0.252686,-0.550537,3.234864,-32.226563,-3.479005,eating_with_spoon
1047728,0.813232,0.209351,-0.508057,0.366211,-25.024422,-0.671387,eating_with_spoon
1047744,0.78894,0.231079,-0.513794,2.13623,-18.615723,-0.12207,eating_with_spoon
1047761,0.792236,0.20874,-0.528931,0.854492,-14.099125,1.831055,eating_with_spoon
1047778,0.786987,0.205933,-0.557495,2.258301,-5.981447,3.356935,eating_with_spoon
1047794,0.81189,0.203247,-0.540039,2.502441,-0.610352,5.432129,eating_with_spoon
1047811,0.811279,0.209351,-0.527466,2.319336,-0.366211,5.737307,eating_with_spoon
1047828,0.817627,0.195068,-0.510254,1.586915,-2.868653,6.347658,eating_with_spoon
1047844,0.839355,0.206787,-0.497437,1.89209,-2.685547,6.103518,eating_with_spoon
1047861,0.838013,0.206909,-0.491699,2.563477,-3.051759,5.615236,eating_with_spoon
1047878,0.80957,0.191162,-0.484985,3.356935,-2.990724,4.882813,eating_with_spoon
1047894,0.818848,0.192627,-0.498657,3.723145,-4.089355,4.02832,eating_with_spoon
1047911,0.832275,0.195923,-0.501465,3.906251,-5.737307,2.746582,eating_with_spoon
1047928,0.832642,0.197632,-0.500366,4.211426,-7.324221,2.319336,eating_with_spoon
1047944,0.828979,0.19519,-0.502075,4.455566,-11.474613,2.563477,eating_with_spoon
1047961,0.829712,0.188232,-0.49939,1.342773,-14.648441,6.652834,eating_with_spoon
1047978,0.80835,0.205811,-0.512451,3.051759,-15.747074,4.638672,eating_with_spoon
1047994,0.810547,0.179565,-0.525391,2.380371,-15.502934,5.004883,eating_with_spoon
1048011,0.793823,0.17688,-0.547974,2.319336,-12.939457,3.784181,eating_with_spoon
1048028,0.789185,0.178711,-0.550903,1.89209,-10.070801,3.112794,eating_with_spoon
1048044,0.796265,0.178833,-0.54895,1.64795,-9.399414,3.173829,eating_with_spoon
1048061,0.803467,0.17749,-0.542358,1.098633,-8.483887,4.02832,eating_with_spoon
1048078,0.809326,0.187012,-0.53772,1.037598,-8.789063,5.187988,eating_with_spoon
1048095,0.803711,0.188721,-0.540649,1.220703,-9.216309,5.920412,eating_with_spoon
1048111,0.799927,0.185913,-0.55127,2.258301,-9.094238,7.20215,eating_with_spoon
1048128,0.798096,0.182983,-0.541748,2.380371,-8.117676,7.812502,eating_with_spoon
1048145,0.821167,0.170044,-0.536987,0.244141,-9.399414,8.239746,eating_with_spoon
1048161,0.807983,0.17749,-0.550659,0.305176,-10.375977,7.385256,eating_with_spoon
1048178,0.784302,0.155029,-0.566406,-0.061035,-10.009766,6.408693,eating_with_spoon
1048195,0.776367,0.162354,-0.580688,0.610352,-7.324221,5.065918,eating_with_spoon
1048211,0.777222,0.159912,-0.583008,0.915528,-5.920412,5.004883,eating_with_spoon
1048228,0.783813,0.160889,-0.580322,1.464844,-4.272461,5.187988,eating_with_spoon
1048245,0.800659,0.169556,-0.566528,1.953125,-4.516602,5.859377,eating_with_spoon
1048261,0.810791,0.171509,-0.557007,2.380371,-5.737307,8.300781,eating_with_spoon
1048278,0.769409,0.164795,-0.567139,2.624512,-5.126953,7.446291,eating_with_spoon
1048295,0.765015,0.140747,-0.587524,1.281738,-0.305176,4.943848,eating_with_spoon
1048311,0.752686,0.120239,-0.595947,-0.427246,4.577637,0.976563,eating_with_spoon
1048328,0.75647,0.124146,-0.589844,-1.89209,7.263186,-0.732422,eating_with_spoon
1048361,0.786377,0.149414,-0.563477,-2.807618,11.352543,-5.004883,eating_with_spoon
1048378,0.789551,0.152588,-0.560791,-2.685547,11.474613,-5.187988,eating_with_spoon
1048395,0.806763,0.15918,-0.547607,-2.197266,9.58252,-5.249023,eating_with_spoon
1048411,0.836182,0.167358,-0.529419,-2.319336,3.66211,-3.66211,eating_with_spoon
1048428,0.823486,0.183838,-0.534424,-0.732422,-3.173829,-2.563477,eating_with_spoon
1048445,0.815796,0.186523,-0.543457,0.488281,-5.493164,-1.586915,eating_with_spoon
1048461,0.80603,0.177979,-0.555908,0.671387,-5.187988,1.831055,eating_with_spoon
1048478,0.804199,0.184082,-0.561401,1.342773,-4.882813,4.943848,eating_with_spoon
1048495,0.804688,0.180908,-0.56189,1.403809,-4.821777,6.530764,eating_with_spoon
1048511,0.784546,0.166382,-0.576294,3.051759,-3.723145,8.056641,eating_with_spoon
1048528,0.756958,0.147095,-0.592163,2.563477,3.66211,7.263186,eating_with_spoon
1048545,0.793457,0.160889,-0.56543,2.01416,7.08008,5.981447,eating_with_spoon
1048561,0.813477,0.166138,-0.552124,3.356935,5.310059,5.187988,eating_with_spoon
1048578,0.80542,0.148071,-0.549927,5.310059,3.234864,3.784181,eating_with_spoon
1048595,0.803467,0.138184,-0.544189,5.981447,2.258301,0.305176,eating_with_spoon
1048611,0.828735,0.1427,-0.530518,6.835939,-0.366211,-1.098633,eating_with_spoon
1048628,0.827271,0.140991,-0.526733,6.774904,-7.20215,-2.13623,eating_with_spoon
1048645,0.800903,0.129028,-0.554565,7.385256,-12.26807,-5.065918,eating_with_spoon
1048661,0.757324,0.12085,-0.58374,4.455566,-8.300781,-7.08008,eating_with_spoon
1048678,0.74646,0.122437,-0.594116,2.807618,-3.906251,-7.629396,eating_with_spoon
1048695,0.74353,0.126343,-0.598389,-1.77002,6.164553,-7.385256,eating_with_spoon
1048712,0.79187,0.172241,-0.563599,-0.854492,8.117676,-11.108402,eating_with_spoon
1048728,0.815308,0.151978,-0.540771,-2.685547,7.812502,-8.117676,eating_with_spoon
1048745,0.821899,0.173462,-0.524658,-5.615236,2.746582,-7.324221,eating_with_spoon
1048762,0.811768,0.17334,-0.541748,-4.333496,-4.089355,-6.713869,eating_with_spoon
1048778,0.801514,0.163086,-0.562256,-7.751467,-2.197266,-2.685547,eating_with_spoon
1048795,0.789063,0.171387,-0.559082,-8.911133,-1.708985,-0.854492,eating_with_spoon
1048812,0.810181,0.183472,-0.55835,-8.178711,-2.868653,1.525879,eating_with_spoon
1048828,0.800293,0.180664,-0.562378,-6.164553,-3.723145,3.723145,eating_with_spoon
1048845,0.79541,0.185181,-0.567749,-5.615236,-3.66211,4.333496,eating_with_spoon
1048862,0.799561,0.187988,-0.569458,-2.990724,-4.02832,4.577637,eating_with_spoon
1048878,0.789429,0.175293,-0.574341,-0.854492,-3.967286,4.882813,eating_with_spoon
1048895,0.7771,0.174561,-0.579346,0.244141,-3.051759,4.211426,eating_with_spoon
1048912,0.787354,0.167969,-0.566772,1.220703,-2.746582,2.380371,eating_with_spoon
1048928,0.824829,0.167236,-0.538452,1.708985,-5.859377,2.01416,eating_with_spoon
1048945,0.822632,0.175537,-0.539429,2.624512,-11.230473,2.563477,eating_with_spoon
1048962,0.817749,0.171631,-0.545898,4.150391,-14.709476,2.075195,eating_with_spoon
1048978,0.794678,0.16272,-0.560913,4.516602,-18.737793,0.915528,eating_with_spoon
1048995,0.77002,0.157349,-0.587402,4.882813,-19.836426,-0.183106,eating_with_spoon
1049012,0.745117,0.157104,-0.598389,4.577637,-17.822266,-0.610352,eating_with_spoon
1049028,0.754517,0.155762,-0.617432,3.66211,-11.413578,-0.427246,eating_with_spoon
1049045,0.727417,0.148071,-0.629761,3.112794,-4.089355,-1.281738,eating_with_spoon
1049062,0.732544,0.148926,-0.617676,0.793457,5.310059,-1.89209,eating_with_spoon
1049078,0.757324,0.151855,-0.615601,0.0,7.751467,-1.953125,eating_with_spoon
1049095,0.76001,0.151611,-0.609741,0.061035,11.840824,-2.380371,eating_with_spoon
1049112,0.748779,0.150879,-0.603638,-0.854492,17.456055,-3.234864,eating_with_spoon
1049128,0.753174,0.157715,-0.608276,-1.098633,19.897461,-4.638672,eating_with_spoon
1049145,0.778564,0.146973,-0.594604,-2.01416,26.123055,-4.821777,eating_with_spoon
1049162,0.808228,0.146362,-0.588501,-0.488281,32.531738,-8.361816,eating_with_spoon
1049178,0.726196,0.174683,-0.470703,7.812502,73.669434,-15.136723,eating_with_spoon
1049195,0.846436,0.204346,-0.475098,13.732914,78.857422,-20.751953,eating_with_spoon
1049212,0.894043,0.14624,-0.495972,8.483887,82.580566,-8.911133,eating_with_spoon
1049228,0.95752,0.165283,-0.511353,12.512211,68.603516,-11.169437,eating_with_spoon
1049245,1.034546,0.149048,-0.511353,9.399414,63.476578,-9.094238,eating_with_spoon
1049262,0.987305,0.138062,-0.473755,1.098633,56.64064,-4.577637,eating_with_spoon
1049279,0.970337,0.230103,-0.444458,1.464844,49.682632,-16.235352,eating_with_spoon
1049295,0.990723,0.197876,-0.407715,-7.446291,46.752945,-12.939457,eating_with_spoon
1049312,0.971313,0.210449,-0.414185,-10.620117,49.499527,-15.319828,eating_with_spoon
1049329,1.043945,0.272461,-0.451782,-8.789063,51.452652,-20.935059,eating_with_spoon
1049345,1.011719,0.226685,-0.404053,-9.765625,55.542007,-23.193367,eating_with_spoon
1049362,1.016235,0.240112,-0.386597,-11.657719,57.983414,-25.268562,eating_with_spoon
1049379,1.042236,0.260742,-0.388672,-14.16016,57.617203,-28.015144,eating_with_spoon
1049395,1.071045,0.259521,-0.386841,-13.061527,51.208511,-33.874512,eating_with_spoon
1049412,1.071899,0.265747,-0.390869,-12.512211,46.997086,-39.18457,eating_with_spoon
1049429,1.025146,0.290283,-0.377563,-8.178711,44.616714,-47.790543,eating_with_spoon
1049445,1.052246,0.294189,-0.346313,-5.798342,45.898453,-52.001968,eating_with_spoon
1049462,1.078735,0.319824,-0.327637,-3.234864,36.193848,-56.274429,eating_with_spoon
1049479,1.051392,0.326538,-0.313965,-2.746582,30.151375,-58.53273,eating_with_spoon
1049495,1.021484,0.359131,-0.301514,-1.64795,16.967773,-64.453125,eating_with_spoon
1049512,0.966431,0.384155,-0.276367,-0.549316,8.422852,-68.725586,eating_with_spoon
1049529,0.939819,0.393311,-0.260498,-0.488281,9.399414,-69.824219,eating_with_spoon
1049545,0.888306,0.413208,-0.24231,0.305176,18.188477,-71.105957,eating_with_spoon
1049562,0.888184,0.44104,-0.221436,2.624512,24.230965,-71.716309,eating_with_spoon
1049579,0.867676,0.456421,-0.220947,3.967286,18.066406,-71.533203,eating_with_spoon
1049595,0.842529,0.46228,-0.222412,3.479005,14.343266,-71.289063,eating_with_spoon
1049612,0.816284,0.467407,-0.21106,2.319336,11.962894,-69.763184,eating_with_spoon
1049629,0.768188,0.480103,-0.196777,3.784181,20.324707,-69.458008,eating_with_spoon
1049645,0.773438,0.495361,-0.185791,5.187988,24.292,-68.481445,eating_with_spoon
1049662,0.797607,0.524536,-0.169678,7.812502,21.606445,-65.002441,eating_with_spoon
1049679,0.764404,0.525024,-0.181641,8.483887,11.657719,-61.523453,eating_with_spoon
1049695,0.715942,0.533081,-0.178711,9.643555,6.347658,-60.119644,eating_with_spoon
1049712,0.719849,0.541626,-0.174072,11.291508,5.798342,-59.875504,eating_with_spoon
1049729,0.709595,0.547119,-0.183716,13.610844,3.66211,-55.297867,eating_with_spoon
1049745,0.696045,0.547241,-0.161133,15.625004,-2.01416,-50.72023,eating_with_spoon
1049762,0.691162,0.545532,-0.16687,16.784668,-6.225588,-47.851578,eating_with_spoon
1049779,0.628906,0.55188,-0.197144,17.150879,-12.329105,-43.884277,eating_with_spoon
1049795,0.593506,0.552246,-0.195557,18.554688,-7.324221,-40.83252,eating_with_spoon
1049812,0.578491,0.550049,-0.196411,18.432617,-3.906251,-35.583496,eating_with_spoon
1049829,0.574463,0.547119,-0.19165,17.028809,-6.713869,-32.836914,eating_with_spoon
1049845,0.577637,0.551758,-0.179932,14.28223,-17.456055,-28.625496,eating_with_spoon
1049862,0.552246,0.551392,-0.202271,12.573246,-24.597176,-24.841316,eating_with_spoon
1049879,0.517456,0.544067,-0.220337,11.779789,-22.888191,-23.010262,eating_with_spoon
1049896,0.475708,0.543823,-0.238525,9.765625,-15.380863,-20.080566,eating_with_spoon
1049912,0.471069,0.547729,-0.232544,7.751467,-11.901859,-16.540527,eating_with_spoon
1049929,0.475098,0.550781,-0.2323,6.896975,-11.962894,-14.770512,eating_with_spoon
1049946,0.477295,0.548218,-0.249268,5.737307,-13.549809,-11.108402,eating_with_spoon
1049962,0.446045,0.539185,-0.2854,4.394531,-13.793949,-8.789063,eating_with_spoon
1049979,0.457764,0.53772,-0.291626,0.671387,-17.028809,-4.760742,eating_with_spoon
1049996,0.477173,0.547485,-0.286255,-1.403809,-20.507813,-2.13623,eating_with_spoon
1050012,0.501343,0.564575,-0.297363,-3.845216,-23.376472,3.845216,eating_with_spoon
1050029,0.55542,0.565186,-0.321655,-3.051759,-21.972656,11.474613,eating_with_spoon
1050046,0.57605,0.567505,-0.327881,-3.173829,-23.620613,15.380863,eating_with_spoon
1050062,0.560059,0.593506,-0.305054,-4.882813,-21.54541,20.507813,eating_with_spoon
1050079,0.543457,0.626099,-0.25293,-4.150391,-8.422852,24.902351,eating_with_spoon
1050096,0.588379,0.630249,-0.210571,-3.234864,0.915528,30.517586,eating_with_spoon
1050112,0.628784,0.625977,-0.213013,-2.502441,0.0,33.752441,eating_with_spoon
1050129,0.734253,0.618774,-0.266357,-0.976563,-19.348145,40.893555,eating_with_spoon
1050146,0.747192,0.6073,-0.322388,1.708985,-50.231949,47.302261,eating_with_spoon
1050162,0.700928,0.610229,-0.342773,3.41797,-64.147949,49.621597,eating_with_spoon
1050179,0.578369,0.618652,-0.349854,7.141115,-76.965332,52.307144,eating_with_spoon
1050196,0.578247,0.626099,-0.334229,13.427738,-78.186035,54.199234,eating_with_spoon
1050212,0.633789,0.609985,-0.371826,20.935059,-78.430176,57.250992,eating_with_spoon
1050229,0.638062,0.590332,-0.401611,23.193367,-81.726074,60.241714,eating_with_spoon
1050246,0.563965,0.565674,-0.427612,24.53614,-94.909698,65.795898,eating_with_spoon
1050262,0.432495,0.546143,-0.404175,24.902351,-93.933136,68.17627,eating_with_spoon
1050279,0.392212,0.539551,-0.406372,25.756844,-84.289551,69.030762,eating_with_spoon
1050296,0.39502,0.509399,-0.467529,30.822762,-53.710953,71.777344,eating_with_spoon
1050312,0.579346,0.499634,-0.53186,37.658691,-46.325699,75.500488,eating_with_spoon
1050329,0.564087,0.391235,-0.483398,35.522461,-26.123055,82.336426,eating_with_spoon
1050346,0.603882,0.400269,-0.470825,32.531738,-14.28223,84.472656,eating_with_spoon
1050362,0.608398,0.384766,-0.504883,29.785164,8.422852,84.899902,eating_with_spoon
1050379,0.662354,0.346313,-0.583374,29.357918,28.07618,81.176758,eating_with_spoon
1050396,0.725464,0.314575,-0.600098,26.916512,34.912109,81.054688,eating_with_spoon
1050412,0.826538,0.299805,-0.567017,22.094727,35.888672,77.514648,eating_with_spoon
1050429,0.897339,0.25293,-0.497681,15.991215,44.616714,73.486328,eating_with_spoon
1050446,0.929565,0.232056,-0.50293,11.840824,53.222672,69.763184,eating_with_spoon
1050463,1.031494,0.200195,-0.547607,2.868653,59.082047,59.387222,eating_with_spoon
1050479,1.094482,0.253052,-0.626099,-3.845216,44.92189,50.354019,eating_with_spoon
1050496,1.100952,0.203247,-0.643921,-5.981447,33.691406,43.701172,eating_with_spoon
1050513,1.151245,0.258911,-0.661621,-5.798342,20.629883,39.733887,eating_with_spoon
1050529,1.130249,0.174438,-0.606812,-2.075195,12.695316,35.400391,eating_with_spoon
1050546,1.110596,0.235229,-0.618042,2.807618,9.94873,22.52198,eating_with_spoon
1050563,1.089355,0.199951,-0.595703,6.164553,1.403809,15.625004,eating_with_spoon
1050579,0.985107,0.200317,-0.559082,2.01416,1.525879,13.977055,eating_with_spoon
1050596,0.983643,0.214111,-0.539307,3.479005,-12.695316,8.911133,eating_with_spoon
1050613,0.861816,0.150269,-0.520386,-0.12207,-9.94873,7.873537,eating_with_spoon
1050629,0.907837,0.143921,-0.508423,-1.77002,-7.690432,7.995607,eating_with_spoon
1050646,0.918091,0.173584,-0.486084,0.0,-7.08008,4.577637,eating_with_spoon
1050663,0.91394,0.167847,-0.451904,-1.342773,4.760742,2.807618,eating_with_spoon
1050679,0.943726,0.177368,-0.441406,-0.244141,5.798342,1.220703,eating_with_spoon
1050696,0.909058,0.166748,-0.420898,-1.159668,2.929688,-0.12207,eating_with_spoon
1050713,0.908813,0.164917,-0.424805,-1.77002,-4.882813,-0.793457,eating_with_spoon
1050729,0.854004,0.171997,-0.434937,-1.342773,-12.146,-0.610352,eating_with_spoon
1050746,0.827637,0.175049,-0.435303,-0.12207,-13.854984,-1.281738,eating_with_spoon
1050763,0.822021,0.176147,-0.443848,2.441406,-16.418457,-2.624512,eating_with_spoon
1050779,0.82605,0.174561,-0.464111,2.807618,-18.493652,-3.051759,eating_with_spoon
1050796,0.853516,0.168213,-0.469482,2.258301,-19.226074,-3.356935,eating_with_spoon
1050813,0.864502,0.180176,-0.506714,1.220703,-18.798828,-4.02832,eating_with_spoon
1050829,0.848267,0.17041,-0.537109,-0.366211,-16.845703,-3.479005,eating_with_spoon
1050846,0.806274,0.174438,-0.550781,-0.610352,-15.380863,-3.967286,eating_with_spoon
1050863,0.804321,0.178345,-0.545898,-0.732422,-14.892582,-4.150391,eating_with_spoon
1050879,0.815552,0.181274,-0.526978,-0.854492,-15.319828,-4.02832,eating_with_spoon
1050896,0.875732,0.175537,-0.509399,-0.732422,-15.625004,-4.211426,eating_with_spoon
1050913,0.870605,0.178711,-0.515503,-0.610352,-15.991215,-3.967286,eating_with_spoon
1050929,0.838989,0.176514,-0.547363,0.915528,-15.747074,-3.41797,eating_with_spoon
1050946,0.829956,0.181274,-0.580566,3.295899,-17.63916,-2.807618,eating_with_spoon
1050963,0.857544,0.168213,-0.588013,4.638672,-21.118164,-0.732422,eating_with_spoon
1050979,0.848267,0.159302,-0.59729,4.150391,-42.663574,7.446291,eating_with_spoon
1050996,0.817993,0.19043,-0.578125,4.211426,-49.255386,6.042482,eating_with_spoon
1051013,0.784546,0.162964,-0.558472,3.784181,-45.959488,2.563477,eating_with_spoon
1051029,0.759521,0.176025,-0.563599,2.563477,-38.696289,1.953125,eating_with_spoon
1051046,0.731567,0.200928,-0.579224,2.319336,-25.268562,-3.66211,eating_with_spoon
1051063,0.721802,0.200684,-0.598022,1.525879,-16.967773,-4.211426,eating_with_spoon
1051080,0.727051,0.201538,-0.602417,0.915528,-15.808109,-3.601075,eating_with_spoon
1051096,0.750854,0.208862,-0.605469,1.159668,-22.39991,-3.66211,eating_with_spoon
1051113,0.729614,0.196289,-0.607788,0.732422,-23.254402,-3.845216,eating_with_spoon
1051130,0.71521,0.209839,-0.609863,0.12207,-16.845703,-3.601075,eating_with_spoon
1051146,0.705078,0.218994,-0.610718,-0.061035,-12.756351,-3.601075,eating_with_spoon
1051163,0.718506,0.198975,-0.613647,-2.990724,-8.850098,1.342773,eating_with_spoon
1051180,0.692993,0.208374,-0.620361,-0.488281,-7.385256,-0.183106,eating_with_spoon
1051196,0.703613,0.190308,-0.624268,0.793457,-9.521484,-1.77002,eating_with_spoon
1051213,0.711914,0.182007,-0.634888,-1.342773,-17.150879,0.305176,eating_with_spoon
1051230,0.704712,0.184692,-0.637085,-1.708985,-17.76123,-0.732422,eating_with_spoon
1051246,0.683594,0.186523,-0.635498,-1.159668,-16.662598,-3.295899,eating_with_spoon
1051263,0.681274,0.181274,-0.63147,-3.051759,-15.380863,-1.159668,eating_with_spoon
1051280,0.662964,0.197998,-0.629883,-4.882813,-10.925293,1.281738,eating_with_spoon
1051296,0.662231,0.203979,-0.611084,-4.333496,-4.882813,1.953125,eating_with_spoon
1051313,0.658691,0.200562,-0.60498,-4.760742,1.586915,3.295899,eating_with_spoon
1051330,0.696411,0.203125,-0.615112,-5.004883,12.451176,4.02832,eating_with_spoon
1051346,0.725464,0.199341,-0.640015,-4.150391,14.099125,4.394531,eating_with_spoon
1051363,0.728516,0.19751,-0.653564,-2.807618,13.000492,4.211426,eating_with_spoon
1051380,0.731812,0.202881,-0.64856,-2.563477,12.878422,4.272461,eating_with_spoon
1051396,0.773071,0.21167,-0.644653,-2.441406,13.488773,4.333496,eating_with_spoon
1051413,0.814697,0.214355,-0.661499,-2.380371,7.324221,5.187988,eating_with_spoon
1051430,0.798828,0.214966,-0.66748,-1.64795,5.432129,5.004883,eating_with_spoon
1051446,0.757568,0.207031,-0.651489,-0.854492,6.835939,5.615236,eating_with_spoon
1051463,0.742798,0.198608,-0.633301,0.244141,7.873537,5.920412,eating_with_spoon
1051480,0.732788,0.192871,-0.623779,0.366211,8.178711,6.530764,eating_with_spoon
1051496,0.717041,0.191406,-0.610596,0.854492,8.544922,7.20215,eating_with_spoon
1051513,0.72644,0.181641,-0.610474,0.488281,9.094238,7.20215,eating_with_spoon
1051530,0.741821,0.18457,-0.614868,-0.854492,10.192871,7.20215,eating_with_spoon
1051546,0.745728,0.182861,-0.611206,-1.464844,10.803223,6.774904,eating_with_spoon
1051563,0.758057,0.193115,-0.605347,-3.41797,10.925293,7.141115,eating_with_spoon
1051580,0.767456,0.185181,-0.604492,-5.554201,10.437012,7.263186,eating_with_spoon
1051596,0.770386,0.182373,-0.60376,-5.249023,8.789063,5.920412,eating_with_spoon
1051613,0.772339,0.172241,-0.598755,-5.004883,7.324221,5.676271,eating_with_spoon
1051630,0.757324,0.162231,-0.603882,-4.638672,8.117676,5.371094,eating_with_spoon
1051646,0.764893,0.154785,-0.597778,-4.638672,8.789063,4.333496,eating_with_spoon
1051663,0.778564,0.16333,-0.594849,-4.699707,7.812502,3.784181,eating_with_spoon
1051680,0.783691,0.171387,-0.597168,-2.990724,4.150391,2.929688,eating_with_spoon
1051697,0.762695,0.182739,-0.606323,-0.854492,2.685547,1.953125,eating_with_spoon
1051713,0.762573,0.182861,-0.605225,-0.366211,3.295899,2.197266,eating_with_spoon
1051730,0.774658,0.185791,-0.593384,0.0,3.601075,2.319336,eating_with_spoon
1051747,0.785522,0.196045,-0.596313,0.854492,2.807618,3.234864,eating_with_spoon
1051763,0.759888,0.190918,-0.605835,2.01416,4.516602,4.638672,eating_with_spoon
