timestamp_ms,ax,ay,az,gx,gy,gz,activity
4466722,0.937378,0.092285,0.131348,45.471207,-11.779789,5.249023,jogging
4466738,0.782593,0.081543,0.024658,43.579102,-16.784668,2.868653,jogging
4466755,0.824219,0.089722,0.082275,42.724609,-16.418457,4.02832,jogging
4466772,0.915039,0.122925,0.258423,41.564941,-16.662598,12.878422,jogging
4466789,0.875488,0.196289,0.193604,43.09082,-18.493652,17.211914,jogging
4466805,0.710815,0.133057,0.066895,51.452652,-18.737793,16.113281,jogging
4466822,0.816162,0.094604,0.233154,54.199234,-15.502934,18.676758,jogging
4466839,0.861694,0.114746,0.308594,54.260269,-14.28223,23.254402,jogging
4466855,0.975098,0.081421,0.294556,53.283707,-17.39502,31.372078,jogging
4466872,0.935181,-0.029907,0.011963,48.217789,-20.019531,31.555183,jogging
4466889,0.883301,-0.094604,-0.132446,43.395996,-21.850586,26.062019,jogging
4466905,0.721191,-0.106812,-0.149048,29.663094,-7.446291,24.597176,jogging
4466922,0.985229,-0.108765,0.11792,21.54541,7.019045,19.226074,jogging
4466939,1.074707,-0.11084,0.182983,17.211914,-10.070801,20.568848,jogging
4466955,1.017578,-0.133423,0.127808,16.601563,-22.338875,18.615723,jogging
4466972,0.826538,-0.162476,0.054199,20.690918,-11.718754,13.122562,jogging
4466989,1.000488,-0.267334,0.005859,20.629883,0.488281,9.94873,jogging
4467005,1.024902,-0.315308,-0.011841,19.53125,1.64795,10.070801,jogging
4467022,1.010498,-0.297485,0.066162,18.920898,0.366211,5.187988,jogging
4467039,0.920654,-0.206787,0.189941,26.062019,-4.150391,4.760742,jogging
4467055,0.860596,-0.308228,0.131958,32.714844,12.207035,6.713869,jogging
4467072,0.880981,-0.364746,0.072388,34.118652,12.573246,4.516602,jogging
4467089,0.943848,-0.421387,0.058105,30.578621,14.770512,6.713869,jogging
4467105,0.904785,-0.402466,0.143799,22.949226,17.089844,14.099125,jogging
4467122,0.850342,-0.396973,0.200317,20.690918,22.216805,14.16016,jogging
4467139,0.943604,-0.372559,0.285156,21.484375,34.606934,9.70459,jogging
4467155,1.059937,-0.389038,0.230957,19.40918,36.743164,7.324221,jogging
4467172,1.119141,-0.377197,0.10083,20.080566,35.888672,-2.868653,jogging
4467189,1.167969,-0.343018,0.081299,18.493652,38.574219,-8.728027,jogging
4467205,1.317627,-0.181641,0.15625,17.272949,42.785645,-14.831547,jogging
4467222,1.472534,0.006348,0.162842,17.578125,25.207527,-14.465336,jogging
4467239,1.410767,0.021484,0.095581,20.202637,11.230473,-11.657719,jogging
4467255,1.169922,0.000854,-0.001465,20.996094,-4.638672,-10.925293,jogging
4467272,1.021118,0.024902,-0.073608,23.498543,-5.493164,-17.700195,jogging
4467289,1.035645,0.011841,-0.149414,31.066902,-13.610844,-26.489265,jogging
4467305,0.963745,0.02124,-0.141113,34.973145,-15.747074,-29.968269,jogging
4467322,0.752075,0.086426,-0.087891,40.100098,3.112794,-36.621094,jogging
4467339,0.782837,0.111938,-0.001465,46.325699,20.446777,-39.550781,jogging
4467355,0.842529,0.11853,0.062988,46.325699,17.211914,-36.682129,jogging
4467372,0.734985,0.248657,0.148315,49.255386,4.150391,-28.686531,jogging
4467389,0.744019,0.282837,0.213989,65.917969,-2.01416,-33.996582,jogging
4467406,0.799072,0.211304,0.12439,60.913101,-29.541023,-15.319828,jogging
4467422,0.713135,0.383667,0.170654,68.115234,-38.696289,-21.66748,jogging
4467439,0.738647,0.352173,0.248413,85.021973,-33.874512,-21.362305,jogging
4467456,0.75415,0.329346,0.213867,95.886261,-29.541023,-23.437508,jogging
4467472,0.842773,0.26062,0.201172,100.280792,-31.921394,-25.878914,jogging
4467489,0.999512,0.216675,0.265137,103.515656,-36.865234,-29.907234,jogging
4467506,1.200562,0.397461,0.450928,109.619171,-32.531738,-33.38623,jogging
4467522,1.40979,0.494995,0.523193,115.844757,-37.658691,-32.592773,jogging
4467539,1.648071,0.462646,0.46936,134.94873,-72.509766,-27.282722,jogging
4467556,1.511841,0.254639,0.314941,140.441895,-95.581085,-21.66748,jogging
4467572,1.48877,0.155273,0.127563,134.460449,-96.435577,-15.686039,jogging
4467589,1.468018,0.05957,0.055542,131.347656,-94.482452,-11.657719,jogging
4467606,1.376953,-0.162354,-0.003662,119.934113,-84.838867,-4.943848,jogging
4467622,1.351563,-0.319336,-0.025879,103.515656,-86.425781,4.516602,jogging
4467639,1.367798,-0.380493,-0.057495,90.209991,-97.656281,14.831547,jogging
4467656,1.252686,-0.417236,-0.13501,58.593765,-125.000031,43.640137,jogging
4467672,1.010742,-0.340088,-0.094238,39.611816,-143.920898,76.049805,jogging
4467689,0.637817,-0.363037,0.005493,31.005867,-158.325195,104.919464,jogging
4467706,0.47876,-0.387451,0.014893,26.794441,-160.03418,116.638214,jogging
4467722,0.188965,-0.470093,-0.030273,19.775391,-140.625,136.352539,jogging
4467739,-0.046875,-0.567749,-0.121582,15.686039,-94.238312,146.606445,jogging
4467756,-0.100952,-0.59314,-0.125854,15.319828,-67.260742,143.920898,jogging
4467772,-0.215332,-0.644165,-0.004639,17.272949,-13.061527,132.8125,jogging
4467789,-0.364136,-0.696899,0.25,12.573246,70.739746,119.201691,jogging
4467806,0.10498,-0.766357,0.485596,1.159668,118.652374,106.750519,jogging
4467822,0.443237,-0.787598,0.547729,-10.192871,126.525909,109.00882,jogging
4467839,0.781982,-0.801025,0.492676,-38.513184,126.098663,115.0513,jogging
4467856,0.924561,-0.794434,0.307983,-60.30275,132.019043,107.482941,jogging
4467872,1.002441,-0.787842,0.239624,-68.725586,133.850098,93.933136,jogging
4467889,1.224243,-0.775879,0.032227,-86.120605,119.812042,65.795898,jogging
4467906,1.392578,-0.697144,-0.032959,-94.604523,70.800781,33.203125,jogging
4467922,1.484619,-0.807007,0.163086,-149.841309,59.936539,55.603043,jogging
4467939,1.611694,-0.695801,0.239258,-175.476074,68.42041,49.133316,jogging
4467956,2.09314,-0.571777,0.137329,-165.95459,116.333038,34.179688,jogging
4467973,2.324829,-0.788818,-0.102417,-146.362305,138.244629,3.723145,jogging
4467989,2.229614,-0.791626,-0.141235,-148.742676,133.666992,-12.512211,jogging
4468006,2.135498,-0.390747,-0.244141,-155.700684,92.102081,-31.188972,jogging
4468023,1.931519,-0.055664,-0.416992,-115.600616,29.968269,-32.287598,jogging
4468039,1.600464,-0.033447,-0.472046,-74.34082,-18.554688,-14.953617,jogging
4468056,1.475464,-0.036987,-0.49585,-62.805191,-40.344238,-3.234864,jogging
4468073,1.176025,-0.016602,-0.498047,-51.940933,-83.80127,24.902351,jogging
4468089,0.828979,0.043823,-0.379883,-54.74855,-93.933136,48.400894,jogging
4468106,0.658936,0.090698,-0.316284,-57.312027,-86.425781,51.635757,jogging
4468123,0.404053,0.199341,-0.227783,-63.903824,-61.035172,45.898453,jogging
4468139,0.294678,0.370239,-0.182495,-59.326187,-44.79982,24.16993,jogging
4468156,0.20874,0.459839,-0.179443,-47.912613,-38.513184,9.399414,jogging
4468173,-0.021118,0.524414,-0.125977,-30.578621,-13.916019,-9.521484,jogging
4468189,-0.099976,0.550903,-0.108398,-27.832039,21.30127,-17.39502,jogging
4468206,-0.026611,0.627075,-0.119019,-20.996094,49.560562,-30.944832,jogging
4468223,0.017822,0.647339,-0.132813,-12.573246,55.725113,-39.001465,jogging
4468239,0.181274,0.597656,-0.186035,5.249023,48.217789,-58.471695,jogging
4468256,0.415283,0.530762,-0.244019,15.747074,46.875015,-75.927734,jogging
4468273,0.619263,0.498413,-0.310913,19.958496,51.147476,-82.580566,jogging
4468289,1.286377,0.422119,-0.391968,27.526863,76.35498,-100.463898,jogging
4468306,2.501831,0.399048,-0.383911,38.574219,78.979492,-113.220245,jogging
4468323,3.669434,0.139404,-0.230103,48.889175,44.67775,-117.614777,jogging
4468339,3.712891,-0.083252,-0.182861,45.288101,11.596684,-131.530762,jogging
4468356,3.02771,-0.632446,-0.069458,68.725586,-18.066406,-173.706055,jogging
4468373,2.472412,-0.741455,0.080811,69.213867,-2.868653,-178.710999,jogging
4468389,2.374512,-0.609009,0.080811,83.557129,-14.831547,-172.546387,jogging
4468406,1.792847,-0.719727,0.108521,117.06546,-42.419434,-132.8125,jogging
4468423,1.122925,-0.783813,0.109497,113.342316,-42.663574,-89.416534,jogging
4468439,0.832642,-0.514038,0.03833,101.135284,-46.69191,-49.316422,jogging
4468456,0.695801,-0.407593,0.026245,98.266632,-50.292984,-31.494148,jogging
4468473,0.529297,-0.369629,0.039429,88.745148,-48.767105,-2.197266,jogging
4468489,0.307495,-0.391968,0.08728,79.345703,-41.687012,22.033691,jogging
4468506,0.139648,-0.39209,0.125244,74.645996,-39.245605,30.517586,jogging
4468523,-0.141968,-0.395996,0.230835,73.242188,-28.44239,38.330078,jogging
4468539,-0.323364,-0.514526,0.292114,68.725586,-19.897461,46.630875,jogging
4468556,-0.464355,-0.609741,0.240723,45.349136,2.868653,56.213394,jogging
4468573,-0.466675,-0.579102,0.223389,37.04834,11.779789,59.509293,jogging
4468590,-0.491333,-0.529663,0.296265,16.540527,24.841316,75.134277,jogging
4468606,-0.454956,-0.45813,0.358643,-10.681152,39.855957,90.759308,jogging
4468623,-0.263306,-0.477295,0.334473,-15.197758,54.260269,101.44046,jogging
4468640,0.147461,-0.540894,0.112305,-7.812502,66.650391,86.05957,jogging
4468656,0.788452,-0.985474,-0.103882,-17.944336,50.231949,90.515167,jogging
4468673,1.515991,-1.232544,-0.234131,-72.753906,23.315437,86.364746,jogging
4468690,1.89624,-1.105713,-0.246216,-105.22464,12.817387,80.322266,jogging
4468706,2.502441,-0.589722,-0.281372,-138.793945,25.756844,75.012207,jogging
4468723,2.719116,-0.562256,-0.130127,-94.421417,64.63623,37.04834,jogging
4468740,2.661865,-0.908813,-0.126099,-81.604004,94.055206,11.108402,jogging
4468756,2.395386,-1.095947,-0.305054,-108.337433,105.896027,-31.921394,jogging
4468773,2.116577,-0.360352,-0.468384,-109.741241,57.861343,-32.531738,jogging
4468790,1.99292,-0.13147,-0.453979,-75.256348,-24.16993,-24.41407,jogging
4468806,1.688599,-0.041626,-0.376709,-68.908691,-59.936539,-13.183598,jogging
4468823,1.253784,-0.014526,-0.349731,-73.608398,-104.736359,9.033203,jogging
4468840,0.820801,0.067261,-0.230347,-75.866699,-125.305206,9.460449,jogging
4468856,0.591675,0.080933,-0.159912,-84.594727,-114.92923,17.272949,jogging
4468873,0.273315,0.189209,-0.10376,-110.168488,-59.692398,36.743164,jogging
4468890,0.185059,0.414063,-0.118896,-116.149933,-1.525879,41.19873,jogging
4468906,0.218872,0.503418,-0.116211,-107.177765,15.808109,35.400391,jogging
4468923,0.24585,0.604614,-0.114868,-84.350586,22.52198,23.376472,jogging
4468940,0.075684,0.731567,-0.166992,-56.213394,10.009766,4.333496,jogging
4468956,-0.013916,0.68335,-0.191528,-30.395515,5.004883,-6.530764,jogging
4468973,-0.032104,0.646484,-0.154907,-25.634773,6.103518,-7.690432,jogging
4468990,-0.094238,0.699463,-0.080811,-20.751953,8.911133,-11.779789,jogging
4469006,-0.11438,0.744873,-0.08252,-3.051759,21.54541,-23.986824,jogging
4469023,-0.065063,0.696289,-0.104736,8.361816,34.912109,-30.944832,jogging
4469040,0.236816,0.575317,-0.195679,25.878914,70.556641,-45.043961,jogging
4469056,0.905518,0.491577,-0.275391,51.513687,89.660675,-67.321777,jogging
4469073,1.69458,0.508423,-0.317871,71.533203,76.049805,-91.186554,jogging
4469090,2.163696,0.533813,-0.346802,79.467773,59.448257,-94.116241,jogging
4469106,3.271118,0.524536,-0.40979,107.788116,23.559578,-79.528809,jogging
4469123,3.308105,-0.121216,-0.176636,141.967773,1.77002,-87.097168,jogging
4469140,2.998047,-0.512695,-0.066895,153.442383,-0.793457,-105.34671,jogging
4469157,2.561523,-0.796875,-0.035767,130.493164,13.244633,-127.929718,jogging
4469173,2.122192,-0.477783,-0.102783,122.497589,23.864754,-126.464874,jogging
4469190,1.821411,-0.315063,-0.110352,140.74707,13.549809,-108.459503,jogging
4469207,1.617432,-0.274902,-0.091919,142.63916,10.803223,-93.688995,jogging
4469223,1.347534,-0.092651,-0.061646,137.512207,-7.629396,-68.29834,jogging
4469240,1.077881,-0.121094,-0.051636,108.276398,-26.672371,-36.071777,jogging
4469257,0.94751,-0.147461,-0.035278,95.764191,-27.221687,-28.015144,jogging
4469273,0.689453,-0.130371,0.013428,78.918457,-32.104492,-21.30127,jogging
4469290,0.495605,-0.201294,0.090698,87.768555,-63.171402,-14.16016,jogging
4469307,-0.102173,-0.248779,0.094116,84.411621,-19.65332,-57.739273,jogging
4469323,0.056763,-0.41272,0.164551,95.947296,-48.645035,-29.113777,jogging
4469340,-0.05188,-0.710693,0.336548,43.884277,-92.712433,25.573738,jogging
4469357,-0.640991,-0.450928,0.322021,20.812988,-71.350098,34.851074,jogging
4469373,-0.664917,-0.388672,0.32312,24.841316,-47.485367,38.696289,jogging
4469390,-0.510376,-0.486694,0.287842,22.094727,-8.300781,49.987808,jogging
4469407,-0.382202,-0.553467,0.322998,6.042482,18.493652,60.852066,jogging
4469423,-0.300659,-0.575073,0.397217,-18.798828,50.59816,71.105957,jogging
4469440,0.00293,-0.70459,0.32373,-31.188972,65.795898,68.54248,jogging
4469457,0.824829,-0.91748,-0.048218,-57.861343,76.782227,52.551285,jogging
4469473,1.861938,-1.019165,-0.368408,-105.041534,59.936539,48.217789,jogging
4469490,2.270142,-0.888794,-0.28833,-137.084961,45.898453,56.701675,jogging
4469507,2.718628,-0.386597,-0.03418,-160.15625,48.889175,61.462418,jogging
4469523,2.775879,-0.643066,-0.330933,-112.060577,103.45462,26.000984,jogging
4469540,2.814209,-0.96521,-0.521606,-100.341827,119.628937,11.840824,jogging
4469557,2.731812,-0.882813,-0.672974,-107.543976,67.077637,15.197758,jogging
4469573,2.282715,-0.233276,-0.579468,-106.201202,-31.494148,29.418953,jogging
4469590,1.716553,0.023071,-0.354248,-99.182159,-102.050812,44.92189,jogging
4469607,1.423096,0.104614,-0.254639,-101.684601,-116.577179,50.048843,jogging
4469623,0.959473,0.273315,-0.12561,-105.22464,-99.54837,53.955093,jogging
4469640,0.780029,0.338989,-0.042236,-110.656769,-64.63623,54.50441,jogging
4469657,0.759644,0.365234,-0.001709,-111.511261,-49.011246,54.809586,jogging
4469673,0.604248,0.481079,0.077881,-110.961945,-25.634773,60.974136,jogging
4469690,0.414917,0.638672,0.121338,-98.510773,-10.681152,58.959976,jogging
4469707,0.170532,0.740845,0.116699,-69.641113,1.037598,42.053223,jogging
4469723,0.016846,0.729004,0.107788,-53.222672,5.432129,32.958984,jogging
4469740,-0.200684,0.613159,0.052734,-34.545898,18.310547,21.850586,jogging
4469757,-0.279907,0.599487,-0.02356,-24.475105,29.724129,8.911133,jogging
4469774,-0.302368,0.639893,-0.065186,-19.287109,32.104492,4.699707,jogging
4469790,-0.285889,0.712769,-0.137207,-4.821777,31.799324,0.610352,jogging
4469807,-0.189697,0.696899,-0.175171,11.962894,34.362793,-0.427246,jogging
4469824,-0.060059,0.727295,-0.225586,21.42334,39.550781,-11.596684,jogging
4469840,0.103271,0.755005,-0.229004,28.564461,49.011246,-19.470215,jogging
4469857,0.726318,0.766602,-0.180664,37.963867,66.162109,-37.414551,jogging
4469874,1.960693,0.988281,-0.206909,38.269043,57.861343,-53.283707,jogging
4469890,2.806396,1.163086,-0.21936,52.917496,41.19873,-51.940933,jogging
4469907,3.863037,0.862793,-0.231567,108.215363,31.127937,-71.655273,jogging
4469924,3.668701,0.050171,-0.176025,136.413574,22.705086,-145.263672,jogging
4469940,3.192993,-0.554199,-0.061523,145.935059,32.043457,-168.457031,jogging
4469957,2.75354,-0.53833,-0.001709,135.314941,35.827637,-160.644531,jogging
4469974,2.110718,-0.330444,-0.014038,147.094727,34.545898,-140.441895,jogging
4469990,1.709229,-0.412964,-0.019287,158.14209,20.202637,-103.45462,jogging
4470007,1.50415,-0.372314,-0.053833,157.531738,10.742188,-82.885742,jogging
4470024,1.158325,-0.297852,-0.053467,143.554688,-14.770512,-40.039063,jogging
4470040,0.992432,-0.315063,-0.002563,116.699249,-32.409668,-3.601075,jogging
4470057,0.752319,-0.311035,0.004028,92.407257,-49.682632,17.150879,jogging
4470074,0.576172,-0.303467,0.008301,85.632324,-57.250992,18.615723,jogging
4470090,0.291626,-0.365112,0.083618,88.378906,-77.148438,16.418457,jogging
4470107,-0.228271,-0.389038,0.143677,77.087402,-22.52198,-18.798828,jogging
4470124,0.010986,-0.471313,0.219604,84.16748,-44.79982,2.01416,jogging
4470140,-0.14502,-0.699707,0.339233,55.419937,-75.927734,41.137695,jogging
4470157,-0.539307,-0.679321,0.305908,19.40918,-42.236328,53.161636,jogging
4470174,-0.489014,-0.590698,0.289551,12.207035,-21.850586,49.926773,jogging
4470190,-0.302124,-0.509033,0.328979,1.77002,1.403809,57.495132,jogging
4470207,-0.270996,-0.495483,0.38623,-16.479492,20.568848,69.274902,jogging
4470224,-0.05603,-0.545166,0.340698,-35.888672,47.607437,71.533203,jogging
4470240,0.144043,-0.585083,0.270874,-49.194351,56.884781,67.932129,jogging
4470257,0.813965,-0.645386,-0.018677,-67.077637,62.31691,53.344742,jogging
4470274,1.548462,-0.718872,-0.379761,-101.135284,39.733887,49.316422,jogging
4470290,1.86499,-0.654785,-0.359009,-129.089355,27.587898,55.725113,jogging
4470307,2.465942,-0.196045,-0.095825,-180.419983,21.66748,69.519043,jogging
4470324,2.694214,-0.124634,-0.307129,-140.50293,66.345215,49.438492,jogging
4470340,2.812866,-0.860352,-0.603149,-116.027863,97.53421,15.380863,jogging
4470357,2.795044,-0.904663,-0.681885,-129.699707,82.092285,10.009766,jogging
4470374,2.371094,-0.287842,-0.715088,-133.666992,7.873537,13.366703,jogging
4470391,1.767212,-0.002441,-0.550781,-102.172882,-62.500015,15.625004,jogging
4470407,1.495361,0.011475,-0.49646,-98.571808,-86.364746,24.292,jogging
4470424,1.132568,0.174683,-0.40979,-96.740753,-110.656769,32.897949,jogging
4470441,0.837891,0.251221,-0.213867,-89.355499,-116.638214,41.19873,jogging
4470457,0.564697,0.279053,-0.054565,-102.355988,-97.229034,53.649918,jogging
4470474,0.437866,0.345581,-0.005127,-107.666046,-76.416016,57.983414,jogging
4470491,0.258911,0.51001,0.079102,-105.407745,-36.682129,56.762711,jogging
4470507,0.104736,0.618408,0.129761,-84.16748,-7.873537,43.884277,jogging
4470524,0.017334,0.62793,0.120605,-70.373535,1.464844,35.27832,jogging
4470541,-0.116333,0.564941,0.070557,-55.175797,14.648441,27.832039,jogging
4470557,-0.136963,0.613159,0.029785,-48.645035,16.540527,24.597176,jogging
4470574,-0.240723,0.707153,0.07019,-34.912109,17.089844,20.385742,jogging
4470591,-0.289673,0.741699,0.100708,-26.367195,21.057129,16.601563,jogging
4470607,-0.23291,0.756958,0.147095,-7.446291,35.522461,9.82666,jogging
4470624,-0.133301,0.782471,0.101318,4.394531,55.053726,-0.305176,jogging
4470641,-0.05127,0.844727,0.039551,12.451176,68.29834,-7.446291,jogging
4470657,0.469604,0.913452,-0.020508,33.203125,95.031769,-28.625496,jogging
4470674,1.548584,1.045044,0.030029,36.987305,105.285675,-40.83252,jogging
4470691,3.361816,1.390503,0.002075,84.533691,79.833984,-28.381355,jogging
4470707,3.895996,1.173218,-0.145508,123.413116,70.922852,-36.743164,jogging
4470724,3.997681,0.358154,-0.162109,158.26416,36.254883,-98.205597,jogging
4470741,3.634766,-0.351318,-0.090576,170.410156,44.067383,-150.45166,jogging
4470757,3.194458,-0.457275,-0.095947,162.719727,56.51857,-151.916504,jogging
4470774,2.53186,-0.202271,-0.202026,164.489746,70.068359,-144.836426,jogging
4470791,2.108154,-0.174316,-0.234375,204.467834,44.67775,-123.046906,jogging
4470807,1.904175,-0.258545,-0.22998,220.27594,20.629883,-104.919464,jogging
4470824,1.427002,-0.383667,-0.150146,200.256409,-37.109375,-59.997574,jogging
4470841,0.967896,-0.384644,-0.040161,157.043457,-81.542969,-29.479988,jogging
4470857,0.534058,-0.369019,0.088379,118.347198,-87.70752,-16.906738,jogging
4470874,0.348511,-0.353394,0.130371,104.309113,-81.176758,-17.822266,jogging
4470891,-0.021729,-0.47998,0.273071,96.435577,-56.884781,-12.939457,jogging
4470907,-0.225464,-0.493896,0.282715,80.932617,-8.789063,-42.419434,jogging
4470924,0.115601,-0.557373,0.364624,92.041046,-46.142593,-22.52198,jogging
4470941,-0.296021,-0.853638,0.472778,78.125,-101.379425,12.573246,jogging
4470958,-0.743286,-0.893921,0.522217,34.240723,-71.533203,38.879395,jogging
4470974,-0.665527,-0.716797,0.576294,19.958496,-30.761726,49.194351,jogging
4470991,-0.640747,-0.722656,0.607056,17.211914,-15.93018,57.373062,jogging
4471008,-0.527954,-0.784058,0.586426,-5.859377,24.719246,74.951172,jogging
4471024,-0.018677,-0.704834,0.423218,-30.33448,64.208984,85.9375,jogging
4471041,0.419922,-0.703857,0.310303,-36.92627,71.472168,86.303711,jogging
4471058,1.374146,-0.844604,0.074097,-73.547363,67.504883,88.562042,jogging
4471074,2.17334,-0.598145,-0.047607,-137.939453,62.927261,99.487335,jogging
4471091,2.697754,-0.054443,-0.199219,-149.597168,105.529816,95.153839,jogging
4471108,2.990234,-0.046021,-0.285767,-124.938995,127.929718,70.43457,jogging
4471124,3.417358,-0.680542,-0.567139,-83.984375,125.366241,25.756844,jogging
4471141,2.886353,-0.657837,-0.773804,-114.685089,39.428711,19.53125,jogging
4471158,2.475708,-0.357544,-0.830933,-119.262726,1.525879,17.700195,jogging
4471174,1.893677,-0.093628,-0.729858,-102.050812,-52.49025,20.324707,jogging
4471191,1.564941,-0.006836,-0.521118,-107.177765,-98.999054,37.475586,jogging
4471208,1.158691,0.255371,-0.351196,-111.450226,-130.737305,49.377457,jogging
4471224,0.939941,0.323486,-0.274658,-107.421906,-133.911133,58.471695,jogging
4471241,0.553101,0.299683,-0.125,-106.262238,-102.233917,76.843262,jogging
4471258,0.390869,0.353516,-0.001221,-105.34671,-42.480469,80.13916,jogging
4471274,0.354614,0.421509,0.055664,-102.233917,-17.51709,80.322266,jogging
4471291,0.269165,0.601807,0.154785,-88.07373,8.972168,73.364258,jogging
4471308,0.108398,0.721069,0.17688,-60.54689,13.854984,60.30275,jogging
4471324,-0.049561,0.654175,0.220093,-44.738785,13.732914,58.471695,jogging
4471341,-0.112061,0.667114,0.244263,-42.236328,13.854984,54.50441,jogging
4471358,-0.244019,0.807617,0.260742,-31.677254,18.859863,39.001465,jogging
4471374,-0.35022,0.919189,0.258423,-10.803223,34.912109,16.357422,jogging
4471391,-0.378296,0.951294,0.222168,-0.854492,44.616714,4.272461,jogging
4471408,-0.252319,0.977417,0.098022,18.737793,67.077637,-13.488773,jogging
4471424,-0.078613,0.928223,-0.082397,34.362793,96.923859,-25.207527,jogging
4471441,0.173584,0.914307,-0.158569,41.687012,150.085449,-41.809082,jogging
4471458,1.189331,0.964722,-0.182617,48.156754,153.198242,-52.917496,jogging
4471474,3.203247,1.223145,-0.164307,78.918457,123.352081,-63.720718,jogging
4471491,3.997681,0.793945,-0.287231,142.822266,46.81398,-90.087921,jogging
4471508,3.997803,0.232788,-0.228882,156.066895,-5.920412,-132.080078,jogging
4471524,3.784546,-0.663452,0.004639,173.828125,-3.295899,-205.139221,jogging
4471541,2.907593,-0.737915,0.054077,164.672852,44.372574,-201.232971,jogging
4471558,2.587158,-0.48938,-0.005737,169.921875,56.152359,-199.951233,jogging
4471575,2.182739,-0.44043,-0.019409,207.153381,18.981934,-172.485352,jogging
4471591,1.542358,-0.479248,0.060913,196.83844,-14.648441,-116.455109,jogging
4471608,1.012451,-0.251099,0.080444,151.062012,-59.570328,-70.251465,jogging
4471625,0.82251,-0.191284,0.111572,135.498047,-73.120117,-54.016129,jogging
4471641,0.613892,-0.22998,0.158447,108.093292,-76.721191,-23.925789,jogging
4471658,0.471191,-0.196899,0.19458,91.308624,-82.824707,-14.770512,jogging
4471675,0.190918,-0.280396,0.270142,86.547852,-72.20459,-2.563477,jogging
4471691,-0.175537,-0.295532,0.24939,87.036133,-25.634773,-34.790039,jogging
4471708,-0.010986,-0.642212,0.434326,88.623077,-71.777344,4.02832,jogging
4471725,-0.661377,-0.778687,0.570801,64.63623,-67.321777,29.296883,jogging
4471741,-0.831909,-0.791382,0.59021,45.715347,-36.071777,39.18457,jogging
4471758,-0.789307,-0.691772,0.504639,26.367195,11.352543,54.077164,jogging
4471775,-0.70813,-0.643066,0.501343,13.488773,30.395515,79.223633,jogging
4471791,-0.647705,-0.675903,0.504639,7.568361,45.593277,92.590363,jogging
4471808,-0.314331,-0.786499,0.510864,-16.540527,75.378418,113.098175,jogging
4471825,0.392578,-0.926636,0.433838,-44.372574,93.017609,114.318878,jogging
4471841,1.452026,-1.102051,0.140747,-85.266113,88.439941,104.126007,jogging
4471858,1.993896,-1.131714,-0.020874,-114.196808,79.956055,101.867706,jogging
4471875,2.838501,-0.726563,0.052612,-179.748596,68.664551,110.412628,jogging
4471891,3.175171,-0.184814,0.073853,-182.373108,94.726593,94.970734,jogging
4471908,3.239868,-0.297485,-0.016724,-153.930664,115.478546,66.772461,jogging
4471925,3.156616,-0.892456,-0.318359,-133.300781,126.525909,26.30616,jogging
4471941,2.717407,-0.526855,-0.677856,-138.122559,58.6548,22.52198,jogging
4471958,2.159912,-0.040283,-0.633057,-110.961945,-30.639656,28.503426,jogging
4471975,1.873779,0.035645,-0.53479,-105.10257,-70.068359,37.780762,jogging
4471991,1.376221,0.182373,-0.367798,-106.567413,-113.525421,55.236832,jogging
4472008,0.912231,0.28186,-0.19812,-106.872589,-117.126495,53.955093,jogging
4472025,0.7323,0.273926,-0.126465,-110.717804,-109.497101,56.3965,jogging
4472041,0.501465,0.266846,0.011597,-124.938995,-68.786621,70.861816,jogging
4472058,0.322876,0.428711,0.153687,-133.056641,-22.338875,81.542969,jogging
4472075,0.267212,0.540283,0.203857,-122.98587,0.854492,81.787109,jogging
4472091,0.161621,0.712891,0.215942,-109.191925,3.967286,76.843262,jogging
4472108,0.009766,0.765991,0.144287,-73.974609,0.0,62.988297,jogging
4472125,-0.113281,0.771484,0.086304,-57.556168,-4.150391,58.715836,jogging
4472141,-0.142456,0.834473,0.056396,-51.696793,-4.272461,54.382339,jogging
4472158,-0.140137,0.949341,0.023926,-32.287598,1.708985,43.151855,jogging
4472175,-0.069092,0.955811,-0.026611,-7.568361,19.775391,25.268562,jogging
4472192,0.008667,0.936401,-0.074219,5.249023,30.883797,11.596684,jogging
4472208,0.294678,0.918701,-0.140991,29.846199,53.894058,-20.263672,jogging
4472225,0.88855,0.81897,-0.104614,55.053726,77.636719,-56.091324,jogging
4472242,1.813843,0.769653,-0.126831,75.134277,77.148438,-98.876984,jogging
4472258,2.307861,0.846558,-0.143555,84.04541,60.119644,-117.248566,jogging
4472275,3.286377,1.036377,-0.163452,115.722687,30.456551,-140.930176,jogging
4472292,3.823975,0.696411,-0.161499,176.208496,14.465336,-172.058105,jogging
4472308,3.831665,0.164307,-0.057861,195.556702,4.02832,-186.279358,jogging
4472325,3.392822,-0.674683,0.324219,185.607971,5.493164,-197.753967,jogging
4472342,2.477417,-0.711304,0.355713,157.226563,25.817879,-190.246643,jogging
4472358,2.164551,-0.564819,0.181763,161.499023,36.92627,-180.114807,jogging
4472375,2.015259,-0.518677,0.125854,169.921875,36.865234,-163.513184,jogging
4472392,1.643066,-0.523804,0.102051,197.753967,3.479005,-130.004883,jogging
4472408,1.061157,-0.653198,0.208618,154.968262,-45.288101,-82.092285,jogging
4472425,0.845093,-0.600708,0.236084,130.67627,-61.462418,-63.537613,jogging
4472442,0.531372,-0.471069,0.208008,102.600128,-66.772461,-33.447266,jogging
4472458,0.201782,-0.493286,0.162476,93.078644,-49.987808,-21.972656,jogging
4472475,-0.068359,-0.599243,0.231934,96.862823,-49.987808,-20.446777,jogging
4472492,-0.391602,-0.668457,0.306641,81.054688,-0.854492,-34.729004,jogging
4472508,-0.164429,-0.822388,0.37207,85.632324,-12.817387,-10.375977,jogging
4472525,-0.371582,-1.03772,0.418457,41.015625,-55.542007,36.437988,jogging
4472542,-0.682739,-0.959106,0.362793,18.066406,-40.222168,45.898453,jogging
4472558,-0.541626,-0.784912,0.254272,-5.798342,-5.187988,65.368652,jogging
4472575,-0.319336,-0.805542,0.251587,-41.137695,2.502441,97.595245,jogging
4472592,-0.209839,-0.696533,0.219116,-74.462891,44.555679,105.834991,jogging
4472608,0.088745,-0.709473,0.166992,-85.998535,64.147949,104.553253,jogging
4472625,1.05127,-0.925781,-0.054077,-126.64798,70.800781,100.097687,jogging
4472642,1.922974,-0.875732,-0.087646,-192.993225,42.114258,96.740753,jogging
4472658,2.20752,-0.593628,0.122681,-228.08844,35.644531,99.975616,jogging
4472675,2.573364,0.092651,0.300781,-240.478577,80.810547,94.604523,jogging
4472692,3.093018,-0.171997,0.160889,-168.579102,145.812988,49.377457,jogging
4472708,3.257202,-0.527344,-0.158081,-153.137207,97.351105,29.663094,jogging
4472725,2.907227,-0.463867,-0.285034,-156.188965,44.433609,37.04834,jogging
4472742,2.049194,0.251343,-0.348389,-128.90625,-46.020523,43.579102,jogging
4472759,1.538208,0.463623,-0.331909,-91.247589,-98.754913,57.922379,jogging
4472775,1.346924,0.410034,-0.2854,-83.862305,-109.069855,70.007324,jogging
4472792,0.995972,0.357666,-0.18335,-90.637238,-101.745636,73.486328,jogging
4472809,0.811401,0.370483,-0.106934,-95.703156,-81.726074,68.54248,jogging
4472825,0.741211,0.331543,-0.035156,-101.379425,-67.565918,76.35498,jogging
4472842,0.52124,0.400391,0.095825,-117.553741,-40.710449,89.172394,jogging
4472859,0.375244,0.625732,0.143311,-114.746124,-25.146492,92.224152,jogging
4472875,0.186279,0.82666,0.147217,-84.716797,-15.380863,79.956055,jogging
4472892,0.061157,0.859741,0.127563,-64.51416,-11.169437,70.678711,jogging
4472909,-0.085327,0.797241,0.080811,-40.710449,4.089355,59.021011,jogging
4472925,-0.015381,0.875122,0.053101,-22.52198,11.901859,39.18457,jogging
4472942,0.055908,0.919678,0.045166,-9.338379,10.742188,28.259285,jogging
4472959,0.173706,0.95459,0.028442,16.723633,7.690432,2.685547,jogging
4472975,0.240845,0.98584,-0.044434,40.100098,11.413578,-20.996094,jogging
4472992,0.546021,0.874756,-0.105835,61.645523,26.245125,-47.607437,jogging
4473009,0.805908,0.788086,-0.130737,71.411133,34.423828,-63.110367,jogging
4473025,1.309326,0.687012,-0.156006,85.571289,36.376953,-101.379425,jogging
4473042,1.842163,0.71521,-0.304321,90.393097,35.095215,-132.568359,jogging
4473059,2.150879,0.818237,-0.38147,90.759308,32.592773,-138.366699,jogging
4473075,2.950073,0.909668,-0.420776,133.483887,28.808601,-129.272461,jogging
4473092,3.472046,0.102661,-0.305908,175.720215,6.774904,-128.662109,jogging
4473109,3.156128,-0.671143,-0.009644,170.349121,-19.470215,-131.469727,jogging
4473125,2.787231,-0.830322,0.052612,159.606934,-21.30127,-130.67627,jogging
4473142,2.139282,-0.672119,-0.020386,142.883301,5.798342,-129.516602,jogging
4473159,1.819336,-0.466675,-0.112183,154.296875,30.517586,-116.027863,jogging
4473175,1.728271,-0.420532,-0.123047,165.710449,23.681648,-104.919464,jogging
4473192,1.432251,-0.366333,-0.000244,141.357422,-21.362305,-62.56105,jogging
4473209,0.993164,-0.231323,0.149414,106.140167,-65.795898,-29.968269,jogging
4473225,0.576904,-0.122559,0.203369,83.251953,-68.481445,-17.089844,jogging
4473242,0.407837,-0.106567,0.192261,79.284668,-60.42482,-17.883301,jogging
4473259,0.119751,-0.207397,0.209229,81.176758,-46.203629,-31.494148,jogging
4473275,-0.019043,-0.40271,0.299438,69.641113,-43.579102,-34.790039,jogging
4473292,-0.168213,-0.463135,0.347412,56.64064,-37.475586,-28.259285,jogging
4473309,-0.48291,-0.45813,0.351929,43.457031,-5.310059,-27.282722,jogging
4473325,-0.266235,-0.62561,0.329102,20.874023,-11.108402,19.836426,jogging
4473342,-0.374634,-0.503052,0.275024,4.638672,-21.42334,42.175293,jogging
4473359,-0.399414,-0.476807,0.272095,-0.183106,-13.366703,53.222672,jogging
4473376,-0.270996,-0.568604,0.285156,-17.089844,6.408693,70.617676,jogging
4473392,0.183105,-0.724487,0.162842,-34.301758,30.33448,77.270508,jogging
4473409,0.529907,-0.848999,0.037598,-45.104996,37.719727,76.782227,jogging
4473426,1.217041,-1.083496,-0.126953,-88.439941,48.950211,75.683594,jogging
4473442,1.740723,-0.844604,0.078613,-160.888672,60.363785,81.90918,jogging
4473459,1.970703,-0.550171,0.102051,-178.772034,85.021973,85.021973,jogging
4473476,2.448364,-0.400146,-0.049805,-143.981934,154.11377,74.157715,jogging
4473492,2.98584,-0.744751,-0.455688,-115.783722,164.428711,62.133804,jogging
4473509,2.833252,-0.566895,-0.780762,-111.02298,73.303223,77.026367,jogging
4473526,2.509766,-0.296387,-0.791626,-110.656769,20.385742,79.528809,jogging
4473542,2.002686,0.12207,-0.563843,-108.581573,-42.053223,81.90918,jogging
4473559,1.641479,0.399292,-0.226807,-114.257843,-63.354507,92.041046,jogging
4473576,1.425781,0.528564,-0.130615,-113.586456,-57.800308,85.205078,jogging
4473592,1.157349,0.625366,-0.131592,-104.736359,-31.311043,65.490723,jogging
4473609,1.194336,0.513306,-0.118408,-98.632843,-26.733406,61.218277,jogging
4473626,0.933594,0.563965,-0.08252,-103.33255,-42.602539,64.453125,jogging
4473642,0.793091,0.647583,-0.060181,-99.609406,-55.297867,62.927261,jogging
4473659,0.459839,0.829224,-0.013306,-74.035645,-69.030762,41.931152,jogging
4473676,-0.006592,0.809937,0.044922,-36.193848,-60.30275,25.451668,jogging
4473692,-0.151855,0.721436,0.039673,-29.296883,-45.410172,26.062019,jogging
4473709,-0.232544,0.657471,-0.027222,-24.353035,-17.211914,18.493652,jogging
4473726,-0.210327,0.723999,-0.035645,-12.878422,-2.502441,2.075195,jogging
4473742,-0.192017,0.828735,-0.012451,1.281738,4.394531,-16.113281,jogging
4473759,-0.176025,0.863403,-0.011963,11.413578,12.146,-26.367195,jogging
4473776,-0.016113,0.800293,-0.065796,31.616219,42.480469,-45.410172,jogging
4473792,0.444214,0.725098,-0.145752,45.043961,63.964859,-68.603516,jogging
4473809,0.74231,0.721924,-0.136719,51.330582,69.152832,-81.604004,jogging
4473826,1.324829,0.86853,-0.131958,56.213394,70.43457,-110.107452,jogging
4473842,2.138062,1.259399,-0.197388,60.668961,74.34082,-126.953156,jogging
4473859,3.484375,1.164673,-0.195068,134.155273,73.852539,-114.379913,jogging
4473876,3.879395,0.669312,-0.161011,158.081055,59.204117,-119.323761,jogging
4473892,3.779175,-0.131836,0.081787,161.315918,-15.808109,-142.211914,jogging
4473909,2.803589,-0.602539,0.110596,151.123047,-36.315918,-157.043457,jogging
4473926,2.265015,-0.575562,-0.00708,147.155762,-11.108402,-152.770996,jogging
4473943,1.94751,-0.293091,-0.187988,168.273926,24.53614,-148.55957,jogging
4473959,1.696655,-0.382446,-0.065186,191.406311,31.677254,-100.097687,jogging
4473976,1.346802,-0.408325,-0.00061,146.057129,-18.005371,-53.222672,jogging
4473993,1.149658,-0.311035,-0.003052,122.74173,-37.109375,-34.606934,jogging
4474009,0.804565,-0.159302,0.00647,97.656281,-55.236832,-8.850098,jogging
4474026,0.457642,-0.227661,0.087891,86.303711,-51.086441,-2.685547,jogging
4474043,0.312378,-0.271606,0.125854,82.519531,-46.325699,-5.371094,jogging
4474059,0.155273,-0.342285,0.200684,82.214355,-43.395996,-15.808109,jogging
4474076,-0.230591,-0.565918,0.32605,74.768066,-23.315437,-9.94873,jogging
4474093,-0.465454,-0.623535,0.319702,70.19043,1.464844,-26.550301,jogging
4474109,-0.143311,-0.927979,0.370239,56.030289,-26.30616,29.174812,jogging
4474126,-0.473389,-0.803345,0.296143,11.169437,-38.574219,46.203629,jogging
4474143,-0.480225,-0.601929,0.328247,6.225588,-17.028809,64.27002,jogging
4474159,-0.384521,-0.667236,0.364502,1.586915,-5.493164,76.171875,jogging
4474176,-0.153564,-0.854614,0.424561,-27.038582,24.108894,90.942413,jogging
4474193,0.539185,-0.880981,0.38916,-60.54689,52.978531,87.646484,jogging
4474209,0.993286,-0.909668,0.23938,-81.115723,54.50441,85.083008,jogging
4474226,1.854736,-0.959961,-0.155396,-139.160156,43.762207,84.411621,jogging
4474243,2.372437,-0.511108,-0.086792,-214.782776,48.70607,98.754913,jogging
4474259,2.752563,0.098267,-0.094604,-206.726135,94.665558,94.970734,jogging
4474276,2.932129,0.029053,-0.20105,-171.569824,110.778839,79.89502,jogging
4474293,2.805908,-0.591553,-0.569946,-147.460938,92.529327,50.415054,jogging
4474309,2.321289,-0.326904,-0.880127,-178.100647,26.977547,52.795425,jogging
4474326,2.156982,0.040039,-0.876221,-174.133301,-10.559082,53.283707,jogging
4474343,1.875122,0.380005,-0.625488,-142.700195,-89.172394,65.063477,jogging
4474359,1.460327,0.395264,-0.294434,-133.728027,-140.50293,80.01709,jogging
4474376,0.965698,0.503662,-0.090942,-128.662109,-146.54541,83.679199,jogging
4474393,0.804565,0.518921,-0.026245,-124.511749,-140.74707,92.956573,jogging
4474409,0.566406,0.448975,0.121582,-118.83548,-105.590851,112.609894,jogging
4474426,0.350708,0.516602,0.237549,-115.295441,-55.847183,116.760284,jogging
4474443,0.306641,0.609863,0.248779,-108.032257,-35.766602,114.013702,jogging
4474459,0.205933,0.768555,0.224121,-75.378418,-10.070801,99.30423,jogging
4474476,0.057129,0.771851,0.205444,-39.794922,11.047363,80.444336,jogging
4474493,-0.006104,0.766113,0.174194,-26.550301,29.602058,66.040039,jogging
4474509,-0.033569,0.82959,0.144043,-20.751953,36.865234,55.786148,jogging
4474526,0.02478,0.924927,0.008789,1.342773,52.001968,28.19825,jogging
4474543,0.219727,0.901733,-0.10144,26.245125,60.058609,-6.896975,jogging
4474576,0.439331,0.833618,-0.125122,50.659195,67.077637,-46.203629,jogging
4474593,0.797485,0.733276,-0.1427,64.880371,73.791504,-75.256348,jogging
4474610,1.285767,0.682495,-0.213501,73.791504,77.636719,-112.060577,jogging
4474626,1.569458,0.742188,-0.258057,74.401855,81.787109,-130.187988,jogging
4474643,2.383423,1.082764,-0.278809,85.632324,81.420898,-148.925781,jogging
4474660,3.568359,1.005615,-0.362793,166.687012,80.01709,-151.611328,jogging
4474676,3.903687,0.422729,-0.366211,198.059143,63.415543,-151.245117,jogging
4474693,3.533569,-0.562134,-0.048584,197.265686,8.117676,-169.189453,jogging
4474710,2.467163,-0.834717,0.062012,161.621094,4.150391,-169.372559,jogging
4474726,2.10022,-0.664917,0.017334,149.902344,43.945313,-160.461426,jogging
4474743,1.91626,-0.248047,-0.094971,168.945313,48.950211,-148.681641,jogging
4474760,1.720093,-0.267944,-0.088501,201.782288,38.085938,-111.084015,jogging
4474776,1.36084,-0.32019,0.066284,175.537109,-19.165039,-68.847656,jogging
4474793,1.082764,-0.320313,0.117188,147.521973,-40.405273,-46.875015,jogging
4474810,0.631836,-0.150513,0.120972,108.764679,-46.203629,-29.052742,jogging
4474826,0.372559,-0.108887,0.15625,103.271515,-26.733406,-25.207527,jogging
4474843,0.333252,-0.122681,0.156006,105.712921,-26.18409,-33.14209,jogging
4474860,-0.079224,-0.336426,0.265259,101.074249,-4.821777,-43.640137,jogging
4474876,-0.081543,-0.525635,0.334595,108.520538,-13.671879,-40.710449,jogging
4474893,-0.176758,-0.84729,0.463745,65.185547,-60.363785,15.563969,jogging
4474910,-0.519897,-0.840454,0.469971,45.410172,-63.476578,25.085457,jogging
4474926,-0.681396,-0.768677,0.387817,29.846199,-37.719727,42.419434,jogging
4474943,-0.476196,-0.681763,0.312012,-1.89209,-16.357422,69.763184,jogging
4474960,-0.397827,-0.594727,0.320068,-9.94873,-5.310059,80.13916,jogging
4474976,0.01001,-0.675049,0.396118,-12.146,20.263672,95.275909,jogging
4474993,0.807983,-1.054932,0.184814,-38.94043,30.639656,95.336945,jogging
4475010,1.76709,-1.363525,-0.347534,-98.327667,20.019531,95.153839,jogging
4475026,2.17395,-1.291382,-0.337891,-142.333984,18.005371,102.294952,jogging
4475043,2.557617,-0.573364,-0.111572,-190.429749,59.692398,120.178253,jogging
4475060,2.798096,-0.615234,-0.276367,-140.50293,141.296387,95.825226,jogging
4475076,2.996094,-0.911499,-0.468872,-137.451172,160.827637,78.613281,jogging
4475093,3.091919,-0.789307,-0.763916,-156.921387,93.750031,75.317383,jogging
4475110,2.373901,-0.120483,-0.638062,-149.169922,-22.583015,77.209473,jogging
4475126,1.681396,0.218262,-0.324707,-134.399414,-90.087921,75.927734,jogging
4475143,1.456421,0.32251,-0.174072,-132.202148,-105.407745,86.547852,jogging
4475160,0.943481,0.571777,-0.006104,-129.394531,-83.740234,92.895538,jogging
4475177,0.8479,0.643188,-0.006836,-116.882355,-39.550781,87.097168,jogging
4475193,0.949463,0.574219,0.035156,-109.741241,-22.52198,87.646484,jogging
4475210,0.822021,0.508301,0.177979,-115.112335,-14.343266,94.421417,jogging
4475227,0.543091,0.716064,0.26355,-117.187531,-9.70459,92.224152,jogging
4475243,0.263916,0.958374,0.240845,-84.472656,-1.281738,69.519043,jogging
4475260,0.103271,0.950562,0.227295,-61.523453,7.751467,58.593765,jogging
4475277,-0.033691,0.745483,0.164795,-38.696289,31.738289,46.875015,jogging
4475293,-0.08667,0.725342,0.02124,-29.663094,38.085938,23.803719,jogging
4475310,-0.111206,0.780273,-0.03833,-22.888191,35.522461,10.742188,jogging
4475327,-0.145752,0.894653,-0.07251,-7.934572,27.954109,-10.070801,jogging
4475343,-0.159058,0.951172,-0.11792,11.413578,32.958984,-17.63916,jogging
4475360,-0.112793,0.905884,-0.158203,28.137215,50.415054,-23.620613,jogging
4475377,0.149658,0.809692,-0.20752,33.691406,57.189957,-30.33448,jogging
4475393,0.705688,0.786011,-0.194214,53.100601,62.377945,-48.461929,jogging
4475410,1.628662,0.777832,-0.175293,72.021484,50.8423,-78.857422,jogging
4475427,2.208252,0.845093,-0.222656,78.063965,42.96875,-88.501007,jogging
4475443,3.543213,1.035156,-0.215332,115.17337,22.644051,-96.618683,jogging
4475460,3.996094,0.416992,-0.048706,171.569824,11.596684,-130.79834,jogging
4475477,3.907715,-0.056763,0.008423,182.190002,-6.95801,-155.761719,jogging
4475493,3.292114,-0.598389,0.174927,177.612366,-1.64795,-183.2276,jogging
4475510,2.516235,-0.476074,0.206787,175.109863,27.404793,-173.095703,jogging
4475527,2.045532,-0.440063,0.09375,195.617737,42.053223,-160.827637,jogging
4475543,1.898682,-0.418457,0.055664,216.003479,31.98243,-150.634766,jogging
4475560,1.440308,-0.523926,0.063721,226.562561,14.648441,-107.727081,jogging
4475577,1.029541,-0.634644,0.130371,166.931152,-46.752945,-63.232437,jogging
4475593,0.861206,-0.585205,0.133301,139.953613,-70.617676,-48.400894,jogging
4475610,0.502197,-0.403931,0.112305,110.351593,-82.763672,-24.780281,jogging
4475627,0.176147,-0.374146,0.167358,112.670929,-77.636719,-18.310547,jogging
4475643,-0.281738,-0.530151,0.264282,111.389191,-41.320801,-29.235847,jogging
4475660,-0.438965,-0.60437,0.305176,109.802277,-15.319828,-41.381836,jogging
4475677,-0.155884,-0.894531,0.402466,69.885254,-6.530764,12.329105,jogging
4475693,-0.261719,-0.801025,0.413574,24.963387,-40.527344,64.025879,jogging
4475710,-0.487061,-0.685547,0.3927,17.089844,-38.208008,71.472168,jogging
4475727,-0.466431,-0.723999,0.412842,3.723145,-17.211914,99.914581,jogging
4475744,-0.305298,-0.787842,0.390991,-24.719246,0.12207,118.591339,jogging
4475760,-0.048706,-0.749634,0.371338,-40.039063,20.324707,122.619659,jogging
4475777,0.197266,-0.811279,0.348022,-49.133316,28.930672,122.436554,jogging
4475794,0.900757,-0.973389,0.142822,-76.599121,37.04834,107.177765,jogging
4475810,1.723999,-1.076416,-0.137329,-128.051758,32.531738,90.515167,jogging
4475827,2.060181,-0.996216,-0.148804,-164.794922,29.724129,89.111359,jogging
4475844,2.421143,-0.449951,0.019775,-228.027405,53.833023,100.952179,jogging
4475860,2.628174,-0.062256,-0.046997,-205.566467,111.633331,84.716797,jogging
4475877,2.802002,-0.688477,-0.31665,-168.029785,129.699707,51.757828,jogging
4475894,2.709717,-0.817261,-0.426514,-182.312073,106.567413,45.654312,jogging
4475910,2.22229,-0.203979,-0.528198,-196.71637,34.484863,48.584,jogging
4475927,1.748047,0.391357,-0.472778,-156.921387,-26.489265,49.926773,jogging
4475944,1.556641,0.493164,-0.45166,-137.207031,-45.349136,59.082047,jogging
4475960,1.251953,0.498535,-0.386841,-114.074738,-56.762711,75.439453,jogging
4475977,0.972656,0.47522,-0.256714,-99.609406,-52.551285,67.077637,jogging
4475994,0.72998,0.425293,-0.063965,-102.111847,-32.958984,80.13916,jogging
4476010,0.602783,0.379517,0.014771,-108.886749,-16.845703,87.95166,jogging
4476027,0.380127,0.532227,0.096436,-112.060577,10.803223,92.651398,jogging
4476044,0.22583,0.709106,0.123169,-89.904816,32.592773,84.838867,jogging
4476060,0.108154,0.757935,0.11853,-72.021484,41.931152,76.293945,jogging
4476077,-0.113281,0.729736,0.108276,-40.344238,64.086914,60.974136,jogging
4476094,-0.1427,0.673828,0.053223,-25.634773,88.867218,52.307144,jogging
4476110,-0.11792,0.679688,0.002686,-18.920898,95.214874,47.729507,jogging
4476127,0.044189,0.72168,-0.143799,-5.737307,89.233429,40.161133,jogging
4476144,0.345459,0.823486,-0.207764,12.084965,59.692398,24.658211,jogging
4476160,0.516479,0.9823,-0.178833,37.475586,20.751953,3.234864,jogging
4476177,0.613892,0.994995,-0.118164,54.565445,9.277344,-12.756351,jogging
4476194,1.071533,0.849121,0.045532,81.115723,13.977055,-52.673355,jogging
4476210,1.782837,0.891602,0.069214,90.820343,24.658211,-92.468292,jogging
4476227,2.24707,1.018311,0.060913,101.44046,21.362305,-111.084015,jogging
4476244,3.360718,1.110107,0.138794,140.258789,4.394531,-129.882813,jogging
4476260,3.980957,0.544067,0.225586,196.472229,-14.099125,-154.23584,jogging
4476277,3.932373,-0.398193,0.631592,221.435608,-46.81398,-192.260803,jogging
4476294,3.572754,-0.794434,0.697632,218.38385,-46.264664,-204.040588,jogging
4476310,2.301147,-1.048218,0.56543,184.99762,2.624512,-207.824768,jogging
4476327,2.106445,-0.545166,0.304565,192.443909,28.564461,-189.453186,jogging
4476344,1.943604,-0.440186,0.237549,218.139709,30.395515,-169.73877,jogging
4476361,1.521484,-0.602417,0.256836,240.600647,12.329105,-120.483429,jogging
4476377,1.031494,-0.600098,0.294312,189.941467,-40.649414,-72.937012,jogging
4476394,0.615723,-0.40625,0.259521,151.123047,-66.28418,-45.104996,jogging
4476411,0.479248,-0.355591,0.223755,141.296387,-62.255875,-34.606934,jogging
4476427,0.299561,-0.382324,0.16687,131.713867,-46.447769,-25.390633,jogging
4476444,0.069458,-0.497559,0.193726,127.990753,-40.588379,-22.827156,jogging
4476461,-0.198364,-0.529907,0.214844,118.95755,-13.305668,-41.320801,jogging
4476477,-0.103638,-0.759033,0.319336,105.285675,-25.024422,-13.122562,jogging
4476494,-0.188721,-0.93689,0.300537,51.757828,-66.101074,32.897949,jogging
4476511,-0.550415,-0.75061,0.216919,19.287109,-51.147476,46.325699,jogging
4476527,-0.515869,-0.72876,0.225342,8.911133,-39.367676,57.006851,jogging
4476544,-0.455933,-0.77002,0.316284,-25.451668,-20.019531,79.772949,jogging
4476561,-0.402466,-0.682373,0.38269,-54.50441,17.822266,81.90918,jogging
4476577,-0.202148,-0.695923,0.392578,-65.307617,36.804199,84.289551,jogging
4476594,0.471436,-0.880981,0.276001,-90.454132,50.537125,83.190918,jogging
4476611,1.213867,-0.989746,0.023682,-137.268066,34.179688,78.125,jogging
4476627,1.910889,-0.72876,0.173706,-205.932678,23.803719,86.425781,jogging
4476644,2.187012,-0.425293,0.308228,-237.487854,35.888672,97.106964,jogging
4476661,2.651001,0.085205,0.312256,-226.684631,100.463898,102.111847,jogging
4476677,3.267944,-0.451416,-0.002686,-163.879395,146.240234,70.068359,jogging
4476694,3.350586,-0.756348,-0.196289,-162.353516,123.779327,61.218277,jogging
4476711,2.817993,-0.395264,-0.421143,-176.208496,32.043457,62.43898,jogging
4476727,2.144409,0.323364,-0.414429,-134.82666,-44.982925,60.180679,jogging
4476744,1.901978,0.425293,-0.411865,-109.802277,-70.495605,69.885254,jogging
4476761,1.509155,0.356079,-0.37207,-85.388184,-98.449738,84.777832,jogging
4476777,1.152588,0.274048,-0.27063,-88.745148,-113.403351,78.796387,jogging
4476794,0.842896,0.28418,-0.157227,-113.281281,-95.886261,90.393097,jogging
4476811,0.727295,0.314819,-0.082886,-120.483429,-70.800781,100.219757,jogging
4476827,0.5354,0.430298,0.036499,-130.187988,-26.062019,106.323273,jogging
4476844,0.412842,0.607056,0.096313,-123.352081,-0.915528,98.510773,jogging
4476861,0.321655,0.716187,0.083862,-110.595734,5.249023,90.209991,jogging
4476877,0.122314,0.804199,0.02356,-73.120117,10.681152,73.181152,jogging
4476894,0.012207,0.749756,-0.012695,-54.016129,10.009766,63.354507,jogging
4476911,-0.045898,0.886841,-0.026245,-41.870117,2.502441,47.790543,jogging
4476928,-0.069458,1.000244,-0.017334,-32.470703,-1.403809,38.635254,jogging
4476944,-0.078979,1.108521,0.000732,-3.906251,-2.990724,19.042969,jogging
4476961,-0.023804,1.069458,-0.022705,19.104004,3.845216,-3.295899,jogging
4476978,0.02063,1.039673,-0.065308,30.639656,12.02393,-18.188477,jogging
4476994,0.300903,0.9823,-0.082397,53.649918,32.348633,-50.8423,jogging
4477011,0.833008,0.849976,0.012085,75.500488,51.757828,-80.322266,jogging
4477028,1.535645,0.760986,-0.013062,79.833984,57.128922,-111.877472,jogging
4477044,1.960693,0.868774,-0.092285,80.871582,56.701675,-126.953156,jogging
4477061,3.067139,1.152344,-0.158813,117.675812,56.152359,-142.028809,jogging
4477078,3.951904,0.658325,-0.243774,184.143127,30.029305,-154.052734,jogging
4477094,3.997681,0.100708,-0.167114,196.899475,-7.812502,-159.912109,jogging
4477111,3.54126,-0.637329,0.176514,182.983459,-59.936539,-192.565979,jogging
4477128,2.490845,-0.45874,0.181885,158.508301,-33.752441,-200.317444,jogging
4477144,2.104614,-0.343506,0.049316,185.730042,23.132332,-205.688538,jogging
4477161,2.08667,-0.44751,0.022339,198.364319,41.381836,-194.213928,jogging
4477178,1.888306,-0.669556,-0.006348,206.481995,25.451668,-152.648926,jogging
4477194,1.356567,-0.748901,0.058838,155.334473,-44.982925,-108.520538,jogging
4477211,1.0448,-0.685181,0.083618,130.432129,-65.429688,-94.177277,jogging
4477228,0.613281,-0.483276,0.066895,100.280792,-67.138672,-68.359375,jogging
4477244,0.380371,-0.388916,0.033081,93.566925,-49.377457,-55.297867,jogging
4477261,0.134033,-0.436401,0.081909,89.050323,-40.893555,-43.09082,jogging
4477278,-0.098511,-0.435791,0.129761,83.129883,-24.902351,-49.133316,jogging
4477294,-0.209473,-0.558716,0.234619,76.477051,3.41797,-33.447266,jogging
4477311,-0.009155,-0.806152,0.324585,52.73439,-33.081055,32.531738,jogging
4477328,-0.215576,-0.791016,0.325317,37.17041,-44.494644,44.494644,jogging
4477344,-0.498535,-0.741821,0.321777,23.559578,-21.66748,63.842789,jogging
4477361,-0.31958,-0.778564,0.386108,-1.403809,1.953125,85.327148,jogging
4477378,-0.278809,-0.70752,0.391968,-11.535648,7.873537,107.666046,jogging
4477394,-0.116455,-0.630493,0.370483,-26.000984,30.33448,105.712921,jogging
4477411,0.427856,-0.710205,0.227173,-43.884277,43.945313,101.928741,jogging
4477428,1.175415,-0.821167,-0.096924,-81.420898,34.912109,97.106964,jogging
4477444,1.44812,-0.796387,-0.219727,-108.703644,27.893074,98.693878,jogging
4477461,1.719116,-0.479736,-0.163086,-168.273926,39.794922,110.839874,jogging
4477478,2.106567,0.015991,-0.037476,-202.63678,91.430695,120.178253,jogging
4477494,2.404663,0.12439,-0.040283,-191.223206,120.239288,113.952667,jogging
4477511,2.919189,-0.373657,-0.318115,-157.165527,139.221191,89.172394,jogging
4477528,2.753296,-0.589722,-0.468506,-183.654846,77.636719,69.824219,jogging
4477545,2.128906,0.038452,-0.489868,-188.537659,15.075687,50.781265,jogging
4477561,1.836914,0.285278,-0.464478,-168.762207,-3.906251,46.386734,jogging
4477578,1.416382,0.451904,-0.416626,-135.986328,-18.432617,70.19043,jogging
4477595,1.28479,0.596924,-0.486694,-108.520538,-18.005371,76.965332,jogging
4477611,1.292847,0.580444,-0.479004,-92.773468,-27.404793,75.683594,jogging
4477628,1.152832,0.391235,-0.314087,-85.021973,-54.50441,87.158203,jogging
4477645,0.787476,0.359375,-0.095093,-98.938019,-57.861343,105.468781,jogging
4477661,0.434937,0.564209,-0.007568,-99.365265,-40.771484,101.867706,jogging
4477678,0.315186,0.660278,0.026001,-88.928253,-27.709969,93.38382,jogging
4477695,0.070068,0.748535,0.080811,-59.143082,0.183106,69.763184,jogging
4477711,-0.088989,0.705078,0.069824,-44.555679,32.470703,59.448257,jogging
4477728,-0.07251,0.713135,0.046387,-39.672852,44.067383,51.391617,jogging
4477745,0.05188,0.792236,-0.000366,-23.132332,50.109879,30.700691,jogging
4477761,0.094849,0.898804,-0.018066,-4.394531,33.874512,12.207035,jogging
4477778,0.167358,0.938965,-0.050171,20.141602,19.104004,-3.41797,jogging
4477795,0.235718,0.883789,-0.056763,31.005867,18.005371,-10.864258,jogging
4477811,0.432373,0.755005,-0.079224,48.70607,36.193848,-33.813477,jogging
4477828,0.926147,0.645264,-0.07251,59.692398,62.622086,-65.124512,jogging
4477845,1.308594,0.654053,-0.05542,59.936539,65.063477,-80.26123,jogging
4477861,2.307983,0.829956,-0.090698,64.575195,55.847183,-98.510773,jogging
4477878,3.265503,0.891113,-0.124512,110.534698,24.16993,-104.492218,jogging
4477895,3.489014,0.318848,-0.123901,152.404785,-6.835939,-128.234863,jogging
4477911,3.354248,-0.049805,0.00647,164.001465,-16.723633,-144.40918,jogging
4477928,2.718872,-0.649902,0.207642,155.334473,-13.916019,-158.508301,jogging
4477945,2.218262,-0.51709,0.154541,134.765625,13.366703,-142.51709,jogging
4477961,2.134888,-0.420288,0.091431,141.479492,26.062019,-127.868683,jogging
4477978,2.008057,-0.429932,0.03064,170.10498,11.474613,-102.600128,jogging
4477995,1.578369,-0.51709,0.079468,159.729004,-23.071297,-58.593765,jogging
4478011,1.299438,-0.447998,0.07666,119.995148,-56.152359,-23.376472,jogging
4478028,0.886841,-0.227173,0.029175,111.26712,-57.678238,-12.26807,jogging
4478045,0.692017,-0.175537,-0.011475,106.262238,-48.950211,-0.732422,jogging
4478061,0.468262,-0.233643,-0.00061,102.661163,-36.92627,-2.380371,jogging
4478078,0.317017,-0.255737,0.048218,100.830109,-32.592773,-6.042482,jogging
4478095,0.040161,-0.35376,0.165039,93.811066,-33.14209,-11.291508,jogging
4478111,-0.101685,-0.493408,0.212402,74.523926,-36.865234,-8.911133,jogging
4478128,-0.16748,-0.547852,0.223267,62.866226,-41.07666,2.319336,jogging
4478145,-0.53064,-0.45459,0.214478,39.367676,-1.281738,-1.953125,jogging
4478162,-0.289795,-0.459106,0.316772,28.625496,-3.723145,22.827156,jogging
4478178,-0.430542,-0.449829,0.372559,-4.882813,-4.516602,42.602539,jogging
4478195,-0.459229,-0.366089,0.368896,-19.104004,6.774904,45.593277,jogging
4478212,-0.262695,-0.286987,0.328735,-33.630371,29.113777,51.452652,jogging
4478228,0.008911,-0.355957,0.210571,-44.494644,29.418953,54.199234,jogging
4478245,0.210083,-0.382568,0.126953,-53.771988,21.057129,53.649918,jogging
4478262,0.853027,-0.38562,-0.035645,-82.763672,-2.807618,54.62648,jogging
4478278,1.742676,-0.358398,-0.098389,-115.17337,-8.056641,80.383301,jogging
4478295,2.416138,-0.430542,-0.349731,-98.327667,55.114761,96.496613,jogging
4478312,2.68042,-0.718506,-0.453369,-79.589844,97.106964,75.866699,jogging
4478328,3.340698,-1.48291,-0.556641,-66.467285,126.220734,14.221195,jogging
4478345,3.079468,-1.151367,-0.846436,-90.393097,67.626953,38.818359,jogging
4478362,2.644165,-0.703247,-0.973022,-90.026886,16.845703,42.053223,jogging
4478378,1.997681,-0.235352,-0.841309,-83.007813,-59.326187,52.856461,jogging
4478395,1.654663,-0.091675,-0.533081,-95.764191,-90.881378,69.763184,jogging
4478412,1.336548,0.04541,-0.314941,-116.149933,-88.07373,69.885254,jogging
4478428,1.211548,0.105469,-0.243408,-126.953156,-76.904297,69.274902,jogging
4478445,0.852783,0.21582,-0.002441,-151.855469,-26.550301,78.430176,jogging
4478462,0.710571,0.573364,0.146729,-135.986328,10.986328,63.476578,jogging
4478478,0.638916,0.651245,0.202881,-125.549347,22.155769,64.51416,jogging
4478495,0.471558,0.760132,0.174805,-100.524933,30.33448,55.969254,jogging
4478512,0.330566,0.783936,0.081543,-64.147949,11.047363,42.724609,jogging
4478528,0.02356,0.743408,0.080811,-40.527344,-1.464844,36.315918,jogging
4478545,-0.11438,0.757813,0.085693,-32.592773,-0.366211,33.14209,jogging
4478562,-0.334229,0.834473,0.07666,-14.953617,9.765625,23.742683,jogging
4478578,-0.431763,0.924805,-0.01062,3.601075,26.245125,10.498047,jogging
4478595,-0.396973,0.944824,-0.057861,14.953617,32.409668,1.89209,jogging
4478612,-0.250488,0.858398,-0.080811,37.780762,44.250504,-13.977055,jogging
4478628,-0.054077,0.765137,-0.092529,47.546402,60.852066,-30.578621,jogging
4478645,0.108276,0.734497,-0.134888,51.391617,89.416534,-47.729507,jogging
4478662,0.891479,0.709961,-0.165527,45.959488,95.092804,-58.166519,jogging
4478678,2.628296,0.911011,-0.263062,37.475586,63.415543,-54.199234,jogging
4478695,3.983643,0.930176,-0.082886,59.387222,-25.512703,-62.43898,jogging
4478712,3.997681,0.518433,-0.007568,72.692871,-77.392578,-96.618683,jogging
4478729,3.381958,-0.614258,0.118042,88.378906,-68.115234,-171.325684,jogging
4478745,2.303833,-0.695801,0.169556,42.84668,54.443375,-193.664612,jogging
4478762,2.178711,-0.280029,0.039551,49.438492,105.590851,-193.847717,jogging
4478779,2.313599,-0.156494,-0.208252,142.272949,110.290558,-170.715332,jogging
4478795,1.997681,-0.531372,-0.239502,183.044495,38.574219,-113.03714,jogging
4478812,1.333862,-0.415649,-0.177734,157.348633,-32.653809,-64.941406,jogging
4478829,0.996826,-0.271606,-0.169189,143.310547,-52.429214,-50.59816,jogging
4478845,0.536499,-0.154297,-0.180542,124.084503,-41.992188,-33.691406,jogging
4478862,0.459595,-0.209351,-0.113281,105.957062,-10.314941,-25.939949,jogging
4478879,0.47876,-0.182617,-0.088135,101.379425,-11.291508,-27.343758,jogging
4478895,-0.040649,-0.238281,-0.044678,74.829102,54.321304,-27.343758,jogging
4478912,0.433838,-0.183594,-0.040161,100.891144,-2.380371,-21.057129,jogging
4478929,-0.012085,-0.43457,0.059082,90.332062,-48.400894,-0.305176,jogging
4478945,-0.195679,-0.5177,0.118652,79.406738,-54.565445,12.817387,jogging
4478962,-0.306885,-0.592529,0.220703,45.898453,-53.466812,30.33448,jogging
4478979,-0.585938,-0.676514,0.377686,29.296883,-43.457031,38.452148,jogging
4478995,-0.758179,-0.774902,0.481812,17.944336,-24.719246,44.433609,jogging
4479012,-0.780518,-0.86377,0.605713,-14.587406,26.794441,64.331055,jogging
4479029,-0.270996,-0.863525,0.567505,-24.597176,59.143082,89.538605,jogging
4479045,0.558472,-1.054321,0.375732,-48.767105,44.738785,105.285675,jogging
4479062,0.998779,-1.124512,0.206909,-76.782227,31.921394,110.595734,jogging
4479079,1.790649,-0.951782,0.338989,-147.583008,11.230473,127.868683,jogging
4479095,2.546021,-0.31665,0.407959,-201.721252,57.128922,140.563965,jogging
4479112,2.837646,-0.058716,0.313721,-190.91803,105.529816,126.89212,jogging
4479129,3.359741,-0.462158,-0.045166,-127.990753,155.212402,54.199234,jogging
4479145,3.226318,-0.783569,-0.385498,-118.713409,114.990265,36.132813,jogging
4479162,2.52356,-0.194336,-0.630859,-98.022491,24.230965,41.931152,jogging
4479179,2.161255,-0.043457,-0.63208,-77.392578,-10.864258,43.762207,jogging
4479195,1.685303,-0.120972,-0.479614,-71.228027,-54.870621,60.241714,jogging
4479212,1.336914,-0.042603,-0.284668,-103.759796,-68.786621,65.429688,jogging
4479229,1.160034,0.118896,-0.209961,-114.257843,-62.43898,57.678238,jogging
4479245,1.002686,0.280273,-0.115356,-121.459991,-46.875015,55.908218,jogging
4479262,0.943115,0.277954,0.013916,-125.488312,-35.217285,71.044922,jogging
4479279,0.704468,0.420044,0.127441,-129.02832,-37.475586,84.411621,jogging
4479295,0.590332,0.53894,0.147461,-124.511749,-35.095215,86.975098,jogging
4479312,0.339478,0.765747,0.110474,-90.087921,-36.254883,72.937012,jogging
4479329,0.073975,0.696289,0.094604,-50.109879,-32.409668,57.922379,jogging
4479346,-0.014404,0.619629,0.081787,-44.250504,-25.329597,55.236832,jogging
4479362,-0.117798,0.690186,0.028564,-41.19873,-13.610844,41.992188,jogging
4479379,-0.178955,0.868164,0.009521,-28.564461,-3.601075,21.728516,jogging
4479396,-0.203003,0.942505,0.020996,-20.690918,1.464844,11.840824,jogging
4479412,-0.21521,1.018677,0.015869,-1.464844,17.700195,-2.746582,jogging
4479429,-0.038574,0.917358,-0.045776,21.42334,37.475586,-19.470215,jogging
4479446,0.371338,0.85376,-0.075806,39.367676,53.283707,-41.442871,jogging
4479462,0.706909,0.812744,-0.04834,47.851578,60.30275,-53.405777,jogging
4479479,1.614502,0.819824,0.001099,54.199234,62.622086,-82.397461,jogging
4479496,2.703857,1.070435,0.009644,69.213867,52.795425,-114.92923,jogging
4479512,3.278931,1.172974,0.050415,88.806183,50.964371,-123.596222,jogging
4479529,3.962769,0.833862,0.053589,153.564453,41.19873,-163.208008,jogging
4479546,3.859497,-0.103638,0.167725,199.646057,5.004883,-206.237854,jogging
4479562,2.905273,-0.63269,0.390625,192.81012,-1.953125,-205.932678,jogging
4479579,2.444214,-0.63147,0.380249,183.960022,11.474613,-199.890198,jogging
4479596,2.136841,-0.562012,0.194824,188.049377,42.419434,-176.208496,jogging
4479612,2.021851,-0.529907,0.071899,217.346252,20.812988,-147.949219,jogging
4479629,1.761597,-0.608032,0.070557,222.656311,10.375977,-125.976593,jogging
4479646,1.186279,-0.726685,0.154663,177.734436,-19.592285,-76.965332,jogging
4479662,0.829468,-0.544556,0.131226,125.244171,-42.602539,-43.273926,jogging
4479679,0.56604,-0.419556,0.052246,99.975616,-46.569839,-21.606445,jogging
4479696,0.437988,-0.410034,0.044189,91.247589,-41.625977,-16.296387,jogging
4479712,0.219971,-0.39209,0.107056,88.378906,-44.738785,-14.099125,jogging
4479729,-0.234497,-0.422241,0.160034,80.078125,-0.549316,-30.21241,jogging
4479746,-0.132935,-0.5354,0.196411,76.904297,0.549316,-11.596684,jogging
4479762,-0.064453,-0.710938,0.227173,43.518066,-31.494148,35.705566,jogging
4479779,-0.572144,-0.650635,0.205811,19.714355,-31.433113,67.871094,jogging
4479796,-0.813599,-0.750488,0.250122,4.272461,1.464844,89.233429,jogging
4479812,-0.935669,-0.811035,0.278809,-13.000492,26.367195,99.853546,jogging
4479829,-1.008301,-0.755371,0.466064,-33.447266,101.19632,107.727081,jogging
4479846,-0.252686,-0.844849,0.621704,-44.79982,157.409668,111.14505,jogging
4479862,0.381226,-0.919678,0.6604,-64.086914,152.038574,105.773956,jogging
4479879,1.714355,-0.984497,0.337891,-93.017609,75.622559,100.097687,jogging
4479896,2.266113,-0.908447,0.126465,-120.422394,-10.925293,104.858429,jogging
4479913,2.020142,-0.562378,0.37561,-171.99707,-12.084965,90.454132,jogging
4479929,1.984863,-0.292847,0.492065,-193.481506,24.902351,75.134277,jogging
4479946,2.560303,-0.136963,0.513306,-164.550781,114.746124,39.855957,jogging
4479963,3.118286,-0.685181,0.1521,-149.475098,120.361359,32.653809,jogging
4479979,2.998169,-0.643311,-0.048462,-152.832031,85.144043,39.367676,jogging
4479996,2.425537,-0.125,-0.288086,-132.202148,10.864258,39.611816,jogging
4480013,1.93811,0.078247,-0.394287,-94.116241,-42.84668,32.104492,jogging
4480029,1.775635,0.034912,-0.345947,-91.49173,-60.485855,37.780762,jogging
4480046,1.484375,0.078125,-0.233032,-114.92923,-67.932129,44.372574,jogging
4480063,1.215332,0.273193,-0.139893,-130.615234,-59.692398,34.790039,jogging
4480079,0.880371,0.317749,-0.011597,-142.944336,-21.789551,37.475586,jogging
4480096,0.803345,0.349976,0.043213,-148.4375,3.234864,37.658691,jogging
4480113,0.709717,0.46521,0.127075,-150.878906,35.217285,33.691406,jogging
4480129,0.556763,0.635986,0.152832,-137.756348,44.67775,26.733406,jogging
4480146,0.446655,0.706543,0.148193,-124.145538,45.471207,20.263672,jogging
4480163,0.195313,0.722168,0.14209,-95.153839,41.381836,8.850098,jogging
4480179,-0.023804,0.700073,0.127808,-77.636719,38.330078,4.943848,jogging
4480196,-0.180054,0.75354,0.097168,-59.204117,38.208008,0.854492,jogging
4480213,-0.222046,0.794922,0.085693,-48.584,37.29248,-2.258301,jogging
4480229,-0.233765,0.910889,0.110352,-27.160652,30.151375,-6.469728,jogging
4480246,-0.161133,0.960205,0.112671,1.525879,20.690918,-5.249023,jogging
4480263,-0.122681,0.935547,0.119873,16.845703,16.601563,-6.652834,jogging
4480279,-0.006104,0.889038,0.175537,48.034683,20.874023,-12.756351,jogging
4480296,0.457642,0.886353,0.332642,69.702148,31.738289,-23.132332,jogging
4480313,1.543213,0.993652,0.5625,83.92334,26.123055,-40.100098,jogging
4480329,2.303345,1.151611,0.605713,93.688995,10.253906,-46.386734,jogging
4480346,3.643188,1.21167,0.604126,160.217285,-10.009766,-58.41066,jogging
4480363,3.959351,0.387817,0.63916,217.041077,-26.916512,-113.03714,jogging
4480379,3.809814,0.007446,0.712891,234.314026,-26.916512,-143.920898,jogging
4480396,2.991089,-0.615723,0.612183,243.347229,-5.004883,-161.987305,jogging
4480413,2.292236,-0.565186,0.346313,225.585999,17.63916,-158.996582,jogging
4480429,2.113403,-0.469482,0.097778,247.314514,7.446291,-132.202148,jogging
4480446,1.911865,-0.539917,0.06604,252.319397,-5.615236,-113.098175,jogging
4480463,1.424927,-0.560669,0.098999,227.661194,-27.282722,-73.059082,jogging
4480479,1.041504,-0.431274,0.062134,177.551331,-43.029785,-40.466309,jogging
4480496,0.905151,-0.345947,0.022339,156.494141,-44.189453,-28.991707,jogging
4480513,0.652344,-0.261353,0.005371,124.267609,-39.0625,-13.305668,jogging
4480530,0.471802,-0.221802,0.080566,105.163605,-33.325195,-13.488773,jogging
4480546,-0.078491,-0.306519,0.187988,83.190918,27.893074,-18.005371,jogging
4480563,-0.023926,-0.261963,0.185059,93.38382,30.517586,-28.503426,jogging
4480580,0.163696,-0.586914,0.272583,84.655762,2.746582,4.089355,jogging
4480596,-0.167603,-0.6875,0.297241,62.194839,-7.385256,15.502934,jogging
4480613,-0.280884,-0.675049,0.292847,48.522964,5.432129,21.30127,jogging
4480630,-0.360229,-0.606323,0.286499,41.992188,18.920898,31.738289,jogging
4480646,-0.434204,-0.682251,0.32312,28.808601,28.015144,47.119156,jogging
4480663,-0.43335,-0.706055,0.366455,15.625004,34.851074,53.405777,jogging
4480680,-0.187988,-0.751831,0.415527,-12.817387,45.898453,66.28418,jogging
4480696,0.352417,-0.84436,0.31958,-40.466309,33.813477,76.843262,jogging
4480713,1.028076,-0.911133,0.257935,-82.519531,0.671387,81.115723,jogging
4480730,1.353394,-0.856323,0.321533,-112.304718,-12.756351,82.458496,jogging
4480746,1.903198,-0.561279,0.503174,-170.288086,-1.64795,83.92334,jogging
4480763,2.430664,-0.28125,0.424316,-183.288635,65.979004,66.772461,jogging
4480780,2.710938,-0.367798,0.337036,-172.180176,97.717316,45.593277,jogging
4480796,2.984253,-0.657715,0.040039,-168.029785,107.605011,16.235352,jogging
4480813,2.485596,-0.289917,-0.176392,-171.508789,59.753433,13.732914,jogging
4480830,1.923096,0.040405,-0.33313,-132.080078,19.958496,15.136723,jogging
4480846,1.723755,0.020752,-0.333618,-118.347198,6.103518,27.954109,jogging
4480863,1.474731,0.097656,-0.320923,-114.746124,-8.178711,52.978531,jogging
4480880,1.369995,0.323242,-0.333252,-102.172882,-31.433113,53.894058,jogging
4480896,1.311523,0.326172,-0.290283,-98.266632,-45.654312,61.035172,jogging
4480913,1.019653,0.304321,-0.12793,-105.163605,-60.852066,80.078125,jogging
4480930,0.672974,0.419556,0.019287,-113.586456,-46.997086,93.38382,jogging
4480946,0.42395,0.59021,0.105713,-107.543976,-29.541023,90.698273,jogging
4480963,0.314209,0.674438,0.123901,-98.938019,-21.362305,85.754395,jogging
4480980,0.092285,0.794067,0.096313,-71.228027,-4.943848,71.472168,jogging
4480996,0.025879,0.775024,0.046387,-47.546402,5.737307,63.964859,jogging
4481013,0.049927,0.777222,0.023682,-39.123535,5.126953,58.898941,jogging
4481030,0.0802,0.887207,0.036865,-22.338875,-7.873537,47.302261,jogging
4481046,0.06189,0.982178,0.078735,0.976563,-13.854984,32.287598,jogging
4481063,0.154907,0.979614,0.035767,25.817879,-2.685547,10.620117,jogging
4481080,0.26062,0.939819,-0.008179,37.902832,8.666992,0.183106,jogging
4481097,0.706299,0.826294,-0.043823,60.180679,29.724129,-28.015144,jogging
4481113,1.382568,0.776123,0.049561,83.374023,27.832039,-67.443848,jogging
4481130,1.727051,0.776001,0.094482,88.439941,18.493652,-84.411621,jogging
4481147,2.572021,0.8125,0.097778,100.585968,2.380371,-108.337433,jogging
4481163,3.343628,0.645264,-0.014404,134.70459,-7.690432,-120.788605,jogging
4481180,3.594604,0.226074,0.063721,167.541504,-33.691406,-158.081055,jogging
4481197,3.533813,-0.095337,0.205078,184.99762,-48.767105,-174.377441,jogging
4481213,2.945801,-0.666138,0.395508,177.30719,-58.53273,-177.795471,jogging
4481230,2.383301,-0.706787,0.31897,156.738281,-43.701172,-167.236328,jogging
4481247,2.154175,-0.69104,0.217041,156.982422,-32.226563,-154.907227,jogging
4481263,1.754517,-0.604614,0.130127,176.513672,-28.991707,-137.878418,jogging
4481280,1.288574,-0.642578,0.18042,158.691406,-51.208511,-95.703156,jogging
4481297,1.019653,-0.588989,0.173828,121.337921,-69.824219,-57.312027,jogging
4481313,0.594849,-0.406738,0.132568,105.468781,-68.29834,-42.236328,jogging
4481330,0.334106,-0.349976,0.120728,86.730957,-50.903336,-18.310547,jogging
4481347,0.044678,-0.352051,0.157349,76.416016,-26.18409,-8.850098,jogging
4481363,-0.051392,-0.370972,0.188843,74.645996,-14.587406,-6.896975,jogging
4481380,-0.131348,-0.457764,0.251587,70.739746,-1.220703,2.13623,jogging
4481397,-0.176758,-0.58374,0.278198,61.157242,-9.460449,20.812988,jogging
4481413,-0.259399,-0.634033,0.300781,54.077164,-13.427738,31.555183,jogging
4481430,-0.421875,-0.687378,0.331909,39.978027,-7.934572,47.363297,jogging
4481447,-0.453125,-0.628052,0.367065,27.404793,4.882813,55.664078,jogging
4481463,-0.213135,-0.747437,0.371094,11.840824,11.047363,80.932617,jogging
4481480,-0.066895,-0.849243,0.336304,-10.131836,14.892582,96.679718,jogging
4481497,0.353516,-0.868652,0.237549,-35.888672,23.315437,100.830109,jogging
4481513,1.192139,-1.035522,0.168701,-68.786621,19.287109,92.041046,jogging
4481530,1.592651,-1.071167,0.131348,-100.219757,17.883301,85.81543,jogging
4481547,1.996582,-0.721436,0.180054,-170.898438,37.536621,85.510254,jogging
4481563,2.369141,-0.164063,0.111938,-185.24176,102.478058,73.852539,jogging
4481580,2.907715,-0.424072,-0.029663,-146.728516,121.276886,26.367195,jogging
4481597,2.936401,-0.697998,-0.129761,-141.662598,106.201202,21.179199,jogging
4481613,2.342285,-0.553467,-0.246338,-158.203125,52.246109,31.677254,jogging
4481630,1.680298,-0.022827,-0.377441,-137.878418,20.874023,28.747566,jogging
4481647,1.438965,0.050659,-0.417114,-119.384796,11.657719,32.104492,jogging
4481663,1.247681,0.11145,-0.454468,-106.201202,-2.197266,52.368179,jogging
4481680,1.174927,0.295898,-0.414795,-98.083527,-25.024422,62.072769,jogging
4481697,0.993896,0.281372,-0.314087,-101.684601,-46.020523,82.641602,jogging
4481714,0.84668,0.265015,-0.241333,-107.666046,-47.912613,96.130402,jogging
4481730,0.52478,0.340576,-0.096191,-117.797882,-24.902351,108.459503,jogging
4481747,0.389648,0.430664,0.003906,-116.699249,8.239746,105.163605,jogging
4481764,0.376709,0.484985,0.040527,-112.243683,19.348145,98.449738,jogging
4481780,0.427979,0.572998,0.070801,-92.956573,29.785164,75.927734,jogging
4481797,0.459717,0.541382,0.025635,-78.308105,24.475105,56.457535,jogging
4481814,0.406372,0.668579,-0.043335,-69.885254,8.666992,34.118652,jogging
4481830,0.355835,0.780029,-0.040771,-63.415543,1.342773,23.437508,jogging
4481847,0.236328,1.015137,0.001465,-46.447769,-6.103518,5.981447,jogging
4481864,0.151855,1.097412,0.008667,-17.211914,4.943848,-13.977055,jogging
4481880,0.220337,1.036499,-0.034302,-2.868653,17.700195,-27.465828,jogging
4481897,0.515259,0.930298,-0.121338,17.272949,36.92627,-56.884781,jogging
4481914,0.960205,0.872192,-0.071655,39.367676,44.311539,-84.838867,jogging
4481930,1.241333,0.843018,-0.061279,58.776871,45.715347,-116.577179,jogging
4481947,1.99646,0.815552,-0.067993,65.551758,44.738785,-126.831085,jogging
4481964,2.970947,0.877563,-0.030273,91.064484,41.19873,-120.361359,jogging
4481980,3.584839,0.461548,0.059937,144.836426,23.559578,-131.225586,jogging
4481997,3.637085,0.026123,0.18103,170.166016,2.441406,-144.165039,jogging
4482014,3.016479,-0.643677,0.341064,179.809631,-25.268562,-161.865234,jogging
4482030,2.223022,-0.47168,0.264282,168.945313,-3.173829,-168.457031,jogging
4482047,2.182617,-0.340088,0.159058,185.24176,-3.173829,-164.367676,jogging
4482064,1.895752,-0.462646,0.098389,213.073792,-20.080566,-142.211914,jogging
4482080,1.438477,-0.491943,0.086548,204.223694,-29.357918,-106.323273,jogging
4482097,1.023682,-0.407593,0.076538,160.827637,-52.978531,-73.120117,jogging
4482114,0.838501,-0.410156,0.086792,142.700195,-52.551285,-63.476578,jogging
4482130,0.533691,-0.422485,0.109253,110.900909,-28.259285,-53.466812,jogging
4482147,0.350708,-0.41748,0.127075,91.308624,0.183106,-48.645035,jogging
4482164,0.282227,-0.42981,0.144775,84.777832,9.643555,-44.555679,jogging
4482180,0.164307,-0.497803,0.154053,77.880859,12.573246,-36.071777,jogging
4482197,-0.07666,-0.666504,0.244507,63.354507,0.976563,-10.742188,jogging
4482214,-0.67395,-0.636475,0.36853,43.884277,51.879898,-6.95801,jogging
4482230,-0.708618,-0.582397,0.40625,35.949707,78.857422,-1.403809,jogging
4482247,-0.298584,-0.550537,0.378174,12.878422,74.768066,38.574219,jogging
4482264,-0.246948,-0.427856,0.287598,0.305176,56.213394,61.523453,jogging
4482281,-0.17395,-0.44104,0.272827,-0.12207,47.424332,73.242188,jogging
4482297,-0.005249,-0.61853,0.251343,-15.93018,28.259285,92.895538,jogging
4482314,0.371582,-0.739502,0.238159,-42.724609,27.832039,86.791992,jogging
4482331,1.126343,-0.862305,0.075684,-78.430176,17.76123,63.842789,jogging
4482347,1.512451,-0.907471,-0.015259,-102.661163,10.009766,57.861343,jogging
4482364,1.925659,-0.7146,0.212158,-160.400391,15.686039,66.345215,jogging
4482381,2.086792,-0.276367,0.34375,-184.753479,72.937012,61.889664,jogging
4482397,2.34314,-0.273071,0.326416,-171.936035,99.853546,49.804703,jogging
4482414,2.922119,-0.587036,0.051147,-151.733398,105.468781,46.69191,jogging
4482431,2.792603,-0.471802,-0.18689,-146.606445,34.301758,57.861343,jogging
4482447,2.017212,-0.073364,-0.315186,-123.291046,-23.620613,59.997574,jogging
4482464,1.657104,-0.012451,-0.328247,-109.680206,-30.517586,61.645523,jogging
4482481,1.243042,0.015991,-0.252075,-110.778839,-15.869144,71.411133,jogging
4482497,1.096558,0.158325,-0.15686,-128.051758,1.220703,72.753906,jogging
4482514,1.040894,0.187622,-0.114502,-139.648438,1.037598,77.270508,jogging
4482531,0.852417,0.165771,0.024902,-150.695801,10.253906,87.036133,jogging
4482547,0.723633,0.190796,0.211426,-162.963867,25.451668,91.918976,jogging
4482564,0.824585,0.320679,0.3302,-160.461426,30.21241,88.562042,jogging
4482581,0.850708,0.415649,0.335449,-151.000977,31.799324,78.796387,jogging
4482597,0.885376,0.527832,0.351929,-116.577179,19.65332,57.922379,jogging
4482614,0.768433,0.540894,0.32312,-96.496613,12.26807,44.79982,jogging
4482631,0.701904,0.582275,0.293457,-87.280273,12.146,37.04834,jogging
4482647,0.591797,0.697998,0.200684,-64.819336,10.070801,19.348145,jogging
4482664,0.454102,0.789307,0.122681,-38.818359,0.061035,-0.488281,jogging
4482681,0.364136,0.820068,0.093262,-26.611336,-4.699707,-8.422852,jogging
4482697,0.182129,0.856812,0.02832,-4.516602,-2.197266,-19.104004,jogging
4482714,0.137207,0.864014,-0.011719,21.911621,12.756351,-30.273445,jogging
4482731,0.366577,0.776245,0.008911,50.170914,27.404793,-46.569839,jogging
4482747,0.541748,0.726685,0.007568,60.913101,28.015144,-53.344742,jogging
4482764,0.987549,0.732422,0.057007,75.195313,17.944336,-69.702148,jogging
4482781,1.852783,0.900879,0.178101,86.303711,-4.089355,-78.796387,jogging
4482797,2.453979,1.01355,0.256348,107.2388,-19.348145,-75.866699,jogging
4482814,3.45166,0.642578,0.210693,173.706055,-29.785164,-84.289551,jogging
4482831,3.571533,-0.071411,0.459229,195.861877,-65.429688,-118.774445,jogging
4482847,2.950562,-0.599365,0.56958,193.359436,-60.913101,-134.94873,jogging
4482864,2.554199,-0.723999,0.490723,182.373108,-48.522964,-134.765625,jogging
4482881,2.200806,-0.514282,0.178955,164.18457,-39.855957,-129.394531,jogging
4482898,1.834473,-0.385132,0.039917,190.795959,-60.913101,-108.764679,jogging
4482914,1.549438,-0.483643,0.05896,190.002502,-68.786621,-91.857941,jogging
4482931,1.070557,-0.464966,0.102905,145.141602,-86.730957,-58.166519,jogging
4482948,0.75769,-0.291138,0.042603,112.91507,-85.998535,-34.667969,jogging
4482964,0.549927,-0.226196,-0.007202,97.29007,-70.922852,-20.385742,jogging
4482981,0.457153,-0.217773,-0.005493,92.590363,-62.805191,-17.211914,jogging
4482998,0.309692,-0.259277,0.067871,90.515167,-50.8423,-17.028809,jogging
4483014,0.20752,-0.451904,0.145752,88.684113,-53.649918,-15.014652,jogging
4483031,0.141846,-0.595459,0.17981,81.176758,-60.485855,-9.460449,jogging
4483048,-0.01123,-0.750977,0.240845,50.72023,-77.270508,4.150391,jogging
4483064,-0.256104,-0.705566,0.286255,21.30127,-81.604004,20.690918,jogging
4483081,-0.529175,-0.592773,0.295044,8.239746,-39.489746,15.93018,jogging
4483098,-0.382935,-0.62085,0.316406,6.042482,-31.98243,21.42334,jogging
4483114,-0.158813,-0.784668,0.419922,-36.437988,-39.733887,62.011734,jogging
4483131,-0.06665,-0.655396,0.369141,-77.270508,-27.404793,80.566406,jogging
4483148,0.134644,-0.621216,0.299316,-86.914063,-18.432617,85.449219,jogging
4483164,0.714722,-0.725952,0.040771,-106.323273,-7.995607,82.458496,jogging
4483181,1.352905,-0.852295,-0.149414,-145.263672,9.643555,80.01709,jogging
4483198,1.929199,-0.564453,-0.209717,-194.030823,20.263672,91.918976,jogging
4483214,2.127686,-0.332031,-0.319092,-195.373596,42.724609,99.792511,jogging
4483231,2.428101,-0.311157,-0.70813,-145.874023,89.294464,84.960938,jogging
4483248,2.593506,-0.80188,-0.94873,-106.323273,91.369659,68.969727,jogging
4483264,2.432373,-0.8125,-0.903564,-114.257843,63.598648,72.20459,jogging
4483281,1.802734,-0.150879,-0.818359,-127.136261,10.864258,84.106445,jogging
4483298,1.469238,0.36145,-0.779785,-103.698761,-7.08008,98.999054,jogging
4483314,1.499878,0.419189,-0.720337,-91.430695,-13.488773,107.482941,jogging
4483331,1.596924,0.379028,-0.53418,-83.374023,-39.550781,108.276398,jogging
4483348,1.365845,0.368408,-0.32959,-86.975098,-56.335464,107.11673,jogging
4483364,1.034302,0.419189,-0.173462,-97.229034,-39.672852,106.262238,jogging
4483381,0.897827,0.464478,-0.134521,-95.947296,-21.972656,103.820831,jogging
4483398,0.638184,0.634888,-0.073975,-92.712433,-1.098633,91.796906,jogging
4483414,0.420776,0.839111,0.004639,-70.861816,8.666992,73.791504,jogging
4483431,0.289917,0.858398,0.037231,-55.114761,12.451176,65.246582,jogging
4483448,0.04541,0.770996,0.070557,-39.367676,22.216805,51.757828,jogging
4483464,-0.108521,0.860596,0.06604,-30.151375,33.325195,28.32032,jogging
4483481,-0.235352,1.000854,0.047485,-9.521484,43.151855,2.807618,jogging
4483498,-0.277832,1.050171,0.042725,1.464844,46.752945,-8.239746,jogging
4483515,-0.219116,1.060669,0.04541,23.376472,51.086441,-22.827156,jogging
4483531,-0.025879,0.876099,-0.002441,41.748047,51.818863,-32.592773,jogging
4483548,0.082275,0.816406,-0.046997,47.912613,51.757828,-40.405273,jogging
4483565,0.522095,0.775635,-0.084351,61.950699,60.729996,-60.241714,jogging
4483581,1.568726,0.736816,-0.154663,69.335938,64.27002,-76.171875,jogging
4483598,3.001831,0.985107,-0.322632,79.528809,36.193848,-86.547852,jogging
4483615,3.624268,1.0177,-0.404907,104.797394,20.019531,-96.557648,jogging
4483631,3.996582,0.386841,-0.505249,136.291504,-28.625496,-146.66748,jogging
4483648,3.651123,-0.258911,-0.438354,153.259277,-42.96875,-194.458069,jogging
4483665,3.209717,-0.473511,-0.342041,147.338867,-37.780762,-207.092346,jogging
4483681,2.434082,-0.373047,-0.270142,142.63916,4.272461,-214.233459,jogging
4483698,2.048218,-0.395996,-0.219116,170.837402,37.719727,-200.988831,jogging
4483715,1.800903,-0.487183,-0.171143,182.434143,41.015625,-163.818359,jogging
4483731,1.675659,-0.45459,-0.115845,169.677734,17.700195,-141.174316,jogging
4483748,1.284302,-0.374634,0.001099,150.57373,-39.672852,-101.623566,jogging
4483765,0.859741,-0.302124,0.10437,130.004883,-62.622086,-80.444336,jogging
4483781,0.70459,-0.281128,0.151245,122.619659,-60.180679,-72.692871,jogging
4483798,0.462402,-0.322021,0.231934,110.839874,-49.316422,-62.683121,jogging
4483815,0.228149,-0.42981,0.261597,96.496613,-38.513184,-53.833023,jogging
4483831,0.122681,-0.627197,0.289795,79.101563,-40.161133,-35.400391,jogging
4483848,-0.035645,-0.698242,0.347778,69.213867,-31.677254,-24.658211,jogging
4483931,-0.109619,-0.658813,0.490723,-15.991215,12.634281,78.918457,jogging
4483948,0.081299,-0.662354,0.484375,-20.690918,16.845703,64.941406,jogging
4483965,0.663818,-0.757568,0.276611,-44.372574,30.273445,70.983887,jogging
4483981,1.297119,-0.773682,-0.144775,-97.717316,33.996582,70.19043,jogging
4483998,1.685669,-0.410156,-0.236938,-161.804199,36.682129,90.881378,jogging
4484015,1.790161,-0.116821,-0.211548,-188.598694,49.560562,102.172882,jogging
4484031,2.084229,0.320679,-0.375244,-187.25592,113.525421,104.980499,jogging
4484048,2.685425,-0.118042,-0.72644,-137.695313,149.047852,91.308624,jogging
4484065,2.896973,-0.463745,-0.825195,-130.004883,130.67627,84.960938,jogging
4484082,2.669922,-0.417603,-0.901001,-149.475098,37.04834,81.970215,jogging
4484098,2.034058,0.335449,-0.884644,-118.164093,-26.42823,80.810547,jogging
4484115,1.703491,0.388062,-0.706909,-72.44873,-55.786148,92.834503,jogging
4484132,1.593994,0.282349,-0.591919,-66.101074,-65.368652,95.275909,jogging
4484148,1.338989,0.179443,-0.308716,-75.500488,-75.012207,99.365265,jogging
4484165,1.063232,0.220337,-0.086548,-94.726593,-64.819336,108.703644,jogging
4484182,0.95459,0.239502,-0.005127,-94.299347,-44.860855,111.999542,jogging
4484198,0.744995,0.32251,0.106323,-97.41214,-23.010262,108.947784,jogging
4484215,0.533691,0.50708,0.169189,-88.317871,-12.878422,95.64212,jogging
4484232,0.282837,0.599854,0.22876,-68.359375,-6.530764,86.364746,jogging
4484248,0.149658,0.599121,0.251709,-63.110367,-1.098633,85.205078,jogging
4484265,-0.055908,0.651367,0.21521,-58.53273,15.136723,78.491211,jogging
4484282,-0.109131,0.805664,0.112427,-46.93605,28.19825,60.30275,jogging
4484298,-0.115234,0.882813,0.095703,-37.841797,30.456551,49.255386,jogging
4484315,-0.143555,1.023193,0.078003,-21.911621,28.503426,29.602058,jogging
4484332,-0.127686,1.054077,0.021606,-5.310059,31.066902,12.939457,jogging
4484348,-0.000366,0.970459,-0.05188,9.643555,38.818359,-6.408693,jogging
4484365,0.133179,0.894409,-0.078735,15.380863,48.217789,-19.348145,jogging
4484382,0.742676,0.793335,-0.106934,22.705086,74.279785,-47.119156,jogging
4484398,1.60791,0.906372,-0.108032,28.930672,74.707031,-86.364746,jogging
4484415,2.119629,1.079834,-0.132813,35.583496,67.504883,-104.431183,jogging
4484432,3.41272,1.330322,-0.099487,74.21875,71.472168,-123.901398,jogging
4484448,3.99707,0.831177,-0.086182,153.747559,62.866226,-159.545898,jogging
4484465,3.753174,-0.27356,0.079346,208.374084,32.592773,-209.045471,jogging
4484482,3.31897,-0.690308,0.232056,206.6651,19.775391,-214.843811,jogging
4484498,2.234619,-0.691528,0.20459,180.236877,31.616219,-189.819397,jogging
4484515,2.077881,-0.373535,-0.030884,213.440002,28.686531,-163.574219,jogging
4484532,1.998779,-0.421387,-0.022095,230.1026,11.352543,-140.808105,jogging
4484548,1.507446,-0.493042,0.063599,222.900452,-21.850586,-83.618164,jogging
4484565,1.006104,-0.326172,0.074463,171.386719,-62.56105,-43.212891,jogging
4484582,0.813477,-0.258179,0.03894,136.779785,-77.819824,-18.127441,jogging
4484598,0.500122,-0.192139,0.02478,118.042023,-76.11084,-11.047363,jogging
4484615,0.300415,-0.202026,0.084839,95.275909,-53.710953,-7.690432,jogging
4484632,0.321167,-0.212646,0.123169,87.402344,-37.231445,-13.854984,jogging
4484648,0.262939,-0.270508,0.141113,81.604004,-30.029305,-9.765625,jogging
4484665,0.104492,-0.352295,0.166626,71.960449,-18.432617,-14.465336,jogging
4484682,0.142456,-0.579712,0.277588,57.373062,-47.851578,23.132332,jogging
4484699,-0.009644,-0.643799,0.346069,46.325699,-55.114761,36.621094,jogging
4484715,-0.330322,-0.649536,0.382568,30.639656,-32.165527,41.015625,jogging
4484732,-0.265015,-0.648926,0.461304,27.954109,-19.470215,50.903336,jogging
4484749,-0.359741,-0.707397,0.492676,11.901859,-8.422852,67.687988,jogging
4484765,-0.388794,-0.737671,0.494385,4.516602,1.403809,74.645996,jogging
4484782,-0.135132,-0.856323,0.360229,-4.760742,30.395515,85.021973,jogging
4484799,0.621094,-1.03064,0.09668,-20.263672,47.973648,87.097168,jogging
4484815,1.097534,-1.118164,0.03064,-42.358398,48.156754,86.303711,jogging
4484832,2.105835,-1.080933,0.236206,-126.098663,42.907715,97.045929,jogging
4484849,2.891357,-0.491699,0.200073,-185.424866,77.514648,107.177765,jogging
4484865,2.914795,-0.341797,-0.031738,-156.12793,156.12793,64.331055,jogging
4484882,3.031128,-0.505737,-0.242188,-144.836426,180.358948,34.484863,jogging
4484899,2.995483,-0.538208,-0.628052,-132.324219,152.648926,19.104004,jogging
4484915,2.408081,-0.213867,-0.801392,-122.924835,51.025406,18.432617,jogging
4484932,2.08728,-0.047729,-0.81604,-120.056183,-1.953125,21.484375,jogging
4484949,1.55835,0.207642,-0.757324,-114.868195,-73.608398,40.710449,jogging
4484965,1.09021,0.334717,-0.48938,-109.00882,-101.257355,52.001968,jogging
4484982,0.635498,0.287476,-0.224121,-119.689972,-84.655762,67.443848,jogging
4484999,0.582031,0.233154,-0.133301,-137.512207,-67.138672,80.566406,jogging
4485015,0.637451,0.239746,-0.060425,-158.935547,-23.193367,100.402863,jogging
4485032,0.591919,0.414185,-0.003784,-161.193848,-7.812502,104.797394,jogging
4485049,0.564209,0.503418,0.026123,-152.22168,-6.347658,101.867706,jogging
4485065,0.48999,0.668091,0.065308,-117.06546,-17.456055,80.078125,jogging
4485082,0.31311,0.614136,0.118286,-79.284668,-33.691406,72.387695,jogging
4485099,0.18335,0.512695,0.1604,-67.749023,-29.357918,73.486328,jogging
4485115,0.135132,0.547852,0.162109,-62.866226,-25.085457,67.749023,jogging
4485132,0.044312,0.685059,0.147095,-45.898453,-14.099125,48.339859,jogging
4485149,0.090088,0.818481,0.125488,-19.592285,-3.41797,21.362305,jogging
4485165,0.196167,0.853271,0.110352,-4.089355,2.197266,9.338379,jogging
4485182,0.425659,0.851196,0.02063,25.878914,1.342773,-15.747074,jogging
4485199,0.649536,0.838867,-0.090698,44.67775,-10.192871,-47.363297,jogging
4485215,0.799316,0.839844,-0.204712,56.579605,-1.77002,-91.186554,jogging
4485232,1.172485,0.856323,-0.230713,52.185074,9.58252,-113.342316,jogging
4485249,1.779541,1.132202,-0.296753,43.273926,40.527344,-146.42334,jogging
4485266,2.547119,1.453613,-0.321899,69.458008,69.946289,-160.400391,jogging
4485282,2.843994,1.2854,-0.352905,108.215363,82.580566,-171.936035,jogging
4485299,3.210571,0.422363,-0.271729,154.541016,101.867706,-188.781799,jogging
4485316,3.21521,-0.169067,-0.187256,170.593262,85.9375,-209.228577,jogging
4485332,3.066895,-0.400513,-0.143921,171.203613,65.551758,-212.707581,jogging
4485349,2.683838,-0.360474,-0.107178,165.405273,30.822762,-195.922913,jogging
4485366,2.216797,-0.141846,-0.086792,206.420959,1.708985,-169.128418,jogging
4485382,1.71228,-0.400391,0.047607,226.257385,-6.408693,-133.056641,jogging
4485399,1.492432,-0.495239,0.138062,202.148499,-22.460945,-116.149933,jogging
4485416,1.047607,-0.465332,0.191284,152.038574,-41.442871,-81.787109,jogging
4485432,0.699829,-0.417725,0.194458,115.661652,-33.508301,-55.969254,jogging
4485449,0.571777,-0.430908,0.218262,101.623566,-23.498543,-46.997086,jogging
4485466,0.343628,-0.464722,0.253052,83.435059,-4.150391,-36.315918,jogging
4485482,0.164185,-0.511597,0.255371,71.777344,5.798342,-25.634773,jogging
4485499,0.058594,-0.599121,0.254883,59.509293,1.708985,-1.281738,jogging
4485516,0.021606,-0.646729,0.304199,58.105484,-12.451176,9.277344,jogging
4485532,-0.43457,-0.57666,0.276245,46.630875,21.362305,10.131836,jogging
4485549,-0.213989,-0.741943,0.199341,44.67775,22.949226,52.978531,jogging
4485566,-0.152344,-0.763916,0.156006,25.695808,12.26807,75.500488,jogging
4485582,-0.248169,-0.567383,0.133423,0.0,10.620117,100.708038,jogging
4485599,-0.169434,-0.509766,0.197754,-22.27784,28.930672,126.709015,jogging
4485616,0.080566,-0.534668,0.252441,-41.748047,48.034683,130.065918,jogging
4485632,0.306763,-0.593018,0.203003,-50.415054,60.058609,125.000031,jogging
4485649,0.932129,-0.776978,-0.040894,-76.904297,64.819336,108.703644,jogging
4485666,1.759644,-0.892578,-0.126831,-136.047363,38.208008,103.149445,jogging
4485682,2.090576,-0.761475,0.069824,-174.743652,33.081055,111.02298,jogging
4485699,2.473999,-0.196289,0.338379,-216.24762,59.021011,118.225128,jogging
4485716,2.885254,-0.093994,0.072754,-179.626526,131.774902,75.317383,jogging
4485732,3.378662,-0.481567,-0.249512,-145.507813,114.990265,31.127937,jogging
4485749,3.171143,-0.456543,-0.325195,-146.42334,68.054199,32.165527,jogging
4485766,2.238525,0.164185,-0.510986,-136.59668,-12.02393,39.489746,jogging
4485782,1.531006,0.506958,-0.696167,-90.393097,-44.67775,49.865738,jogging
4485799,1.308472,0.449707,-0.678833,-82.580566,-53.527847,59.753433,jogging
4485816,0.981934,0.320435,-0.454712,-97.900421,-52.673355,61.035172,jogging
4485832,0.733521,0.394775,-0.226074,-111.206085,-39.978027,50.415054,jogging
4485849,0.652466,0.316162,-0.029541,-116.027863,-25.268562,65.246582,jogging
4485866,0.598022,0.290405,0.04187,-121.582062,-19.65332,74.951172,jogging
4485883,0.465454,0.432251,0.078369,-126.037628,-13.061527,85.9375,jogging
4485899,0.435425,0.629028,0.124512,-98.999054,-13.061527,84.838867,jogging
4485916,0.391724,0.705322,0.123413,-77.026367,-15.93018,76.35498,jogging
4485933,0.268311,0.687744,0.090942,-32.104492,-18.981934,56.823746,jogging
4485949,0.225708,0.582397,0.03125,-9.58252,-6.347658,41.687012,jogging
4485966,0.218506,0.60144,0.003662,-2.624512,-0.488281,31.005867,jogging
4485983,0.203491,0.745972,-0.105469,12.878422,6.95801,7.873537,jogging
4486166,2.749634,-0.618164,0.317993,181.579651,-32.592773,-160.583496,jogging
4486183,2.240967,-0.455688,0.253296,146.179199,-7.934572,-150.695801,jogging
4486199,2.138794,-0.251831,0.184692,148.864746,-7.263186,-145.080566,jogging
4486216,1.747681,-0.289429,0.161499,166.992188,8.789063,-115.783722,jogging
4486249,1.119995,-0.245605,0.135132,89.904816,-21.606445,-57.800308,jogging
4486266,0.972412,-0.211182,0.124268,79.650879,-23.315437,-48.522964,jogging
4486283,0.730469,-0.173096,0.091553,65.429688,-20.324707,-35.583496,jogging
4486299,0.51355,-0.183472,0.072998,63.293472,-20.812988,-30.273445,jogging
4486349,-0.049927,-0.53418,0.24707,53.894058,-54.931656,1.342773,jogging
4486366,-0.497314,-0.618164,0.262085,51.452652,-23.071297,-2.868653,jogging
4486383,-0.443359,-0.703125,0.244995,53.955093,-16.113281,8.605957,jogging
4486399,-0.269775,-0.898193,0.209595,35.583496,-26.733406,49.499527,jogging
4486416,-0.455933,-0.75293,0.277222,0.427246,-18.981934,69.274902,jogging
4486433,-0.396729,-0.663452,0.342407,-17.211914,-14.587406,78.491211,jogging
4486450,0.013916,-0.65918,0.34082,-43.212891,1.708985,91.186554,jogging
4486466,0.591797,-0.8125,0.031372,-63.903824,26.42823,94.787628,jogging
4486483,1.386108,-0.804321,-0.155884,-97.351105,-4.272461,87.219238,jogging
4486500,1.799561,-0.640625,-0.127319,-122.680695,-30.395515,91.552765,jogging
4486516,1.993042,-0.041992,-0.109253,-155.517578,-47.668472,114.257843,jogging
4486533,1.837769,0.192993,-0.405029,-134.399414,27.954109,104.797394,jogging
4486550,2.10022,-0.022705,-0.548462,-115.539581,74.401855,82.824707,jogging
4486566,2.776733,-0.473145,-0.72522,-108.764679,91.49173,56.64064,jogging
4486583,2.640259,-0.249878,-0.812256,-111.755402,25.939949,61.706558,jogging
4486600,2.237793,-0.076538,-0.831299,-101.562531,-7.629396,58.715836,jogging
4486616,1.484863,0.005493,-0.817627,-78.308105,-29.357918,51.879898,jogging
4486633,1.268433,0.020142,-0.704834,-75.98877,-23.742683,59.265152,jogging
4486650,1.295532,0.067261,-0.526245,-82.580566,-27.526863,73.669434,jogging
4486666,1.275879,0.055786,-0.423462,-88.317871,-33.14209,83.618164,jogging
4486683,1.080933,0.093994,-0.210693,-102.417023,-35.949707,95.64212,jogging
4486700,0.791138,0.223999,-0.051392,-102.355988,-27.771004,93.200714,jogging
4486716,0.622925,0.291992,0.015869,-99.731476,-18.249512,90.148956,jogging
4486733,0.356323,0.447998,0.103027,-83.251953,2.929688,74.34082,jogging
4486750,0.13623,0.475464,0.092651,-63.110367,26.611336,65.368652,jogging
4486766,0.0625,0.482056,0.005615,-54.077164,44.79982,63.110367,jogging
4486783,0.055786,0.524536,-0.035522,-47.912613,46.081558,60.668961,jogging
4486800,0.034546,0.604248,-0.096436,-33.630371,33.26416,53.649918,jogging
4486816,0.009644,0.725586,-0.165894,-20.874023,8.117676,44.250504,jogging
4486833,-0.029907,0.80188,-0.188232,-14.770512,-2.441406,38.94043,jogging
4486850,-0.094971,0.927612,-0.237305,0.305176,-4.699707,23.315437,jogging
4486866,0.039917,0.961304,-0.327148,16.845703,20.385742,-0.244141,jogging
4486883,0.565918,0.953125,-0.34082,33.26416,43.395996,-31.372078,jogging
4486900,0.940308,0.93335,-0.347656,40.222168,44.860855,-49.316422,jogging
4486916,1.785156,0.921753,-0.419434,51.269547,32.653809,-88.806183,jogging
4486933,2.685547,0.963989,-0.476318,55.480972,16.235352,-117.919952,jogging
4486950,3.117676,0.990112,-0.482788,64.941406,15.014652,-128.356934,jogging
4486966,3.581787,0.724121,-0.427368,102.600128,10.620117,-170.410156,jogging
4486983,3.447876,0.032471,-0.161865,132.629395,-4.821777,-207.458557,jogging
4487000,2.664429,-0.382446,-0.033569,124.75589,-11.596684,-211.914124,jogging
4487016,2.362549,-0.309937,-0.021362,119.323761,1.220703,-209.411682,jogging
4487033,2.299438,-0.167969,-0.067871,139.587402,-2.624512,-191.650452,jogging
4487050,2.021118,-0.300903,-0.071533,164.855957,-19.714355,-154.296875,jogging
4487067,1.783447,-0.362915,-0.055054,160.583496,-36.254883,-133.361816,jogging
4487083,1.186646,-0.476563,-0.01355,144.348145,-61.401382,-96.618683,jogging
4487100,0.666016,-0.485962,0.02356,117.797882,-54.870621,-75.256348,jogging
4487117,0.467163,-0.417358,0.0177,99.731476,-31.494148,-61.340347,jogging
4487133,0.413818,-0.404053,0.031494,98.571808,-22.033691,-54.260269,jogging
4487150,0.253906,-0.518555,0.09436,103.637726,-18.066406,-39.306641,jogging
4487167,-0.012451,-0.718384,0.202515,96.862823,-20.996094,-18.127441,jogging
4487183,-0.123779,-0.786987,0.254517,87.036133,-20.507813,-5.432129,jogging
4487200,-0.29895,-0.775391,0.350098,68.42041,-4.272461,23.437508,jogging
4487217,-0.374512,-0.667236,0.335327,71.960449,23.742683,25.512703,jogging
4487233,-0.238037,-0.769165,0.343872,66.467285,24.780281,81.848145,jogging
4487250,-0.19812,-0.818604,0.335938,24.353035,-1.77002,98.693878,jogging
4487267,-0.32666,-0.544922,0.329102,-11.779789,8.666992,117.675812,jogging
4487283,-0.019409,-0.453735,0.341309,-35.583496,40.222168,119.140656,jogging
4487300,0.245239,-0.469604,0.280273,-47.485367,51.086441,112.609894,jogging
4487317,0.883545,-0.481689,-0.049805,-77.453613,54.138199,92.773468,jogging
4487333,1.412964,-0.416992,-0.285889,-108.215363,41.625977,79.89502,jogging
4487350,1.526245,-0.359619,-0.233032,-131.652832,36.92627,79.89502,jogging
4487367,1.75415,-0.003052,-0.099487,-188.90387,64.147949,86.120605,jogging
4487383,2.380493,0.231567,-0.26416,-175.964355,132.141113,65.734863,jogging
4487400,2.917114,-0.441162,-0.559204,-136.901855,146.66748,21.850586,jogging
4487417,2.949341,-0.665527,-0.653442,-137.390137,122.680695,18.188477,jogging
4487433,2.487793,-0.372559,-0.758545,-128.78418,55.175797,33.569336,jogging
4487450,1.877319,-0.015137,-0.868042,-73.486328,4.638672,36.437988,jogging
4487467,1.689453,-0.053833,-0.882324,-53.161636,-12.451176,41.870117,jogging
4487483,1.526245,-0.077881,-0.767456,-54.260269,-45.654312,61.645523,jogging
4487500,1.327148,0.128418,-0.502075,-70.007324,-66.955566,68.786621,jogging
4487517,1.05603,0.164063,-0.247925,-88.439941,-62.43898,86.364746,jogging
4487533,0.938232,0.148438,-0.15625,-101.19632,-49.499527,95.153839,jogging
4487550,0.756592,0.248901,-0.03186,-118.530304,-10.314941,98.571808,jogging
4487567,0.637939,0.457397,-0.004395,-114.257843,5.981447,90.576202,jogging
4487583,0.571167,0.554443,-0.008911,-101.684601,3.967286,80.444336,jogging
4487600,0.342407,0.607422,-0.001831,-71.533203,-5.554201,62.377945,jogging
4487617,0.112915,0.573608,0.057983,-63.354507,-11.535648,58.349625,jogging
4487634,-0.067139,0.645508,0.066162,-56.3965,-5.249023,52.856461,jogging
4487650,-0.114258,0.697021,0.05835,-51.025406,0.915528,47.058121,jogging
4487667,-0.120972,0.812866,0.01355,-34.606934,12.756351,29.052742,jogging
4487684,0.000977,0.871582,-0.056763,-12.390141,13.793949,5.249023,jogging
4487700,0.059814,0.867798,-0.084961,-2.563477,11.779789,-5.859377,jogging
4487717,0.245117,0.829834,-0.112915,11.779789,16.418457,-24.841316,jogging
4487734,0.618408,0.766479,-0.126465,23.132332,39.855957,-51.452652,jogging
4487750,1.241333,0.746216,-0.195068,38.330078,58.53273,-89.111359,jogging
4487767,1.592529,0.778809,-0.239746,43.640137,55.786148,-108.886749,jogging
4487784,2.395752,1.011963,-0.401245,56.213394,31.98243,-128.173828,jogging
4487800,3.087646,0.970093,-0.457153,114.501984,5.859377,-131.713867,jogging
4487817,3.183594,0.582397,-0.402222,136.474609,-6.713869,-144.287109,jogging
4487834,2.838623,-0.111816,-0.112549,151.794434,-21.362305,-168.518066,jogging
4487850,2.308838,-0.360352,-0.017578,130.310059,4.943848,-161.010742,jogging
4487867,2.259033,-0.269531,-0.063477,138.61084,31.066902,-145.690918,jogging
4487884,2.358032,-0.062134,-0.236938,143.371582,18.371582,-143.859863,jogging
4487900,2.028198,-0.160034,-0.200806,176.330566,-15.441898,-121.948273,jogging
4487917,1.40271,-0.218628,-0.084961,136.474609,-50.415054,-84.533691,jogging
4487934,1.122314,-0.164795,-0.056152,121.154816,-56.579605,-72.509766,jogging
4487950,0.720093,-0.19165,-0.002197,105.10257,-36.621094,-51.940933,jogging
4487967,0.55896,-0.294922,0.025269,90.576202,-9.887695,-38.269043,jogging
4487984,0.508057,-0.329224,0.042603,85.266113,-2.868653,-33.325195,jogging
4488000,0.384033,-0.421265,0.104736,81.481934,-2.01416,-22.39991,jogging
4488017,0.199463,-0.633057,0.158203,76.11084,-16.723633,-4.150391,jogging
4488034,-0.046753,-0.819458,0.257446,63.293472,-33.630371,13.122562,jogging
4488050,-0.178467,-0.861572,0.298462,55.358902,-37.902832,24.230965,jogging
4488067,-0.540039,-0.744629,0.286133,40.039063,5.065918,26.245125,jogging
4488084,-0.124756,-0.754761,0.209351,45.898453,12.573246,55.297867,jogging
4488100,0.077881,-0.890381,0.241821,29.052742,-5.676271,92.834503,jogging
4488117,-0.018555,-0.811523,0.270752,-18.615723,-14.831547,118.896515,jogging
4488134,0.42041,-0.729004,0.232788,-48.889175,9.765625,123.535187,jogging
4488150,1.057739,-0.759155,-0.049438,-85.754395,24.597176,111.633331,jogging
4488167,1.297729,-0.702271,-0.25769,-106.018097,30.33448,100.280792,jogging
4488184,1.578369,-0.359619,-0.350464,-152.770996,40.039063,91.186554,jogging
4488200,1.785889,0.230957,-0.179688,-179.931702,59.814468,103.515656,jogging
4488217,1.913574,0.356812,-0.212646,-164.916992,78.125,100.097687,jogging
4488234,2.202393,-0.135376,-0.445801,-113.586456,98.266632,59.692398,jogging
4488251,2.236328,-0.709229,-0.701538,-106.933624,74.21875,36.865234,jogging
4488267,2.106201,-0.185181,-0.779175,-112.854034,20.629883,53.894058,jogging
4488284,1.95813,0.168579,-0.814209,-93.872101,-13.061527,56.457535,jogging
4488301,1.699951,0.212646,-0.838867,-49.438492,-60.974136,62.43898,jogging
4488317,1.477783,-0.053467,-0.672363,-57.556168,-81.298828,61.401382,jogging
4488334,1.331055,-0.020386,-0.553467,-72.570801,-80.627441,61.645523,jogging
4488401,0.597778,0.323364,-0.101685,-102.172882,-23.986824,76.293945,jogging
4488417,0.297485,0.576538,-0.047485,-81.115723,-18.493652,59.509293,jogging
4488434,0.071167,0.64502,-0.020142,-52.185074,-14.465336,47.729507,jogging
4488451,0.004272,0.634644,-0.010254,-44.494644,-11.962894,46.447769,jogging
4488467,-0.083252,0.65686,-0.012085,-31.066902,-4.882813,39.306641,jogging
4488484,-0.106079,0.721313,-0.027222,-14.953617,-0.061035,26.733406,jogging
4488501,-0.083374,0.752808,-0.049561,4.394531,4.455566,9.338379,jogging
4488517,-0.031372,0.783447,-0.091309,11.474613,6.774904,-0.976563,jogging
4488534,0.094971,0.830811,-0.146484,26.245125,16.052246,-22.216805,jogging
4488551,0.380615,0.793579,-0.155029,41.137695,30.21241,-47.302261,jogging
4488567,0.580933,0.768677,-0.16748,47.607437,37.29248,-63.110367,jogging
4488584,1.148438,0.747803,-0.276367,54.443375,43.457031,-97.106964,jogging
4488601,1.893433,0.847046,-0.487061,52.063004,38.330078,-125.488312,jogging
4488617,2.381348,1.004028,-0.62146,54.138199,25.085457,-130.432129,jogging
4488634,3.262695,0.770996,-0.723389,103.088409,6.469728,-140.869141,jogging
4488651,3.18396,0.116455,-0.468872,101.074249,-38.452148,-177.978577,jogging
4488667,2.40918,-0.220703,-0.322632,92.407257,-17.883301,-192.321838,jogging
4488684,2.21936,-0.21875,-0.303711,88.012695,6.225588,-191.528381,jogging
4488701,2.216431,-0.107666,-0.380737,104.064972,40.83252,-194.397034,jogging
4488717,2.202271,-0.223511,-0.438477,142.578125,35.27832,-182.678284,jogging
4488734,2.045776,-0.332031,-0.413818,141.723633,19.958496,-160.461426,jogging
4488751,1.543945,-0.513062,-0.30481,114.135773,-17.883301,-110.961945,jogging
4488767,1.009766,-0.393311,-0.243286,85.449219,-33.935547,-80.627441,jogging
4488784,0.797119,-0.274048,-0.214355,82.336426,-22.338875,-61.645523,jogging
4488801,0.723267,-0.27771,-0.199707,82.824707,-18.493652,-53.955093,jogging
4488817,0.490112,-0.350342,-0.103638,79.040527,-19.40918,-38.330078,jogging
4488834,0.203979,-0.456543,0.043945,65.063477,-21.911621,-16.845703,jogging
4488851,0.084717,-0.497314,0.114868,57.617203,-19.592285,-6.042482,jogging
4488868,-0.023071,-0.581543,0.201904,49.072281,-16.418457,9.521484,jogging
4488884,-0.26001,-0.696899,0.239014,35.217285,12.939457,20.874023,jogging
4488901,-0.142456,-0.585938,0.238892,52.795425,22.52198,19.287109,jogging
4488918,0.051636,-0.716675,0.318848,43.334961,4.699707,65.490723,jogging
4488934,-0.17395,-0.693726,0.379272,12.329105,-10.925293,101.257355,jogging
4488951,-0.052734,-0.62793,0.338013,-13.610844,12.878422,113.647491,jogging
4488968,0.178101,-0.650024,0.251709,-23.132332,19.165039,115.966827,jogging
4488984,0.67688,-0.661499,-0.016113,-45.532242,25.390633,115.17337,jogging
4489001,1.098267,-0.531982,-0.238159,-76.538086,29.785164,113.403351,jogging
4489018,1.416626,-0.263916,-0.263794,-121.765167,46.325699,119.445831,jogging
4489034,1.606445,-0.055664,-0.27417,-133.972168,62.744156,123.535187,jogging
4489051,2.051025,0.078003,-0.456665,-113.769562,101.013214,110.168488,jogging
4489068,2.525024,-0.346802,-0.73291,-74.523926,109.191925,82.214355,jogging
4489084,2.578735,-0.549805,-0.84021,-67.382813,91.980011,77.026367,jogging
4489101,2.22876,-0.449829,-0.926758,-72.387695,35.27832,73.059082,jogging
4489118,1.642944,-0.044189,-0.97876,-66.467285,-8.789063,63.354507,jogging
4489134,1.363037,0.071289,-0.861206,-58.227554,-23.010262,74.34082,jogging
4489151,1.319092,0.121216,-0.759521,-59.753433,-22.52198,81.542969,jogging
4489168,1.225464,0.096802,-0.594482,-65.368652,-19.775391,73.791504,jogging
4489184,1.107422,0.005127,-0.449341,-86.486816,-18.920898,80.13916,jogging
4489201,1.02832,0.014038,-0.374756,-98.510773,-7.08008,85.571289,jogging
4489218,0.882202,0.217163,-0.228638,-111.389191,9.58252,90.271027,jogging
4489234,0.683594,0.448486,-0.140259,-97.839386,11.718754,79.956055,jogging
4489251,0.581543,0.532715,-0.131226,-83.068848,7.568361,66.955566,jogging
4489268,0.366211,0.549805,-0.136597,-50.72023,-1.098633,43.273926,jogging
4489284,0.150879,0.50769,-0.072388,-46.386734,-4.272461,40.466309,jogging
4489301,-0.019409,0.674561,-0.05188,-41.137695,1.464844,33.569336,jogging
4489318,-0.070068,0.747437,-0.059204,-33.38623,6.469728,27.954109,jogging
4489334,-0.097046,0.828491,-0.090088,-12.573246,14.16016,11.718754,jogging
4489351,-0.036499,0.810791,-0.147827,11.169437,16.723633,-6.591799,jogging
4489368,0.030884,0.771729,-0.174805,21.789551,15.93018,-15.136723,jogging
4489384,0.260498,0.650024,-0.227539,40.039063,21.057129,-33.38623,jogging
4489401,0.713989,0.504517,-0.331177,53.161636,28.381355,-61.340347,jogging
4489418,1.415649,0.417114,-0.447998,46.752945,29.235847,-80.078125,jogging
4489435,1.866089,0.508301,-0.546387,35.27832,19.897461,-82.641602,jogging
4489451,2.891113,0.816284,-0.777832,60.180679,-3.845216,-78.979492,jogging
4489468,3.230591,0.168457,-0.575439,98.144562,-28.747566,-109.00882,jogging
4489485,3.072388,-0.227539,-0.403687,101.989777,-36.804199,-133.728027,jogging
4489501,2.455933,-0.61499,-0.259644,77.697754,-19.65332,-157.775879,jogging
4489518,2.075684,-0.380371,-0.306396,56.884781,25.024422,-143.188477,jogging
4489535,2.071045,-0.109619,-0.39856,88.623077,8.422852,-127.502472,jogging
4489551,1.880981,-0.156982,-0.384888,116.088898,-0.610352,-109.191925,jogging
4489568,1.435669,-0.338623,-0.305664,124.87796,-31.188972,-64.819336,jogging
4489585,1.074829,-0.331543,-0.256714,109.863312,-65.673828,-33.569336,jogging
4489601,0.895142,-0.297119,-0.221069,103.027374,-76.293945,-25.512703,jogging
4489618,0.619019,-0.216675,-0.161621,94.116241,-77.758789,-18.005371,jogging
4489635,0.444702,-0.22876,-0.080078,99.853546,-64.575195,-14.587406,jogging
4489651,0.25061,-0.348877,0.049316,104.858429,-45.837418,-15.136723,jogging
4489668,0.154907,-0.436768,0.119385,101.867706,-36.682129,-14.28223,jogging
4489685,0.007202,-0.595093,0.207764,84.716797,-25.268562,-8.056641,jogging
4489701,-0.143677,-0.681519,0.219482,57.312027,-15.93018,5.065918,jogging
4489718,-0.203003,-0.657959,0.239136,48.095718,-6.774904,8.911133,jogging
4489735,-0.146851,-0.628296,0.310181,39.245605,-1.281738,20.202637,jogging
4489751,-0.154907,-0.65332,0.360962,14.03809,8.728027,42.419434,jogging
4489768,-0.015869,-0.576172,0.365234,-4.760742,29.174812,41.870117,jogging
4489785,0.255249,-0.685791,0.376953,-17.822266,39.550781,57.861343,jogging
4489801,0.786987,-0.897705,0.181763,-60.729996,46.997086,64.575195,jogging
4489818,1.368286,-0.791748,-0.186768,-111.633331,39.978027,52.368179,jogging
4489835,1.640625,-0.594604,-0.253296,-135.375977,41.015625,61.035172,jogging
4489851,1.887207,-0.103638,-0.290527,-143.737793,60.913101,90.087921,jogging
4489868,2.050537,-0.227539,-0.313599,-97.717316,105.957062,71.899414,jogging
4489885,2.170654,-0.549683,-0.384888,-77.209473,118.286163,50.72023,jogging
4489901,2.208008,-0.852539,-0.670898,-69.274902,100.341827,35.644531,jogging
4489918,1.989624,-0.458862,-0.92041,-46.325699,35.949707,48.034683,jogging
4489935,1.50708,-0.29834,-0.902954,-9.460449,-32.653809,53.833023,jogging
4489951,1.303345,-0.313599,-0.826904,-4.821777,-52.673355,60.058609,jogging
4489968,0.996094,-0.263916,-0.685303,-15.93018,-56.945816,70.922852,jogging
4489985,0.822998,-0.129639,-0.574585,-39.245605,-45.410172,72.937012,jogging
4490002,0.821899,-0.090576,-0.551025,-60.058609,-38.330078,85.144043,jogging
4490018,0.845215,0.009521,-0.53479,-99.792511,11.779789,112.792999,jogging
4490035,0.901123,0.219849,-0.502563,-115.600616,36.376953,113.586456,jogging
4490052,0.918579,0.403198,-0.355225,-119.751007,29.785164,91.430695,jogging
4490068,0.8573,0.550537,-0.299561,-114.807159,14.404301,69.763184,jogging
4490085,0.534912,0.751709,-0.233887,-85.510254,-13.610844,26.367195,jogging
4490102,0.220093,0.70166,-0.186157,-76.660156,-7.324221,15.991215,jogging
4490118,0.158813,0.71167,-0.174805,-74.890137,1.708985,8.666992,jogging
4490135,0.128174,0.74353,-0.154785,-62.866226,16.479492,-8.422852,jogging
4490152,0.053711,0.709595,-0.136963,-44.372574,24.353035,-30.395515,jogging
4490168,0.10376,0.669312,-0.152832,-23.376472,26.916512,-52.673355,jogging
4490185,0.151611,0.653442,-0.190674,-11.657719,29.724129,-63.110367,jogging
4490202,0.262695,0.604126,-0.346191,11.169437,31.921394,-81.848145,jogging
4490218,0.651733,0.518555,-0.444824,29.357918,31.921394,-102.966339,jogging
4490235,0.994263,0.493286,-0.45874,35.339355,29.602058,-108.886749,jogging
4490252,1.904663,0.461304,-0.549561,35.400391,4.760742,-94.360382,jogging
4490268,2.686157,0.342529,-0.597656,56.884781,-25.024422,-76.11084,jogging
4490285,2.500366,-0.01709,-0.443848,59.692398,-48.584,-87.890625,jogging
4490302,2.267822,-0.19165,-0.407471,67.504883,-33.14209,-105.957062,jogging
4490318,2.178833,-0.250488,-0.321533,60.363785,13.183598,-116.577179,jogging
4490335,2.246582,-0.014404,-0.417847,86.05957,14.953617,-112.670929,jogging
4490352,2.175781,-0.053833,-0.478638,111.755402,-1.77002,-107.910187,jogging
4490368,1.758911,-0.361572,-0.494019,139.160156,-20.507813,-75.317383,jogging
4490385,1.365601,-0.446655,-0.394897,113.525421,-56.335464,-44.372574,jogging
4490402,0.959595,-0.300781,-0.335571,84.289551,-58.53273,-23.620613,jogging
4490418,0.824341,-0.224976,-0.282227,77.758789,-44.006348,-17.51709,jogging
4490435,0.751343,-0.186279,-0.147339,76.904297,-11.291508,-11.718754,jogging
4490452,0.664429,-0.307739,0.006226,75.317383,3.723145,-11.962894,jogging
4490468,0.572021,-0.380981,0.070923,69.030762,4.577637,-10.742188,jogging
4490485,0.361084,-0.499878,0.198608,47.485367,0.0,1.403809,jogging
4490502,0.158325,-0.500488,0.293335,26.855476,-1.464844,13.732914,jogging
4490518,0.085938,-0.464233,0.287476,22.827156,-1.525879,18.615723,jogging
4490535,-0.006714,-0.415405,0.230347,22.39991,2.685547,32.470703,jogging
4490552,0.011841,-0.369019,0.173584,25.207527,-3.112794,45.043961,jogging
4490568,-0.111328,-0.323364,0.149902,18.859863,15.014652,44.006348,jogging
4490585,-0.041504,-0.310303,0.125244,23.254402,14.587406,39.0625,jogging
4490602,0.29895,-0.569824,0.111328,-1.464844,18.493652,67.443848,jogging
4490619,0.584717,-0.650513,-0.162476,-30.700691,23.864754,53.649918,jogging
4490635,0.80127,-0.66748,-0.341431,-43.151855,24.658211,43.151855,jogging
4490652,1.239868,-0.576416,-0.464844,-79.162598,24.780281,31.738289,jogging
4490669,1.537476,-0.337891,-0.344727,-114.685089,49.072281,43.273926,jogging
4490685,1.708252,-0.194824,-0.376587,-114.013702,88.07373,35.339355,jogging
4490702,1.794922,-0.294678,-0.449707,-101.928741,107.055695,22.094727,jogging
4490719,2.015991,-0.598633,-0.616089,-85.083008,104.431183,-1.464844,jogging
4490735,1.993286,-0.418701,-0.726196,-89.538605,52.246109,7.812502,jogging
4490752,1.88501,-0.184448,-0.787354,-82.763672,18.615723,13.854984,jogging
4490769,1.586426,0.053955,-0.842773,-58.227554,-39.18457,20.324707,jogging
4490785,1.35791,0.062256,-0.786499,-51.452652,-63.842789,29.724129,jogging
4490802,1.179688,0.155029,-0.672363,-53.405777,-71.777344,24.841316,jogging
4490819,1.102661,0.172119,-0.582031,-57.739273,-69.396973,33.508301,jogging
4490835,0.949219,0.161621,-0.428711,-80.26123,-51.757828,57.189957,jogging
4490852,0.787354,0.216675,-0.300171,-91.73587,-21.057129,66.28418,jogging
4490869,0.697021,0.287964,-0.252563,-90.820343,-11.230473,61.767593,jogging
4490885,0.500488,0.439697,-0.194824,-74.768066,1.77002,41.503906,jogging
4490902,0.332397,0.481934,-0.166138,-43.884277,6.652834,15.93018,jogging
4490919,0.196533,0.350952,-0.168335,-33.081055,12.512211,16.845703,jogging
4490952,0.060425,0.384521,-0.186157,-31.494148,19.53125,20.263672,jogging
4490969,0.029419,0.463135,-0.179321,-23.071297,16.052246,15.136723,jogging
4490985,0.003662,0.48877,-0.17627,-18.676758,14.221195,11.779789,jogging
4491002,0.002563,0.528809,-0.21228,-6.225588,15.991215,0.610352,jogging
4491019,0.163696,0.475342,-0.321655,10.986328,24.53614,-9.643555,jogging
4491035,0.412842,0.378052,-0.325195,20.141602,30.700691,-22.094727,jogging
4491052,0.554199,0.386475,-0.289063,15.380863,29.907234,-28.930672,jogging
4491069,1.103271,0.580811,-0.347168,-2.685547,34.667969,-44.250504,jogging
4491085,2.203003,0.933228,-0.59082,16.662598,33.874512,-55.419937,jogging
4491102,2.719971,0.894897,-0.696045,53.710953,31.311043,-59.143082,jogging
4491119,2.966187,0.162354,-0.58667,89.233429,1.159668,-78.125,jogging
4491135,2.438721,-0.329468,-0.368774,79.467773,-11.718754,-121.276886,jogging
4491152,2.104126,-0.415283,-0.324463,69.519043,23.193367,-126.098663,jogging
4491169,1.821167,-0.14917,-0.424927,68.115234,46.447769,-119.751007,jogging
4491185,1.914795,-0.058228,-0.545654,111.633331,52.429214,-98.999054,jogging
4491202,1.853271,-0.190308,-0.466309,134.82666,26.550301,-63.476578,jogging
4491219,1.744141,-0.218628,-0.395996,126.464874,-0.976563,-44.738785,jogging
4491236,1.336914,-0.154053,-0.294312,101.562531,-39.306641,-20.019531,jogging
4491252,1.000244,-0.049683,-0.191772,85.998535,-36.499023,-15.014652,jogging
4491269,0.889282,-0.031128,-0.147827,84.228516,-26.245125,-14.221195,jogging
4491286,0.666626,-0.074097,-0.069336,86.181641,-5.920412,-12.451176,jogging
4491302,0.425293,-0.16333,0.03064,84.777832,4.882813,-10.620117,jogging
4491319,0.184204,-0.32666,0.126221,80.566406,-4.394531,5.859377,jogging
4491336,-0.088135,-0.380981,0.136963,65.124512,21.42334,-4.638672,jogging
4491352,-0.036377,-0.449829,0.123901,72.143555,3.173829,6.408693,jogging
4491369,-0.18811,-0.519409,0.164795,55.175797,-12.756351,25.390633,jogging
4491386,-0.24646,-0.496582,0.197266,54.931656,-22.460945,28.381355,jogging
4491402,-0.17688,-0.527466,0.323364,42.907715,-48.156754,47.363297,jogging
4491419,-0.218384,-0.526855,0.399414,11.108402,-61.462418,64.208984,jogging
4491436,-0.198364,-0.454224,0.387085,-10.803223,-34.484863,70.43457,jogging
4491452,-0.102905,-0.481201,0.306396,-14.465336,-10.925293,68.42041,jogging
4491469,0.372925,-0.669312,0.001831,-24.047859,27.771004,59.021011,jogging
4491486,0.973511,-0.754272,-0.130005,-72.08252,27.648933,57.678238,jogging
4491502,1.250488,-0.668823,-0.061646,-104.919464,25.451668,63.293472,jogging
4491519,1.54895,-0.278687,-0.047363,-137.329102,56.884781,81.115723,jogging
4491536,1.650757,-0.278198,-0.198608,-90.881378,143.920898,64.086914,jogging
4491552,2.143433,-0.908936,-0.375,-57.128922,201.232971,19.042969,jogging
4491569,2.375488,-0.988159,-0.527222,-59.631363,193.420471,20.935059,jogging
4491586,2.562988,-0.55127,-0.954346,-42.297363,111.206085,63.110367,jogging
4491602,2.234741,-0.250366,-0.936401,-1.77002,-4.943848,81.604004,jogging
4491619,2.004028,-0.27417,-0.781738,2.075195,-44.67775,84.655762,jogging
4491636,1.621094,-0.328735,-0.53772,-16.662598,-74.768066,86.914063,jogging
4491652,1.186279,-0.120483,-0.391968,-43.762207,-53.222672,73.608398,jogging
4491669,0.943726,-0.032959,-0.367188,-75.866699,19.470215,80.078125,jogging
4491686,0.966797,0.007813,-0.35083,-91.186554,60.485855,82.519531,jogging
4491702,1.144531,0.179077,-0.300049,-99.853546,80.627441,76.049805,jogging
4491719,1.09729,0.328857,-0.20874,-93.750031,44.738785,63.964859,jogging
4491736,0.937256,0.44751,-0.19519,-84.716797,20.629883,48.095718,jogging
4491752,0.506592,0.558472,-0.206177,-59.631363,-6.652834,28.19825,jogging
4491769,0.223999,0.594604,-0.18811,-58.53273,0.0,30.029305,jogging
4491786,0.159058,0.681396,-0.18457,-52.795425,11.779789,25.451668,jogging
4491803,0.055542,0.841064,-0.18396,-44.738785,16.357422,19.65332,jogging
4491819,0.030884,0.91333,-0.218262,-23.376472,16.601563,0.12207,jogging
4491836,0.061157,0.953003,-0.217163,-0.366211,6.896975,-18.615723,jogging
4491853,0.092651,0.939575,-0.206787,14.03809,2.258301,-27.221687,jogging
4491869,0.192505,0.840454,-0.167236,38.818359,-1.953125,-43.029785,jogging
4491886,0.388672,0.745972,-0.155273,63.720718,10.192871,-65.856934,jogging
4491903,0.626831,0.684204,-0.150635,74.768066,19.897461,-77.758789,jogging
4491919,1.640991,0.664551,-0.12793,86.120605,31.98243,-87.524414,jogging
4491936,3.161987,0.781006,-0.238525,135.986328,16.235352,-85.083008,jogging
4491953,3.968018,0.154053,-0.026978,183.593811,-33.508301,-110.961945,jogging
4491969,3.870972,-0.328735,0.159302,202.941956,-63.781754,-149.475098,jogging
4491986,3.118774,-1.210205,0.432373,180.603088,-87.097168,-177.002014,jogging
4492003,2.255127,-1.095581,0.381226,112.91507,-39.489746,-147.277832,jogging
4492019,2.037964,-0.82605,0.253052,112.609894,-18.920898,-144.042969,jogging
4492036,1.650024,-0.71875,0.150391,149.963379,10.375977,-125.976593,jogging
4492053,1.473755,-0.901367,0.170044,149.108887,2.441406,-79.040527,jogging
4492069,1.093262,-0.794922,0.151978,101.989777,-50.59816,-33.630371,jogging
4492086,0.880249,-0.670532,0.135864,83.92334,-65.612793,-18.920898,jogging
4492103,0.564453,-0.4552,0.06897,61.828629,-64.697266,1.098633,jogging
4492119,0.333984,-0.327759,0.019897,58.166519,-40.039063,7.568361,jogging
4492136,0.236572,-0.289063,0.028076,60.974136,-25.939949,7.873537,jogging
4492153,0.102661,-0.281006,0.074829,69.030762,-1.953125,5.065918,jogging
4492169,0.106934,-0.379517,0.109009,67.687988,-0.061035,10.620117,jogging
4492186,0.001953,-0.462402,0.109497,53.039566,-6.835939,23.315437,jogging
4492203,-0.064575,-0.467041,0.107178,49.865738,-10.498047,26.000984,jogging
4492219,-0.190063,-0.526245,0.124512,39.489746,-20.385742,33.935547,jogging
4492236,-0.327026,-0.506348,0.170898,10.620117,-20.996094,44.494644,jogging
4492253,-0.30188,-0.420898,0.208008,-2.319336,-16.845703,47.851578,jogging
4492269,-0.038818,-0.380981,0.189819,-8.728027,-7.934572,59.143082,jogging
4492286,0.191284,-0.555664,0.070801,-3.54004,-8.666992,39.123535,jogging
4492303,0.831665,-1.05835,-0.044434,-37.231445,-18.066406,42.541504,jogging
4492319,1.18042,-1.218994,-0.05249,-84.716797,-14.587406,47.241226,jogging
4492336,1.728271,-0.850708,-0.005127,-167.358398,26.367195,46.264664,jogging
4492353,2.20166,-0.312866,0.064209,-168.151855,91.308624,45.043961,jogging
4492369,2.467407,-0.341187,0.072266,-136.108398,130.615234,31.555183,jogging
4492386,2.641479,-0.831543,-0.237061,-97.229034,152.404785,-8.056641,jogging
4492403,2.356079,-0.751465,-0.623901,-97.778351,101.623566,-0.305176,jogging
4492420,2.179077,-0.477783,-0.843018,-75.256348,15.014652,8.666992,jogging
4492436,1.81604,-0.141968,-0.828369,-66.467285,-27.465828,15.075687,jogging
4492453,1.493286,-0.051636,-0.613403,-70.922852,-83.251953,39.489746,jogging
4492470,1.071289,0.067017,-0.393311,-91.186554,-101.013214,37.963867,jogging
4492486,0.844849,0.1521,-0.338501,-100.402863,-93.078644,33.325195,jogging
4492503,0.637329,0.214111,-0.283325,-121.643097,-47.241226,47.851578,jogging
4492520,0.647095,0.204102,-0.192261,-136.108398,12.451176,67.016602,jogging
4492536,0.631836,0.228882,-0.139771,-138.244629,21.118164,71.411133,jogging
4492553,0.589722,0.358276,-0.050659,-134.277344,19.592285,68.359375,jogging
4492570,0.418457,0.640991,-0.050537,-95.764191,-0.366211,37.109375,jogging
4492586,0.135864,0.611084,-0.062378,-50.231949,-8.544922,23.437508,jogging
4492603,0.052856,0.516357,-0.069702,-44.311539,-5.371094,26.18409,jogging
4492620,-0.022095,0.514526,-0.088379,-46.081558,-1.220703,23.681648,jogging
4492636,-0.064941,0.700562,-0.111328,-38.757324,-1.342773,12.329105,jogging
4492653,-0.058838,0.779419,-0.133667,-29.479988,-3.356935,4.943848,jogging
4492670,0.050537,0.8302,-0.175293,-3.601075,-3.479005,-8.605957,jogging
4492686,0.151978,0.724121,-0.233032,24.16993,1.953125,-25.085457,jogging
4492703,0.245483,0.682617,-0.247681,36.315918,9.155273,-46.569839,jogging
4492720,0.371826,0.693481,-0.233765,39.367676,15.686039,-58.6548,jogging
4492736,0.973755,0.734863,-0.205688,38.94043,36.987305,-87.158203,jogging
4492753,2.017578,1.013916,-0.31189,41.19873,42.84668,-104.003937,jogging
4492770,2.611938,1.206665,-0.319214,62.377945,35.644531,-102.233917,jogging
4492786,3.543091,0.736206,-0.361694,116.394073,15.380863,-97.53421,jogging
4492803,3.386475,0.093262,-0.193848,105.10257,-32.592773,-130.859375,jogging
4492820,2.636108,-0.346924,-0.063354,105.651886,-25.573738,-160.827637,jogging
4492836,2.315063,-0.389404,-0.031982,98.510773,-4.943848,-170.227051,jogging
4492853,1.967896,-0.273193,-0.095337,105.10257,38.574219,-165.710449,jogging
4492870,1.839478,-0.389648,-0.190186,145.935059,66.345215,-137.268066,jogging
4492886,1.754883,-0.500366,-0.187988,155.151367,61.645523,-116.333038,jogging
4492903,1.436035,-0.528564,-0.188599,129.760742,12.695316,-72.32666,jogging
4492920,1.064209,-0.314453,-0.23938,108.703644,-15.197758,-37.902832,jogging
4492936,0.833862,-0.217773,-0.199707,101.989777,-13.488773,-10.986328,jogging
4492953,0.714233,-0.20459,-0.150391,97.473175,-9.82666,-3.601075,jogging
4492970,0.44812,-0.18042,-0.03418,89.47757,-3.051759,-2.319336,jogging
4492987,0.273315,-0.220581,0.033569,88.012695,2.319336,-4.150391,jogging
4493003,0.233643,-0.298096,0.051758,86.975098,2.13623,-2.563477,jogging
4493020,0.151367,-0.483276,0.08313,82.458496,-9.643555,5.432129,jogging
4493037,-0.182861,-0.579224,0.086182,73.303223,0.366211,-1.953125,jogging
4493054,-0.109741,-0.670898,0.175049,59.448257,-6.225588,26.367195,jogging
4493070,-0.10144,-0.672852,0.239624,43.701172,-21.66748,44.67775,jogging
4493087,-0.361694,-0.526123,0.326416,16.906738,-31.616219,64.453125,jogging
4493103,-0.331299,-0.490845,0.439819,-3.54004,5.554201,79.223633,jogging
4493120,-0.17749,-0.540649,0.439331,-11.352543,26.000984,83.068848,jogging
4493137,0.305176,-0.751099,0.213379,-26.123055,47.363297,80.627441,jogging
4493153,0.892334,-0.998169,-0.188354,-66.101074,42.480469,70.556641,jogging
4493170,1.152466,-1.053101,-0.222412,-98.815948,40.222168,70.861816,jogging
4493187,1.450195,-0.821167,0.041016,-180.358948,52.61232,77.026367,jogging
4493203,1.733521,-0.144409,0.213013,-235.656799,111.02298,86.303711,jogging
4493220,2.478149,0.137939,0.005249,-175.537109,183.776917,67.810059,jogging
4493237,2.881836,-0.15979,-0.177124,-134.58252,186.523499,48.400894,jogging
4493253,3.021973,-0.636597,-0.484741,-106.933624,109.436066,42.358398,jogging
4493270,2.494995,-0.176514,-0.64209,-93.566925,8.605957,53.405777,jogging
4493287,2.167114,0.114624,-0.725708,-73.852539,-29.602058,52.551285,jogging
4493303,1.699341,0.154297,-0.585815,-47.302261,-73.120117,66.345215,jogging
4493320,1.322754,0.085693,-0.34375,-72.44873,-70.251465,63.476578,jogging
4493337,0.986694,0.261597,-0.256348,-90.942413,-48.156754,39.001465,jogging
4493353,0.916748,0.257202,-0.229736,-98.022491,-33.26416,40.95459,jogging
4493370,0.89209,0.183228,-0.089355,-105.590851,-1.037598,49.499527,jogging
4493387,0.704956,0.287476,0.004272,-110.046417,-0.854492,51.940933,jogging
4493403,0.602417,0.373047,0.019287,-105.834991,-4.943848,50.72023,jogging
4493420,0.33252,0.562866,0.025269,-77.209473,-17.51709,34.240723,jogging
4493437,0.011597,0.565186,0.02832,-47.058121,-13.366703,29.663094,jogging
4493453,-0.116699,0.562866,-0.02417,-33.996582,1.281738,28.686531,jogging
4493470,-0.133545,0.596313,-0.06897,-26.062019,6.286623,25.634773,jogging
4493487,-0.127075,0.656494,-0.175781,-6.774904,5.187988,14.648441,jogging
4493503,-0.114258,0.725708,-0.236206,10.314941,-5.798342,3.784181,jogging
4493520,-0.119873,0.761353,-0.25708,17.700195,-10.314941,1.464844,jogging
4493537,-0.099121,0.747559,-0.264526,30.578621,-2.380371,-0.183106,jogging
4493553,0.248535,0.702393,-0.230103,38.024902,29.052742,-10.009766,jogging
4493570,1.089355,0.69043,-0.2146,46.264664,47.180191,-34.912109,jogging
4493587,1.641602,0.715088,-0.198242,50.170914,45.104996,-48.339859,jogging
4493604,2.758545,0.892822,-0.184814,51.574722,13.305668,-65.795898,jogging
4493620,3.413208,0.896118,-0.164551,81.665039,-15.014652,-89.47757,jogging
4493637,3.377075,0.693604,-0.091797,102.233917,-19.53125,-112.609894,jogging
4493654,3.126587,0.029175,0.081543,142.456055,-4.150391,-162.536621,jogging
4493670,2.69458,-0.532104,0.217896,138.122559,6.164553,-177.42926,jogging
4493687,2.112427,-0.464478,0.166382,113.952667,13.488773,-157.775879,jogging
4493704,2.003174,-0.360718,0.062744,116.088898,21.42334,-144.714355,jogging
4493720,2.070313,-0.350952,-0.047119,154.052734,2.746582,-117.614777,jogging
4493737,1.675171,-0.544922,-0.005005,158.14209,-33.935547,-81.665039,jogging
4493754,1.418945,-0.545898,-0.010498,142.456055,-52.307144,-67.993164,jogging
4493770,0.971558,-0.418701,-0.037476,114.807159,-67.687988,-55.053726,jogging
4493787,0.628174,-0.369141,-0.046509,98.632843,-54.62648,-49.072281,jogging
4493804,0.496338,-0.364014,-0.0354,90.637238,-41.320801,-48.034683,jogging
4493820,0.316772,-0.326538,0.013672,79.223633,-13.793949,-45.959488,jogging
4493837,0.193115,-0.32019,0.071655,72.143555,3.601075,-38.146973,jogging
4493854,0.00708,-0.388306,0.135132,65.612793,10.192871,-25.939949,jogging
4493870,-0.083496,-0.44751,0.185669,63.476578,10.009766,-19.592285,jogging
4493887,-0.357666,-0.586182,0.279419,50.476089,29.602058,-9.460449,jogging
4493904,-0.544434,-0.666626,0.2771,37.963867,66.162109,-3.66211,jogging
4493920,-0.575928,-0.712402,0.2677,26.18409,87.036133,3.601075,jogging
4493937,-0.494263,-0.727295,0.300659,-1.831055,117.431671,22.216805,jogging
4493954,-0.266846,-0.616699,0.345825,-21.911621,118.469269,45.227066,jogging
4493970,0.134644,-0.710571,0.353638,-34.362793,89.59964,81.115723,jogging
4493987,0.35437,-0.843262,0.275879,-54.565445,68.481445,98.632843,jogging
4494004,0.96167,-0.85498,0.192505,-108.459503,23.986824,108.398468,jogging
4494020,1.80188,-0.537842,0.483521,-164.123535,-2.746582,117.309601,jogging
4494037,2.181885,-0.313232,0.555908,-177.734436,9.155273,123.291046,jogging
4494054,2.65918,-0.257813,0.441284,-157.653809,100.524933,99.914581,jogging
4494070,3.203613,-0.736206,0.207031,-131.835938,132.873535,28.686531,jogging
4494087,3.048706,-0.619507,-0.053223,-139.648438,76.721191,34.545898,jogging
4494104,2.686157,-0.28894,-0.216553,-127.624542,30.944832,38.269043,jogging
4494120,1.939453,-0.011963,-0.376831,-85.754395,-23.315437,46.752945,jogging
4494137,1.5979,-0.126831,-0.392944,-70.19043,-24.047859,63.354507,jogging
4494154,1.576538,-0.175171,-0.359253,-75.805664,-23.132332,62.927261,jogging
4494170,1.466309,-0.11438,-0.198486,-94.299347,-42.236328,45.837418,jogging
4494187,1.120605,-0.062012,-0.027954,-126.831085,-41.442871,56.579605,jogging
4494204,0.830566,0.143188,0.026123,-150.878906,-17.333984,68.847656,jogging
4494221,0.732788,0.260498,0.044189,-153.625488,-7.141115,69.702148,jogging
4494237,0.596558,0.424805,0.060547,-142.944336,3.906251,63.964859,jogging
4494254,0.413452,0.569946,0.035156,-114.013702,2.563477,43.151855,jogging
4494271,0.300903,0.594971,0.036255,-95.459015,0.305176,33.569336,jogging
4494287,0.172119,0.525879,0.043213,-77.575684,-2.563477,33.874512,jogging
4494304,0.153931,0.570679,0.036499,-65.124512,-13.061527,33.081055,jogging
4494321,0.116821,0.634644,0.042114,-48.339859,-28.503426,28.686531,jogging
4494337,0.092896,0.673218,0.03125,-40.893555,-34.545898,24.719246,jogging
4494354,0.116821,0.755249,-0.028809,-24.108894,-36.865234,15.441898,jogging
4494371,0.230591,0.767944,-0.055542,-0.427246,-30.395515,-2.197266,jogging
4494387,0.30957,0.750488,-0.058594,10.375977,-27.526863,-14.28223,jogging
4494404,0.52063,0.702637,-0.045288,29.846199,-18.493652,-41.992188,jogging
4494421,0.837524,0.662476,-0.04834,37.04834,-14.343266,-69.396973,jogging
4494437,1.084717,0.688721,-0.065674,36.376953,-13.000492,-99.060089,jogging
4494454,1.767212,0.889893,-0.16687,38.94043,-13.488773,-104.736359,jogging
4494471,2.568726,1.051636,-0.237427,85.144043,-23.193367,-123.413116,jogging
4494487,3.156372,0.547852,-0.28833,124.389679,-46.264664,-142.578125,jogging
4494504,3.216919,0.271729,-0.195801,133.056641,-66.28418,-157.165527,jogging
4494521,2.771362,-0.280884,-0.006836,144.53125,-61.645523,-166.381836,jogging
4494537,2.261597,-0.512695,-0.030151,134.887695,-4.760742,-168.029785,jogging
4494554,2.283569,-0.460083,-0.099487,136.047363,16.784668,-165.649414,jogging
4494571,2.27478,-0.277344,-0.246338,169.921875,15.869144,-153.503418,jogging
4494587,1.946533,-0.428955,-0.182495,200.317444,-3.41797,-120.666534,jogging
4494604,1.450562,-0.527344,-0.092773,166.870117,-44.67775,-82.458496,jogging
4494621,1.185181,-0.49231,-0.083862,150.390625,-52.978531,-67.687988,jogging
4494637,0.849243,-0.39502,-0.096802,124.694855,-38.269043,-45.288101,jogging
4494654,0.712036,-0.341431,-0.106201,109.13089,-15.258793,-34.973145,jogging
4494671,0.643677,-0.331055,-0.081421,102.966339,-8.666992,-32.714844,jogging
4494687,0.461792,-0.343506,0.022949,91.003448,-7.385256,-26.855476,jogging
4494704,0.290894,-0.445923,0.112793,75.195313,-21.42334,-13.732914,jogging
4494721,0.047241,-0.547485,0.162354,59.692398,-32.653809,-4.394531,jogging
4494737,-0.122681,-0.571655,0.203369,55.603043,-28.503426,-5.371094,jogging
4494754,-0.257935,-0.616699,0.317139,46.386734,-5.126953,-1.586915,jogging
4494771,-0.026245,-0.695557,0.440796,30.761726,-44.189453,40.405273,jogging
4494788,-0.193115,-0.676514,0.45874,12.02393,-57.495132,59.509293,jogging
4494804,-0.451538,-0.526611,0.387207,-10.681152,-40.039063,77.331543,jogging
4494821,-0.272827,-0.517578,0.276367,-19.592285,0.305176,81.848145,jogging
4494838,0.148926,-0.632324,0.119507,-33.813477,28.503426,78.369141,jogging
4494854,0.445801,-0.697021,0.031494,-51.452652,36.804199,75.866699,jogging
4494871,1.079102,-0.657959,-0.0354,-120.910675,40.161133,82.824707,jogging
4494888,1.602905,-0.167847,-0.070435,-181.457581,62.927261,107.299835,jogging
4494904,1.856323,0.074463,-0.154785,-180.664124,94.116241,114.563019,jogging
4494921,2.541016,-0.134644,-0.326294,-134.399414,153.137207,83.496094,jogging
4494938,3.084229,-0.714355,-0.454102,-121.704132,135.192871,45.959488,jogging
4494954,2.565552,-0.477173,-0.585938,-125.000031,63.476578,45.532242,jogging
4494971,2.107422,-0.206421,-0.68396,-109.375031,34.057617,42.602539,jogging
4494988,1.519897,-0.038696,-0.837036,-67.932129,-2.746582,46.264664,jogging
4495004,1.393555,-0.11853,-0.76416,-61.828629,-24.16993,67.749023,jogging
4495021,1.380371,-0.113647,-0.650879,-69.396973,-36.804199,70.739746,jogging
4495038,1.22644,-0.065796,-0.40979,-89.172394,-60.42482,79.956055,jogging
4495054,0.914551,-0.046387,-0.206787,-116.699249,-43.701172,102.294952,jogging
4495071,0.789673,-0.023071,-0.118164,-126.586945,6.713869,105.22464,jogging
4495088,0.708984,0.15564,-0.002441,-138.305664,21.30127,99.853546,jogging
4495104,0.699219,0.432007,0.000122,-120.117218,24.475105,78.796387,jogging
4495121,0.517944,0.539185,0.002808,-85.388184,9.70459,64.086914,jogging
4495138,0.40564,0.523193,0.012939,-75.561523,2.624512,64.453125,jogging
4495154,0.246582,0.552612,0.005493,-66.162109,-7.08008,66.955566,jogging
4495171,0.19873,0.65625,-0.022583,-53.405777,-11.230473,63.293472,jogging
4495188,0.192261,0.708496,-0.045776,-43.029785,-13.427738,56.274429,jogging
4495204,0.176514,0.768677,-0.088135,-24.780281,-18.554688,38.146973,jogging
4495221,0.192505,0.868164,-0.127808,-12.02393,-22.949226,22.094727,jogging
4495238,0.257813,0.984375,-0.13147,8.422852,-21.057129,3.479005,jogging
4495254,0.329712,0.988403,-0.126221,21.66748,-14.465336,-9.460449,jogging
4495271,0.577637,0.900879,-0.123169,44.250504,7.446291,-37.902832,jogging
4495288,1.040894,0.859009,-0.166992,56.3965,32.653809,-73.608398,jogging
4495304,1.427124,0.899536,-0.200073,61.645523,39.550781,-89.050323,jogging
4495321,2.488525,1.039795,-0.254517,88.562042,34.790039,-108.459503,jogging
4495338,3.425293,0.707397,-0.317139,146.728516,17.089844,-135.742188,jogging
4495354,3.67981,0.038696,-0.217896,172.363281,-27.099617,-182.617249,jogging
4495371,3.575806,-0.317749,-0.089722,179.748596,-40.344238,-198.181213,jogging
4495388,2.860596,-0.954468,0.107178,161.682129,-36.682129,-197.082581,jogging
4495405,2.175293,-0.901245,-0.016357,125.366241,2.990724,-184.509338,jogging
4495421,2.005615,-0.724976,-0.108521,132.141113,23.193367,-177.063049,jogging
4495438,1.708374,-0.674561,-0.101807,169.494629,46.997086,-150.390625,jogging
4495455,1.499023,-0.766235,-0.042847,150.878906,19.226074,-106.628448,jogging
4495471,1.145142,-0.635986,-0.068481,120.117218,-27.282722,-65.917969,jogging
4495488,0.950684,-0.55957,-0.06897,108.459503,-42.480469,-49.316422,jogging
4495505,0.605713,-0.430908,-0.070679,88.684113,-46.93605,-22.827156,jogging
4495521,0.272827,-0.336426,-0.06604,85.083008,-32.897949,-11.901859,jogging
4495538,0.125244,-0.332397,-0.043701,87.646484,-25.634773,-9.643555,jogging
4495555,-0.098022,-0.419434,0.020996,87.768555,-17.883301,-2.380371,jogging
4495571,-0.252563,-0.502441,0.105957,68.725586,-15.441898,15.380863,jogging
4495588,-0.30957,-0.550537,0.196777,54.260269,-15.075687,35.400391,jogging
4495605,-0.355469,-0.591919,0.25354,47.485367,-7.385256,42.114258,jogging
4495621,-0.216919,-0.688599,0.286865,39.306641,4.089355,49.438492,jogging
4495638,-0.099609,-0.661865,0.299194,21.362305,5.126953,55.603043,jogging
4495655,-0.020874,-0.606567,0.296143,15.502934,-1.64795,59.387222,jogging
4495671,0.252441,-0.695068,0.331299,-18.005371,-7.08008,91.857941,jogging
4495688,0.554565,-0.731079,0.184814,-41.687012,9.155273,88.439941,jogging
4495705,0.777344,-0.815674,0.042603,-74.890137,30.639656,78.24707,jogging
4495738,1.694824,-0.40271,-0.119873,-148.31543,71.105957,81.665039,jogging
4495755,2.188477,-0.354614,-0.314087,-129.089355,101.19632,74.645996,jogging
4495771,2.397949,-0.654663,-0.384888,-112.976105,113.769562,58.776871,jogging
4495788,2.465576,-0.978027,-0.544189,-131.835938,102.600128,39.916992,jogging
4495805,2.130371,-0.400269,-0.59021,-138.061523,66.772461,42.96875,jogging
4495821,1.972656,-0.133423,-0.604248,-125.244171,45.227066,43.640137,jogging
4495838,1.82019,-0.006348,-0.591431,-99.54837,-0.488281,52.429214,jogging
4495855,1.754028,-0.017944,-0.496948,-104.064972,-43.640137,59.509293,jogging
4495871,1.482178,0.105591,-0.368774,-110.168488,-75.073242,44.189453,jogging
4495888,1.274902,0.137939,-0.302368,-114.92923,-75.683594,45.104996,jogging
4495905,0.93103,0.183594,-0.182251,-130.249023,-41.381836,60.180679,jogging
4495921,0.730347,0.340088,-0.110229,-135.314941,-1.098633,64.758301,jogging
4495938,0.665039,0.451538,-0.091431,-129.821777,10.192871,62.31691,jogging
4495955,0.534912,0.652588,-0.090942,-102.539093,16.479492,48.522964,jogging
4495972,0.338623,0.686401,-0.092773,-67.871094,7.141115,33.14209,jogging
4495988,0.067871,0.638062,-0.063232,-56.64064,-2.746582,34.179688,jogging
4496005,-0.063843,0.666504,-0.049194,-53.161636,-2.807618,34.484863,jogging
4496022,-0.210938,0.724487,-0.046143,-39.916992,8.056641,31.555183,jogging
4496038,-0.221313,0.729126,-0.075073,-22.949226,18.859863,22.39991,jogging
4496055,-0.163818,0.723877,-0.079956,-12.939457,22.583015,15.014652,jogging
4496072,-0.034912,0.687378,-0.111206,7.446291,21.911621,-2.075195,jogging
4496088,0.101318,0.682373,-0.158447,25.634773,20.324707,-22.644051,jogging
4496105,0.512329,0.625488,-0.167358,48.584,37.109375,-47.119156,jogging
4496122,0.84375,0.582153,-0.1698,54.382339,43.457031,-62.56105,jogging
4496138,1.640259,0.676147,-0.194336,54.50441,33.081055,-93.933136,jogging
4496155,2.469604,1.090332,-0.182373,54.443375,8.117676,-118.713409,jogging
4496172,2.893799,1.325684,-0.225098,76.35498,5.310059,-131.958008,jogging
4496188,3.503906,0.950806,-0.328735,142.333984,0.671387,-168.334961,jogging
4496205,3.598022,0.103271,-0.165283,163.574219,-24.230965,-202.75885,jogging
4496222,2.932861,-0.342285,0.058594,151.123047,-44.189453,-210.754456,jogging
4496238,2.446655,-0.385376,0.047241,143.127441,-32.958984,-210.754456,jogging
4496255,1.796021,-0.386108,-0.1427,164.367676,10.131836,-196.289124,jogging
4496272,1.450684,-0.515259,-0.166626,187.866272,61.706558,-160.217285,jogging
4496288,1.415649,-0.584839,-0.152222,179.626526,58.837906,-138.061523,jogging
4496305,1.207764,-0.584839,-0.151978,139.709473,15.075687,-88.623077,jogging
4496322,0.803101,-0.4104,-0.178711,106.506378,-20.324707,-40.405273,jogging
4496338,0.471313,-0.344116,-0.114624,82.641602,-20.446777,-6.591799,jogging
4496355,0.352173,-0.257935,-0.072876,75.073242,-10.864258,2.01416,jogging
4496372,0.226074,-0.237427,-0.010986,68.17627,12.817387,6.896975,jogging
4496388,0.209595,-0.288452,0.038818,62.194839,25.939949,14.28223,jogging
4496405,0.156372,-0.326172,0.060059,58.349625,28.747566,15.380863,jogging
4496422,0.13916,-0.421997,0.171143,48.767105,20.507813,32.653809,jogging
4496438,0.013916,-0.525269,0.278564,33.874512,10.681152,59.387222,jogging
4496455,-0.080444,-0.547729,0.296509,26.672371,10.253906,66.28418,jogging
4496472,-0.132568,-0.584351,0.280396,10.131836,18.920898,80.01709,jogging
4496488,-0.103394,-0.529419,0.242065,-8.850098,37.04834,88.623077,jogging
4496505,0.159058,-0.511597,0.242065,-15.136723,36.376953,94.787628,jogging
4496522,0.333984,-0.580688,0.226318,-18.066406,27.282722,96.984894,jogging
4496538,0.750854,-0.802856,0.035645,-33.02002,2.624512,93.38382,jogging
4496555,1.15686,-1.058105,-0.129883,-69.885254,-12.634281,86.05957,jogging
4496589,1.435791,-0.740967,0.171021,-168.212891,24.719246,97.41214,jogging
4496639,2.798218,-0.953613,-0.086182,-135.986328,132.93457,81.420898,jogging
4496655,2.82605,-0.631226,-0.209717,-159.484863,59.875504,97.473175,jogging
4496672,2.309814,0.064819,-0.310791,-125.488312,-6.286623,87.280273,jogging
4496689,2.008057,0.146973,-0.308472,-99.975616,-24.963387,80.993652,jogging
4496705,1.531738,0.098267,-0.300781,-82.885742,-27.954109,85.571289,jogging
4496722,1.387329,0.234497,-0.333862,-86.181641,-21.66748,75.927734,jogging
4496739,1.349487,0.271118,-0.29895,-85.571289,-34.484863,71.533203,jogging
4496755,1.240723,0.217407,-0.245361,-89.355499,-34.118652,79.772949,jogging
4496772,0.954468,0.272461,-0.140503,-105.773956,-25.695808,84.289551,jogging
4496789,0.741943,0.42627,-0.096924,-103.820831,-12.390141,72.937012,jogging
4496805,0.650269,0.493408,-0.104004,-94.299347,-9.58252,61.523453,jogging
4496822,0.425659,0.559814,-0.131958,-66.162109,-6.286623,36.92627,jogging
4496839,0.274658,0.507813,-0.151855,-52.795425,-0.610352,30.456551,jogging
4496855,0.221436,0.507935,-0.184692,-44.006348,-2.929688,25.390633,jogging
4496872,0.198975,0.507324,-0.195679,-37.719727,-7.934572,21.484375,jogging
4496889,0.137451,0.484131,-0.204346,-26.30616,-18.493652,11.352543,jogging
4496905,0.074341,0.504517,-0.180664,-19.348145,-23.010262,0.0,jogging
4496922,0.045776,0.531128,-0.17749,-17.39502,-20.996094,-5.493164,jogging
4496939,0.096802,0.609253,-0.186157,-10.803223,-5.004883,-19.470215,jogging
4496955,0.260376,0.661011,-0.176636,4.02832,10.131836,-36.92627,jogging
4496972,0.386353,0.658081,-0.176025,22.888191,16.906738,-64.331055,jogging
4496989,0.514648,0.608398,-0.187622,29.846199,23.010262,-77.026367,jogging
4497005,1.028442,0.55957,-0.214478,35.27832,35.095215,-100.158722,jogging
4497022,1.774658,0.852295,-0.260498,46.630875,28.381355,-133.056641,jogging
4497039,2.273193,1.108765,-0.359375,66.345215,21.606445,-138.549805,jogging
4497072,3.584595,-0.077393,-0.218872,171.142578,-25.390633,-160.461426,jogging
4497089,3.424194,-0.514038,-0.035645,162.109375,-41.503906,-163.391113,jogging
4497105,2.500732,-0.696411,-0.010864,103.088409,-32.714844,-148.193359,jogging
4497122,2.126221,-0.097046,-0.275269,109.313995,15.075687,-152.099609,jogging
4497139,2.035889,-0.207031,-0.315186,172.851563,23.742683,-147.949219,jogging
4497155,1.911377,-0.41394,-0.240112,175.842285,10.009766,-131.591797,jogging
4497172,1.470581,-0.529053,-0.097046,138.73291,-42.480469,-94.970734,jogging
4497189,0.889771,-0.438843,-0.041626,105.163605,-62.927261,-71.105957,jogging
4497206,0.687256,-0.385254,-0.02002,93.139679,-55.786148,-64.51416,jogging
4497222,0.42627,-0.290527,0.030029,82.885742,-18.310547,-58.41066,jogging
4497239,0.309937,-0.30481,0.101196,82.885742,13.610844,-54.565445,jogging
4497256,0.266235,-0.357788,0.192261,77.270508,16.601563,-42.053223,jogging
4497272,0.240601,-0.386719,0.237549,74.645996,7.141115,-32.043457,jogging
4497289,0.108154,-0.482666,0.349609,69.885254,-19.40918,-8.544922,jogging
4497306,-0.192993,-0.592163,0.448364,62.31691,-20.751953,12.26807,jogging
4497322,-0.2677,-0.610718,0.454346,60.363785,-13.000492,18.249512,jogging
4497339,-0.198608,-0.640991,0.449219,56.823746,-6.591799,35.400391,jogging
4497356,-0.259155,-0.606323,0.412476,39.611816,5.065918,51.330582,jogging
4497372,-0.156616,-0.665649,0.416138,14.587406,14.404301,82.458496,jogging
4497389,-0.113403,-0.705811,0.40271,-7.263186,26.977547,97.778351,jogging
4497406,0.137573,-0.631958,0.217407,-39.367676,65.612793,106.018097,jogging
4497422,0.771606,-0.696289,0.110107,-62.377945,91.857941,111.572296,jogging
4497439,1.175659,-0.744385,0.120361,-79.650879,95.581085,113.586456,jogging
4497456,1.916504,-0.744629,-0.042114,-114.563019,100.891144,113.525421,jogging
4497472,2.585327,-0.662842,-0.347778,-133.850098,104.309113,98.754913,jogging
4497489,3.069946,-0.722778,-0.436157,-118.713409,98.510773,79.284668,jogging
4497506,3.001709,-0.789185,-0.489746,-112.121613,86.364746,72.937012,jogging
4497522,2.407715,-0.637085,-0.744263,-106.994659,71.899414,67.687988,jogging
4497539,2.109009,-0.288696,-0.985229,-90.148956,48.278824,68.603516,jogging
4497556,2.084473,-0.18689,-0.981445,-81.787109,18.615723,71.960449,jogging
4497572,1.82312,-0.03894,-0.759888,-76.11084,-44.555679,69.580078,jogging
4497589,1.523926,-0.078369,-0.483032,-82.15332,-76.660156,79.528809,jogging
4497606,1.203491,-0.047852,-0.284302,-106.689484,-72.998047,80.26123,jogging
4497622,1.082642,0.009155,-0.217285,-111.755402,-53.466812,81.176758,jogging
4497639,0.910034,0.194824,-0.112671,-119.445831,-17.944336,71.838379,jogging
4497656,0.776855,0.41272,-0.046509,-105.041534,-2.990724,53.833023,jogging
4497672,0.681274,0.46875,-0.015015,-92.529327,-2.685547,44.860855,jogging
4497689,0.442261,0.477173,0.039673,-72.44873,-8.178711,33.569336,jogging
4497706,0.215454,0.481567,0.057007,-65.185547,-10.498047,30.273445,jogging
4497722,0.111206,0.516968,0.048706,-60.852066,-9.94873,26.794441,jogging
4497739,-0.069336,0.596436,0.029663,-47.912613,-6.652834,14.831547,jogging
4497756,-0.167236,0.691284,0.019409,-33.996582,-3.356935,-1.89209,jogging
4497773,-0.185669,0.807617,-0.001709,-17.211914,-1.464844,-18.676758,jogging
4497789,-0.15625,0.818848,-0.015625,-7.385256,0.0,-23.010262,jogging
4497806,-0.055054,0.726929,-0.048462,9.094238,3.784181,-28.625496,jogging
4497823,0.224121,0.645264,-0.085693,18.920898,12.146,-42.663574,jogging
4497839,0.429321,0.657593,-0.088379,22.583015,16.296387,-51.757828,jogging
4497856,1.003174,0.667114,-0.145996,26.30616,26.18409,-75.500488,jogging
4497873,1.96814,0.936768,-0.345337,22.155769,24.841316,-101.013214,jogging
4497889,3.037354,1.199097,-0.537476,77.026367,22.644051,-106.994659,jogging
4497906,3.349487,0.869019,-0.588257,106.689484,19.897461,-119.262726,jogging
4497923,3.527344,-0.017822,-0.460938,141.479492,-15.808109,-175.476074,jogging
4497939,3.071533,-0.71228,-0.262451,127.258331,-36.865234,-179.504456,jogging
4497956,2.566895,-0.759033,-0.226929,108.459503,-30.578621,-176.635742,jogging
4497973,2.009399,-0.469604,-0.3573,118.103058,12.329105,-179.809631,jogging
4497989,1.800659,-0.461182,-0.351318,166.320801,34.729004,-168.457031,jogging
4498006,1.558838,-0.667114,-0.214844,167.175293,12.817387,-124.084503,jogging
4498023,1.384155,-0.697266,-0.162476,145.874023,-12.695316,-98.693878,jogging
4498039,0.951904,-0.576416,-0.05835,101.379425,-48.82814,-54.260269,jogging
4498056,0.623901,-0.376831,-0.014648,73.364258,-43.09082,-30.456551,jogging
4498073,0.520264,-0.308594,-0.00415,69.824219,-31.677254,-24.597176,jogging
4498089,0.355103,-0.284424,0.063354,73.364258,-10.864258,-20.324707,jogging
4498106,0.235962,-0.37793,0.123779,72.32666,-3.295899,-10.009766,jogging
4498123,0.172485,-0.491699,0.160034,62.56105,-15.441898,13.916019,jogging
4498139,0.073364,-0.514282,0.176025,56.3965,-21.057129,25.573738,jogging
4498156,-0.341431,-0.425903,0.180786,58.6548,5.187988,15.808109,jogging
4498173,-0.223999,-0.623535,0.256958,65.917969,30.273445,37.963867,jogging
4498189,-0.025757,-0.762573,0.292236,52.978531,20.751953,67.138672,jogging
4498206,-0.034424,-0.71228,0.312988,12.207035,6.347658,96.252472,jogging
4498223,-0.01416,-0.572632,0.400269,-10.681152,18.432617,108.032257,jogging
4498239,0.289795,-0.689575,0.420288,-23.803719,31.677254,105.529816,jogging
4498256,0.488037,-0.77478,0.293701,-33.508301,42.358398,99.30423,jogging
4498273,1.044189,-0.839966,-0.052979,-67.199707,46.386734,82.763672,jogging
4498289,1.754517,-0.637695,-0.081299,-119.384796,27.893074,87.158203,jogging
4498306,2.001221,-0.455688,-0.018066,-136.779785,24.047859,99.182159,jogging
4498323,2.186157,-0.396729,-0.100098,-136.413574,61.462418,86.791992,jogging
4498339,2.365356,-0.982666,-0.3479,-121.032745,140.625,30.09034,jogging
4498356,2.42749,-1.123657,-0.462524,-129.821777,150.085449,12.878422,jogging
4498373,2.239624,-0.589355,-0.588379,-140.014648,98.144562,22.338875,jogging
4498390,1.924805,-0.039551,-0.659424,-106.628448,16.662598,33.26416,jogging
4498406,1.612183,-0.010132,-0.674927,-86.364746,-38.085938,45.288101,jogging
4498423,1.528931,-0.019531,-0.638184,-87.95166,-48.339859,47.485367,jogging
4498440,1.425415,0.074097,-0.52063,-98.510773,-53.894058,31.188972,jogging
4498456,1.274414,0.132324,-0.357056,-126.037628,-47.851578,39.733887,jogging
4498473,1.175903,0.17334,-0.27771,-134.58252,-29.235847,46.447769,jogging
4498490,1.031128,0.312256,-0.188477,-143.737793,-2.807618,47.424332,jogging
4498506,0.876709,0.448242,-0.147949,-133.422852,1.586915,34.118652,jogging
4498523,0.628052,0.575317,-0.119263,-107.666046,-6.103518,10.620117,jogging
4498540,0.47644,0.576172,-0.093506,-93.750031,-9.216309,6.042482,jogging
4498556,0.188477,0.497437,-0.045044,-82.519531,-7.20215,12.26807,jogging
4498573,-0.059692,0.502686,-0.029663,-76.721191,1.342773,17.211914,jogging
4498590,-0.161377,0.5177,-0.016357,-70.983887,8.239746,17.63916,jogging
4498606,-0.285156,0.512085,0.00708,-55.297867,26.42823,17.822266,jogging
4498623,-0.282349,0.517944,-0.016235,-39.672852,40.893555,15.319828,jogging
4498640,-0.190796,0.587036,-0.05957,-18.981934,40.222168,12.26807,jogging
4498656,-0.115112,0.590942,-0.078613,-4.699707,38.208008,12.26807,jogging
4498673,0.051025,0.534546,-0.101685,16.418457,32.775879,9.277344,jogging
4498690,0.335938,0.589722,-0.088867,30.09034,40.710449,-2.441406,jogging
4498706,0.568726,0.64917,-0.049805,35.827637,49.438492,-12.451176,jogging
4498723,1.359863,0.83667,0.030151,40.527344,57.006851,-37.902832,jogging
4498740,2.625854,1.291992,-0.040161,67.382813,44.555679,-52.49025,jogging
4498756,3.543457,1.104858,-0.166382,147.216797,22.766121,-73.425293,jogging
4498773,3.663086,0.709839,-0.117065,167.358398,0.976563,-96.252472,jogging
4498790,3.388794,0.017822,0.14917,193.359436,-23.376472,-155.456543,jogging
4498806,2.60022,-0.445068,0.235596,183.898987,-16.479492,-163.94043,jogging
4498823,2.239014,-0.437378,0.158447,176.086426,1.159668,-160.766602,jogging
4498840,1.903687,-0.340576,-0.105957,198.120178,28.686531,-155.273438,jogging
4498856,1.899048,-0.481567,-0.184326,217.712463,21.42334,-125.793488,jogging
4498873,1.618652,-0.518311,-0.112427,186.950745,-31.860359,-85.693359,jogging
4498890,1.366699,-0.484497,-0.089111,166.687012,-53.039566,-70.068359,jogging
4498906,0.921509,-0.429443,-0.044922,132.202148,-64.697266,-48.70607,jogging
4498923,0.609009,-0.400757,-0.010864,102.050812,-44.738785,-39.18457,jogging
4498940,0.493774,-0.37793,-0.001587,91.980011,-29.357918,-36.987305,jogging
4498957,0.382446,-0.358521,0.037964,81.726074,-10.131836,-34.912109,jogging
4498973,0.146606,-0.40625,0.117188,64.697266,21.789551,-30.33448,jogging
4498990,0.234741,-0.401855,0.149902,69.213867,-6.164553,-5.615236,jogging
4499007,0.1427,-0.537476,0.253906,59.021011,-19.042969,6.835939,jogging
4499023,-0.113892,-0.521729,0.251953,48.70607,-26.30616,25.695808,jogging
4499040,-0.218506,-0.442261,0.249146,45.471207,-11.291508,38.269043,jogging
4499057,-0.213379,-0.451172,0.292969,48.461929,-7.690432,44.433609,jogging
4499073,-0.281128,-0.601074,0.429565,35.644531,-0.12207,62.56105,jogging
4499090,-0.316162,-0.642578,0.492188,6.652834,19.592285,77.270508,jogging
4499107,-0.255249,-0.642456,0.459473,-0.061035,34.057617,87.158203,jogging
4499123,0.040283,-0.760864,0.293335,-8.544922,45.959488,103.45462,jogging
4499140,0.480591,-0.916382,0.034424,-32.775879,38.696289,115.783722,jogging
4499157,0.893555,-0.920654,0.075928,-87.036133,44.494644,135.559082,jogging
4499173,1.227783,-0.816162,0.166992,-114.807159,53.344742,144.165039,jogging
4499190,2.184082,-0.654663,0.064331,-133.239746,104.980499,152.954102,jogging
4499207,3.168213,-0.977417,-0.129028,-124.816925,147.460938,114.624054,jogging
4499223,3.434326,-1.134033,-0.219971,-130.065918,141.113281,85.388184,jogging
4499240,3.113647,-0.762573,-0.340942,-149.291992,87.70752,54.50441,jogging
4499257,2.312622,-0.114014,-0.483765,-120.422394,30.33448,23.132332,jogging
4499273,1.737671,-0.019531,-0.544556,-84.04541,8.483887,30.395515,jogging
4499290,1.664429,-0.017334,-0.559448,-77.819824,7.141115,39.916992,jogging
4499307,1.649414,0.081665,-0.59021,-68.54248,-17.51709,32.226563,jogging
4499323,1.446777,0.057007,-0.439209,-73.242188,-57.067886,28.137215,jogging
4499340,1.266724,0.03479,-0.343994,-88.256836,-61.523453,36.621094,jogging
4499357,0.938354,0.160889,-0.208252,-111.877472,-37.963867,47.851578,jogging
4499373,0.735352,0.35791,-0.161011,-112.976105,-11.291508,43.029785,jogging
4499390,0.595947,0.473633,-0.132568,-90.637238,-1.89209,21.484375,jogging
4499407,0.494141,0.513672,-0.105591,-76.416016,-2.868653,8.605957,jogging
4499423,0.295654,0.517578,-0.03186,-53.344742,-7.263186,-8.300781,jogging
4499440,0.118408,0.533569,0.013062,-44.982925,-9.765625,-10.375977,jogging
4499457,0.029297,0.562134,0.037109,-39.001465,-8.666992,-11.413578,jogging
4499473,-0.116699,0.575928,0.052979,-23.986824,-3.66211,-17.333984,jogging
4499490,-0.161865,0.5896,0.021118,-8.178711,2.990724,-26.245125,jogging
4499507,-0.118286,0.559937,-0.015747,12.512211,7.507326,-32.287598,jogging
4499523,-0.056519,0.505615,-0.0177,23.010262,8.850098,-33.203125,jogging
4499540,0.163086,0.384033,-0.062744,40.283203,10.803223,-33.996582,jogging
4499557,0.611816,0.314087,-0.168091,54.50441,5.493164,-38.879395,jogging
4499574,0.956787,0.30542,-0.200195,57.861343,-2.13623,-43.457031,jogging
4499590,1.875488,0.347534,-0.326782,57.250992,-9.155273,-45.288101,jogging
4499607,2.728027,0.538086,-0.332031,67.810059,-27.465828,-45.898453,jogging
4499624,2.918701,0.416992,-0.263306,115.417511,-24.047859,-71.350098,jogging
4499640,2.751953,-0.3479,-0.118286,125.854523,-11.047363,-97.595245,jogging
4499657,2.407837,-0.657349,-0.217163,100.647003,21.057129,-133.178711,jogging
4499674,2.230225,-0.295166,-0.325073,80.627441,42.96875,-133.361816,jogging
4499690,2.174561,-0.086914,-0.376343,94.909698,42.907715,-129.821777,jogging
4499707,2.056519,-0.063965,-0.414551,138.305664,20.690918,-111.633331,jogging
4499724,1.802734,-0.280884,-0.359375,149.658203,-1.831055,-86.669922,jogging
4499740,1.64502,-0.316162,-0.312866,135.009766,-20.568848,-78.552246,jogging
4499757,1.299683,-0.244141,-0.244629,112.487823,-32.653809,-72.021484,jogging
4499774,1.01062,-0.196533,-0.196167,99.487335,-24.353035,-76.904297,jogging
4499790,0.842285,-0.235229,-0.155273,90.454132,-8.666992,-78.186035,jogging
4499807,0.787476,-0.251343,-0.120972,85.388184,-7.019045,-76.599121,jogging
4499824,0.434204,-0.338623,0.009888,68.17627,7.629396,-64.758301,jogging
4499840,0.34082,-0.293823,0.076172,64.39209,-0.549316,-62.011734,jogging
4499857,0.418213,-0.35498,0.144775,63.293472,-27.465828,-41.07666,jogging
4499874,-0.005005,-0.48999,0.246826,53.283707,-63.537613,-11.657719,jogging
4499890,-0.32605,-0.588257,0.356812,39.367676,-61.218277,6.103518,jogging
4499907,-0.384399,-0.597412,0.487305,28.747566,-56.213394,18.493652,jogging
4499924,-0.41394,-0.614624,0.551514,23.071297,-54.382339,29.907234,jogging
4499940,-0.454956,-0.650513,0.612061,7.385256,-42.785645,56.335464,jogging
4499957,-0.373657,-0.697754,0.46936,-5.249023,-18.493652,78.063965,jogging
4499974,-0.229858,-0.725464,0.385986,-10.742188,-4.638672,85.693359,jogging
4499990,0.248047,-0.828003,0.239624,-24.41407,15.686039,94.604523,jogging
4500007,0.852295,-0.94751,-0.012573,-73.120117,24.230965,97.351105,jogging
4500024,1.642822,-0.78125,-0.108154,-145.751953,24.41407,109.619171,jogging
4500040,2.029175,-0.53479,-0.134155,-177.30719,30.395515,122.253448,jogging
4500057,2.494507,-0.021118,-0.295776,-178.161682,85.510254,129.760742,jogging
4500074,2.636108,-0.432495,-0.361694,-140.74707,144.714355,71.105957,jogging
4500090,2.668701,-0.674805,-0.464478,-149.963379,158.02002,46.997086,jogging
4500107,2.535889,-0.364502,-0.655884,-171.325684,124.694855,34.240723,jogging
4500124,2.062012,0.091431,-0.679688,-135.742188,42.724609,32.714844,jogging
4500141,1.649536,0.195557,-0.666016,-100.219757,-18.615723,41.503906,jogging
4500157,1.563477,0.255737,-0.681763,-85.632324,-42.541504,46.081558,jogging
4500174,1.428101,0.251343,-0.647827,-62.072769,-81.787109,53.527847,jogging
4500191,1.133057,0.089111,-0.428711,-69.641113,-92.102081,71.899414,jogging
4500207,0.965576,0.06958,-0.305176,-85.388184,-82.275391,80.810547,jogging
4500224,0.735229,0.197144,-0.151367,-101.31839,-32.043457,80.01709,jogging
4500241,0.678223,0.369629,-0.097412,-95.947296,-3.41797,64.208984,jogging
4500257,0.643311,0.439575,-0.069214,-70.678711,-1.464844,38.818359,jogging
4500274,0.47522,0.474731,-0.043579,-59.936539,-4.394531,33.447266,jogging
4500291,0.302124,0.445313,-0.026733,-53.283707,-9.82666,34.179688,jogging
4500307,0.16748,0.492188,-0.057251,-46.142593,-16.662598,30.151375,jogging
4500324,0.09314,0.532837,-0.061157,-40.771484,-19.592285,24.41407,jogging
4500341,-0.026367,0.646362,-0.046753,-32.348633,-22.766121,11.474613,jogging
4500357,-0.050903,0.766235,-0.079102,-17.822266,-20.385742,0.671387,jogging
4500374,-0.02478,0.767456,-0.11499,-5.981447,-13.854984,-4.089355,jogging
4500391,0.164795,0.667358,-0.186401,12.207035,2.441406,-17.211914,jogging
4500407,0.519165,0.578857,-0.204102,24.230965,15.258793,-40.100098,jogging
4500424,1.034546,0.63269,-0.093872,22.094727,13.732914,-68.664551,jogging
4500441,1.353271,0.700073,-0.078369,19.592285,10.314941,-82.275391,jogging
4500457,1.905151,0.881714,-0.172241,31.799324,12.451176,-100.524933,jogging
4500474,2.113159,0.744263,-0.295044,86.853027,39.0625,-114.196808,jogging
4500491,2.269897,0.511719,-0.328857,107.605011,56.152359,-120.84964,jogging
4500507,2.654297,0.060425,-0.201904,140.869141,63.232437,-143.066406,jogging
