timestamp_ms,ax,ay,az,gx,gy,gz,activity
663361,0.853882,0.390991,-0.305054,-0.366211,-1.037598,-0.366211,phone_interaction
663378,0.856201,0.394287,-0.304077,-0.244141,-1.281738,-0.427246,phone_interaction
663394,0.851563,0.394287,-0.304932,-0.183106,-1.403809,-0.488281,phone_interaction
663411,0.846436,0.391846,-0.309937,0.305176,-1.098633,-0.549316,phone_interaction
663428,0.848145,0.387817,-0.314941,0.366211,-1.098633,-0.549316,phone_interaction
663444,0.847168,0.388184,-0.316406,0.12207,-1.403809,-0.549316,phone_interaction
663461,0.845215,0.389282,-0.313965,0.183106,-0.976563,-0.427246,phone_interaction
663478,0.841675,0.394165,-0.312866,0.061035,-1.342773,-0.244141,phone_interaction
663494,0.836304,0.397583,-0.31311,0.610352,-1.159668,0.793457,phone_interaction
663511,0.837158,0.393799,-0.312378,0.610352,-1.098633,0.976563,phone_interaction
663528,0.844482,0.388916,-0.310059,0.488281,-0.244141,0.976563,phone_interaction
663544,0.844971,0.390869,-0.305786,0.366211,0.610352,0.732422,phone_interaction
663561,0.852905,0.391357,-0.306885,0.549316,0.183106,0.793457,phone_interaction
663578,0.853516,0.391602,-0.308716,0.610352,-0.671387,0.732422,phone_interaction
663594,0.850586,0.390869,-0.312988,1.037598,-1.159668,0.793457,phone_interaction
663611,0.851563,0.389771,-0.321045,1.037598,-0.488281,0.610352,phone_interaction
663628,0.853027,0.389526,-0.32251,1.159668,0.061035,0.549316,phone_interaction
663644,0.851196,0.38623,-0.317627,1.159668,0.12207,0.549316,phone_interaction
663661,0.853516,0.386108,-0.316284,0.976563,-0.671387,0.183106,phone_interaction
663678,0.855835,0.384155,-0.31604,0.732422,-1.281738,0.183106,phone_interaction
663694,0.849487,0.387451,-0.313477,0.366211,-2.319336,0.427246,phone_interaction
663711,0.848022,0.385498,-0.313965,0.427246,-2.990724,0.976563,phone_interaction
663728,0.858276,0.381592,-0.318359,0.12207,-4.760742,1.281738,phone_interaction
663745,0.8573,0.381592,-0.322144,-0.061035,-5.432129,1.525879,phone_interaction
663761,0.851074,0.382202,-0.322021,-0.12207,-5.249023,1.464844,phone_interaction
663778,0.856934,0.383789,-0.321777,-0.427246,-6.286623,1.464844,phone_interaction
663795,0.857544,0.385132,-0.320801,-0.549316,-7.019045,1.708985,phone_interaction
663811,0.856689,0.383301,-0.319824,-0.549316,-6.95801,2.319336,phone_interaction
663828,0.861206,0.388184,-0.328003,-0.793457,-7.141115,1.831055,phone_interaction
663845,0.867676,0.390625,-0.334106,-1.098633,-8.056641,1.159668,phone_interaction
663861,0.863892,0.390503,-0.330566,-1.159668,-8.361816,0.915528,phone_interaction
663878,0.853149,0.390503,-0.322754,-1.403809,-8.666992,0.549316,phone_interaction
663895,0.841187,0.388306,-0.325195,-1.220703,-8.361816,0.549316,phone_interaction
663911,0.83728,0.389282,-0.329468,-1.159668,-8.728027,0.366211,phone_interaction
663928,0.829224,0.391357,-0.339355,-1.159668,-9.399414,0.305176,phone_interaction
663945,0.825806,0.391479,-0.341797,-0.854492,-8.789063,0.854492,phone_interaction
663961,0.819702,0.386353,-0.339478,-1.037598,-6.225588,1.159668,phone_interaction
663978,0.817993,0.386108,-0.340332,-1.037598,-4.089355,0.976563,phone_interaction
663995,0.831909,0.387085,-0.342407,-0.427246,-1.464844,0.976563,phone_interaction
664011,0.835449,0.383911,-0.340942,-0.244141,-1.403809,1.281738,phone_interaction
664028,0.838013,0.384277,-0.338989,-0.305176,-2.258301,1.64795,phone_interaction
664045,0.837036,0.383545,-0.331909,-0.305176,-3.906251,2.13623,phone_interaction
664061,0.83606,0.389648,-0.333496,-0.305176,-4.943848,1.64795,phone_interaction
664078,0.836304,0.38623,-0.349243,0.305176,-4.638672,1.64795,phone_interaction
664095,0.837524,0.38269,-0.355957,0.610352,-4.455566,1.831055,phone_interaction
664111,0.84729,0.380737,-0.361694,0.610352,-3.906251,1.586915,phone_interaction
664128,0.83667,0.376343,-0.362671,0.671387,-2.197266,1.464844,phone_interaction
664145,0.834839,0.375122,-0.364624,0.610352,-1.098633,0.915528,phone_interaction
664161,0.841797,0.376343,-0.365967,0.183106,0.12207,0.366211,phone_interaction
664178,0.857544,0.376953,-0.362061,0.183106,-1.77002,0.305176,phone_interaction
664195,0.85437,0.378906,-0.361694,-0.305176,-2.868653,0.305176,phone_interaction
664211,0.841919,0.381348,-0.363647,-0.061035,-2.685547,0.061035,phone_interaction
664228,0.844727,0.376587,-0.363892,-0.12207,-1.220703,-0.549316,phone_interaction
664245,0.838623,0.38269,-0.36438,-0.488281,0.061035,-0.732422,phone_interaction
664261,0.839233,0.383789,-0.365601,-0.305176,0.183106,-0.244141,phone_interaction
664278,0.825195,0.38147,-0.363037,-0.427246,-1.708985,0.366211,phone_interaction
664295,0.831299,0.384155,-0.355591,-0.549316,-0.976563,-0.244141,phone_interaction
664311,0.831543,0.386108,-0.353271,-0.732422,0.061035,-0.366211,phone_interaction
664328,0.837769,0.392212,-0.355469,-0.671387,1.098633,-0.732422,phone_interaction
664345,0.843872,0.390137,-0.355957,-0.488281,0.854492,-0.488281,phone_interaction
664362,0.839844,0.383179,-0.354736,-0.244141,1.342773,-0.549316,phone_interaction
664378,0.838501,0.379517,-0.355347,0.061035,1.831055,-0.549316,phone_interaction
664395,0.841431,0.382813,-0.353271,0.0,2.441406,-1.220703,phone_interaction
664412,0.843994,0.390381,-0.35144,-0.183106,0.854492,-0.976563,phone_interaction
664428,0.837524,0.388916,-0.352051,-0.244141,-0.183106,-0.793457,phone_interaction
664445,0.831177,0.386353,-0.349609,-0.488281,-0.366211,-0.854492,phone_interaction
664462,0.833374,0.385742,-0.352295,-0.244141,-0.549316,-0.366211,phone_interaction
664478,0.825928,0.387573,-0.351196,-0.305176,0.305176,0.0,phone_interaction
664495,0.82312,0.387573,-0.349243,-0.12207,0.427246,-0.12207,phone_interaction
664512,0.834717,0.384766,-0.347046,-0.12207,-1.037598,-0.183106,phone_interaction
664528,0.834839,0.383423,-0.346558,0.061035,-3.601075,0.610352,phone_interaction
664545,0.839722,0.379883,-0.349121,0.0,-4.577637,0.854492,phone_interaction
664562,0.834839,0.376953,-0.358276,-0.12207,-5.004883,1.281738,phone_interaction
664578,0.840942,0.38147,-0.358887,0.488281,-2.441406,1.586915,phone_interaction
664595,0.856201,0.385742,-0.362427,0.305176,-2.258301,1.281738,phone_interaction
664612,0.859741,0.384033,-0.3573,0.183106,-2.13623,1.464844,phone_interaction
664628,0.848999,0.380493,-0.348145,-0.183106,-2.746582,2.01416,phone_interaction
664645,0.815918,0.37207,-0.34082,-0.12207,-3.112794,1.77002,phone_interaction
664662,0.821045,0.372314,-0.34082,-0.12207,-3.479005,0.854492,phone_interaction
664678,0.870728,0.380859,-0.351685,-0.610352,-6.896975,0.061035,phone_interaction
664695,0.879761,0.401611,-0.358398,-1.403809,-11.840824,-0.061035,phone_interaction
664712,0.870239,0.397339,-0.363159,-1.403809,-14.03809,1.525879,phone_interaction
664728,0.827271,0.385376,-0.372192,-2.13623,-13.854984,0.732422,phone_interaction
664745,0.798096,0.384155,-0.375366,-1.64795,-7.629396,-1.220703,phone_interaction
664762,0.803711,0.379761,-0.380005,-0.549316,-4.638672,-0.793457,phone_interaction
664778,0.804321,0.376831,-0.378784,-0.549316,-5.798342,-0.549316,phone_interaction
664795,0.82959,0.388428,-0.378662,-1.159668,-9.094238,0.244141,phone_interaction
664812,0.803101,0.389648,-0.395508,-1.464844,-13.854984,2.685547,phone_interaction
664828,0.790405,0.389282,-0.400391,-1.64795,-14.343266,2.807618,phone_interaction
664845,0.786255,0.390381,-0.396362,-1.708985,-10.131836,2.197266,phone_interaction
664862,0.803833,0.385498,-0.393555,-0.976563,-5.554201,2.685547,phone_interaction
664878,0.806274,0.385864,-0.386719,-1.464844,-2.746582,3.54004,phone_interaction
664895,0.804199,0.390503,-0.384644,-1.708985,-0.915528,4.516602,phone_interaction
664912,0.838745,0.391968,-0.371216,-1.037598,-4.455566,9.094238,phone_interaction
664929,0.842285,0.362549,-0.387207,-0.854492,-12.634281,11.169437,phone_interaction
664945,0.820923,0.344971,-0.419067,-0.549316,-15.075687,10.131836,phone_interaction
664962,0.80481,0.374756,-0.461792,-1.098633,-5.310059,4.02832,phone_interaction
664979,0.792969,0.377197,-0.442627,2.441406,-1.64795,0.12207,phone_interaction
664995,0.875977,0.364746,-0.435425,2.685547,-4.150391,-4.699707,phone_interaction
665012,0.88916,0.366699,-0.42688,2.197266,-6.347658,-5.859377,phone_interaction
665029,0.876343,0.376709,-0.407837,1.403809,-7.08008,-4.272461,phone_interaction
665045,0.827881,0.375,-0.403198,1.403809,-2.624512,-3.295899,phone_interaction
665062,0.812256,0.372559,-0.401611,1.64795,-0.305176,-2.563477,phone_interaction
665079,0.80481,0.373413,-0.403076,2.075195,0.549316,-1.159668,phone_interaction
665095,0.817871,0.375122,-0.396606,2.746582,-4.211426,-0.061035,phone_interaction
665112,0.812622,0.373047,-0.392578,2.563477,-8.361816,0.854492,phone_interaction
665129,0.795776,0.374756,-0.396484,2.258301,-8.361816,0.915528,phone_interaction
665145,0.780029,0.383179,-0.407349,2.01416,-3.601075,0.183106,phone_interaction
665163,0.794922,0.383545,-0.411377,2.502441,2.01416,-0.549316,phone_interaction
665179,0.804077,0.381592,-0.41272,2.746582,3.845216,-0.244141,phone_interaction
665195,0.810547,0.381958,-0.410034,2.807618,5.004883,0.12207,phone_interaction
665212,0.824341,0.380615,-0.410889,3.234864,3.601075,0.549316,phone_interaction
665229,0.824341,0.372437,-0.40979,2.319336,0.488281,0.183106,phone_interaction
665245,0.822632,0.371704,-0.410278,1.831055,-0.366211,0.183106,phone_interaction
665262,0.814941,0.373413,-0.412476,0.976563,-0.305176,-0.305176,phone_interaction
665279,0.812012,0.377686,-0.418091,1.098633,0.610352,-0.915528,phone_interaction
665295,0.808838,0.375732,-0.421875,1.464844,0.671387,-0.732422,phone_interaction
665312,0.809082,0.369507,-0.426758,2.01416,0.366211,-0.854492,phone_interaction
665329,0.819824,0.370728,-0.430176,2.624512,-0.854492,0.0,phone_interaction
665345,0.818115,0.368774,-0.428833,2.441406,-2.258301,0.244141,phone_interaction
665362,0.823486,0.369507,-0.428467,1.953125,-3.967286,0.183106,phone_interaction
665379,0.818726,0.374878,-0.430542,1.281738,-4.638672,0.610352,phone_interaction
665395,0.819824,0.373047,-0.432739,1.64795,-5.004883,1.037598,phone_interaction
665412,0.829956,0.370605,-0.431885,1.525879,-5.310059,0.854492,phone_interaction
665429,0.820801,0.372681,-0.433105,1.89209,-5.126953,2.441406,phone_interaction
665445,0.805054,0.37146,-0.426758,2.563477,-2.929688,2.13623,phone_interaction
665462,0.803223,0.368286,-0.42749,2.746582,-2.197266,1.89209,phone_interaction
665479,0.809204,0.36731,-0.426636,2.563477,-3.41797,1.586915,phone_interaction
665495,0.810425,0.369873,-0.428467,2.502441,-6.286623,3.356935,phone_interaction
665512,0.825073,0.363647,-0.442139,2.990724,-10.070801,6.225588,phone_interaction
665529,0.819336,0.363159,-0.443481,2.685547,-12.084965,7.324221,phone_interaction
665546,0.768799,0.358154,-0.445801,3.479005,-7.385256,7.141115,phone_interaction
665562,0.785645,0.354736,-0.437744,4.150391,2.01416,4.638672,phone_interaction
665579,0.796753,0.353516,-0.433716,3.784181,4.089355,3.66211,phone_interaction
665596,0.808228,0.35437,-0.422241,1.89209,4.272461,2.563477,phone_interaction
665612,0.81189,0.367065,-0.403687,2.441406,5.371094,1.220703,phone_interaction
665629,0.811523,0.36792,-0.388794,3.54004,5.615236,0.549316,phone_interaction
665646,0.798462,0.373901,-0.38147,3.906251,5.859377,0.0,phone_interaction
665662,0.778809,0.384766,-0.355103,4.943848,8.728027,-2.502441,phone_interaction
665679,0.792236,0.386108,-0.336182,4.943848,11.413578,-5.737307,phone_interaction
665696,0.792114,0.381958,-0.343262,5.004883,12.634281,-6.896975,phone_interaction
665712,0.807617,0.376709,-0.38623,5.798342,12.634281,-8.544922,phone_interaction
665729,0.826904,0.369385,-0.439575,8.300781,7.385256,-8.056641,phone_interaction
665746,0.828003,0.363647,-0.442017,9.399414,2.319336,-7.812502,phone_interaction
665762,0.813354,0.35791,-0.435303,9.58252,3.173829,-7.568361,phone_interaction
665779,0.793335,0.348267,-0.445435,7.812502,8.544922,-10.070801,phone_interaction
665796,0.780762,0.344849,-0.499146,6.713869,11.596684,-12.573246,phone_interaction
665812,0.790649,0.341187,-0.508667,5.615236,13.793949,-14.465336,phone_interaction
665829,0.868164,0.355591,-0.47583,3.723145,16.906738,-16.235352,phone_interaction
665846,0.872681,0.358032,-0.439941,2.685547,17.51709,-14.648441,phone_interaction
665862,0.838013,0.358032,-0.434814,1.89209,0.549316,-17.63916,phone_interaction
665879,0.821045,0.368408,-0.408081,0.671387,14.648441,-20.019531,phone_interaction
665896,0.8302,0.392334,-0.399902,1.281738,15.808109,-18.615723,phone_interaction
665912,0.770386,0.407104,-0.386475,3.41797,18.005371,-14.221195,phone_interaction
665929,0.741089,0.418335,-0.355713,4.394531,19.897461,-15.014652,phone_interaction
665946,0.838745,0.442139,-0.275757,9.094238,24.963387,-18.432617,phone_interaction
665962,0.91748,0.405151,-0.280762,9.765625,18.981934,-12.939457,phone_interaction
665979,0.87561,0.401489,-0.310059,7.141115,12.634281,-9.216309,phone_interaction
665996,0.798096,0.41748,-0.36438,4.211426,4.272461,-8.300781,phone_interaction
666012,0.802002,0.418213,-0.358887,5.798342,3.845216,-7.873537,phone_interaction
666029,0.802856,0.408081,-0.364746,6.530764,5.004883,-5.249023,phone_interaction
666046,0.811523,0.411377,-0.374023,6.774904,4.760742,-4.760742,phone_interaction
666062,0.842896,0.401245,-0.383057,6.042482,1.220703,-4.760742,phone_interaction
666079,0.809692,0.402466,-0.398438,3.845216,-1.220703,-5.065918,phone_interaction
666096,0.820557,0.400513,-0.403198,3.41797,-1.953125,-6.042482,phone_interaction
666113,0.800049,0.387939,-0.417969,1.89209,-0.183106,-5.615236,phone_interaction
666129,0.835205,0.403931,-0.40332,0.610352,2.746582,-5.737307,phone_interaction
666146,0.836914,0.416626,-0.384033,-0.366211,1.159668,-5.554201,phone_interaction
666163,0.809448,0.419556,-0.382813,-0.427246,2.563477,-6.164553,phone_interaction
666179,0.817749,0.413696,-0.377197,0.610352,7.507326,-8.422852,phone_interaction
666196,0.857666,0.421509,-0.350464,0.732422,9.155273,-9.338379,phone_interaction
666213,0.862061,0.435181,-0.336914,0.183106,8.789063,-9.033203,phone_interaction
666229,0.870483,0.458008,-0.325317,0.488281,7.446291,-8.422852,phone_interaction
666246,0.859863,0.451782,-0.316406,1.708985,0.488281,-8.056641,phone_interaction
666263,0.799683,0.434204,-0.341675,1.89209,-0.549316,-7.690432,phone_interaction
666279,0.780273,0.431152,-0.354736,2.01416,1.953125,-7.812502,phone_interaction
666296,0.806885,0.44043,-0.339844,1.89209,5.920412,-8.117676,phone_interaction
666313,0.849609,0.459106,-0.315796,2.502441,5.249023,-7.690432,phone_interaction
666329,0.852173,0.456055,-0.324951,2.990724,2.868653,-7.141115,phone_interaction
666346,0.803467,0.436646,-0.368774,2.929688,-1.89209,-6.469728,phone_interaction
666363,0.769043,0.421997,-0.38208,1.89209,-1.586915,-7.629396,phone_interaction
666379,0.764893,0.430786,-0.362061,1.037598,5.798342,-8.239746,phone_interaction
666396,0.814697,0.464233,-0.352539,1.403809,7.873537,-8.422852,phone_interaction
666413,0.856323,0.466064,-0.3573,2.258301,4.089355,-7.324221,phone_interaction
666429,0.807373,0.446655,-0.378418,2.13623,-1.586915,-7.690432,phone_interaction
666446,0.782715,0.438843,-0.38269,1.953125,-1.037598,-8.605957,phone_interaction
666463,0.7771,0.45166,-0.366577,1.831055,4.699707,-9.765625,phone_interaction
666479,0.817749,0.465088,-0.350952,2.13623,6.042482,-9.277344,phone_interaction
666496,0.82605,0.468506,-0.344116,2.13623,4.150391,-8.117676,phone_interaction
666513,0.800049,0.46582,-0.348511,2.258301,-1.464844,-7.08008,phone_interaction
666529,0.733521,0.456055,-0.365845,2.380371,0.0,-7.629396,phone_interaction
666546,0.742432,0.460083,-0.377197,2.01416,7.568361,-8.300781,phone_interaction
666563,0.770264,0.469604,-0.375366,1.77002,9.643555,-7.812502,phone_interaction
666579,0.807983,0.476563,-0.359985,2.075195,5.065918,-5.737307,phone_interaction
666596,0.796143,0.470947,-0.370972,0.732422,-0.244141,-3.845216,phone_interaction
666613,0.790649,0.482666,-0.366943,0.549316,-1.159668,-1.89209,phone_interaction
666629,0.774536,0.505005,-0.345581,0.488281,-2.990724,0.976563,phone_interaction
666646,0.751465,0.458008,-0.363403,1.708985,-0.12207,0.671387,phone_interaction
666663,0.747437,0.45813,-0.342163,1.586915,-0.12207,-1.464844,phone_interaction
666679,0.730103,0.474121,-0.349243,1.586915,-4.821777,-2.380371,phone_interaction
666696,0.733765,0.46875,-0.351318,1.281738,-2.441406,-3.906251,phone_interaction
666713,0.752563,0.472412,-0.341919,1.403809,0.549316,-2.990724,phone_interaction
666730,0.766479,0.469971,-0.351318,0.854492,2.197266,-3.173829,phone_interaction
666746,0.813354,0.478027,-0.388916,0.0,5.065918,-3.112794,phone_interaction
666763,0.811401,0.473389,-0.384399,0.244141,4.455566,-2.380371,phone_interaction
666780,0.799561,0.466064,-0.359253,-0.183106,2.13623,-2.807618,phone_interaction
666796,0.791748,0.467407,-0.355591,-0.915528,-0.305176,-2.685547,phone_interaction
666813,0.769043,0.484253,-0.35437,-2.01416,-1.64795,-3.66211,phone_interaction
666830,0.774414,0.492554,-0.345337,-1.037598,3.051759,-3.41797,phone_interaction
666846,0.781738,0.495361,-0.338135,-1.159668,4.577637,-3.601075,phone_interaction
666863,0.796021,0.492676,-0.333374,-0.854492,7.690432,-4.150391,phone_interaction
666880,0.80896,0.483521,-0.339966,-0.915528,7.995607,-4.272461,phone_interaction
666896,0.81897,0.487183,-0.339111,-1.464844,4.638672,-3.845216,phone_interaction
666913,0.819214,0.493652,-0.331909,-1.281738,2.929688,-3.66211,phone_interaction
666930,0.802368,0.498779,-0.32666,-0.671387,-0.305176,-3.112794,phone_interaction
666946,0.785889,0.486816,-0.338623,-0.610352,-1.220703,-2.990724,phone_interaction
666963,0.7677,0.484985,-0.351318,-0.854492,-0.488281,-3.173829,phone_interaction
666980,0.758179,0.483887,-0.360229,-1.159668,2.868653,-3.234864,phone_interaction
666996,0.793579,0.49292,-0.343018,-1.098633,1.586915,-2.380371,phone_interaction
667013,0.789551,0.49585,-0.340088,-1.098633,-1.831055,-1.586915,phone_interaction
667030,0.786011,0.488647,-0.337891,-0.915528,-4.638672,-1.098633,phone_interaction
667046,0.779297,0.491821,-0.337036,-1.342773,-2.502441,-1.220703,phone_interaction
667063,0.794312,0.497437,-0.348022,-1.281738,0.0,-1.281738,phone_interaction
667080,0.792969,0.499878,-0.354858,-1.281738,0.427246,-1.281738,phone_interaction
667096,0.780518,0.495972,-0.348755,-0.793457,-1.098633,-1.037598,phone_interaction
667113,0.778076,0.493164,-0.344116,-0.976563,-2.746582,-0.671387,phone_interaction
667130,0.780029,0.495117,-0.35022,-0.854492,-2.990724,-0.488281,phone_interaction
667146,0.782104,0.492676,-0.349243,-0.854492,-1.953125,-1.159668,phone_interaction
667163,0.784424,0.5,-0.349854,-1.342773,1.281738,-1.77002,phone_interaction
667180,0.799927,0.504761,-0.346313,-1.586915,2.197266,-2.075195,phone_interaction
667196,0.804443,0.508423,-0.3396,-1.281738,0.366211,-1.281738,phone_interaction
667213,0.776611,0.495117,-0.332031,-0.244141,-3.41797,-0.854492,phone_interaction
667230,0.744507,0.495483,-0.339111,-1.037598,-4.211426,-0.793457,phone_interaction
667246,0.73999,0.499146,-0.340454,-0.854492,-2.929688,-0.976563,phone_interaction
667263,0.757446,0.504028,-0.348267,-0.793457,0.0,-0.854492,phone_interaction
667280,0.783325,0.505127,-0.34729,-0.427246,-1.342773,0.12207,phone_interaction
667296,0.786377,0.501221,-0.337402,-0.488281,-5.920412,0.793457,phone_interaction
667313,0.78772,0.499634,-0.331299,-0.427246,-7.019045,0.854492,phone_interaction
667330,0.796631,0.49646,-0.32959,-0.244141,-7.751467,1.037598,phone_interaction
667347,0.78894,0.50354,-0.335693,-0.366211,-7.141115,1.342773,phone_interaction
667363,0.783203,0.507568,-0.342163,-0.366211,-6.896975,1.525879,phone_interaction
667380,0.775757,0.507446,-0.355347,-0.12207,-8.361816,2.197266,phone_interaction
667397,0.762329,0.496094,-0.359985,0.427246,-9.094238,1.953125,phone_interaction
667413,0.770874,0.492188,-0.354858,0.549316,-6.652834,1.281738,phone_interaction
667430,0.785156,0.495483,-0.347412,0.610352,-5.798342,1.159668,phone_interaction
667447,0.805176,0.50769,-0.333984,0.915528,-7.629396,2.319336,phone_interaction
667463,0.811035,0.500244,-0.337036,1.64795,-13.610844,3.356935,phone_interaction
667480,0.80603,0.494873,-0.348389,1.464844,-16.906738,3.479005,phone_interaction
667497,0.743774,0.502197,-0.374512,0.854492,-17.822266,2.502441,phone_interaction
667513,0.748291,0.500977,-0.38147,1.64795,-11.413578,1.89209,phone_interaction
667530,0.751831,0.497803,-0.381226,2.01416,-9.216309,2.075195,phone_interaction
667547,0.773315,0.492188,-0.390747,1.77002,-9.643555,2.197266,phone_interaction
667563,0.756592,0.481323,-0.411621,1.281738,-10.620117,1.281738,phone_interaction
667580,0.744995,0.481934,-0.413696,0.12207,-5.859377,-0.488281,phone_interaction
667597,0.756592,0.487183,-0.413452,-0.061035,-3.112794,-0.915528,phone_interaction
667613,0.779419,0.499512,-0.398071,0.061035,-3.295899,-0.488281,phone_interaction
667630,0.746216,0.494751,-0.394287,0.427246,-6.652834,0.305176,phone_interaction
667647,0.733032,0.485107,-0.396118,0.732422,-6.591799,0.061035,phone_interaction
667663,0.738037,0.477783,-0.401001,0.12207,-4.02832,-0.488281,phone_interaction
667680,0.754028,0.495972,-0.396851,0.244141,-1.159668,-0.183106,phone_interaction
667697,0.765625,0.499878,-0.389282,0.244141,-2.563477,0.732422,phone_interaction
667713,0.759033,0.501587,-0.389038,0.0,-3.479005,1.159668,phone_interaction
667730,0.736816,0.499756,-0.385132,0.671387,-2.990724,1.708985,phone_interaction
667747,0.741699,0.488037,-0.377319,1.159668,-0.793457,1.220703,phone_interaction
667763,0.757324,0.487793,-0.374878,1.037598,0.0,1.037598,phone_interaction
667780,0.787109,0.496094,-0.372803,0.610352,-0.610352,1.159668,phone_interaction
667797,0.770386,0.502441,-0.368896,0.305176,-1.464844,1.586915,phone_interaction
667813,0.748047,0.505127,-0.392578,0.244141,0.671387,1.89209,phone_interaction
667830,0.740356,0.50293,-0.412964,1.098633,1.77002,1.89209,phone_interaction
667847,0.771973,0.479004,-0.404907,2.258301,0.488281,1.342773,phone_interaction
667863,0.777466,0.481812,-0.395996,1.037598,-3.173829,2.01416,phone_interaction
667880,0.772095,0.487671,-0.392944,1.037598,-3.41797,2.075195,phone_interaction
667897,0.787354,0.496826,-0.386353,0.793457,-3.54004,2.075195,phone_interaction
667914,0.76355,0.499756,-0.406738,1.525879,-5.004883,2.502441,phone_interaction
667930,0.751709,0.475952,-0.415039,1.831055,-3.234864,1.77002,phone_interaction
667947,0.755005,0.472168,-0.420898,1.220703,-1.525879,1.281738,phone_interaction
667964,0.769043,0.485962,-0.432617,0.427246,0.610352,0.854492,phone_interaction
667980,0.82959,0.499268,-0.390869,0.610352,-5.676271,3.54004,phone_interaction
667997,0.843384,0.509521,-0.366699,0.854492,-11.718754,6.469728,phone_interaction
668014,0.700195,0.474365,-0.429932,1.159668,-16.479492,7.446291,phone_interaction
668030,0.604004,0.417847,-0.444946,1.953125,3.967286,-3.41797,phone_interaction
668047,0.756226,0.475342,-0.428955,0.061035,6.591799,-7.324221,phone_interaction
668064,0.806396,0.489136,-0.410767,0.183106,3.601075,-6.652834,phone_interaction
668080,0.818115,0.505371,-0.375488,0.427246,-1.159668,-2.01416,phone_interaction
668097,0.807739,0.48877,-0.383789,-0.732422,0.549316,-0.183106,phone_interaction
668114,0.786133,0.492065,-0.400757,-1.098633,0.183106,-0.488281,phone_interaction
668130,0.75415,0.494263,-0.413208,-0.915528,-0.305176,-1.159668,phone_interaction
668147,0.730347,0.484619,-0.416016,-0.305176,0.12207,-1.037598,phone_interaction
668164,0.731689,0.485596,-0.409302,-0.366211,-0.244141,-0.854492,phone_interaction
668180,0.756714,0.486694,-0.404785,0.610352,-0.610352,0.061035,phone_interaction
668197,0.772949,0.485352,-0.407715,0.671387,-2.624512,0.427246,phone_interaction
668214,0.789063,0.492676,-0.405518,0.061035,-6.530764,0.976563,phone_interaction
668230,0.76416,0.491943,-0.418091,0.305176,-7.324221,0.915528,phone_interaction
668247,0.714844,0.473511,-0.42334,0.549316,-3.784181,-0.610352,phone_interaction
668264,0.747681,0.487427,-0.408691,0.427246,1.403809,-1.220703,phone_interaction
668280,0.766235,0.495239,-0.406738,0.671387,1.159668,-0.854492,phone_interaction
668297,0.778809,0.491333,-0.414063,0.305176,-3.784181,0.305176,phone_interaction
668314,0.737061,0.494263,-0.414185,0.610352,-5.249023,0.854492,phone_interaction
668330,0.733765,0.484863,-0.415894,1.159668,-1.77002,0.12207,phone_interaction
668347,0.740356,0.484375,-0.419189,0.915528,-1.281738,-0.12207,phone_interaction
668364,0.748169,0.488647,-0.418701,0.549316,-0.732422,0.12207,phone_interaction
668380,0.754395,0.484863,-0.424438,0.183106,-1.525879,0.549316,phone_interaction
668397,0.755249,0.486328,-0.425171,0.061035,-2.380371,0.854492,phone_interaction
668414,0.745117,0.4823,-0.430908,0.427246,-3.66211,1.586915,phone_interaction
668430,0.73645,0.474243,-0.430786,0.183106,-2.197266,1.159668,phone_interaction
668447,0.755127,0.481934,-0.424194,-0.305176,-0.854492,0.183106,phone_interaction
668464,0.761108,0.489258,-0.420654,-0.427246,-0.610352,-0.12207,phone_interaction
668480,0.761597,0.496338,-0.410156,-0.061035,-0.305176,-0.183106,phone_interaction
668497,0.758545,0.489868,-0.408813,0.0,-0.976563,-0.244141,phone_interaction
668514,0.762573,0.486206,-0.408325,-0.12207,-1.586915,-0.12207,phone_interaction
668531,0.762085,0.486084,-0.416382,-0.427246,-2.258301,0.061035,phone_interaction
668547,0.741211,0.491821,-0.421875,-0.061035,-1.586915,-0.12207,phone_interaction
668564,0.748413,0.488281,-0.415405,0.12207,-1.342773,0.0,phone_interaction
668581,0.747192,0.487671,-0.414917,0.0,-1.525879,-0.061035,phone_interaction
668597,0.736084,0.490356,-0.416382,0.366211,-1.708985,0.244141,phone_interaction
668614,0.731445,0.486694,-0.414063,0.793457,-0.305176,0.488281,phone_interaction
668631,0.737305,0.487793,-0.415527,0.793457,0.305176,0.366211,phone_interaction
668647,0.74707,0.490845,-0.421021,0.976563,-0.244141,0.976563,phone_interaction
668664,0.746704,0.487549,-0.421021,1.098633,-0.12207,0.854492,phone_interaction
668681,0.751709,0.483887,-0.42334,1.159668,0.183106,0.915528,phone_interaction
668697,0.755005,0.484497,-0.428589,0.793457,-0.061035,0.854492,phone_interaction
668714,0.765259,0.48291,-0.428833,0.793457,-0.244141,0.671387,phone_interaction
668731,0.774414,0.478271,-0.426392,-0.183106,-2.868653,0.915528,phone_interaction
668747,0.770874,0.484985,-0.427368,-0.671387,-4.02832,0.183106,phone_interaction
668764,0.743652,0.477905,-0.43103,0.244141,-1.77002,0.854492,phone_interaction
668781,0.739746,0.47937,-0.433472,-0.244141,-0.183106,0.488281,phone_interaction
668797,0.749512,0.484985,-0.431885,-0.183106,-0.549316,0.305176,phone_interaction
668814,0.761841,0.486084,-0.422852,-0.061035,-2.197266,0.305176,phone_interaction
668831,0.759644,0.487671,-0.4198,-0.549316,-2.502441,0.610352,phone_interaction
668847,0.75293,0.490112,-0.421509,-0.366211,-1.89209,0.549316,phone_interaction
668864,0.743896,0.487183,-0.424683,-0.305176,-1.77002,0.488281,phone_interaction
668881,0.736572,0.487549,-0.428345,0.0,-0.793457,0.12207,phone_interaction
668897,0.742554,0.488525,-0.420044,0.305176,-0.915528,0.183106,phone_interaction
668914,0.741577,0.487183,-0.416992,0.366211,-1.037598,0.366211,phone_interaction
668931,0.74292,0.483276,-0.417725,0.305176,-0.854492,0.488281,phone_interaction
668947,0.748169,0.48645,-0.429443,0.12207,-0.732422,0.671387,phone_interaction
668964,0.738281,0.483887,-0.447876,0.915528,-0.671387,0.549316,phone_interaction
668981,0.740356,0.476929,-0.446045,0.793457,0.0,0.061035,phone_interaction
668997,0.75354,0.477173,-0.429932,0.244141,0.976563,-0.305176,phone_interaction
669014,0.759888,0.486084,-0.421631,-0.061035,-0.12207,-0.366211,phone_interaction
669031,0.757568,0.487183,-0.421631,0.061035,-0.976563,-0.12207,phone_interaction
669047,0.745361,0.484863,-0.422974,0.12207,-1.281738,0.12207,phone_interaction
669064,0.741699,0.485107,-0.426758,0.366211,-0.976563,0.183106,phone_interaction
669081,0.736084,0.487305,-0.429443,0.549316,-0.061035,0.061035,phone_interaction
669097,0.741699,0.487427,-0.426025,0.854492,0.732422,-0.183106,phone_interaction
669114,0.754395,0.487183,-0.42688,1.037598,1.586915,-0.610352,phone_interaction
669131,0.762573,0.487915,-0.426636,0.915528,0.610352,-0.427246,phone_interaction
669148,0.761719,0.48877,-0.426514,1.037598,-0.488281,-0.183106,phone_interaction
669164,0.75354,0.480225,-0.424927,0.854492,-1.953125,-0.061035,phone_interaction
669181,0.736328,0.483643,-0.42749,0.549316,-1.220703,0.0,phone_interaction
669198,0.733887,0.487183,-0.427856,0.915528,0.244141,-0.427246,phone_interaction
669214,0.734009,0.486938,-0.430176,1.159668,0.12207,-0.427246,phone_interaction
669231,0.752319,0.480835,-0.433228,1.342773,0.0,-0.305176,phone_interaction
669248,0.754761,0.478149,-0.434814,0.793457,-0.671387,-0.183106,phone_interaction
669264,0.749756,0.478882,-0.434448,0.549316,-0.610352,-0.305176,phone_interaction
669281,0.74292,0.481445,-0.430054,0.305176,0.366211,-0.915528,phone_interaction
669298,0.75415,0.484619,-0.425537,0.366211,0.610352,-1.220703,phone_interaction
669314,0.747314,0.484497,-0.431641,0.488281,0.12207,-1.037598,phone_interaction
669331,0.743896,0.482544,-0.438599,0.732422,0.12207,-1.464844,phone_interaction
669348,0.756104,0.478394,-0.433105,0.549316,0.366211,-1.586915,phone_interaction
669364,0.760254,0.487793,-0.430786,0.061035,-0.061035,-1.403809,phone_interaction
669381,0.748413,0.491943,-0.430664,0.0,-0.061035,-1.220703,phone_interaction
669398,0.736694,0.488525,-0.431396,0.549316,0.671387,-1.098633,phone_interaction
669414,0.737061,0.485107,-0.427612,0.366211,0.976563,-1.464844,phone_interaction
669431,0.740356,0.487061,-0.424927,0.366211,1.037598,-1.64795,phone_interaction
669448,0.743164,0.491455,-0.428833,0.488281,1.403809,-1.281738,phone_interaction
669464,0.737061,0.49353,-0.435059,0.610352,2.563477,-0.793457,phone_interaction
669481,0.742798,0.48877,-0.436279,0.793457,3.112794,-0.915528,phone_interaction
669498,0.740479,0.488403,-0.432251,0.671387,2.624512,-0.854492,phone_interaction
669514,0.733032,0.488281,-0.425415,0.732422,3.54004,-1.098633,phone_interaction
669531,0.734985,0.488403,-0.42334,0.549316,5.554201,-1.098633,phone_interaction
669548,0.742554,0.491455,-0.421875,0.488281,6.103518,-1.037598,phone_interaction
669564,0.748047,0.491577,-0.418823,0.732422,5.493164,-0.793457,phone_interaction
669581,0.750122,0.491455,-0.41687,0.610352,4.394531,-0.854492,phone_interaction
669598,0.740356,0.490845,-0.419556,0.793457,4.394531,-0.732422,phone_interaction
669614,0.745239,0.489136,-0.413086,0.732422,5.187988,-0.976563,phone_interaction
669631,0.757324,0.493652,-0.401489,0.366211,5.859377,-1.037598,phone_interaction
669648,0.766846,0.497681,-0.394165,0.488281,4.943848,-0.976563,phone_interaction
669664,0.766968,0.495972,-0.400757,0.549316,4.211426,-0.549316,phone_interaction
669681,0.76062,0.492065,-0.420044,0.671387,2.258301,-0.061035,phone_interaction
669698,0.766846,0.489746,-0.416748,0.549316,1.098633,0.244141,phone_interaction
669715,0.775879,0.489136,-0.410034,0.183106,-0.183106,0.244141,phone_interaction
669731,0.779053,0.489136,-0.404541,0.0,-0.610352,0.366211,phone_interaction
669748,0.760864,0.496094,-0.402344,-0.488281,-1.403809,0.671387,phone_interaction
669765,0.73877,0.492065,-0.421021,0.427246,-1.281738,0.549316,phone_interaction
669781,0.741943,0.484985,-0.41687,0.488281,-1.525879,0.061035,phone_interaction
669798,0.74939,0.485352,-0.419922,0.183106,-2.868653,0.244141,phone_interaction
669815,0.74231,0.489014,-0.422974,0.12207,-2.807618,0.549316,phone_interaction
669831,0.741455,0.491089,-0.416992,0.244141,-2.258301,0.610352,phone_interaction
669848,0.753662,0.493652,-0.409058,0.183106,-0.793457,0.732422,phone_interaction
669865,0.745972,0.496216,-0.421265,0.305176,-1.159668,0.732422,phone_interaction
669881,0.745728,0.488647,-0.415405,0.488281,-1.464844,0.427246,phone_interaction
669898,0.746582,0.487549,-0.417725,0.244141,-1.64795,0.488281,phone_interaction
669915,0.75354,0.487793,-0.421143,0.366211,-1.64795,0.488281,phone_interaction
669931,0.764038,0.491455,-0.412964,0.305176,-2.258301,0.854492,phone_interaction
669948,0.76062,0.492676,-0.414551,0.366211,-2.685547,1.098633,phone_interaction
669965,0.735474,0.49231,-0.422119,0.610352,-3.051759,0.793457,phone_interaction
669981,0.740479,0.481934,-0.422607,0.793457,-1.281738,0.061035,phone_interaction
669998,0.745972,0.486328,-0.430054,0.305176,0.488281,-0.12207,phone_interaction
670015,0.757568,0.488281,-0.428467,0.366211,0.549316,-0.183106,phone_interaction
670031,0.761719,0.489624,-0.422119,-0.061035,-0.732422,0.061035,phone_interaction
670048,0.743286,0.495483,-0.422607,0.183106,-0.976563,0.305176,phone_interaction
670065,0.73877,0.493286,-0.420776,0.427246,-0.854492,0.305176,phone_interaction
670081,0.744629,0.481567,-0.422485,0.549316,-1.525879,0.549316,phone_interaction
670098,0.748413,0.493286,-0.420166,-0.061035,-2.502441,-0.488281,phone_interaction
670115,0.743408,0.490967,-0.425537,0.305176,-0.976563,0.305176,phone_interaction
670131,0.743286,0.491455,-0.423706,0.244141,-0.610352,0.061035,phone_interaction
670148,0.741699,0.489624,-0.422241,0.610352,1.098633,0.244141,phone_interaction
670165,0.747925,0.489136,-0.418945,0.671387,1.281738,0.244141,phone_interaction
670181,0.748291,0.489258,-0.415161,0.732422,0.610352,0.305176,phone_interaction
670198,0.741089,0.487671,-0.411377,0.732422,0.244141,0.061035,phone_interaction
670215,0.752808,0.490112,-0.416748,0.671387,0.366211,0.244141,phone_interaction
670231,0.750122,0.492065,-0.427734,0.549316,-0.549316,0.610352,phone_interaction
670248,0.746948,0.489746,-0.428223,0.793457,-0.244141,0.793457,phone_interaction
670265,0.749146,0.48645,-0.424316,0.671387,0.610352,0.549316,phone_interaction
670281,0.752808,0.487061,-0.419434,0.610352,0.488281,0.366211,phone_interaction
670298,0.755249,0.487061,-0.416992,0.366211,0.183106,0.183106,phone_interaction
670315,0.757813,0.492432,-0.418945,0.0,-0.183106,0.0,phone_interaction
670332,0.752197,0.493042,-0.42041,0.183106,-0.305176,0.610352,phone_interaction
670348,0.743896,0.489868,-0.420166,0.366211,0.061035,0.610352,phone_interaction
670365,0.739014,0.486938,-0.419678,0.488281,0.976563,0.488281,phone_interaction
670382,0.745117,0.485962,-0.430176,0.854492,0.305176,0.366211,phone_interaction
670398,0.749756,0.483032,-0.425903,0.854492,-0.732422,0.183106,phone_interaction
670415,0.752808,0.484375,-0.426025,0.427246,-0.610352,0.12207,phone_interaction
670432,0.747437,0.489746,-0.432251,0.549316,0.12207,0.305176,phone_interaction
670448,0.753418,0.486938,-0.420166,0.427246,0.976563,0.305176,phone_interaction
670465,0.751465,0.491821,-0.417847,0.488281,0.793457,0.488281,phone_interaction
670482,0.741943,0.488892,-0.415649,0.976563,0.366211,0.610352,phone_interaction
670498,0.748169,0.482544,-0.418091,0.488281,0.244141,0.12207,phone_interaction
670515,0.755981,0.487305,-0.428467,0.366211,-0.12207,0.0,phone_interaction
670532,0.756836,0.48645,-0.43042,0.488281,-0.244141,0.0,phone_interaction
670548,0.755981,0.484375,-0.424561,0.488281,-0.244141,0.061035,phone_interaction
670565,0.752686,0.486084,-0.422974,0.305176,-0.061035,-0.061035,phone_interaction
670582,0.748291,0.486816,-0.421631,0.427246,0.244141,-0.183106,phone_interaction
670598,0.747681,0.485596,-0.419922,0.366211,0.671387,-0.549316,phone_interaction
670615,0.753418,0.488892,-0.423706,0.183106,0.305176,-0.305176,phone_interaction
670632,0.744751,0.491943,-0.422363,0.0,-0.12207,-0.183106,phone_interaction
670648,0.74707,0.492065,-0.421021,0.12207,0.305176,-0.12207,phone_interaction
670665,0.758789,0.488525,-0.416748,0.366211,0.854492,0.12207,phone_interaction
670682,0.757813,0.487915,-0.414307,0.183106,-0.488281,0.366211,phone_interaction
670698,0.747803,0.487427,-0.416748,0.12207,-0.732422,0.549316,phone_interaction
670715,0.728394,0.490967,-0.418091,0.183106,0.0,0.488281,phone_interaction
670732,0.739014,0.48938,-0.420898,0.793457,1.586915,0.366211,phone_interaction
670748,0.756592,0.484985,-0.423218,0.610352,0.915528,0.488281,phone_interaction
670765,0.758179,0.48584,-0.425659,0.488281,0.427246,0.671387,phone_interaction
670782,0.753906,0.486206,-0.422485,0.549316,-0.12207,0.732422,phone_interaction
670798,0.747925,0.488159,-0.421753,0.488281,-0.366211,0.793457,phone_interaction
670815,0.746338,0.487305,-0.422241,0.610352,-0.183106,0.671387,phone_interaction
670832,0.752563,0.480347,-0.4198,0.610352,0.732422,0.183106,phone_interaction
670848,0.763062,0.485229,-0.421753,0.366211,0.488281,0.305176,phone_interaction
670865,0.760376,0.486694,-0.421753,0.366211,-0.488281,0.244141,phone_interaction
670882,0.758911,0.485596,-0.419312,0.427246,-0.549316,0.061035,phone_interaction
670899,0.754761,0.484497,-0.41748,0.244141,-0.610352,-0.12207,phone_interaction
670915,0.751831,0.485596,-0.415894,0.244141,-0.854492,-0.061035,phone_interaction
670932,0.749268,0.485352,-0.416504,0.244141,-0.854492,-0.12207,phone_interaction
670949,0.747437,0.486084,-0.418213,0.366211,-0.061035,-0.12207,phone_interaction
670965,0.753296,0.486816,-0.41748,0.671387,0.183106,0.0,phone_interaction
670982,0.753296,0.486084,-0.416748,0.610352,-0.305176,0.061035,phone_interaction
670999,0.744141,0.485474,-0.420288,0.549316,-0.549316,0.244141,phone_interaction
671015,0.74353,0.488281,-0.418335,0.793457,-0.12207,0.12207,phone_interaction
671032,0.747925,0.490112,-0.421143,0.732422,-0.671387,0.244141,phone_interaction
671049,0.738159,0.490356,-0.426392,0.915528,-0.366211,0.427246,phone_interaction
671065,0.749512,0.48584,-0.422119,1.037598,0.671387,0.061035,phone_interaction
671082,0.760742,0.491455,-0.42395,0.244141,-0.183106,0.366211,phone_interaction
671099,0.749634,0.492432,-0.428223,0.183106,-0.305176,0.366211,phone_interaction
671115,0.75061,0.485229,-0.420288,0.488281,0.12207,0.305176,phone_interaction
671132,0.757568,0.482788,-0.420288,0.183106,0.0,0.366211,phone_interaction
671149,0.754395,0.481567,-0.424316,0.732422,0.366211,0.12207,phone_interaction
671165,0.760986,0.47998,-0.420898,0.671387,0.061035,0.12207,phone_interaction
671182,0.755127,0.482544,-0.426514,0.488281,-0.366211,0.12207,phone_interaction
671199,0.747925,0.481445,-0.428467,0.488281,-0.305176,0.183106,phone_interaction
671215,0.742798,0.482544,-0.430298,0.427246,-0.305176,0.244141,phone_interaction
671232,0.735229,0.479736,-0.423584,0.549316,0.061035,0.12207,phone_interaction
671249,0.747314,0.481323,-0.420776,0.549316,1.037598,0.305176,phone_interaction
671265,0.757446,0.487183,-0.422119,0.793457,-0.061035,0.671387,phone_interaction
671282,0.756714,0.487427,-0.42041,0.671387,-0.915528,0.854492,phone_interaction
671299,0.74231,0.490967,-0.421143,0.549316,-1.098633,0.854492,phone_interaction
671315,0.745239,0.485229,-0.423584,0.976563,0.488281,0.610352,phone_interaction
671332,0.754517,0.482056,-0.420776,0.915528,0.427246,0.488281,phone_interaction
671349,0.760254,0.484619,-0.410156,0.549316,-0.12207,0.488281,phone_interaction
671365,0.760498,0.488892,-0.405273,0.305176,-0.183106,0.183106,phone_interaction
671382,0.75,0.49292,-0.426758,-0.061035,1.342773,0.671387,phone_interaction
671399,0.752441,0.496338,-0.438599,0.244141,1.220703,0.610352,phone_interaction
671415,0.755005,0.485229,-0.432495,1.586915,-1.77002,0.671387,phone_interaction
671432,0.744141,0.474365,-0.433716,0.976563,-2.01416,0.549316,phone_interaction
671449,0.740112,0.479858,-0.435791,1.281738,-1.159668,0.244141,phone_interaction
671465,0.752319,0.477417,-0.428589,1.525879,0.061035,-0.427246,phone_interaction
671482,0.762695,0.484619,-0.42334,0.549316,-0.061035,-0.305176,phone_interaction
671499,0.758911,0.48877,-0.425659,0.610352,-0.549316,-0.183106,phone_interaction
671516,0.748047,0.480347,-0.419434,0.488281,-0.976563,-0.061035,phone_interaction
671532,0.754639,0.481567,-0.418457,0.061035,-0.915528,-0.183106,phone_interaction
671549,0.757446,0.484741,-0.410767,0.183106,-0.793457,0.183106,phone_interaction
671566,0.762085,0.484253,-0.405396,-0.12207,-0.732422,0.244141,phone_interaction
671582,0.748169,0.488037,-0.418091,-0.793457,0.0,0.305176,phone_interaction
671599,0.738159,0.486572,-0.428345,0.305176,1.159668,0.244141,phone_interaction
671616,0.748535,0.479736,-0.425293,0.244141,0.793457,0.305176,phone_interaction
671632,0.75769,0.481445,-0.424438,0.0,-0.793457,0.488281,phone_interaction
671649,0.746338,0.484741,-0.427734,0.793457,-1.64795,0.671387,phone_interaction
671666,0.739014,0.483765,-0.429688,0.671387,-0.427246,0.427246,phone_interaction
671682,0.738281,0.487549,-0.437622,0.732422,0.427246,0.061035,phone_interaction
671699,0.748779,0.480469,-0.434082,0.915528,1.037598,-0.305176,phone_interaction
671716,0.758667,0.477417,-0.432617,0.183106,0.244141,-0.12207,phone_interaction
671732,0.75769,0.483154,-0.430908,0.12207,-0.183106,0.12207,phone_interaction
671749,0.755249,0.482056,-0.42395,0.305176,-0.732422,0.305176,phone_interaction
671766,0.743164,0.482422,-0.418823,0.183106,-0.549316,-0.061035,phone_interaction
671782,0.74292,0.4823,-0.422119,0.244141,0.488281,-0.183106,phone_interaction
671799,0.747925,0.4823,-0.424438,0.427246,0.610352,-0.061035,phone_interaction
671816,0.756836,0.480835,-0.421631,0.244141,-0.732422,0.488281,phone_interaction
671832,0.745239,0.484497,-0.424072,0.488281,-0.976563,0.915528,phone_interaction
671849,0.739258,0.483276,-0.426025,0.793457,-0.244141,0.854492,phone_interaction
671866,0.744019,0.479492,-0.424561,1.037598,0.671387,0.305176,phone_interaction
671882,0.765747,0.484497,-0.425903,0.671387,-0.183106,0.183106,phone_interaction
671899,0.763306,0.483887,-0.427368,0.671387,-2.075195,0.671387,phone_interaction
671916,0.749634,0.482178,-0.432739,0.610352,-2.13623,0.976563,phone_interaction
671932,0.727295,0.480225,-0.42981,0.915528,-0.244141,0.305176,phone_interaction
671949,0.752075,0.480469,-0.42688,0.793457,1.953125,-0.366211,phone_interaction
671966,0.759888,0.483887,-0.425537,0.610352,1.220703,-0.12207,phone_interaction
671982,0.76001,0.486206,-0.41748,0.549316,-0.732422,0.305176,phone_interaction
671999,0.755249,0.484619,-0.407715,0.488281,-0.793457,0.488281,phone_interaction
672016,0.748047,0.485352,-0.414307,0.427246,0.549316,0.366211,phone_interaction
672032,0.749756,0.481323,-0.429443,0.854492,1.098633,0.183106,phone_interaction
672049,0.755737,0.476929,-0.443848,0.427246,0.427246,-0.183106,phone_interaction
672066,0.762085,0.478516,-0.43689,0.0,-0.244141,0.12207,phone_interaction
672083,0.760742,0.479614,-0.428467,-0.061035,-0.488281,0.183106,phone_interaction
672099,0.750854,0.483032,-0.420654,0.061035,-0.610352,0.244141,phone_interaction
672116,0.738281,0.479248,-0.425049,0.366211,0.061035,0.061035,phone_interaction
672133,0.741577,0.478149,-0.425537,0.244141,0.671387,-0.183106,phone_interaction
672149,0.753174,0.481445,-0.432495,0.0,0.488281,-0.183106,phone_interaction
672166,0.753052,0.483276,-0.427856,0.244141,-0.427246,0.183106,phone_interaction
672183,0.747925,0.48291,-0.42627,0.061035,-0.793457,0.488281,phone_interaction
672199,0.742554,0.485352,-0.427368,0.183106,-0.549316,0.549316,phone_interaction
672216,0.739014,0.483521,-0.426514,0.610352,0.305176,0.671387,phone_interaction
672233,0.755005,0.480713,-0.421753,0.610352,0.610352,0.488281,phone_interaction
672249,0.759888,0.480713,-0.424072,0.488281,0.0,0.671387,phone_interaction
672266,0.755005,0.48291,-0.425415,0.610352,-0.488281,0.976563,phone_interaction
672283,0.750977,0.482056,-0.434204,0.671387,-0.061035,1.464844,phone_interaction
672299,0.738525,0.481445,-0.432739,0.976563,-0.671387,1.220703,phone_interaction
672316,0.729492,0.479126,-0.432129,0.854492,-0.793457,0.854492,phone_interaction
672333,0.747559,0.473877,-0.419922,1.037598,1.098633,0.061035,phone_interaction
672349,0.769897,0.481567,-0.422485,0.488281,0.305176,0.488281,phone_interaction
672366,0.769043,0.484375,-0.424194,0.610352,-0.244141,0.732422,phone_interaction
672383,0.749756,0.474976,-0.426392,0.549316,0.0,0.427246,phone_interaction
672399,0.75,0.471313,-0.429565,0.061035,1.89209,-0.671387,phone_interaction
672416,0.769897,0.479492,-0.426025,-0.061035,1.525879,-0.793457,phone_interaction
672433,0.769775,0.480469,-0.425171,-0.183106,0.427246,-0.366211,phone_interaction
672449,0.748901,0.476563,-0.429443,-0.061035,0.488281,-0.12207,phone_interaction
672466,0.75769,0.480591,-0.424805,-0.183106,-0.244141,0.0,phone_interaction
672483,0.750732,0.483276,-0.428467,0.0,-0.915528,0.183106,phone_interaction
672499,0.740356,0.479736,-0.422119,0.488281,-0.12207,-0.061035,phone_interaction
672516,0.752686,0.479614,-0.425049,0.0,0.549316,-0.12207,phone_interaction
672533,0.753906,0.483032,-0.430298,0.12207,0.061035,0.0,phone_interaction
672549,0.760254,0.479004,-0.424316,0.244141,0.12207,0.0,phone_interaction
672566,0.758301,0.482544,-0.424194,-0.061035,-0.12207,0.183106,phone_interaction
672583,0.741089,0.484253,-0.430054,0.244141,-0.12207,0.12207,phone_interaction
672599,0.737793,0.481445,-0.426147,0.549316,0.061035,0.12207,phone_interaction
672616,0.740601,0.476196,-0.427856,0.549316,0.244141,0.244141,phone_interaction
672633,0.751953,0.479492,-0.421387,0.488281,0.793457,0.0,phone_interaction
672649,0.757813,0.482178,-0.420654,0.427246,0.488281,0.183106,phone_interaction
672666,0.75708,0.48584,-0.421631,0.366211,-0.12207,0.427246,phone_interaction
672683,0.750854,0.479004,-0.424438,0.488281,0.305176,0.549316,phone_interaction
672700,0.751221,0.476074,-0.427612,0.610352,-0.061035,0.366211,phone_interaction
672716,0.755005,0.474365,-0.427734,0.549316,-0.549316,0.244141,phone_interaction
672733,0.758911,0.476196,-0.422852,0.366211,-0.976563,0.427246,phone_interaction
672750,0.756836,0.482056,-0.41748,0.12207,-0.610352,0.305176,phone_interaction
672766,0.753906,0.485718,-0.416382,0.183106,-0.244141,0.366211,phone_interaction
672783,0.75293,0.481323,-0.424927,0.427246,0.305176,0.366211,phone_interaction
672800,0.75293,0.473145,-0.434937,0.610352,-0.488281,0.366211,phone_interaction
672816,0.758301,0.469116,-0.429932,0.0,-1.037598,0.12207,phone_interaction
672833,0.759033,0.475098,-0.425781,-0.244141,-1.159668,0.0,phone_interaction
672850,0.754883,0.483032,-0.415039,0.0,-0.854492,0.061035,phone_interaction
672866,0.745605,0.483276,-0.423462,0.427246,-0.305176,0.305176,phone_interaction
672883,0.746948,0.479736,-0.427979,0.793457,-0.305176,0.305176,phone_interaction
672900,0.762329,0.47168,-0.428223,0.488281,-2.01416,0.183106,phone_interaction
672916,0.748413,0.480347,-0.424072,0.0,-1.831055,0.12207,phone_interaction
672933,0.749756,0.483765,-0.4198,-0.061035,-0.183106,0.183106,phone_interaction
672950,0.748779,0.488281,-0.424316,-0.061035,-0.366211,0.488281,phone_interaction
672966,0.731934,0.485352,-0.435791,0.976563,-1.220703,1.037598,phone_interaction
672983,0.743286,0.470459,-0.425537,0.976563,-0.488281,0.427246,phone_interaction
673000,0.755859,0.471924,-0.422607,0.671387,0.12207,0.305176,phone_interaction
673016,0.763916,0.483276,-0.415161,0.427246,0.366211,0.488281,phone_interaction
673033,0.757568,0.487305,-0.427124,0.305176,-0.12207,0.671387,phone_interaction
673050,0.742676,0.480469,-0.450439,0.976563,-1.159668,0.976563,phone_interaction
673066,0.739746,0.469727,-0.453003,0.976563,-1.342773,0.915528,phone_interaction
673083,0.756226,0.465698,-0.438721,0.366211,-0.854492,0.061035,phone_interaction
673100,0.76001,0.473389,-0.423828,0.061035,-0.976563,0.305176,phone_interaction
673116,0.753662,0.478271,-0.418335,0.0,-1.159668,0.488281,phone_interaction
673133,0.747314,0.485352,-0.417969,0.244141,-0.854492,0.671387,phone_interaction
673150,0.750854,0.480835,-0.421265,0.793457,-0.732422,0.793457,phone_interaction
673166,0.754883,0.475098,-0.422363,0.671387,-0.793457,0.976563,phone_interaction
673183,0.766235,0.478271,-0.420776,-0.244141,-1.64795,1.403809,phone_interaction
673200,0.779175,0.481812,-0.407715,-0.915528,-2.441406,2.075195,phone_interaction
673216,0.764038,0.489014,-0.396606,-0.915528,-3.601075,3.54004,phone_interaction
673233,0.746826,0.489136,-0.398926,-0.610352,-4.089355,4.211426,phone_interaction
673250,0.696777,0.492798,-0.432495,0.549316,-0.427246,3.906251,phone_interaction
673266,0.716919,0.473267,-0.445557,2.441406,3.723145,4.394531,phone_interaction
673283,0.748779,0.466553,-0.443481,2.075195,2.929688,3.967286,phone_interaction
673300,0.810913,0.478638,-0.42395,1.64795,-4.943848,4.882813,phone_interaction
673317,0.772095,0.47998,-0.407715,1.220703,-14.221195,8.300781,phone_interaction
673333,0.679565,0.450562,-0.475708,1.220703,-5.798342,5.676271,phone_interaction
673350,0.647461,0.429077,-0.511597,2.01416,1.586915,1.098633,phone_interaction
673367,0.737793,0.411743,-0.485962,1.64795,4.089355,-5.310059,phone_interaction
673383,0.782349,0.443481,-0.491211,-1.220703,-0.366211,-7.141115,phone_interaction
673400,0.808838,0.470093,-0.467163,-1.220703,1.953125,-5.676271,phone_interaction
673417,0.817261,0.486328,-0.437134,-0.915528,2.746582,-2.868653,phone_interaction
673433,0.769409,0.491089,-0.427246,-1.708985,0.244141,-1.525879,phone_interaction
673450,0.747803,0.477417,-0.416504,-1.098633,-0.427246,-1.953125,phone_interaction
673467,0.745605,0.467529,-0.418457,-0.854492,-0.854492,-1.64795,phone_interaction
673483,0.742065,0.464355,-0.428345,-0.488281,-0.732422,-0.976563,phone_interaction
673500,0.737549,0.473877,-0.439697,-0.305176,-0.061035,-1.037598,phone_interaction
673517,0.745239,0.477905,-0.436523,-0.061035,0.0,-0.976563,phone_interaction
673533,0.747681,0.479614,-0.431274,0.12207,-0.732422,-0.549316,phone_interaction
673550,0.721558,0.478394,-0.432373,0.610352,0.12207,-0.12207,phone_interaction
673567,0.75293,0.478027,-0.431763,1.159668,0.488281,0.061035,phone_interaction
673583,0.759033,0.476685,-0.4375,1.281738,-0.183106,0.427246,phone_interaction
673600,0.721802,0.46875,-0.450439,1.159668,-1.525879,0.0,phone_interaction
673617,0.74292,0.469116,-0.438354,0.671387,0.488281,-0.793457,phone_interaction
673633,0.762573,0.474121,-0.433105,0.732422,1.464844,-0.915528,phone_interaction
673650,0.759766,0.478882,-0.439453,0.854492,0.610352,-0.244141,phone_interaction
673667,0.759644,0.47583,-0.436523,0.732422,0.0,0.061035,phone_interaction
673683,0.760376,0.474121,-0.434448,0.244141,-0.610352,0.0,phone_interaction
673700,0.756714,0.473389,-0.433594,0.305176,-0.793457,0.061035,phone_interaction
673717,0.752686,0.472168,-0.438721,0.549316,-0.610352,0.183106,phone_interaction
673733,0.757935,0.470093,-0.438477,0.488281,-1.159668,0.183106,phone_interaction
673750,0.75415,0.469849,-0.44043,0.183106,-1.403809,0.366211,phone_interaction
673767,0.741577,0.474609,-0.440308,0.061035,-1.037598,0.061035,phone_interaction
673783,0.743652,0.472656,-0.44104,0.244141,-0.244141,-0.244141,phone_interaction
673800,0.740112,0.473145,-0.442505,0.366211,-0.427246,-0.427246,phone_interaction
673817,0.752319,0.471313,-0.434326,0.305176,-0.854492,-0.671387,phone_interaction
673833,0.748779,0.478516,-0.434204,0.061035,-0.732422,-0.183106,phone_interaction
673850,0.740356,0.480713,-0.433838,0.549316,0.427246,0.0,phone_interaction
673867,0.745972,0.477051,-0.432007,0.610352,0.366211,0.183106,phone_interaction
673884,0.743652,0.47583,-0.4375,0.244141,-0.732422,0.183106,phone_interaction
673900,0.741333,0.469604,-0.442261,0.793457,0.183106,-0.061035,phone_interaction
673917,0.745605,0.469482,-0.444214,0.732422,0.12207,-0.366211,phone_interaction
673934,0.752686,0.474243,-0.44043,0.854492,-0.610352,-0.366211,phone_interaction
673950,0.744263,0.477539,-0.433594,0.549316,-0.061035,0.0,phone_interaction
673967,0.751221,0.479614,-0.432861,0.488281,0.305176,0.183106,phone_interaction
673984,0.751099,0.478027,-0.434814,0.488281,0.12207,0.183106,phone_interaction
674000,0.749756,0.473511,-0.439331,0.610352,-0.305176,0.183106,phone_interaction
674017,0.755859,0.472168,-0.442383,0.305176,-0.793457,0.244141,phone_interaction
674034,0.745728,0.472778,-0.447388,0.183106,-0.854492,0.366211,phone_interaction
674050,0.738159,0.474243,-0.442627,0.244141,0.0,0.305176,phone_interaction
674067,0.742554,0.476807,-0.438354,0.183106,-0.12207,0.549316,phone_interaction
674084,0.738037,0.474854,-0.435059,0.610352,-0.671387,0.976563,phone_interaction
674100,0.730469,0.471802,-0.432007,0.549316,-0.366211,1.220703,phone_interaction
674117,0.720825,0.478394,-0.421387,0.915528,0.854492,1.281738,phone_interaction
674134,0.736938,0.481934,-0.421143,1.89209,1.037598,2.01416,phone_interaction
674150,0.743164,0.480469,-0.421509,2.075195,0.549316,1.953125,phone_interaction
674167,0.759033,0.470215,-0.436401,2.075195,0.610352,2.258301,phone_interaction
674184,0.748779,0.466431,-0.437622,2.624512,-1.220703,3.356935,phone_interaction
674200,0.739258,0.457397,-0.450317,2.13623,-4.394531,5.065918,phone_interaction
674217,0.739258,0.466309,-0.447754,1.708985,-5.004883,4.333496,phone_interaction
674234,0.744385,0.480103,-0.426514,2.990724,-2.929688,3.54004,phone_interaction
674250,0.757568,0.479736,-0.428101,3.356935,-0.183106,2.807618,phone_interaction
674267,0.759155,0.480469,-0.432373,3.601075,0.793457,2.868653,phone_interaction
674284,0.771851,0.473633,-0.441895,3.479005,2.319336,2.624512,phone_interaction
674300,0.775269,0.466431,-0.440186,4.150391,1.220703,2.746582,phone_interaction
674317,0.762695,0.457397,-0.43811,4.638672,0.305176,3.112794,phone_interaction
674334,0.7323,0.450806,-0.435669,4.882813,-0.427246,2.746582,phone_interaction
674350,0.738892,0.452026,-0.440063,5.065918,0.488281,2.197266,phone_interaction
674367,0.756226,0.456665,-0.447876,4.943848,0.061035,2.319336,phone_interaction
674384,0.765869,0.455933,-0.455322,4.821777,-0.12207,2.197266,phone_interaction
674400,0.780029,0.450928,-0.470215,4.577637,-0.244141,1.89209,phone_interaction
674417,0.758789,0.445313,-0.467529,3.906251,0.793457,1.586915,phone_interaction
674434,0.752686,0.443359,-0.463867,3.41797,2.01416,0.976563,phone_interaction
674450,0.76416,0.442871,-0.464478,2.563477,4.455566,-0.488281,phone_interaction
674467,0.782715,0.441895,-0.472534,1.708985,3.479005,-0.854492,phone_interaction
674484,0.770752,0.440552,-0.47168,0.854492,1.220703,-0.366211,phone_interaction
674501,0.764893,0.442261,-0.467163,0.305176,0.488281,-0.244141,phone_interaction
674517,0.745605,0.446655,-0.456177,-0.12207,-0.244141,-0.12207,phone_interaction
674534,0.744751,0.444336,-0.458496,-0.549316,1.281738,-0.976563,phone_interaction
674551,0.756714,0.446655,-0.459473,-0.793457,1.525879,-1.098633,phone_interaction
674567,0.760986,0.453003,-0.452026,-0.915528,1.098633,-0.976563,phone_interaction
674584,0.76123,0.454468,-0.446289,-0.732422,0.793457,-0.671387,phone_interaction
674601,0.763916,0.452271,-0.44397,-0.854492,0.0,-0.732422,phone_interaction
674617,0.756836,0.45459,-0.439941,-0.610352,-0.183106,-0.305176,phone_interaction
674634,0.740601,0.456543,-0.432983,-0.305176,-0.061035,-0.061035,phone_interaction
674651,0.749878,0.458984,-0.434814,0.366211,0.793457,-0.244141,phone_interaction
674667,0.756958,0.455322,-0.439819,0.427246,0.610352,-0.305176,phone_interaction
674684,0.762817,0.456177,-0.446289,0.12207,-0.610352,-0.061035,phone_interaction
674701,0.754761,0.455078,-0.449463,0.488281,-0.427246,0.244141,phone_interaction
674717,0.75647,0.448486,-0.446167,0.305176,0.12207,0.12207,phone_interaction
674734,0.753174,0.450928,-0.445679,0.183106,0.610352,-0.061035,phone_interaction
674751,0.750366,0.452881,-0.443848,0.0,1.64795,-0.427246,phone_interaction
674767,0.760132,0.451538,-0.448975,-0.610352,1.586915,-0.549316,phone_interaction
674784,0.751343,0.452393,-0.454956,-0.793457,1.89209,-0.671387,phone_interaction
674801,0.74585,0.447632,-0.455933,-1.220703,5.493164,-1.708985,phone_interaction
674817,0.753052,0.447876,-0.462524,-3.173829,8.666992,-2.502441,phone_interaction
674834,0.751465,0.449707,-0.469116,-4.089355,10.314941,-2.868653,phone_interaction
674851,0.752197,0.445801,-0.478638,-5.310059,13.916019,-3.234864,phone_interaction
674867,0.757935,0.443237,-0.471802,-6.591799,16.418457,-3.967286,phone_interaction
674884,0.743164,0.450073,-0.457397,-7.629396,19.165039,-4.272461,phone_interaction
674901,0.732788,0.452881,-0.447388,-7.873537,21.54541,-4.760742,phone_interaction
674917,0.71814,0.46106,-0.417114,-7.812502,29.479988,-5.371094,phone_interaction
674934,0.759277,0.476196,-0.376221,-6.591799,34.179688,-4.760742,phone_interaction
674951,0.797852,0.483765,-0.361938,-5.920412,31.616219,-4.150391,phone_interaction
674967,0.838745,0.497192,-0.332031,-4.333496,20.812988,-2.563477,phone_interaction
674984,0.812988,0.505493,-0.317139,-2.746582,11.901859,-0.976563,phone_interaction
675001,0.786743,0.501343,-0.313965,-0.366211,7.507326,-0.183106,phone_interaction
675017,0.787964,0.498901,-0.315918,0.793457,4.943848,0.183106,phone_interaction
675034,0.807007,0.492188,-0.31604,2.746582,-1.342773,0.671387,phone_interaction
675051,0.843384,0.473145,-0.350342,2.685547,-7.751467,0.915528,phone_interaction
675068,0.841431,0.467041,-0.372437,2.01416,-11.047363,1.525879,phone_interaction
675084,0.796753,0.459473,-0.407471,1.403809,-14.03809,1.708985,phone_interaction
675101,0.778809,0.453979,-0.42395,1.159668,-13.366703,1.098633,phone_interaction
675118,0.731445,0.467651,-0.400146,1.220703,-10.742188,0.671387,phone_interaction
675134,0.734863,0.472534,-0.38623,2.01416,-7.934572,0.244141,phone_interaction
675151,0.766235,0.479126,-0.369873,2.624512,-6.408693,0.183106,phone_interaction
675168,0.773071,0.477905,-0.380981,2.746582,-8.422852,0.732422,phone_interaction
675184,0.775269,0.474731,-0.391968,2.807618,-9.399414,1.037598,phone_interaction
675201,0.761108,0.471191,-0.409668,2.380371,-11.108402,1.64795,phone_interaction
675218,0.748291,0.463501,-0.433716,1.098633,-6.591799,0.305176,phone_interaction
675234,0.774292,0.448486,-0.463867,-0.671387,-1.525879,-0.183106,phone_interaction
675251,0.78833,0.447632,-0.462036,-1.77002,-1.586915,-0.183106,phone_interaction
675268,0.785767,0.463745,-0.442505,-2.807618,-2.502441,-0.12207,phone_interaction
675284,0.77063,0.468872,-0.410156,-2.01416,-2.319336,-0.305176,phone_interaction
675301,0.767822,0.468506,-0.397827,-1.831055,-3.112794,-0.305176,phone_interaction
675318,0.769043,0.479614,-0.374634,-1.77002,-4.882813,-0.12207,phone_interaction
675334,0.779785,0.488037,-0.373291,-1.159668,-6.774904,0.305176,phone_interaction
675351,0.779663,0.488892,-0.381836,-0.427246,-9.033203,1.281738,phone_interaction
675368,0.787109,0.48291,-0.385498,-0.12207,-10.620117,1.586915,phone_interaction
675384,0.756348,0.475708,-0.399414,0.061035,-12.207035,1.525879,phone_interaction
675401,0.737671,0.467285,-0.418579,0.0,-7.690432,0.305176,phone_interaction
675418,0.748413,0.468872,-0.426025,-0.305176,-5.065918,-0.244141,phone_interaction
675434,0.761719,0.476807,-0.424561,-0.427246,-3.173829,-0.305176,phone_interaction
675451,0.790771,0.471924,-0.415894,-0.427246,-6.530764,0.915528,phone_interaction
675468,0.803589,0.470459,-0.414307,-0.793457,-10.498047,1.953125,phone_interaction
675484,0.763428,0.47229,-0.421265,-1.037598,-16.113281,2.441406,phone_interaction
675501,0.712891,0.459473,-0.438232,-0.915528,-14.465336,1.159668,phone_interaction
675518,0.718384,0.468506,-0.439941,-1.037598,-8.666992,0.0,phone_interaction
675534,0.730713,0.478394,-0.436523,-0.915528,-6.835939,0.244141,phone_interaction
675551,0.758911,0.479492,-0.43042,-0.305176,-7.446291,1.342773,phone_interaction
675568,0.765137,0.467773,-0.428223,-0.793457,-10.070801,1.342773,phone_interaction
675584,0.754883,0.468628,-0.429443,-1.159668,-9.58252,1.220703,phone_interaction
675601,0.742065,0.472046,-0.440063,-0.610352,-6.286623,0.610352,phone_interaction
675618,0.731567,0.474731,-0.442627,-0.305176,-4.760742,0.183106,phone_interaction
675634,0.732788,0.476807,-0.435059,0.12207,-3.479005,0.244141,phone_interaction
675651,0.733765,0.47644,-0.434082,0.12207,-3.234864,0.366211,phone_interaction
675668,0.737915,0.47644,-0.439941,0.12207,-2.807618,0.793457,phone_interaction
675685,0.749146,0.469116,-0.445679,0.549316,-2.868653,1.159668,phone_interaction
675701,0.757813,0.467529,-0.446655,0.305176,-3.479005,1.281738,phone_interaction
675718,0.742798,0.4729,-0.451172,-0.12207,-4.333496,1.953125,phone_interaction
675735,0.724121,0.476807,-0.440186,0.488281,-1.831055,2.197266,phone_interaction
675751,0.729858,0.469238,-0.443115,0.793457,-0.793457,2.075195,phone_interaction
675768,0.723755,0.466675,-0.452881,0.915528,-0.549316,2.01416,phone_interaction
675785,0.741943,0.452393,-0.470825,1.098633,-0.427246,1.831055,phone_interaction
675801,0.756592,0.461304,-0.47168,-0.061035,-2.380371,1.525879,phone_interaction
675818,0.74585,0.469604,-0.469482,-0.12207,-1.708985,1.464844,phone_interaction
675835,0.745728,0.473267,-0.456299,0.610352,1.037598,1.525879,phone_interaction
675851,0.76416,0.463135,-0.442383,0.671387,-0.183106,1.403809,phone_interaction
675868,0.757813,0.453857,-0.445923,-0.854492,-1.831055,1.464844,phone_interaction
675885,0.746582,0.459351,-0.446899,-1.281738,-1.525879,1.525879,phone_interaction
675901,0.732544,0.471802,-0.442871,-0.793457,-0.244141,1.464844,phone_interaction
675918,0.726196,0.473389,-0.442627,0.0,0.244141,1.342773,phone_interaction
675935,0.722534,0.471924,-0.446045,0.549316,0.488281,1.037598,phone_interaction
675951,0.746338,0.454346,-0.463257,1.220703,0.976563,0.0,phone_interaction
675968,0.774536,0.453247,-0.466553,-0.244141,0.610352,-0.488281,phone_interaction
675985,0.773315,0.465332,-0.46814,-0.793457,0.183106,-0.488281,phone_interaction
676001,0.762451,0.483521,-0.44812,-0.12207,-1.159668,0.793457,phone_interaction
676018,0.737793,0.469116,-0.426636,0.549316,-2.258301,1.098633,phone_interaction
676035,0.724609,0.462769,-0.435303,0.244141,-0.183106,0.244141,phone_interaction
676051,0.730591,0.463989,-0.443604,0.427246,0.732422,0.12207,phone_interaction
676068,0.749512,0.458862,-0.461792,0.793457,-0.12207,0.427246,phone_interaction
676085,0.749756,0.460083,-0.464111,0.366211,-0.976563,0.549316,phone_interaction
676101,0.747192,0.466187,-0.459473,0.305176,-0.549316,0.427246,phone_interaction
676118,0.757446,0.47229,-0.447388,0.427246,0.061035,0.244141,phone_interaction
676135,0.756226,0.466309,-0.442993,0.244141,0.061035,0.610352,phone_interaction
676151,0.751587,0.459961,-0.438477,-0.12207,0.12207,0.793457,phone_interaction
676168,0.752563,0.460693,-0.441772,-0.427246,0.12207,0.915528,phone_interaction
676185,0.741577,0.467896,-0.461548,-0.12207,-0.976563,1.586915,phone_interaction
676201,0.746094,0.463379,-0.463013,0.610352,-2.685547,1.77002,phone_interaction
676218,0.754639,0.458862,-0.460449,0.488281,-3.723145,1.64795,phone_interaction
676235,0.75354,0.464478,-0.457642,-0.244141,-4.760742,1.831055,phone_interaction
676252,0.739868,0.467529,-0.455688,0.305176,-2.685547,1.953125,phone_interaction
676268,0.747559,0.467163,-0.446899,0.854492,-1.953125,2.624512,phone_interaction
676285,0.750366,0.466553,-0.446411,0.793457,-3.784181,3.051759,phone_interaction
676302,0.736328,0.458496,-0.448975,0.732422,-5.065918,2.929688,phone_interaction
676318,0.726929,0.456787,-0.464233,1.281738,-4.211426,2.685547,phone_interaction
676335,0.722778,0.449829,-0.474243,1.525879,-3.601075,1.342773,phone_interaction
676352,0.737915,0.454834,-0.471069,1.098633,0.061035,0.244141,phone_interaction
676368,0.746948,0.458252,-0.465576,1.464844,1.098633,-0.12207,phone_interaction
676385,0.750732,0.457886,-0.463135,1.098633,1.159668,-0.366211,phone_interaction
676402,0.747925,0.455811,-0.463257,1.220703,0.915528,-0.732422,phone_interaction
676418,0.741943,0.45166,-0.465942,0.915528,0.0,-2.441406,phone_interaction
676435,0.76001,0.45813,-0.462769,0.671387,0.12207,-2.868653,phone_interaction
676452,0.764404,0.460083,-0.462036,0.610352,0.427246,-2.441406,phone_interaction
676468,0.756714,0.467407,-0.461914,0.244141,1.098633,-1.281738,phone_interaction
676485,0.755127,0.464355,-0.463501,0.671387,0.549316,-1.037598,phone_interaction
676502,0.750488,0.45813,-0.463013,0.610352,-0.854492,-1.159668,phone_interaction
676518,0.735474,0.458496,-0.455688,0.12207,-0.366211,-1.342773,phone_interaction
676535,0.731445,0.467529,-0.453369,0.427246,1.098633,-1.342773,phone_interaction
676552,0.745483,0.464966,-0.455322,0.671387,0.793457,-1.159668,phone_interaction
676568,0.741455,0.461182,-0.457886,0.610352,0.488281,-0.793457,phone_interaction
676585,0.746704,0.46106,-0.457764,0.12207,-0.305176,-0.488281,phone_interaction
676602,0.741821,0.467041,-0.459473,0.366211,0.366211,-0.305176,phone_interaction
676618,0.731445,0.465088,-0.456543,0.732422,1.159668,-0.671387,phone_interaction
676635,0.742065,0.459473,-0.456299,0.915528,2.807618,-1.342773,phone_interaction
676652,0.746948,0.459229,-0.463135,0.366211,1.77002,-1.281738,phone_interaction
676668,0.744629,0.466431,-0.457275,0.061035,2.197266,-1.525879,phone_interaction
676685,0.754028,0.462402,-0.459351,0.427246,2.075195,-0.610352,phone_interaction
676702,0.755005,0.457031,-0.460571,-1.342773,-5.187988,0.854492,phone_interaction
676718,0.685913,0.485474,-0.450195,0.183106,-0.610352,0.244141,phone_interaction
676735,0.686157,0.476563,-0.449585,1.586915,3.601075,-0.305176,phone_interaction
676752,0.741577,0.459717,-0.44458,2.197266,6.469728,-0.732422,phone_interaction
676768,0.770264,0.460083,-0.447754,1.525879,3.54004,-0.854492,phone_interaction
676785,0.792603,0.4552,-0.459106,0.305176,-0.915528,-0.183106,phone_interaction
676802,0.783325,0.45752,-0.462036,-0.427246,-2.685547,-0.12207,phone_interaction
676818,0.741943,0.467407,-0.463135,-0.915528,-1.708985,-0.183106,phone_interaction
676835,0.736694,0.468262,-0.452881,-0.488281,1.098633,-0.854492,phone_interaction
676852,0.749512,0.46228,-0.447632,-0.732422,0.854492,-0.915528,phone_interaction
676869,0.749023,0.46167,-0.455444,-1.708985,0.366211,-0.671387,phone_interaction
676885,0.738647,0.474243,-0.465698,-1.64795,2.563477,-0.244141,phone_interaction
676902,0.744385,0.483032,-0.469727,-0.793457,3.66211,2.319336,phone_interaction
676919,0.746216,0.481567,-0.455811,0.244141,1.953125,4.089355,phone_interaction
676935,0.754272,0.462891,-0.426758,1.464844,-5.371094,5.126953,phone_interaction
676952,0.740356,0.420532,-0.449951,1.098633,-4.699707,-0.732422,phone_interaction
676969,0.709351,0.439941,-0.447266,0.061035,-2.685547,-1.708985,phone_interaction
676985,0.725952,0.466553,-0.453003,2.13623,-3.356935,-4.455566,phone_interaction
677002,0.800537,0.474976,-0.444946,0.366211,-4.272461,-2.258301,phone_interaction
677019,0.842407,0.480591,-0.445557,0.427246,-7.995607,0.244141,phone_interaction
677035,0.804443,0.469849,-0.453247,-0.061035,-11.352543,1.464844,phone_interaction
677052,0.749634,0.46228,-0.469604,-0.305176,-16.113281,1.098633,phone_interaction
677069,0.706543,0.465942,-0.478638,0.549316,-13.977055,0.244141,phone_interaction
677085,0.689209,0.465454,-0.482178,1.220703,-12.084965,0.488281,phone_interaction
677102,0.699219,0.459595,-0.474731,2.319336,-8.911133,0.244141,phone_interaction
677119,0.7229,0.456299,-0.479248,1.159668,-7.690432,0.488281,phone_interaction
677135,0.72998,0.462646,-0.480835,0.549316,-7.629396,0.732422,phone_interaction
677152,0.74292,0.471558,-0.47644,1.159668,-10.314941,3.173829,phone_interaction
677169,0.683838,0.464478,-0.450562,-0.305176,-18.371582,6.164553,phone_interaction
677185,0.621704,0.468994,-0.469849,0.244141,0.183106,1.708985,phone_interaction
677202,0.670166,0.465088,-0.488037,1.098633,10.681152,0.183106,phone_interaction
677219,0.765747,0.463501,-0.508667,0.610352,17.578125,0.549316,phone_interaction
677235,0.815796,0.459229,-0.509155,-0.610352,6.652834,2.685547,phone_interaction
677252,0.804565,0.459717,-0.498169,-1.708985,-0.183106,4.02832,phone_interaction
677269,0.733521,0.476196,-0.477783,-1.464844,-2.807618,5.798342,phone_interaction
677285,0.723511,0.476929,-0.466431,1.464844,-1.342773,6.103518,phone_interaction
677302,0.692871,0.439331,-0.476807,2.990724,0.549316,5.004883,phone_interaction
677319,0.653442,0.418945,-0.496094,3.173829,0.427246,2.929688,phone_interaction
677335,0.684692,0.38916,-0.52417,2.685547,3.112794,-6.286623,phone_interaction
677352,0.769531,0.447266,-0.5177,-0.427246,6.530764,-6.286623,phone_interaction
677369,0.80249,0.47168,-0.501953,0.0,8.178711,-5.859377,phone_interaction
677385,0.807495,0.488281,-0.46228,0.549316,6.469728,-2.319336,phone_interaction
677402,0.741699,0.467041,-0.459961,1.525879,0.610352,-2.13623,phone_interaction
677419,0.692139,0.446411,-0.477661,1.831055,0.976563,-4.150391,phone_interaction
677435,0.712158,0.444458,-0.480957,2.868653,1.64795,-5.859377,phone_interaction
677452,0.764038,0.450439,-0.472656,1.708985,-0.671387,-5.249023,phone_interaction
677469,0.74292,0.48584,-0.495728,-0.366211,-0.488281,-1.77002,phone_interaction
677486,0.746704,0.495117,-0.484009,0.488281,-0.366211,-0.610352,phone_interaction
677502,0.754883,0.485352,-0.457275,1.403809,-3.173829,0.854492,phone_interaction
677519,0.772095,0.480713,-0.422119,2.075195,-9.460449,3.906251,phone_interaction
677536,0.745117,0.479614,-0.419556,1.64795,-11.230473,7.08008,phone_interaction
677552,0.705444,0.477173,-0.445435,1.89209,-6.713869,7.385256,phone_interaction
677569,0.608276,0.425293,-0.525269,2.990724,6.408693,0.12207,phone_interaction
677586,0.673462,0.418701,-0.511597,2.868653,6.713869,-3.051759,phone_interaction
677602,0.742188,0.420898,-0.491699,2.746582,5.065918,-6.286623,phone_interaction
677619,0.787109,0.447754,-0.482788,0.061035,-2.319336,-3.906251,phone_interaction
677636,0.757446,0.463257,-0.497925,-0.793457,1.708985,-2.624512,phone_interaction
677652,0.745483,0.465332,-0.501099,-1.159668,3.54004,-2.197266,phone_interaction
677669,0.735596,0.466064,-0.498535,-1.708985,4.333496,-3.234864,phone_interaction
677686,0.739136,0.465576,-0.473755,-1.89209,5.432129,-2.075195,phone_interaction
677702,0.761475,0.467285,-0.450928,-2.197266,4.272461,-0.244141,phone_interaction
677719,0.758057,0.472046,-0.450073,-2.502441,3.66211,0.915528,phone_interaction
677736,0.736206,0.479736,-0.449463,-1.77002,0.12207,2.807618,phone_interaction
677752,0.708252,0.463745,-0.447876,-1.220703,-5.126953,3.112794,phone_interaction
677769,0.68689,0.457031,-0.459717,-1.037598,-5.798342,2.746582,phone_interaction
677786,0.69104,0.456909,-0.495605,-0.427246,-0.305176,0.610352,phone_interaction
677802,0.737915,0.46521,-0.499146,0.244141,3.784181,-0.244141,phone_interaction
677819,0.767578,0.471558,-0.479858,0.488281,0.061035,0.549316,phone_interaction
677836,0.765259,0.464722,-0.465942,0.183106,-2.197266,1.037598,phone_interaction
677852,0.728882,0.462158,-0.454224,-0.915528,-2.624512,1.281738,phone_interaction
677869,0.709717,0.477539,-0.461792,0.183106,1.586915,0.854492,phone_interaction
677886,0.720215,0.474609,-0.46582,1.403809,2.624512,0.854492,phone_interaction
677902,0.758423,0.454102,-0.472778,1.037598,-0.610352,1.159668,phone_interaction
677919,0.734863,0.454712,-0.488159,0.061035,-2.01416,1.342773,phone_interaction
677936,0.728394,0.457642,-0.485962,0.427246,0.549316,0.244141,phone_interaction
677952,0.740601,0.457764,-0.47937,0.305176,0.488281,0.12207,phone_interaction
677969,0.744751,0.463501,-0.46936,-0.793457,-1.64795,0.549316,phone_interaction
677986,0.734253,0.461304,-0.477051,0.12207,-2.624512,1.586915,phone_interaction
678002,0.733398,0.449097,-0.489136,0.488281,-2.441406,1.342773,phone_interaction
678019,0.723999,0.443604,-0.492676,-0.244141,-2.624512,0.0,phone_interaction
678036,0.73999,0.461792,-0.477173,-0.610352,-0.244141,-1.037598,phone_interaction
678053,0.742188,0.476563,-0.481689,-1.586915,3.845216,-0.671387,phone_interaction
678069,0.75647,0.484741,-0.466309,-1.220703,3.356935,0.671387,phone_interaction
678086,0.757446,0.485596,-0.436523,-1.403809,-6.286623,5.371094,phone_interaction
678103,0.674072,0.439209,-0.477661,1.159668,-6.713869,2.624512,phone_interaction
678119,0.646851,0.408569,-0.490479,2.380371,-1.77002,-2.563477,phone_interaction
678136,0.713135,0.449829,-0.487305,0.793457,-1.586915,-5.737307,phone_interaction
678153,0.803833,0.468262,-0.481445,0.305176,-3.845216,-5.737307,phone_interaction
678169,0.815186,0.477417,-0.47998,-0.854492,-0.610352,-2.197266,phone_interaction
678186,0.780762,0.480835,-0.487183,-0.976563,-2.01416,-0.732422,phone_interaction
678203,0.736938,0.471802,-0.482178,0.305176,-5.310059,-0.427246,phone_interaction
678219,0.71814,0.430786,-0.508179,-0.061035,-13.854984,2.441406,phone_interaction
678236,0.68103,0.434692,-0.50708,-1.953125,-15.625004,0.488281,phone_interaction
678253,0.615723,0.467285,-0.495728,-1.098633,-2.990724,-1.525879,phone_interaction
678269,0.693115,0.473755,-0.476929,0.915528,7.263186,-3.906251,phone_interaction
678286,0.713623,0.47168,-0.478882,0.671387,10.253906,-3.845216,phone_interaction
678303,0.727051,0.474854,-0.491089,-0.183106,14.892582,-3.41797,phone_interaction
678319,0.786133,0.465454,-0.490601,-1.403809,11.047363,-2.685547,phone_interaction
678336,0.790161,0.470215,-0.490967,-3.112794,2.01416,0.732422,phone_interaction
678353,0.773804,0.482422,-0.479736,-3.112794,-1.220703,3.234864,phone_interaction
678369,0.719849,0.487183,-0.451294,-0.671387,-3.41797,4.943848,phone_interaction
678386,0.71936,0.470093,-0.452271,1.098633,-1.098633,3.051759,phone_interaction
678403,0.705933,0.447388,-0.457275,2.380371,1.342773,-0.671387,phone_interaction
678419,0.708862,0.466797,-0.454224,1.220703,0.915528,-1.037598,phone_interaction
678436,0.753784,0.465698,-0.463989,1.64795,-1.159668,-1.220703,phone_interaction
678453,0.76355,0.473267,-0.479004,0.549316,-4.333496,0.244141,phone_interaction
678469,0.76062,0.473267,-0.483643,0.854492,-5.249023,0.732422,phone_interaction
678486,0.726685,0.470093,-0.482544,1.586915,-8.422852,1.89209,phone_interaction
678503,0.711304,0.464355,-0.480957,1.77002,-10.009766,1.281738,phone_interaction
678519,0.708862,0.465576,-0.483276,1.64795,-10.314941,1.159668,phone_interaction
678536,0.701416,0.468872,-0.485352,1.708985,-8.911133,0.915528,phone_interaction
678553,0.683472,0.464966,-0.49939,2.441406,-3.66211,0.671387,phone_interaction
678569,0.743774,0.446533,-0.504883,2.197266,-1.708985,0.549316,phone_interaction
678586,0.755371,0.443359,-0.508301,1.159668,-5.187988,2.441406,phone_interaction
678603,0.687866,0.470703,-0.494263,-1.403809,-8.483887,2.868653,phone_interaction
678619,0.681885,0.474487,-0.486694,0.183106,3.051759,1.098633,phone_interaction
678636,0.708496,0.470581,-0.485229,1.037598,7.20215,0.488281,phone_interaction
678653,0.75061,0.458008,-0.496338,1.281738,8.361816,0.915528,phone_interaction
678670,0.766113,0.46106,-0.49585,-0.488281,1.953125,1.220703,phone_interaction
678686,0.739746,0.469238,-0.478149,-1.708985,-1.953125,1.77002,phone_interaction
678703,0.729248,0.47229,-0.475342,-1.525879,-0.915528,1.586915,phone_interaction
678720,0.730469,0.476196,-0.47937,-1.342773,1.708985,2.13623,phone_interaction
678736,0.724609,0.474121,-0.488403,-0.244141,2.13623,3.723145,phone_interaction
678753,0.722656,0.472046,-0.48584,0.305176,0.915528,5.554201,phone_interaction
678770,0.684204,0.459839,-0.498657,2.319336,-0.732422,7.568361,phone_interaction
678786,0.669067,0.402466,-0.53125,3.173829,-0.12207,1.953125,phone_interaction
678803,0.678589,0.377808,-0.538818,2.563477,3.66211,-5.554201,phone_interaction
678820,0.689819,0.462036,-0.532227,-0.976563,5.798342,-5.981447,phone_interaction
678836,0.779419,0.455322,-0.489136,0.854492,6.530764,-7.20215,phone_interaction
678853,0.840576,0.479858,-0.454712,-0.793457,3.601075,-3.723145,phone_interaction
678870,0.785889,0.486206,-0.463013,-0.183106,1.77002,-3.723145,phone_interaction
678886,0.679443,0.470093,-0.489502,1.281738,0.854492,-5.004883,phone_interaction
678903,0.76355,0.454834,-0.471558,1.708985,4.394531,-5.737307,phone_interaction
678920,0.780396,0.463013,-0.471802,0.915528,1.403809,-3.845216,phone_interaction
678936,0.735596,0.488647,-0.48999,0.061035,-5.249023,-1.159668,phone_interaction
678953,0.732666,0.488159,-0.467529,1.953125,-6.530764,-0.305176,phone_interaction
678970,0.76062,0.47998,-0.431885,1.525879,-9.277344,2.929688,phone_interaction
678986,0.749878,0.490601,-0.427368,1.037598,-11.291508,5.310059,phone_interaction
679003,0.717773,0.489258,-0.455811,2.685547,-7.141115,7.446291,phone_interaction
679020,0.605103,0.425171,-0.539429,4.577637,7.995607,1.281738,phone_interaction
679036,0.605957,0.405151,-0.532715,4.577637,13.122562,-0.427246,phone_interaction
679053,0.707275,0.426636,-0.510864,2.075195,7.812502,-5.187988,phone_interaction
679070,0.742065,0.461304,-0.494019,-0.610352,1.281738,-3.112794,phone_interaction
679086,0.73291,0.466064,-0.480469,0.183106,4.272461,-2.563477,phone_interaction
679103,0.750977,0.463745,-0.474121,-0.366211,6.530764,-1.708985,phone_interaction
679120,0.733398,0.484375,-0.486328,-1.342773,10.192871,-1.64795,phone_interaction
679136,0.758789,0.47522,-0.477905,0.061035,9.460449,0.061035,phone_interaction
679153,0.772461,0.460449,-0.473267,0.061035,6.347658,1.342773,phone_interaction
679170,0.74646,0.454224,-0.47937,-1.586915,-0.305176,1.64795,phone_interaction
679186,0.729614,0.468018,-0.483398,-0.732422,-2.258301,1.403809,phone_interaction
679203,0.727173,0.463379,-0.489868,-0.12207,-0.976563,1.403809,phone_interaction
679220,0.741211,0.468262,-0.485229,-0.244141,-1.342773,1.77002,phone_interaction
679237,0.777588,0.480957,-0.4552,-0.244141,-7.690432,4.272461,phone_interaction
679253,0.735474,0.485718,-0.449463,0.0,-14.404301,8.239746,phone_interaction
679270,0.688477,0.479858,-0.466309,0.793457,-14.526371,8.666992,phone_interaction
679287,0.588989,0.432007,-0.509521,0.915528,-5.004883,4.089355,phone_interaction
679303,0.634521,0.413208,-0.50061,1.403809,8.544922,-3.41797,phone_interaction
679320,0.71875,0.435669,-0.487915,0.854492,8.178711,-3.967286,phone_interaction
679337,0.787964,0.458008,-0.494629,-0.244141,3.66211,-3.051759,phone_interaction
679353,0.741333,0.466064,-0.522705,-3.66211,7.995607,-0.488281,phone_interaction
679370,0.775024,0.494141,-0.48999,-2.075195,15.441898,1.098633,phone_interaction
679387,0.836914,0.498901,-0.46167,-0.610352,7.385256,4.211426,phone_interaction
679403,0.774292,0.456299,-0.472046,1.708985,-13.793949,7.995607,phone_interaction
679420,0.609375,0.38562,-0.486694,0.915528,-1.342773,-2.868653,phone_interaction
679437,0.661255,0.427612,-0.472656,-0.427246,3.173829,-5.310059,phone_interaction
679453,0.790283,0.475586,-0.458252,0.610352,0.183106,-6.469728,phone_interaction
679470,0.813477,0.469482,-0.467407,-0.854492,-1.098633,-4.02832,phone_interaction
679487,0.753906,0.470947,-0.49292,-1.77002,0.366211,-2.380371,phone_interaction
679503,0.721558,0.468628,-0.498657,-2.075195,2.624512,-1.831055,phone_interaction
679520,0.721924,0.464111,-0.5,-0.671387,2.990724,-0.549316,phone_interaction
679537,0.728638,0.453857,-0.47583,-1.525879,-6.408693,0.976563,phone_interaction
679553,0.672974,0.466187,-0.472534,-1.342773,-7.08008,0.488281,phone_interaction
679570,0.651367,0.478271,-0.468018,0.366211,-1.098633,-0.671387,phone_interaction
679587,0.715576,0.472046,-0.467285,1.831055,5.432129,-1.037598,phone_interaction
679603,0.764282,0.470703,-0.478027,1.159668,3.295899,-0.488281,phone_interaction
679620,0.773071,0.467163,-0.4823,0.976563,0.488281,0.305176,phone_interaction
679637,0.741699,0.457275,-0.47937,0.12207,-3.295899,1.464844,phone_interaction
679653,0.720825,0.466797,-0.478149,-0.183106,-1.220703,0.854492,phone_interaction
679670,0.721436,0.470581,-0.484619,0.244141,-0.427246,0.549316,phone_interaction
679687,0.716187,0.461304,-0.492432,1.037598,0.366211,0.244141,phone_interaction
679703,0.733765,0.455933,-0.48291,0.0,0.305176,-0.183106,phone_interaction
679720,0.739502,0.47168,-0.468628,-0.976563,-0.610352,0.183106,phone_interaction
679737,0.732422,0.4729,-0.463745,-0.671387,-0.305176,0.305176,phone_interaction
679753,0.729858,0.466309,-0.463745,-0.671387,1.037598,0.061035,phone_interaction
679770,0.730957,0.466431,-0.487061,-0.610352,1.77002,0.671387,phone_interaction
679787,0.725586,0.466553,-0.497437,0.061035,0.976563,0.854492,phone_interaction
679803,0.736816,0.447998,-0.498413,0.366211,-0.427246,0.12207,phone_interaction
679820,0.743408,0.464844,-0.486206,-1.037598,-0.793457,-0.366211,phone_interaction
679837,0.740845,0.474609,-0.479248,-0.244141,-1.708985,0.183106,phone_interaction
679854,0.736572,0.470947,-0.464722,0.061035,-2.075195,0.427246,phone_interaction
679870,0.718628,0.467285,-0.471436,0.732422,-1.525879,0.061035,phone_interaction
679887,0.72229,0.459839,-0.483887,1.464844,-0.915528,-0.427246,phone_interaction
679904,0.740356,0.459473,-0.486084,1.281738,-1.831055,-0.549316,phone_interaction
679920,0.748657,0.470337,-0.485229,0.671387,-5.859377,0.305176,phone_interaction
679937,0.738159,0.476563,-0.470093,1.342773,-9.399414,1.281738,phone_interaction
679954,0.744263,0.473755,-0.462158,1.831055,-11.169437,1.464844,phone_interaction
679970,0.744873,0.46875,-0.462524,2.380371,-15.319828,1.64795,phone_interaction
679987,0.741577,0.465454,-0.481445,3.234864,-21.118164,1.159668,phone_interaction
680004,0.71106,0.458252,-0.502197,3.479005,-24.047859,1.403809,phone_interaction
680020,0.695923,0.456787,-0.514526,3.112794,-23.254402,1.464844,phone_interaction
680037,0.686768,0.457031,-0.535645,2.807618,-18.737793,1.77002,phone_interaction
680054,0.6875,0.457886,-0.537354,2.624512,-14.03809,1.464844,phone_interaction
680070,0.682251,0.453247,-0.538208,2.563477,-11.535648,1.525879,phone_interaction
680087,0.677612,0.449585,-0.539429,2.502441,-7.08008,0.366211,phone_interaction
680104,0.681274,0.453125,-0.543701,2.868653,-4.882813,-0.305176,phone_interaction
680120,0.68396,0.448242,-0.543945,2.380371,-5.859377,1.64795,phone_interaction
680137,0.637695,0.453247,-0.541992,0.732422,-5.798342,2.380371,phone_interaction
680154,0.61853,0.45813,-0.553833,1.586915,8.972168,-1.037598,phone_interaction
680170,0.699463,0.435669,-0.561768,1.281738,18.981934,-4.333496,phone_interaction
680187,0.715698,0.439209,-0.557373,0.244141,20.324707,-4.333496,phone_interaction
680204,0.770142,0.457886,-0.523315,-0.610352,17.76123,-4.699707,phone_interaction
680220,0.755615,0.475342,-0.480957,-1.64795,9.277344,-2.075195,phone_interaction
680237,0.708862,0.497803,-0.461548,0.061035,6.408693,-0.976563,phone_interaction
680254,0.704224,0.498169,-0.46228,1.586915,5.615236,-0.549316,phone_interaction
680270,0.710205,0.476685,-0.471069,2.502441,2.563477,0.244141,phone_interaction
680287,0.771118,0.4646,-0.453247,2.685547,-7.812502,3.601075,phone_interaction
680304,0.763672,0.460205,-0.46521,1.77002,-13.732914,6.164553,phone_interaction
680320,0.685181,0.4552,-0.526245,0.976563,-10.314941,7.08008,phone_interaction
680337,0.648804,0.437256,-0.578003,3.356935,14.526371,0.549316,phone_interaction
680354,0.670898,0.416138,-0.564087,2.990724,11.901859,-0.427246,phone_interaction
680370,0.73999,0.400513,-0.534546,1.77002,7.385256,-5.676271,phone_interaction
680387,0.794067,0.444702,-0.497803,-2.624512,-3.845216,-4.150391,phone_interaction
680404,0.729126,0.471924,-0.499023,-2.197266,-1.89209,-2.380371,phone_interaction
680421,0.726074,0.471802,-0.499146,-1.953125,1.586915,-2.13623,phone_interaction
680437,0.71228,0.472656,-0.508789,-1.220703,5.249023,-1.403809,phone_interaction
680454,0.707764,0.460205,-0.506348,-0.732422,2.502441,-0.793457,phone_interaction
680471,0.7146,0.454224,-0.500488,-0.793457,0.671387,-0.183106,phone_interaction
680487,0.721802,0.462646,-0.49292,-1.281738,-2.990724,0.0,phone_interaction
680504,0.717651,0.47583,-0.489136,-0.915528,-4.577637,0.793457,phone_interaction
680521,0.717651,0.473755,-0.48877,0.061035,-6.042482,0.976563,phone_interaction
680537,0.712891,0.469849,-0.493286,0.244141,-6.225588,1.220703,phone_interaction
680554,0.696045,0.46167,-0.511475,0.854492,-4.699707,1.403809,phone_interaction
680571,0.686523,0.457642,-0.525513,1.098633,-1.953125,1.342773,phone_interaction
680587,0.696533,0.453491,-0.525513,1.281738,-1.098633,1.159668,phone_interaction
680604,0.710938,0.454834,-0.516235,0.183106,-1.525879,0.671387,phone_interaction
680621,0.710205,0.463745,-0.509521,0.0,-0.183106,0.671387,phone_interaction
680637,0.710815,0.459229,-0.514526,0.915528,1.281738,0.793457,phone_interaction
680654,0.703735,0.452759,-0.517822,0.854492,1.281738,0.732422,phone_interaction
680671,0.705566,0.450195,-0.522705,0.183106,1.586915,0.12207,phone_interaction
680687,0.724121,0.457031,-0.518188,-0.427246,1.953125,-0.244141,phone_interaction
680704,0.731079,0.458984,-0.512939,-0.549316,0.915528,0.0,phone_interaction
680721,0.726929,0.45752,-0.509521,-0.671387,-2.502441,0.854492,phone_interaction
680737,0.668823,0.463379,-0.507202,-1.708985,-5.981447,2.197266,phone_interaction
680754,0.672607,0.463867,-0.501831,0.12207,3.479005,-0.732422,phone_interaction
680771,0.716431,0.457275,-0.496094,0.488281,6.164553,-1.342773,phone_interaction
680787,0.747314,0.453857,-0.510254,-0.183106,4.394531,-0.854492,phone_interaction
680804,0.739502,0.447144,-0.527466,-1.403809,-1.220703,-0.061035,phone_interaction
680821,0.719604,0.453125,-0.527466,-2.01416,-2.563477,0.061035,phone_interaction
680837,0.686279,0.476318,-0.509888,-0.976563,1.403809,-0.671387,phone_interaction
680854,0.71875,0.476685,-0.489502,0.488281,4.821777,-1.525879,phone_interaction
680871,0.726074,0.463013,-0.486938,0.549316,2.441406,-0.671387,phone_interaction
680887,0.723511,0.456909,-0.491089,0.427246,0.366211,-0.061035,phone_interaction
680904,0.699219,0.448242,-0.510864,0.12207,-2.075195,0.610352,phone_interaction
680921,0.693481,0.458008,-0.524902,0.305176,-0.488281,-0.244141,phone_interaction
680937,0.700684,0.46521,-0.525513,0.610352,0.488281,-0.610352,phone_interaction
680954,0.714966,0.467529,-0.51709,1.220703,2.197266,-0.793457,phone_interaction
680971,0.72583,0.462524,-0.505005,0.671387,3.234864,-0.671387,phone_interaction
680987,0.725952,0.462891,-0.504883,0.671387,3.051759,-0.549316,phone_interaction
681004,0.719971,0.456055,-0.515625,1.037598,1.159668,-0.793457,phone_interaction
681021,0.705688,0.444336,-0.522583,0.610352,-1.64795,-1.586915,phone_interaction
681038,0.70105,0.456055,-0.52002,-0.305176,-1.586915,-2.563477,phone_interaction
681054,0.707764,0.466187,-0.516602,-0.244141,-0.610352,-2.563477,phone_interaction
681071,0.718262,0.476196,-0.507935,0.610352,0.854492,-1.953125,phone_interaction
681088,0.725952,0.468628,-0.505981,0.915528,1.037598,-1.037598,phone_interaction
681104,0.736938,0.464355,-0.502686,0.732422,0.12207,-0.671387,phone_interaction
681121,0.731201,0.473389,-0.494385,-0.366211,-2.319336,0.915528,phone_interaction
681138,0.720093,0.488037,-0.485352,0.671387,-3.051759,5.432129,phone_interaction
681154,0.70874,0.442383,-0.489014,1.525879,-2.807618,2.990724,phone_interaction
681171,0.674805,0.43457,-0.494629,0.854492,0.427246,1.342773,phone_interaction
681188,0.650635,0.457642,-0.500366,2.624512,3.784181,-1.525879,phone_interaction
681204,0.757568,0.446289,-0.490356,0.976563,4.211426,-3.66211,phone_interaction
681221,0.754272,0.460938,-0.497437,-0.366211,1.159668,-2.746582,phone_interaction
681238,0.747437,0.469604,-0.50647,-0.061035,-1.342773,-1.464844,phone_interaction
681254,0.722168,0.457642,-0.501831,-1.098633,-3.66211,-0.061035,phone_interaction
681271,0.683838,0.456909,-0.526611,-1.708985,-9.643555,3.845216,phone_interaction
681288,0.622803,0.473145,-0.521973,-3.41797,-10.437012,2.868653,phone_interaction
681304,0.632813,0.476929,-0.511353,0.366211,6.530764,-0.671387,phone_interaction
681321,0.750244,0.449951,-0.508057,0.610352,13.305668,-0.915528,phone_interaction
681338,0.763428,0.453613,-0.508179,-0.488281,11.474613,-0.488281,phone_interaction
681354,0.779663,0.467163,-0.510864,-1.953125,0.793457,0.0,phone_interaction
681371,0.736572,0.467041,-0.502197,-2.563477,-4.394531,1.220703,phone_interaction
681388,0.69751,0.486084,-0.495483,-1.220703,-1.464844,1.037598,phone_interaction
681404,0.71106,0.487305,-0.493652,-0.12207,0.12207,1.281738,phone_interaction
681421,0.714844,0.474121,-0.495361,1.037598,-0.183106,4.089355,phone_interaction
681438,0.696045,0.457275,-0.51123,1.464844,0.366211,4.577637,phone_interaction
681454,0.698608,0.459961,-0.510376,1.708985,-0.366211,5.249023,phone_interaction
681471,0.68335,0.431519,-0.509644,2.319336,-2.01416,1.708985,phone_interaction
681488,0.662354,0.435547,-0.522339,0.549316,3.66211,-1.953125,phone_interaction
681504,0.736572,0.459595,-0.506348,1.525879,3.479005,-4.516602,phone_interaction
681521,0.787476,0.4552,-0.498169,0.0,1.77002,-3.845216,phone_interaction
681538,0.768188,0.481689,-0.509155,-2.01416,-1.403809,-2.075195,phone_interaction
681554,0.683838,0.501709,-0.515747,-0.061035,0.732422,2.929688,phone_interaction
681571,0.685425,0.493164,-0.49707,2.197266,0.305176,3.845216,phone_interaction
681588,0.731079,0.429321,-0.492432,1.64795,-2.746582,1.220703,phone_interaction
681605,0.676025,0.437988,-0.521484,-0.183106,3.41797,-1.464844,phone_interaction
681621,0.678467,0.458374,-0.511353,1.098633,4.516602,-0.976563,phone_interaction
681638,0.783203,0.447021,-0.496216,0.183106,2.380371,-2.929688,phone_interaction
681655,0.773682,0.464355,-0.502563,-1.89209,-4.333496,-1.220703,phone_interaction
681671,0.694458,0.468994,-0.506836,-0.976563,-1.831055,-1.64795,phone_interaction
681688,0.677368,0.46936,-0.514038,-0.244141,0.183106,-2.441406,phone_interaction
681705,0.681641,0.46167,-0.526489,1.525879,2.380371,-4.150391,phone_interaction
681721,0.68396,0.443237,-0.53125,0.854492,3.051759,-5.126953,phone_interaction
681738,0.690918,0.452393,-0.528198,0.0,4.211426,-5.187988,phone_interaction
681755,0.731567,0.491089,-0.486084,1.64795,3.723145,-4.150391,phone_interaction
681771,0.732788,0.480103,-0.45874,1.831055,-1.77002,-1.342773,phone_interaction
681788,0.700073,0.479248,-0.465698,1.159668,-3.784181,-0.366211,phone_interaction
681805,0.692627,0.487183,-0.483154,1.525879,-2.929688,0.305176,phone_interaction
681821,0.727539,0.487427,-0.502808,2.563477,-3.723145,1.403809,phone_interaction
681838,0.767944,0.479126,-0.489502,2.380371,-8.666992,3.601075,phone_interaction
681855,0.775024,0.477173,-0.479736,2.319336,-11.779789,5.798342,phone_interaction
681871,0.723145,0.484863,-0.483154,1.403809,-14.28223,9.399414,phone_interaction
681888,0.606079,0.444946,-0.552124,1.64795,0.305176,4.272461,phone_interaction
681905,0.602661,0.421875,-0.557983,2.929688,18.249512,-1.342773,phone_interaction
681921,0.656128,0.42334,-0.551392,2.868653,15.380863,-1.159668,phone_interaction
681938,0.781616,0.429199,-0.496582,0.12207,3.66211,-5.798342,phone_interaction
681955,0.734253,0.474609,-0.490845,-2.197266,-4.394531,-1.89209,phone_interaction
681971,0.704346,0.479736,-0.489624,-2.01416,-0.488281,-1.464844,phone_interaction
681988,0.704224,0.48938,-0.485107,-0.732422,10.864258,-1.403809,phone_interaction
682005,0.737793,0.48645,-0.498291,-0.12207,10.131836,0.061035,phone_interaction
682021,0.746338,0.458252,-0.481812,0.0,1.77002,2.990724,phone_interaction
682038,0.737671,0.449341,-0.476196,-1.037598,-2.319336,3.601075,phone_interaction
682055,0.713013,0.458862,-0.486328,-2.01416,-3.601075,2.868653,phone_interaction
682071,0.715942,0.475952,-0.492798,-1.281738,0.976563,2.685547,phone_interaction
682088,0.716309,0.481201,-0.493408,-0.915528,1.831055,3.234864,phone_interaction
682105,0.704346,0.477173,-0.482056,0.488281,1.403809,3.479005,phone_interaction
682121,0.701538,0.458008,-0.479126,1.342773,1.953125,3.295899,phone_interaction
682138,0.703857,0.456543,-0.475952,1.037598,2.502441,2.929688,phone_interaction
682155,0.726685,0.469238,-0.482422,0.732422,2.807618,3.479005,phone_interaction
682171,0.772339,0.47168,-0.48999,1.281738,-3.356935,5.493164,phone_interaction
682188,0.744629,0.453735,-0.509033,0.915528,-9.460449,7.08008,phone_interaction
682205,0.71167,0.445557,-0.522461,0.671387,-9.094238,7.263186,phone_interaction
682222,0.687744,0.439453,-0.544189,0.915528,-4.638672,5.737307,phone_interaction
682238,0.699707,0.424683,-0.570068,0.366211,-3.41797,3.41797,phone_interaction
682255,0.688843,0.4104,-0.579956,-0.061035,-3.906251,1.89209,phone_interaction
682272,0.712769,0.416504,-0.550293,-0.427246,0.488281,-1.77002,phone_interaction
682288,0.717651,0.450073,-0.522461,-0.915528,2.01416,-2.258301,phone_interaction
682305,0.712036,0.452515,-0.492188,-1.037598,4.394531,-3.845216,phone_interaction
682322,0.719116,0.456909,-0.481567,-1.464844,5.737307,-4.516602,phone_interaction
682338,0.740845,0.473633,-0.478638,-1.953125,7.08008,-4.516602,phone_interaction
682355,0.724854,0.476807,-0.493896,-1.64795,6.469728,-2.624512,phone_interaction
682372,0.71582,0.470825,-0.500244,-1.586915,6.530764,-1.403809,phone_interaction
682388,0.722046,0.471436,-0.498413,-2.197266,5.493164,1.098633,phone_interaction
682405,0.739624,0.470459,-0.469727,-0.732422,-2.502441,2.380371,phone_interaction
682422,0.70459,0.451172,-0.474731,-0.549316,-4.211426,1.89209,phone_interaction
682438,0.679932,0.445557,-0.480591,0.732422,-0.976563,-0.061035,phone_interaction
682455,0.712524,0.4552,-0.473511,0.732422,3.173829,-1.586915,phone_interaction
682472,0.754028,0.456909,-0.502686,1.159668,0.305176,-1.098633,phone_interaction
682488,0.759766,0.454712,-0.51123,0.366211,-0.305176,-0.976563,phone_interaction
682505,0.739014,0.460938,-0.504272,-0.061035,-0.732422,0.671387,phone_interaction
682522,0.734863,0.456543,-0.497437,-0.549316,-0.183106,1.281738,phone_interaction
682538,0.738037,0.467651,-0.495483,-0.976563,0.976563,1.525879,phone_interaction
682555,0.739624,0.471436,-0.495117,-0.366211,0.488281,1.77002,phone_interaction
682572,0.738281,0.459717,-0.494019,0.610352,-1.464844,4.02832,phone_interaction
682588,0.723511,0.449219,-0.493896,1.220703,-4.699707,4.089355,phone_interaction
682605,0.696289,0.443115,-0.496948,0.915528,-4.943848,2.990724,phone_interaction
682622,0.685059,0.442627,-0.510254,0.793457,1.953125,0.244141,phone_interaction
682638,0.723633,0.452026,-0.507202,1.281738,1.281738,-0.915528,phone_interaction
682655,0.7323,0.446899,-0.502441,0.793457,-1.708985,-1.098633,phone_interaction
682672,0.7146,0.450317,-0.504272,0.305176,-0.854492,-1.64795,phone_interaction
682688,0.724365,0.455566,-0.505859,0.732422,1.64795,-2.13623,phone_interaction
682705,0.755249,0.454102,-0.499756,0.488281,-0.244141,-1.464844,phone_interaction
682722,0.745972,0.453247,-0.498291,0.061035,-1.708985,-1.159668,phone_interaction
682738,0.728516,0.458984,-0.5,0.061035,-1.525879,-1.281738,phone_interaction
682755,0.730469,0.45752,-0.496094,0.610352,-1.525879,-0.915528,phone_interaction
682772,0.727173,0.459229,-0.489258,0.488281,-2.197266,-1.098633,phone_interaction
682788,0.71936,0.462158,-0.490845,1.159668,-1.220703,-0.854492,phone_interaction
682805,0.71875,0.453247,-0.497925,1.403809,-0.671387,-1.220703,phone_interaction
682822,0.728638,0.448242,-0.5,1.464844,-3.784181,0.12207,phone_interaction
682839,0.723511,0.449219,-0.51062,1.77002,-7.324221,1.159668,phone_interaction
682855,0.656616,0.460571,-0.51416,1.098633,-10.437012,1.159668,phone_interaction
682872,0.669922,0.463501,-0.516724,2.380371,2.746582,-1.953125,phone_interaction
682889,0.721924,0.467041,-0.510986,2.563477,7.141115,-2.807618,phone_interaction
682905,0.76123,0.461182,-0.503662,1.953125,7.690432,-1.708985,phone_interaction
682922,0.772705,0.445801,-0.496826,0.366211,0.976563,-1.464844,phone_interaction
682939,0.723755,0.452148,-0.505127,-1.098633,-2.807618,-1.037598,phone_interaction
682955,0.691162,0.463013,-0.503662,-0.793457,-2.075195,-1.159668,phone_interaction
682972,0.686401,0.469604,-0.493774,0.854492,2.380371,-2.380371,phone_interaction
682989,0.705688,0.472046,-0.484009,1.220703,5.065918,-2.502441,phone_interaction
683005,0.720459,0.470337,-0.481567,1.831055,4.882813,-2.197266,phone_interaction
683022,0.743042,0.454956,-0.476074,1.220703,1.159668,-1.037598,phone_interaction
683039,0.72229,0.457886,-0.492432,0.549316,-2.502441,-0.244141,phone_interaction
683055,0.701538,0.455078,-0.506958,1.159668,-2.807618,-0.427246,phone_interaction
683072,0.71167,0.456177,-0.506836,0.976563,-2.197266,-0.915528,phone_interaction
683089,0.732788,0.465454,-0.50647,0.915528,-0.671387,-0.915528,phone_interaction
683105,0.716919,0.459961,-0.513428,1.159668,-0.305176,-0.427246,phone_interaction
683122,0.718994,0.453369,-0.508057,1.098633,0.061035,-0.549316,phone_interaction
683139,0.727539,0.457886,-0.497437,0.183106,1.098633,-0.976563,phone_interaction
683155,0.726807,0.467285,-0.494263,0.488281,-0.549316,-0.061035,phone_interaction
683172,0.710693,0.463867,-0.491821,0.488281,-3.54004,0.061035,phone_interaction
683189,0.700073,0.459351,-0.490845,0.305176,-4.394531,-0.12207,phone_interaction
683205,0.710083,0.468018,-0.491943,1.037598,-2.380371,-0.610352,phone_interaction
683222,0.70752,0.464478,-0.500366,1.953125,-1.037598,-0.061035,phone_interaction
683239,0.710205,0.463257,-0.499268,2.075195,-0.671387,-0.12207,phone_interaction
683255,0.719727,0.459473,-0.509521,1.586915,0.488281,-0.549316,phone_interaction
683272,0.716919,0.460571,-0.511475,1.037598,-0.061035,-0.366211,phone_interaction
683289,0.716797,0.462769,-0.504761,1.037598,-0.305176,-0.366211,phone_interaction
683305,0.716675,0.466797,-0.496704,1.708985,-0.488281,-0.12207,phone_interaction
683322,0.726807,0.454224,-0.504761,2.13623,-0.976563,0.183106,phone_interaction
683339,0.717285,0.449219,-0.513428,1.342773,-3.54004,0.488281,phone_interaction
683355,0.702026,0.453613,-0.516479,1.159668,-3.784181,0.610352,phone_interaction
683372,0.691528,0.460938,-0.517456,1.281738,-1.64795,0.183106,phone_interaction
683389,0.699951,0.45874,-0.517578,1.098633,0.793457,0.183106,phone_interaction
683406,0.70752,0.45813,-0.511353,0.915528,1.525879,0.12207,phone_interaction
683422,0.724365,0.458252,-0.505493,0.305176,2.441406,0.12207,phone_interaction
683439,0.728882,0.458374,-0.507446,0.12207,2.319336,0.427246,phone_interaction
683456,0.721069,0.45752,-0.512207,-0.061035,0.061035,0.488281,phone_interaction
683472,0.714966,0.457397,-0.511353,0.183106,-0.976563,0.366211,phone_interaction
683489,0.717529,0.454346,-0.500488,0.183106,-0.671387,0.244141,phone_interaction
683506,0.726318,0.458252,-0.499023,-0.427246,-0.610352,0.183106,phone_interaction
683522,0.723511,0.460083,-0.501343,-0.610352,-0.305176,0.244141,phone_interaction
683539,0.716064,0.459351,-0.508423,-0.976563,1.098633,0.305176,phone_interaction
683556,0.720825,0.459473,-0.513062,-0.915528,1.281738,0.915528,phone_interaction
683572,0.708374,0.457153,-0.51001,-0.915528,-0.366211,1.464844,phone_interaction
683589,0.700317,0.456909,-0.504028,-1.037598,-0.488281,1.281738,phone_interaction
683606,0.710083,0.461304,-0.484375,-1.098633,1.403809,0.732422,phone_interaction
683622,0.732056,0.467529,-0.484985,-1.464844,2.624512,1.281738,phone_interaction
683639,0.724976,0.468994,-0.494385,-1.464844,1.89209,1.831055,phone_interaction
683656,0.699829,0.458374,-0.51062,-0.488281,0.793457,2.197266,phone_interaction
683672,0.706421,0.444336,-0.519775,-0.305176,-0.244141,1.525879,phone_interaction
683689,0.711914,0.456421,-0.522461,-0.061035,-0.854492,0.915528,phone_interaction
683706,0.703735,0.457886,-0.526367,1.037598,-0.183106,0.793457,phone_interaction
683722,0.706055,0.452881,-0.519287,2.258301,1.464844,-0.366211,phone_interaction
683739,0.72168,0.456909,-0.515991,2.075195,1.403809,-0.915528,phone_interaction
683756,0.718994,0.459229,-0.515747,2.319336,0.854492,-0.610352,phone_interaction
683772,0.716553,0.453979,-0.518066,3.173829,1.220703,-1.403809,phone_interaction
683789,0.728394,0.447998,-0.519531,4.089355,-0.244141,-2.197266,phone_interaction
683806,0.734619,0.447632,-0.515259,3.66211,-1.586915,-2.685547,phone_interaction
683822,0.736084,0.46167,-0.49585,2.563477,-2.13623,-2.868653,phone_interaction
683839,0.731567,0.470825,-0.491455,2.380371,-0.793457,-1.89209,phone_interaction
683856,0.706543,0.463257,-0.508179,2.01416,0.732422,-1.64795,phone_interaction
683872,0.716309,0.462524,-0.508057,2.01416,0.915528,-1.708985,phone_interaction
683889,0.751953,0.452271,-0.486694,2.258301,-5.126953,-0.305176,phone_interaction
683906,0.743652,0.463623,-0.489502,-0.488281,-9.033203,0.915528,phone_interaction
683922,0.733521,0.478394,-0.495117,-0.915528,-9.094238,1.342773,phone_interaction
683939,0.707031,0.480835,-0.512573,0.793457,-5.065918,2.380371,phone_interaction
683956,0.720093,0.466309,-0.498169,1.77002,-6.835939,5.187988,phone_interaction
683972,0.672852,0.444702,-0.525513,1.037598,-1.708985,6.225588,phone_interaction
683989,0.615601,0.418091,-0.569946,0.488281,4.02832,2.563477,phone_interaction
684006,0.641113,0.422852,-0.542725,0.549316,16.845703,-2.624512,phone_interaction
684023,0.700928,0.421509,-0.51416,1.159668,8.056641,-5.004883,phone_interaction
684039,0.743896,0.417603,-0.508301,-0.793457,1.831055,-6.95801,phone_interaction
684056,0.765259,0.464844,-0.508545,-3.234864,-0.12207,-5.554201,phone_interaction
684073,0.732422,0.493164,-0.506592,-2.075195,7.568361,-3.601075,phone_interaction
684089,0.738281,0.481201,-0.482178,-0.488281,5.920412,-1.953125,phone_interaction
684106,0.746948,0.466309,-0.474243,-0.549316,1.586915,-0.915528,phone_interaction
684123,0.714966,0.457886,-0.478027,-1.220703,-3.601075,0.061035,phone_interaction
684139,0.704712,0.469604,-0.483154,-0.244141,-1.77002,0.183106,phone_interaction
684156,0.717407,0.470947,-0.484863,0.305176,-1.098633,0.549316,phone_interaction
684173,0.709106,0.467285,-0.497681,0.549316,-0.854492,0.854492,phone_interaction
684189,0.687988,0.462646,-0.515381,0.488281,1.342773,0.488281,phone_interaction
684206,0.729492,0.461792,-0.505737,0.854492,0.366211,0.793457,phone_interaction
684223,0.732178,0.460083,-0.508057,1.037598,-1.64795,1.281738,phone_interaction
684239,0.696411,0.455811,-0.513306,0.854492,-4.02832,1.037598,phone_interaction
684256,0.699585,0.4552,-0.513062,0.671387,-1.403809,0.366211,phone_interaction
684273,0.701538,0.454834,-0.520386,0.488281,0.12207,0.12207,phone_interaction
684289,0.710571,0.460327,-0.517334,0.427246,1.220703,-0.183106,phone_interaction
684306,0.734253,0.462524,-0.49585,0.488281,-0.488281,0.183106,phone_interaction
684323,0.731689,0.463989,-0.494141,0.610352,-2.685547,0.671387,phone_interaction
684339,0.724854,0.45813,-0.495972,0.366211,-3.784181,0.488281,phone_interaction
684356,0.720825,0.461914,-0.49707,0.061035,-5.615236,0.976563,phone_interaction
684373,0.705322,0.459229,-0.516357,0.366211,-3.845216,0.549316,phone_interaction
684389,0.705566,0.457275,-0.523193,0.427246,-2.685547,0.244141,phone_interaction
684406,0.707153,0.457886,-0.518799,0.244141,-1.525879,0.183106,phone_interaction
684423,0.710327,0.460327,-0.513062,0.488281,-0.976563,-0.061035,phone_interaction
684439,0.709351,0.460938,-0.514648,0.488281,-0.854492,-0.244141,phone_interaction
684456,0.716553,0.454346,-0.511475,0.488281,-1.159668,-0.366211,phone_interaction
684473,0.715332,0.459839,-0.507324,-0.12207,-2.990724,-0.244141,phone_interaction
684489,0.704712,0.462524,-0.508789,0.183106,-1.77002,0.12207,phone_interaction
684506,0.69751,0.462524,-0.509521,0.488281,-0.671387,0.12207,phone_interaction
684523,0.701904,0.458984,-0.510864,1.342773,1.098633,0.0,phone_interaction
684539,0.70874,0.452148,-0.514038,1.159668,0.12207,-0.12207,phone_interaction
684556,0.707031,0.454346,-0.513672,0.854492,-0.427246,-0.244141,phone_interaction
684573,0.709839,0.462769,-0.512573,1.098633,-0.366211,-0.244141,phone_interaction
684590,0.720093,0.460449,-0.508301,1.037598,-2.01416,-0.061035,phone_interaction
684606,0.721069,0.458618,-0.509277,0.549316,-2.075195,0.427246,phone_interaction
684623,0.713867,0.460205,-0.512329,0.488281,-1.525879,0.793457,phone_interaction
684640,0.703735,0.459351,-0.515503,0.671387,-0.061035,0.305176,phone_interaction
684656,0.710083,0.462036,-0.51416,0.793457,0.549316,-0.305176,phone_interaction
684673,0.713135,0.460327,-0.515137,0.793457,0.366211,-0.427246,phone_interaction
684690,0.720947,0.455566,-0.515259,0.610352,-0.793457,-0.12207,phone_interaction
684706,0.719604,0.453125,-0.516968,0.427246,-2.685547,0.366211,phone_interaction
684723,0.704834,0.459839,-0.519897,0.061035,-2.685547,0.061035,phone_interaction
684740,0.696655,0.462891,-0.520996,0.244141,-1.89209,-0.061035,phone_interaction
684756,0.69519,0.46228,-0.520264,0.549316,0.183106,-0.366211,phone_interaction
684773,0.712769,0.45874,-0.515137,0.610352,0.12207,-0.305176,phone_interaction
684790,0.716064,0.458496,-0.512695,0.549316,-0.732422,-0.183106,phone_interaction
684806,0.706787,0.457764,-0.509888,0.671387,-2.380371,0.305176,phone_interaction
684823,0.695068,0.464844,-0.505005,1.098633,-2.929688,0.610352,phone_interaction
684840,0.702271,0.464355,-0.507813,1.64795,-2.807618,0.854492,phone_interaction
684856,0.706543,0.466187,-0.507813,2.075195,-3.295899,0.976563,phone_interaction
684873,0.705078,0.459839,-0.513428,2.990724,-4.516602,1.464844,phone_interaction
684890,0.70813,0.45105,-0.520386,3.356935,-6.347658,2.075195,phone_interaction
684906,0.713257,0.451782,-0.516968,3.54004,-8.422852,2.502441,phone_interaction
684923,0.708984,0.454346,-0.522217,2.990724,-13.488773,3.295899,phone_interaction
684940,0.681763,0.458374,-0.537231,3.173829,-13.244633,3.41797,phone_interaction
684956,0.6875,0.450562,-0.546265,3.41797,-11.535648,3.112794,phone_interaction
684973,0.708618,0.437256,-0.571777,2.01416,-11.230473,2.990724,phone_interaction
684990,0.688477,0.448364,-0.566284,1.464844,-10.375977,2.685547,phone_interaction
685006,0.687378,0.450195,-0.545654,1.037598,-6.225588,1.708985,phone_interaction
685023,0.691772,0.449219,-0.536255,0.915528,-4.150391,1.220703,phone_interaction
685040,0.695435,0.44751,-0.529663,0.427246,-1.037598,0.732422,phone_interaction
685056,0.696167,0.448853,-0.538208,-0.305176,1.586915,0.183106,phone_interaction
685073,0.700928,0.449341,-0.540771,-0.671387,2.746582,0.0,phone_interaction
685090,0.718018,0.443359,-0.552734,-1.64795,3.112794,0.061035,phone_interaction
685106,0.711914,0.440674,-0.561157,-3.112794,3.784181,0.793457,phone_interaction
685123,0.703857,0.44104,-0.561035,-4.333496,5.187988,0.549316,phone_interaction
685140,0.708618,0.441162,-0.556519,-5.065918,4.821777,0.610352,phone_interaction
685156,0.700317,0.446777,-0.546875,-6.225588,3.112794,1.037598,phone_interaction
685173,0.678833,0.452759,-0.551025,-5.371094,1.89209,1.525879,phone_interaction
685190,0.665527,0.451538,-0.549438,-4.394531,1.159668,1.586915,phone_interaction
685207,0.676147,0.442871,-0.536255,-3.66211,-0.305176,1.159668,phone_interaction
685223,0.699463,0.462769,-0.513184,-3.845216,-2.502441,1.098633,phone_interaction
685240,0.693848,0.472778,-0.504028,-2.01416,-2.502441,1.89209,phone_interaction
685257,0.685791,0.471558,-0.502808,-0.854492,-2.319336,1.831055,phone_interaction
685273,0.696289,0.460083,-0.512207,0.793457,-2.197266,1.098633,phone_interaction
685290,0.724487,0.455322,-0.522583,1.037598,-3.906251,0.915528,phone_interaction
685307,0.722168,0.457397,-0.526733,1.159668,-5.187988,1.403809,phone_interaction
685323,0.723145,0.4552,-0.527344,1.953125,-8.728027,2.380371,phone_interaction
685340,0.730225,0.450806,-0.525146,1.77002,-14.770512,2.563477,phone_interaction
685357,0.712524,0.455933,-0.541016,1.89209,-18.676758,1.953125,phone_interaction
685373,0.706543,0.4552,-0.547485,2.197266,-19.287109,1.464844,phone_interaction
685390,0.685059,0.446777,-0.558716,2.685547,-18.920898,1.525879,phone_interaction
685407,0.679932,0.447754,-0.567139,2.807618,-18.127441,1.159668,phone_interaction
685423,0.681519,0.446655,-0.569336,2.929688,-18.066406,0.976563,phone_interaction
685440,0.67395,0.45166,-0.570801,3.173829,-18.310547,-0.12207,phone_interaction
685457,0.653687,0.448975,-0.571167,3.54004,-15.502934,-0.854492,phone_interaction
685473,0.651978,0.442017,-0.578613,3.479005,-13.671879,-0.427246,phone_interaction
685490,0.654297,0.43457,-0.590088,2.197266,-12.02393,0.854492,phone_interaction
685507,0.637207,0.445557,-0.596924,1.403809,-9.033203,0.976563,phone_interaction
685523,0.637329,0.448242,-0.594238,2.01416,-3.601075,-0.244141,phone_interaction
685540,0.648071,0.441162,-0.592651,2.075195,-1.525879,-0.427246,phone_interaction
685557,0.669434,0.42981,-0.593994,1.403809,-1.525879,0.0,phone_interaction
685573,0.632202,0.444824,-0.595337,-0.427246,-0.427246,0.244141,phone_interaction
685590,0.626831,0.449951,-0.598877,-0.305176,2.258301,-0.183106,phone_interaction
685607,0.632568,0.447144,-0.599609,0.488281,7.20215,-0.732422,phone_interaction
685623,0.658569,0.434814,-0.588745,1.037598,10.559082,-1.64795,phone_interaction
685640,0.708374,0.433716,-0.586548,-0.305176,7.812502,-1.708985,phone_interaction
685657,0.707275,0.440063,-0.586182,-1.342773,5.554201,-1.464844,phone_interaction
685673,0.669922,0.458618,-0.577148,-1.77002,6.225588,-1.64795,phone_interaction
685690,0.659302,0.454346,-0.570801,-0.732422,11.291508,-2.319336,phone_interaction
685707,0.661743,0.449219,-0.567749,-0.488281,13.122562,-2.502441,phone_interaction
685723,0.680908,0.445435,-0.561157,-0.610352,12.573246,-2.746582,phone_interaction
685740,0.681519,0.444824,-0.561401,-1.281738,10.314941,-2.563477,phone_interaction
685757,0.671143,0.446533,-0.568359,-0.854492,9.82666,-2.075195,phone_interaction
685773,0.672363,0.444092,-0.569702,-0.671387,9.643555,-2.075195,phone_interaction
685790,0.674438,0.446899,-0.574829,-1.464844,9.94873,-2.258301,phone_interaction
685807,0.658813,0.456299,-0.569946,-1.953125,13.549809,-2.502441,phone_interaction
685824,0.658325,0.460571,-0.560425,-1.831055,16.357422,-2.685547,phone_interaction
685840,0.662964,0.461182,-0.540771,-1.037598,21.484375,-3.173829,phone_interaction
685857,0.705078,0.449951,-0.545532,-1.464844,22.39991,-3.356935,phone_interaction
685874,0.722778,0.451904,-0.546387,-2.197266,15.869144,-2.258301,phone_interaction
685890,0.710449,0.452393,-0.542969,-2.563477,13.305668,-2.258301,phone_interaction
685907,0.698486,0.458008,-0.539795,-2.929688,11.840824,-2.624512,phone_interaction
685924,0.695557,0.460815,-0.525391,-2.746582,12.084965,-2.929688,phone_interaction
685940,0.703247,0.462524,-0.513794,-2.807618,12.146,-2.990724,phone_interaction
685957,0.726318,0.468506,-0.508911,-2.502441,10.864258,-2.929688,phone_interaction
685974,0.717651,0.469604,-0.510132,-1.77002,8.178711,-2.380371,phone_interaction
685990,0.709473,0.46875,-0.506104,-1.098633,6.530764,-2.441406,phone_interaction
686007,0.706299,0.469727,-0.493286,-0.610352,6.713869,-2.807618,phone_interaction
686024,0.716553,0.471924,-0.483887,0.0,4.516602,-2.13623,phone_interaction
686040,0.728394,0.476074,-0.478516,-0.183106,0.12207,-1.220703,phone_interaction
686057,0.728027,0.474976,-0.483276,-0.244141,-2.01416,-0.366211,phone_interaction
686074,0.703857,0.473877,-0.499634,-0.183106,-3.967286,0.244141,phone_interaction
686090,0.68689,0.469849,-0.510742,0.793457,-2.075195,0.183106,phone_interaction
686107,0.690674,0.467529,-0.514648,1.220703,-0.671387,0.0,phone_interaction
686124,0.69812,0.463013,-0.518921,1.342773,0.427246,-0.183106,phone_interaction
686140,0.706787,0.467407,-0.513184,1.159668,-0.427246,-0.061035,phone_interaction
686157,0.713257,0.465576,-0.508301,1.159668,-2.502441,0.244141,phone_interaction
686174,0.716797,0.465454,-0.509155,0.793457,-3.784181,0.488281,phone_interaction
686190,0.714722,0.470581,-0.513428,0.549316,-4.760742,0.671387,phone_interaction
686207,0.701538,0.462646,-0.525391,0.366211,-3.356935,0.671387,phone_interaction
686224,0.700439,0.46106,-0.529175,0.244141,-2.380371,0.427246,phone_interaction
686240,0.698608,0.46228,-0.53064,0.183106,-1.586915,-0.061035,phone_interaction
686257,0.69751,0.461548,-0.527832,-0.061035,-0.488281,-0.061035,phone_interaction
686274,0.695923,0.470459,-0.518188,-0.305176,0.244141,0.0,phone_interaction
686290,0.70105,0.470825,-0.513794,-0.244141,0.183106,0.12207,phone_interaction
686307,0.703125,0.46875,-0.511719,-0.244141,-0.610352,0.12207,phone_interaction
686324,0.70166,0.467773,-0.513062,0.244141,-0.732422,0.244141,phone_interaction
686340,0.699097,0.466675,-0.515381,0.427246,-0.610352,0.12207,phone_interaction
686357,0.703979,0.464722,-0.513916,0.610352,0.427246,-0.12207,phone_interaction
686374,0.70874,0.467651,-0.513916,-0.12207,0.793457,-0.061035,phone_interaction
686391,0.700195,0.472778,-0.511597,0.061035,-0.427246,0.549316,phone_interaction
686407,0.695679,0.472656,-0.509521,0.0,-0.732422,0.488281,phone_interaction
686424,0.688599,0.472412,-0.511719,0.732422,0.183106,0.732422,phone_interaction
686441,0.703735,0.467773,-0.511597,1.464844,0.854492,0.305176,phone_interaction
686457,0.714478,0.464111,-0.514404,1.342773,0.427246,0.549316,phone_interaction
686474,0.714722,0.457642,-0.520996,0.610352,-1.586915,0.793457,phone_interaction
686491,0.712402,0.465088,-0.520386,-0.12207,-2.258301,0.549316,phone_interaction
686507,0.71521,0.474854,-0.515747,0.12207,-3.295899,0.671387,phone_interaction
686524,0.71167,0.472046,-0.513062,0.549316,-3.906251,0.915528,phone_interaction
686541,0.697998,0.458374,-0.515015,0.854492,-4.760742,1.159668,phone_interaction
686557,0.68689,0.46106,-0.519165,0.854492,-4.577637,1.098633,phone_interaction
686574,0.691284,0.463623,-0.522217,0.915528,-4.272461,0.854492,phone_interaction
686591,0.70752,0.46582,-0.526123,1.037598,-3.906251,0.549316,phone_interaction
686607,0.705933,0.465454,-0.521973,0.915528,-4.577637,0.854492,phone_interaction
686624,0.69812,0.464966,-0.520752,0.610352,-4.943848,1.037598,phone_interaction
686641,0.684082,0.466675,-0.528442,0.854492,-3.66211,0.976563,phone_interaction
686657,0.689087,0.463745,-0.536011,1.159668,-1.831055,0.610352,phone_interaction
686674,0.69458,0.461304,-0.529053,0.610352,-0.732422,0.427246,phone_interaction
686691,0.697998,0.457275,-0.525391,0.610352,-0.854492,0.854492,phone_interaction
686707,0.684448,0.451904,-0.534302,-1.281738,-4.02832,2.685547,phone_interaction
686724,0.640991,0.483765,-0.526611,-1.159668,2.563477,0.061035,phone_interaction
686741,0.684204,0.475464,-0.530518,0.183106,8.300781,-0.854492,phone_interaction
686757,0.76001,0.448975,-0.533813,-0.976563,8.117676,0.0,phone_interaction
686774,0.723022,0.46167,-0.522339,-3.356935,2.685547,0.732422,phone_interaction
686791,0.686157,0.478516,-0.518677,-3.173829,4.821777,0.061035,phone_interaction
686807,0.678223,0.477539,-0.514282,-2.13623,6.774904,-0.061035,phone_interaction
686824,0.697266,0.463501,-0.512817,-0.915528,5.432129,0.305176,phone_interaction
686841,0.694946,0.452148,-0.517212,-1.403809,1.403809,0.610352,phone_interaction
686857,0.69812,0.454102,-0.52002,-1.64795,0.427246,0.366211,phone_interaction
686874,0.708618,0.467773,-0.516602,-1.586915,-0.610352,0.366211,phone_interaction
686891,0.700562,0.469971,-0.513184,-0.915528,0.244141,0.427246,phone_interaction
686907,0.70166,0.475952,-0.510742,0.0,1.831055,0.12207,phone_interaction
686924,0.706177,0.472778,-0.509033,0.549316,1.831055,0.366211,phone_interaction
686941,0.717041,0.461426,-0.51123,0.427246,0.610352,0.427246,phone_interaction
686957,0.715454,0.46228,-0.517944,-0.12207,-0.854492,0.183106,phone_interaction
686974,0.715454,0.464233,-0.523193,-0.183106,-1.159668,-0.061035,phone_interaction
686991,0.703491,0.469116,-0.522339,0.061035,-1.708985,0.0,phone_interaction
687008,0.687866,0.468506,-0.513672,0.732422,-0.793457,0.061035,phone_interaction
687024,0.688599,0.465576,-0.512329,0.793457,0.0,-0.12207,phone_interaction
687041,0.69873,0.465332,-0.514282,0.793457,0.305176,-0.366211,phone_interaction
687058,0.709229,0.466675,-0.519531,0.427246,-0.244141,-0.12207,phone_interaction
687074,0.698975,0.472656,-0.520874,0.427246,1.64795,-0.549316,phone_interaction
687091,0.700073,0.471558,-0.521973,0.793457,2.746582,-0.549316,phone_interaction
687108,0.724731,0.456665,-0.520386,0.732422,-0.244141,-0.061035,phone_interaction
687124,0.715332,0.445801,-0.534424,-1.831055,-8.300781,1.403809,phone_interaction
687141,0.672363,0.469604,-0.529175,-2.502441,-6.713869,-0.366211,phone_interaction
687158,0.658203,0.486694,-0.519775,0.610352,6.408693,-1.037598,phone_interaction
687174,0.708252,0.454468,-0.503906,1.037598,11.108402,-1.098633,phone_interaction
687191,0.735229,0.460205,-0.499146,-1.220703,6.103518,-0.366211,phone_interaction
687208,0.74646,0.464722,-0.500732,-1.77002,3.051759,-0.12207,phone_interaction
687224,0.716553,0.476318,-0.501587,-1.64795,1.708985,0.732422,phone_interaction
687241,0.696899,0.479492,-0.506226,-0.915528,4.455566,0.0,phone_interaction
687258,0.699219,0.476318,-0.506714,-0.732422,5.737307,-0.061035,phone_interaction
687274,0.712769,0.466431,-0.501343,-0.854492,4.882813,0.061035,phone_interaction
687291,0.715942,0.466187,-0.490112,-1.708985,1.342773,1.525879,phone_interaction
687308,0.692017,0.470825,-0.496704,-1.403809,-0.793457,2.380371,phone_interaction
687324,0.680786,0.468872,-0.505981,-1.525879,-0.671387,1.953125,phone_interaction
687341,0.687744,0.472412,-0.51709,-0.976563,0.244141,0.793457,phone_interaction
687358,0.702881,0.465088,-0.517334,-0.488281,1.159668,0.793457,phone_interaction
687374,0.705444,0.458862,-0.515747,-0.488281,2.319336,0.854492,phone_interaction
687391,0.7146,0.462524,-0.511108,-0.671387,4.516602,0.732422,phone_interaction
687408,0.719849,0.4729,-0.500854,-1.220703,5.065918,0.427246,phone_interaction
687424,0.727051,0.474487,-0.498901,-1.831055,4.699707,0.488281,phone_interaction
687441,0.731323,0.473389,-0.498535,-2.075195,3.54004,0.488281,phone_interaction
687458,0.709717,0.470703,-0.499756,-1.586915,3.173829,1.220703,phone_interaction
687474,0.692871,0.464111,-0.494019,-0.427246,4.516602,1.220703,phone_interaction
687491,0.697021,0.459473,-0.489502,-0.12207,5.187988,1.220703,phone_interaction
687508,0.716919,0.466919,-0.488037,-0.610352,4.638672,0.976563,phone_interaction
687524,0.728516,0.480225,-0.485352,-0.183106,2.868653,0.854492,phone_interaction
687541,0.720337,0.475342,-0.487427,0.366211,0.854492,1.464844,phone_interaction
687558,0.715942,0.469238,-0.489258,0.366211,-0.061035,1.525879,phone_interaction
687574,0.716431,0.463379,-0.497559,0.366211,-0.12207,1.159668,phone_interaction
687591,0.71814,0.467896,-0.499512,0.488281,2.441406,0.732422,phone_interaction
687608,0.729492,0.468872,-0.497314,0.793457,3.051759,0.488281,phone_interaction
687625,0.742188,0.46582,-0.492065,0.671387,0.976563,0.427246,phone_interaction
687641,0.728027,0.463135,-0.484985,-0.244141,-1.281738,0.427246,phone_interaction
687658,0.717896,0.466797,-0.492065,0.0,-0.061035,0.427246,phone_interaction
687675,0.708618,0.470459,-0.495361,0.244141,1.037598,0.366211,phone_interaction
687691,0.729492,0.469604,-0.49585,0.183106,1.708985,0.244141,phone_interaction
687708,0.735962,0.466675,-0.485596,-0.12207,0.12207,0.427246,phone_interaction
687725,0.726074,0.465942,-0.482422,-0.183106,-0.305176,0.549316,phone_interaction
687741,0.713257,0.4646,-0.483276,0.0,-0.610352,0.427246,phone_interaction
687758,0.718262,0.465088,-0.493164,0.183106,0.0,0.305176,phone_interaction
687775,0.719482,0.46582,-0.491089,0.244141,0.244141,0.427246,phone_interaction
687791,0.713379,0.46936,-0.483154,-0.061035,0.183106,0.915528,phone_interaction
687808,0.706909,0.472412,-0.49292,0.061035,0.427246,1.037598,phone_interaction
687825,0.723755,0.464844,-0.487427,1.037598,0.732422,0.549316,phone_interaction
687841,0.724243,0.458618,-0.490723,0.488281,0.610352,0.549316,phone_interaction
687858,0.715332,0.477661,-0.488037,0.061035,0.854492,0.915528,phone_interaction
687875,0.722412,0.473755,-0.483643,0.427246,2.685547,1.098633,phone_interaction
687891,0.734741,0.475708,-0.484985,0.244141,3.41797,1.159668,phone_interaction
687908,0.741699,0.49292,-0.484497,1.098633,1.098633,5.187988,phone_interaction
687925,0.720337,0.463501,-0.473022,3.112794,-3.66211,5.920412,phone_interaction
687941,0.660767,0.403198,-0.513916,1.037598,-0.244141,-2.13623,phone_interaction
687958,0.583374,0.438721,-0.53418,-0.488281,3.234864,-1.037598,phone_interaction
687975,0.683105,0.459229,-0.522339,2.685547,12.329105,-6.835939,phone_interaction
687991,0.835205,0.448364,-0.488892,-0.061035,5.920412,-4.943848,phone_interaction
688008,0.827759,0.464233,-0.484619,-1.953125,1.159668,-3.723145,phone_interaction
688025,0.808838,0.4823,-0.463867,-1.89209,-2.075195,-3.234864,phone_interaction
688041,0.724243,0.465576,-0.473022,-1.831055,1.098633,-2.01416,phone_interaction
688058,0.690674,0.47168,-0.484131,-1.281738,3.723145,-1.77002,phone_interaction
688075,0.693726,0.474854,-0.4823,-0.732422,2.990724,-1.586915,phone_interaction
688091,0.726074,0.473511,-0.481689,0.183106,-0.671387,-0.854492,phone_interaction
688108,0.727661,0.470337,-0.481201,0.793457,-1.342773,-0.183106,phone_interaction
688125,0.727051,0.465454,-0.486206,0.793457,-1.037598,0.244141,phone_interaction
688141,0.721313,0.471802,-0.49231,0.305176,-0.488281,0.12207,phone_interaction
688158,0.704102,0.470947,-0.49231,1.159668,1.159668,0.244141,phone_interaction
688175,0.717651,0.468262,-0.491089,1.220703,2.746582,-0.854492,phone_interaction
688192,0.722168,0.468018,-0.492798,1.403809,2.746582,-0.854492,phone_interaction
688208,0.734619,0.469116,-0.493896,1.220703,0.366211,-0.610352,phone_interaction
688225,0.721436,0.468994,-0.494385,1.342773,-0.854492,0.061035,phone_interaction
688242,0.714233,0.474609,-0.489014,1.464844,-0.12207,-0.061035,phone_interaction
688258,0.720581,0.473267,-0.480591,2.380371,2.746582,-0.488281,phone_interaction
688275,0.72644,0.468262,-0.483521,2.563477,4.150391,-1.159668,phone_interaction
688292,0.733521,0.467041,-0.485596,2.685547,3.845216,-1.159668,phone_interaction
688308,0.738647,0.465576,-0.477173,2.258301,1.708985,-0.366211,phone_interaction
688325,0.720093,0.468018,-0.480469,2.01416,0.366211,-0.061035,phone_interaction
688342,0.714355,0.467529,-0.482544,2.13623,1.281738,-0.244141,phone_interaction
688358,0.717041,0.469727,-0.481934,2.075195,1.77002,-0.854492,phone_interaction
688375,0.724609,0.47168,-0.475708,2.319336,3.356935,-0.793457,phone_interaction
688392,0.735718,0.469238,-0.471558,2.624512,3.967286,-0.366211,phone_interaction
688408,0.735229,0.464844,-0.47168,2.502441,3.845216,-0.12207,phone_interaction
688425,0.730835,0.46228,-0.469971,1.525879,2.990724,-0.244141,phone_interaction
688442,0.715332,0.474121,-0.476318,1.281738,2.746582,-0.244141,phone_interaction
688458,0.695313,0.473145,-0.477051,2.13623,5.371094,-0.305176,phone_interaction
688475,0.713867,0.471924,-0.477417,2.319336,7.019045,-1.037598,phone_interaction
688492,0.75415,0.471069,-0.478394,2.502441,6.835939,-0.732422,phone_interaction
688508,0.753662,0.467041,-0.469482,2.441406,3.967286,-0.305176,phone_interaction
688525,0.739258,0.464722,-0.463989,2.258301,2.807618,-0.305176,phone_interaction
688542,0.716431,0.466553,-0.463135,2.197266,2.258301,-0.671387,phone_interaction
688558,0.722046,0.47229,-0.468872,2.929688,4.089355,-0.976563,phone_interaction
688575,0.753174,0.470703,-0.469116,3.54004,3.41797,-0.244141,phone_interaction
688592,0.762085,0.466064,-0.470581,3.234864,1.586915,0.0,phone_interaction
688608,0.734619,0.459351,-0.474731,2.563477,-0.549316,0.427246,phone_interaction
688625,0.703491,0.459229,-0.474976,2.441406,1.64795,-0.671387,phone_interaction
688642,0.70752,0.458618,-0.478638,2.624512,3.66211,-1.159668,phone_interaction
688658,0.735474,0.461304,-0.484375,1.64795,6.042482,-2.01416,phone_interaction
688675,0.742676,0.469849,-0.479614,1.403809,6.347658,-1.525879,phone_interaction
688692,0.741821,0.466064,-0.476563,1.708985,6.347658,-1.77002,phone_interaction
688708,0.73584,0.46228,-0.472168,1.64795,6.042482,-1.464844,phone_interaction
688725,0.738159,0.465332,-0.457397,1.464844,5.798342,-1.220703,phone_interaction
688742,0.74353,0.470581,-0.439941,1.342773,3.967286,-0.793457,phone_interaction
688758,0.75415,0.474121,-0.434814,0.610352,1.953125,-0.915528,phone_interaction
688775,0.743774,0.482178,-0.447388,0.488281,0.854492,-1.464844,phone_interaction
688792,0.737549,0.487671,-0.458618,1.220703,1.403809,1.464844,phone_interaction
688809,0.77417,0.493408,-0.445313,1.831055,-3.601075,7.568361,phone_interaction
688825,0.750977,0.459106,-0.448364,1.831055,-6.652834,7.934572,phone_interaction
688842,0.59668,0.409546,-0.493652,0.305176,4.943848,-1.159668,phone_interaction
688859,0.671509,0.450195,-0.483643,0.427246,10.437012,-6.286623,phone_interaction
688875,0.764404,0.446289,-0.476196,-1.281738,10.314941,-7.690432,phone_interaction
688892,0.800903,0.483521,-0.454224,-2.990724,5.554201,-2.746582,phone_interaction
688909,0.804932,0.48584,-0.436523,-1.159668,5.859377,-2.441406,phone_interaction
688925,0.779419,0.478149,-0.444702,-0.976563,5.126953,-1.220703,phone_interaction
688942,0.724487,0.470215,-0.447876,-0.976563,2.990724,-1.281738,phone_interaction
688959,0.722656,0.468384,-0.444214,-0.183106,3.601075,-1.403809,phone_interaction
688975,0.749146,0.468262,-0.441406,-0.12207,0.244141,-0.549316,phone_interaction
688992,0.746338,0.471436,-0.443481,-0.061035,-1.159668,-0.061035,phone_interaction
689009,0.746582,0.47229,-0.456543,0.183106,0.366211,0.183106,phone_interaction
689025,0.759155,0.474976,-0.458862,0.061035,1.220703,0.244141,phone_interaction
689042,0.747925,0.4729,-0.460205,0.366211,0.976563,0.12207,phone_interaction
689059,0.743774,0.467896,-0.452637,0.488281,0.976563,-0.549316,phone_interaction
689075,0.736938,0.470703,-0.449097,0.244141,0.976563,-0.427246,phone_interaction
689092,0.740601,0.472046,-0.448975,0.183106,0.366211,-0.488281,phone_interaction
689109,0.743164,0.474121,-0.44751,0.0,-0.183106,-0.305176,phone_interaction
689125,0.740356,0.477051,-0.445435,0.305176,0.12207,-0.061035,phone_interaction
689142,0.743896,0.478027,-0.440186,0.671387,0.854492,-0.183106,phone_interaction
689159,0.73999,0.474976,-0.444702,0.793457,0.610352,-0.427246,phone_interaction
689175,0.740967,0.46814,-0.453369,1.037598,1.220703,-0.244141,phone_interaction
689192,0.74353,0.46521,-0.457397,0.915528,1.464844,-0.732422,phone_interaction
689209,0.738159,0.471436,-0.455811,0.915528,0.732422,-0.732422,phone_interaction
689225,0.739746,0.472778,-0.453247,1.037598,0.793457,-0.793457,phone_interaction
689242,0.758423,0.473267,-0.446289,0.793457,-0.366211,-0.183106,phone_interaction
689259,0.733643,0.472046,-0.44812,0.610352,-1.464844,0.610352,phone_interaction
689275,0.715332,0.472168,-0.451538,0.915528,0.0,0.0,phone_interaction
689292,0.725098,0.466919,-0.463989,1.098633,2.929688,-0.976563,phone_interaction
689309,0.748169,0.466309,-0.458984,0.610352,3.173829,-0.793457,phone_interaction
689325,0.759888,0.471436,-0.445679,0.671387,1.831055,-0.061035,phone_interaction
689342,0.758423,0.476807,-0.442993,0.671387,1.159668,-0.061035,phone_interaction
689359,0.737671,0.470703,-0.453857,0.732422,0.976563,-0.244141,phone_interaction
689376,0.713867,0.465576,-0.457031,0.183106,4.394531,-1.403809,phone_interaction
689392,0.722656,0.469727,-0.451416,0.183106,6.103518,-1.831055,phone_interaction
689409,0.762329,0.473022,-0.442871,0.366211,5.920412,-2.01416,phone_interaction
689426,0.765747,0.472656,-0.444458,0.0,2.563477,-0.915528,phone_interaction
689442,0.76416,0.4729,-0.445557,-0.305176,1.831055,-0.915528,phone_interaction
689459,0.742432,0.474487,-0.449829,-1.159668,1.281738,-1.159668,phone_interaction
689476,0.73938,0.474243,-0.439087,-1.037598,1.708985,-2.13623,phone_interaction
689492,0.757568,0.475708,-0.425049,-0.732422,0.0,-1.220703,phone_interaction
689509,0.75293,0.478394,-0.425415,-0.976563,-1.281738,-0.793457,phone_interaction
689526,0.731323,0.483643,-0.438965,-0.488281,-0.427246,-0.854492,phone_interaction
689542,0.738037,0.470703,-0.450806,-0.732422,-0.061035,-0.671387,phone_interaction
689559,0.740356,0.469727,-0.451782,-1.098633,-0.671387,-0.976563,phone_interaction
689576,0.757446,0.485962,-0.425659,-1.098633,-1.464844,-1.037598,phone_interaction
689592,0.771484,0.486938,-0.421143,-1.037598,-2.990724,0.12207,phone_interaction
689609,0.75708,0.490601,-0.431641,-0.549316,-4.455566,1.89209,phone_interaction
689626,0.740479,0.487061,-0.438477,-0.427246,-4.577637,2.380371,phone_interaction
689642,0.75647,0.481445,-0.434937,0.366211,-5.187988,2.990724,phone_interaction
689659,0.776611,0.487549,-0.422241,0.427246,-10.681152,5.126953,phone_interaction
689676,0.755127,0.494263,-0.416504,1.037598,-11.962894,6.408693,phone_interaction
689692,0.639893,0.458008,-0.487183,2.01416,-4.089355,3.723145,phone_interaction
689709,0.660278,0.448486,-0.474854,2.502441,5.554201,0.793457,phone_interaction
689726,0.802734,0.45105,-0.45166,1.098633,1.464844,-1.708985,phone_interaction
689742,0.796875,0.468506,-0.451172,0.305176,-1.64795,-0.305176,phone_interaction
689759,0.772095,0.479614,-0.442261,0.854492,-2.319336,-0.671387,phone_interaction
689776,0.743042,0.473511,-0.460205,0.610352,1.403809,-0.610352,phone_interaction
689792,0.7323,0.474487,-0.461182,0.610352,2.990724,-0.793457,phone_interaction
689809,0.752441,0.472412,-0.452026,0.366211,2.01416,-0.915528,phone_interaction
689826,0.755371,0.46875,-0.442383,0.0,-1.831055,-0.061035,phone_interaction
689842,0.749268,0.476563,-0.434448,-0.305176,-3.295899,0.12207,phone_interaction
689859,0.744995,0.479126,-0.429932,-0.061035,-3.295899,0.610352,phone_interaction
689876,0.734009,0.481934,-0.439941,0.244141,-2.502441,1.159668,phone_interaction
689892,0.712646,0.475708,-0.453369,0.854492,0.366211,0.549316,phone_interaction
689909,0.724487,0.471802,-0.454102,1.220703,1.281738,0.366211,phone_interaction
689926,0.740723,0.466064,-0.465454,1.220703,-0.305176,1.098633,phone_interaction
689942,0.745117,0.469849,-0.450317,0.976563,-1.831055,1.220703,phone_interaction
689959,0.751953,0.472534,-0.442261,0.793457,-2.563477,1.342773,phone_interaction
689976,0.748779,0.480347,-0.439819,0.732422,-3.051759,2.380371,phone_interaction
689993,0.736816,0.475708,-0.442627,0.854492,-1.403809,2.197266,phone_interaction
690009,0.738159,0.469482,-0.458496,1.159668,-3.479005,1.831055,phone_interaction
690026,0.729858,0.463257,-0.470093,1.159668,-4.150391,1.89209,phone_interaction
690043,0.724243,0.461304,-0.478271,0.610352,-2.13623,0.915528,phone_interaction
690059,0.752075,0.474365,-0.467163,0.488281,-0.549316,0.732422,phone_interaction
690076,0.758789,0.476929,-0.460693,0.488281,-1.098633,1.342773,phone_interaction
690093,0.748779,0.47876,-0.466431,0.671387,-1.037598,2.441406,phone_interaction
690109,0.744507,0.476563,-0.464966,1.281738,0.12207,4.760742,phone_interaction
690126,0.744385,0.484985,-0.45813,2.380371,-2.197266,6.835939,phone_interaction
690143,0.753418,0.47876,-0.449951,3.234864,-4.394531,7.690432,phone_interaction
690159,0.726074,0.431641,-0.448853,3.112794,-7.446291,6.225588,phone_interaction
690176,0.676025,0.418457,-0.481445,0.12207,-1.525879,-0.610352,phone_interaction
690193,0.678467,0.442505,-0.483398,0.183106,3.845216,-2.13623,phone_interaction
690209,0.751343,0.459106,-0.468506,1.281738,3.845216,-3.234864,phone_interaction
690226,0.789185,0.456421,-0.46521,-0.732422,1.89209,-2.258301,phone_interaction
690243,0.756226,0.462891,-0.468262,-1.159668,2.075195,-1.77002,phone_interaction
690259,0.74707,0.464355,-0.466064,-1.098633,2.624512,-1.953125,phone_interaction
690276,0.756836,0.4646,-0.459839,-1.037598,3.479005,-2.197266,phone_interaction
690293,0.751831,0.466309,-0.457275,-0.732422,1.525879,-1.342773,phone_interaction
690309,0.744019,0.464111,-0.453613,-0.671387,0.854492,-0.976563,phone_interaction
690326,0.734863,0.468384,-0.449341,-0.671387,0.671387,-0.610352,phone_interaction
690343,0.726563,0.468872,-0.446655,-0.183106,1.464844,-1.464844,phone_interaction
690359,0.735352,0.466797,-0.450439,0.366211,1.89209,-1.831055,phone_interaction
690376,0.743408,0.464355,-0.451538,0.427246,1.831055,-1.708985,phone_interaction
690393,0.750732,0.469238,-0.458618,0.366211,0.671387,-0.610352,phone_interaction
690409,0.742676,0.471558,-0.457642,0.671387,-0.366211,0.0,phone_interaction
690426,0.733643,0.470459,-0.4552,0.854492,-0.427246,-0.610352,phone_interaction
690443,0.724487,0.466431,-0.451904,0.732422,1.037598,-1.342773,phone_interaction
690459,0.746094,0.464111,-0.453613,0.915528,3.112794,-1.586915,phone_interaction
690476,0.753052,0.466064,-0.457642,0.305176,2.075195,-1.037598,phone_interaction
690493,0.753784,0.471924,-0.456909,0.488281,1.342773,-0.854492,phone_interaction
690509,0.750122,0.46936,-0.455322,0.366211,-0.366211,-0.793457,phone_interaction
690526,0.731934,0.471558,-0.453003,0.305176,0.244141,-1.098633,phone_interaction
690543,0.734009,0.471436,-0.451782,0.610352,1.342773,-1.159668,phone_interaction
690560,0.744629,0.469238,-0.453979,0.732422,1.64795,-1.159668,phone_interaction
690576,0.741577,0.46875,-0.458618,0.610352,0.732422,-1.037598,phone_interaction
690593,0.736572,0.466675,-0.462891,0.671387,0.732422,-1.037598,phone_interaction
690610,0.726318,0.463257,-0.469849,0.427246,2.197266,-1.403809,phone_interaction
690626,0.725342,0.46582,-0.463867,0.0,4.150391,-2.197266,phone_interaction
690643,0.738037,0.466797,-0.457397,-0.793457,4.516602,-2.685547,phone_interaction
690660,0.738281,0.467407,-0.460571,-1.098633,5.004883,-2.746582,phone_interaction
690676,0.73999,0.476685,-0.456665,-1.464844,6.286623,-2.380371,phone_interaction
690693,0.772095,0.473877,-0.441284,-1.525879,2.807618,-1.220703,phone_interaction
690710,0.769775,0.472168,-0.439941,-2.197266,-0.061035,-0.671387,phone_interaction
690726,0.741089,0.471802,-0.444702,-3.051759,-3.295899,0.549316,phone_interaction
690743,0.740234,0.479858,-0.444702,-3.051759,-4.333496,1.220703,phone_interaction
690760,0.746216,0.486328,-0.437744,-2.319336,-2.13623,1.098633,phone_interaction
690776,0.759033,0.483887,-0.43335,-2.197266,-1.159668,0.915528,phone_interaction
690793,0.786743,0.496338,-0.407593,-1.831055,-2.01416,1.098633,phone_interaction
690810,0.809814,0.497803,-0.388306,0.305176,-9.033203,5.126953,phone_interaction
690826,0.749268,0.480469,-0.41394,0.915528,-10.070801,6.652834,phone_interaction
690843,0.608887,0.458984,-0.478149,1.403809,7.446291,0.12207,phone_interaction
690860,0.722168,0.448975,-0.485474,2.868653,7.873537,0.854492,phone_interaction
690876,0.80249,0.452637,-0.443604,0.061035,-1.281738,-1.037598,phone_interaction
690893,0.800781,0.474731,-0.435791,0.732422,-3.173829,-0.305176,phone_interaction
690910,0.782715,0.475708,-0.426392,1.464844,-7.751467,0.366211,phone_interaction
690926,0.728271,0.479614,-0.447388,1.342773,-2.624512,-0.793457,phone_interaction
690943,0.719971,0.47937,-0.459961,1.953125,1.64795,-1.281738,phone_interaction
690960,0.723633,0.470581,-0.46167,1.64795,3.41797,-1.159668,phone_interaction
690976,0.73999,0.473022,-0.445679,0.915528,-0.12207,-0.671387,phone_interaction
690993,0.741821,0.475586,-0.439697,0.793457,-1.281738,0.0,phone_interaction
691010,0.744995,0.47937,-0.439575,1.159668,-0.549316,0.488281,phone_interaction
691026,0.753418,0.481689,-0.442627,1.525879,-0.854492,1.281738,phone_interaction
691043,0.74353,0.477539,-0.452393,1.281738,-1.953125,1.64795,phone_interaction
691060,0.73877,0.4729,-0.456909,1.403809,-1.953125,1.953125,phone_interaction
691076,0.741821,0.47168,-0.463745,1.403809,-2.319336,2.807618,phone_interaction
691093,0.737671,0.475464,-0.462402,1.525879,-2.990724,4.211426,phone_interaction
691110,0.735962,0.478149,-0.461548,1.708985,-2.319336,4.943848,phone_interaction
691126,0.758423,0.484253,-0.444458,2.929688,-2.929688,6.835939,phone_interaction
691143,0.730591,0.467773,-0.440063,4.089355,-6.042482,8.666992,phone_interaction
691160,0.696899,0.42627,-0.468506,2.746582,-1.525879,2.929688,phone_interaction
691177,0.690796,0.424316,-0.481323,2.380371,4.089355,0.244141,phone_interaction
691193,0.739136,0.453491,-0.485107,1.77002,3.601075,-0.488281,phone_interaction
691210,0.779419,0.449219,-0.470337,0.671387,-1.77002,-1.281738,phone_interaction
691227,0.76062,0.448975,-0.468994,0.244141,-2.502441,-0.427246,phone_interaction
691243,0.755005,0.458496,-0.456421,-0.854492,-1.64795,-1.89209,phone_interaction
691260,0.738281,0.47229,-0.459473,-0.549316,2.197266,-2.319336,phone_interaction
691277,0.743286,0.463867,-0.460815,-0.183106,1.220703,-2.380371,phone_interaction
691293,0.748901,0.45874,-0.460327,-0.183106,0.488281,-2.13623,phone_interaction
691310,0.750366,0.459961,-0.456665,-0.732422,-0.549316,-1.953125,phone_interaction
691327,0.752686,0.473145,-0.454712,-0.732422,-0.488281,-0.915528,phone_interaction
691343,0.747681,0.47644,-0.453125,-0.488281,-0.671387,-0.671387,phone_interaction
691360,0.728638,0.46875,-0.456665,0.12207,-1.281738,-0.915528,phone_interaction
691377,0.697144,0.454956,-0.471191,0.244141,-0.732422,-2.807618,phone_interaction
691393,0.736328,0.455322,-0.467651,-0.183106,1.403809,-2.929688,phone_interaction
691410,0.757813,0.46228,-0.463867,-0.305176,1.403809,-2.624512,phone_interaction
691427,0.747437,0.478882,-0.456787,-0.366211,0.366211,-1.281738,phone_interaction
691443,0.741577,0.476196,-0.453491,0.12207,1.464844,-1.220703,phone_interaction
691460,0.730957,0.471436,-0.456421,-0.061035,1.342773,-1.220703,phone_interaction
691477,0.72522,0.466675,-0.452515,-0.305176,2.502441,-2.197266,phone_interaction
691493,0.743896,0.468384,-0.453003,-0.244141,1.77002,-2.380371,phone_interaction
691510,0.76001,0.474609,-0.453613,-0.488281,0.976563,-2.01416,phone_interaction
691527,0.757202,0.476807,-0.458862,-0.305176,0.976563,-1.342773,phone_interaction
691543,0.735962,0.473877,-0.471924,-0.244141,1.403809,-0.671387,phone_interaction
691560,0.729614,0.467896,-0.468872,-0.610352,1.403809,-0.793457,phone_interaction
691577,0.735229,0.46228,-0.458496,-0.671387,0.183106,-1.098633,phone_interaction
691593,0.742676,0.464111,-0.44043,-1.708985,-0.976563,-0.976563,phone_interaction
691610,0.741089,0.482056,-0.44165,-2.319336,4.150391,-1.464844,phone_interaction
691627,0.753174,0.492065,-0.442871,-2.075195,5.981447,-1.342773,phone_interaction
691643,0.763916,0.486206,-0.441895,-0.976563,1.831055,0.061035,phone_interaction
691660,0.741821,0.472168,-0.431519,-1.037598,-2.075195,0.793457,phone_interaction
691677,0.738647,0.478027,-0.43335,-0.549316,-1.708985,0.976563,phone_interaction
691693,0.740845,0.481689,-0.438599,-0.305176,-1.64795,0.854492,phone_interaction
691710,0.744995,0.482788,-0.452393,0.12207,-0.549316,1.098633,phone_interaction
691727,0.772339,0.487793,-0.444702,0.183106,-0.793457,1.831055,phone_interaction
691743,0.791382,0.492432,-0.427856,0.854492,-2.258301,3.41797,phone_interaction
691760,0.764893,0.496582,-0.415161,1.586915,-7.812502,8.056641,phone_interaction
691777,0.651611,0.457275,-0.45874,3.295899,-9.765625,7.141115,phone_interaction
691794,0.617432,0.418335,-0.507568,2.929688,5.493164,-0.305176,phone_interaction
691810,0.696045,0.4375,-0.499878,2.685547,9.887695,-0.610352,phone_interaction
691827,0.831543,0.458984,-0.468262,1.586915,-0.366211,-1.342773,phone_interaction
691844,0.757324,0.471313,-0.447876,0.671387,-4.272461,0.610352,phone_interaction
691860,0.739746,0.474976,-0.453247,1.281738,-1.098633,-0.610352,phone_interaction
691877,0.740479,0.469849,-0.472534,1.342773,4.272461,-1.831055,phone_interaction
691894,0.751587,0.464478,-0.464355,0.732422,2.929688,-2.380371,phone_interaction
691910,0.769775,0.460571,-0.444824,-0.12207,-1.77002,-1.586915,phone_interaction
691927,0.757568,0.462524,-0.443115,-0.427246,-2.807618,-0.976563,phone_interaction
691944,0.74646,0.476807,-0.44104,-0.366211,-1.89209,-0.549316,phone_interaction
691960,0.729248,0.479614,-0.456909,-0.12207,-0.488281,-0.427246,phone_interaction
691977,0.713623,0.475952,-0.469482,0.12207,0.549316,-0.793457,phone_interaction
691994,0.743164,0.468018,-0.458496,0.671387,1.220703,-1.220703,phone_interaction
692010,0.743042,0.466553,-0.448975,0.0,-1.64795,-0.061035,phone_interaction
692027,0.728149,0.472046,-0.448242,0.671387,-0.854492,0.183106,phone_interaction
692044,0.733765,0.470947,-0.450317,0.915528,-0.12207,0.366211,phone_interaction
692060,0.731812,0.472168,-0.461426,0.976563,-0.671387,0.427246,phone_interaction
692077,0.730713,0.47229,-0.459473,1.220703,-0.549316,0.244141,phone_interaction
692094,0.733521,0.471436,-0.460815,1.159668,0.183106,0.366211,phone_interaction
692110,0.740601,0.474609,-0.456421,1.098633,1.098633,0.244141,phone_interaction
692127,0.748535,0.47522,-0.446533,1.525879,-0.12207,0.793457,phone_interaction
692144,0.742798,0.472412,-0.446777,1.586915,-0.061035,1.220703,phone_interaction
692160,0.746338,0.467285,-0.44519,1.525879,0.244141,1.098633,phone_interaction
692177,0.755005,0.467773,-0.452271,1.342773,-0.549316,1.525879,phone_interaction
692194,0.758057,0.470337,-0.458374,1.281738,-1.098633,1.89209,phone_interaction
692210,0.75354,0.469849,-0.466064,0.854492,-0.732422,2.13623,phone_interaction
692227,0.737793,0.481201,-0.475098,1.281738,1.525879,4.272461,phone_interaction
692244,0.758423,0.476196,-0.462036,2.929688,-0.244141,6.164553,phone_interaction
692260,0.765747,0.468262,-0.452881,3.41797,-3.601075,7.690432,phone_interaction
692277,0.716431,0.439941,-0.453125,3.295899,-9.033203,7.385256,phone_interaction
692294,0.654785,0.405518,-0.475098,1.220703,-1.708985,-1.586915,phone_interaction
692310,0.72937,0.465698,-0.480225,0.610352,4.272461,-3.173829,phone_interaction
692327,0.768799,0.468872,-0.476196,1.037598,1.64795,-3.66211,phone_interaction
692344,0.783813,0.460815,-0.466309,-0.183106,-0.488281,-1.831055,phone_interaction
692361,0.76355,0.463745,-0.459351,-0.549316,0.793457,-0.976563,phone_interaction
692377,0.753784,0.466431,-0.458496,-0.549316,1.464844,-1.098633,phone_interaction
692394,0.742432,0.467773,-0.455566,-0.244141,2.319336,-1.464844,phone_interaction
692411,0.754639,0.462891,-0.457397,-0.305176,-0.12207,-0.915528,phone_interaction
692427,0.732422,0.458618,-0.463135,-0.244141,-1.89209,-0.305176,phone_interaction
692444,0.727173,0.46167,-0.460938,-0.061035,-1.89209,-0.244141,phone_interaction
692461,0.731812,0.466431,-0.458862,0.244141,0.427246,-0.305176,phone_interaction
692477,0.727417,0.467163,-0.468506,0.732422,0.061035,-0.610352,phone_interaction
692494,0.732788,0.466187,-0.465576,0.671387,-0.427246,-0.671387,phone_interaction
692511,0.744507,0.464478,-0.464844,0.610352,0.427246,-0.549316,phone_interaction
692527,0.748169,0.466064,-0.462646,0.610352,0.244141,-0.244141,phone_interaction
692544,0.748657,0.462891,-0.459229,0.793457,-0.793457,-0.061035,phone_interaction
692561,0.749023,0.459473,-0.457275,0.488281,-1.220703,-0.12207,phone_interaction
692577,0.744263,0.4646,-0.45752,0.061035,-1.403809,0.0,phone_interaction
692594,0.723389,0.465454,-0.466187,0.732422,-0.671387,0.061035,phone_interaction
692611,0.72168,0.459717,-0.469482,1.037598,-0.12207,-0.244141,phone_interaction
692627,0.744873,0.457031,-0.466064,0.610352,0.366211,-0.732422,phone_interaction
692644,0.746948,0.460205,-0.468628,0.244141,-0.366211,-0.183106,phone_interaction
692661,0.740845,0.468262,-0.460449,0.244141,0.183106,-0.366211,phone_interaction
692677,0.737915,0.468628,-0.460693,0.488281,0.488281,-0.427246,phone_interaction
692694,0.732666,0.461182,-0.46582,0.610352,0.854492,-0.915528,phone_interaction
692711,0.73645,0.453613,-0.475952,0.366211,1.220703,-1.586915,phone_interaction
692727,0.742798,0.456177,-0.477539,-0.12207,1.525879,-1.586915,phone_interaction
692744,0.754761,0.468262,-0.469482,-0.183106,1.77002,-1.586915,phone_interaction
692761,0.740356,0.470581,-0.457764,-0.366211,0.854492,-0.976563,phone_interaction
692777,0.728882,0.468506,-0.45752,-0.427246,0.976563,-0.854492,phone_interaction
692794,0.710083,0.463257,-0.460327,-1.220703,2.258301,-1.220703,phone_interaction
692811,0.72583,0.465088,-0.449829,-2.13623,5.432129,-1.525879,phone_interaction
692827,0.78479,0.482056,-0.423462,-2.258301,1.342773,-0.244141,phone_interaction
692844,0.788818,0.484863,-0.429199,-1.953125,-2.929688,0.854492,phone_interaction
692861,0.75769,0.491089,-0.436523,-1.037598,-8.300781,2.807618,phone_interaction
692877,0.753784,0.48938,-0.439087,0.12207,-11.535648,3.356935,phone_interaction
692894,0.751831,0.48645,-0.442627,0.793457,-13.610844,4.150391,phone_interaction
692911,0.745972,0.481934,-0.429321,1.953125,-13.977055,6.164553,phone_interaction
692927,0.70459,0.465454,-0.476563,3.112794,-8.605957,7.629396,phone_interaction
692944,0.604858,0.41748,-0.532227,3.295899,5.798342,1.77002,phone_interaction
692961,0.663696,0.417603,-0.507813,3.295899,10.192871,-0.488281,phone_interaction
692978,0.824097,0.435913,-0.457031,1.464844,0.366211,-2.563477,phone_interaction
692994,0.761963,0.464355,-0.463379,0.0,-4.821777,-0.061035,phone_interaction
693011,0.748291,0.463257,-0.462769,0.12207,-1.281738,-0.915528,phone_interaction
693028,0.748901,0.470581,-0.470093,-1.525879,3.784181,-0.549316,phone_interaction
693044,0.735229,0.481445,-0.490967,-1.037598,4.760742,0.183106,phone_interaction
693061,0.776855,0.454712,-0.481323,0.366211,-0.183106,1.831055,phone_interaction
693078,0.777466,0.446899,-0.473267,-0.366211,-4.943848,3.295899,phone_interaction
693094,0.766479,0.470093,-0.458374,-0.915528,-11.230473,5.920412,phone_interaction
693111,0.767822,0.491577,-0.455078,2.075195,-17.333984,9.399414,phone_interaction
693128,0.738037,0.486694,-0.46521,3.112794,-19.958496,10.375977,phone_interaction
693144,0.657837,0.461914,-0.493774,5.310059,-17.944336,10.742188,phone_interaction
693161,0.626221,0.411865,-0.529175,4.943848,-8.178711,5.676271,phone_interaction
693178,0.615601,0.396484,-0.52771,2.258301,6.469728,-4.211426,phone_interaction
693194,0.675415,0.39856,-0.52771,2.197266,14.404301,-7.690432,phone_interaction
693211,0.854126,0.457397,-0.481445,0.061035,8.117676,-5.249023,phone_interaction
693228,0.762207,0.443237,-0.514526,-2.197266,-0.854492,-4.02832,phone_interaction
693244,0.700928,0.439941,-0.522461,-3.112794,2.319336,-4.638672,phone_interaction
693261,0.764771,0.452271,-0.481567,-1.831055,8.728027,-8.544922,phone_interaction
693278,0.794678,0.455933,-0.461914,-2.258301,2.258301,-5.432129,phone_interaction
693294,0.759155,0.464722,-0.460815,-3.173829,-1.159668,-2.929688,phone_interaction
693311,0.734131,0.484131,-0.43689,-2.441406,-2.441406,-1.953125,phone_interaction
693328,0.725342,0.485474,-0.434448,-1.464844,-3.601075,-0.732422,phone_interaction
693344,0.697144,0.473145,-0.474121,-0.12207,-1.098633,0.0,phone_interaction
693361,0.701172,0.466431,-0.488281,0.610352,0.061035,-0.061035,phone_interaction
693378,0.726685,0.459106,-0.486816,0.671387,-1.037598,0.549316,phone_interaction
693394,0.728882,0.466553,-0.49231,0.854492,-1.220703,1.220703,phone_interaction
693411,0.717407,0.463501,-0.496582,1.464844,-1.098633,0.976563,phone_interaction
693428,0.727661,0.457275,-0.47937,1.220703,-2.075195,0.427246,phone_interaction
693444,0.736084,0.464966,-0.477661,0.671387,-2.075195,0.976563,phone_interaction
693461,0.740601,0.459717,-0.477051,0.976563,-1.64795,1.525879,phone_interaction
693478,0.731323,0.459717,-0.480225,0.671387,-1.708985,1.525879,phone_interaction
693494,0.713013,0.461182,-0.486816,1.464844,-1.708985,0.610352,phone_interaction
693511,0.72876,0.45166,-0.48645,0.854492,-1.037598,0.305176,phone_interaction
693528,0.734497,0.456909,-0.487061,0.610352,-1.342773,0.305176,phone_interaction
693545,0.739258,0.46228,-0.483398,0.854492,-1.89209,0.793457,phone_interaction
693561,0.740112,0.458374,-0.482788,0.671387,-2.990724,0.976563,phone_interaction
693578,0.730469,0.461792,-0.480713,0.244141,-3.356935,1.037598,phone_interaction
693595,0.719482,0.46228,-0.483398,0.549316,-2.380371,0.793457,phone_interaction
693611,0.71814,0.4552,-0.490601,1.159668,-0.488281,0.183106,phone_interaction
693628,0.736572,0.456177,-0.49231,1.159668,-1.525879,0.305176,phone_interaction
693645,0.734741,0.457642,-0.487915,0.854492,-2.258301,0.488281,phone_interaction
693661,0.713257,0.459839,-0.487915,0.427246,-1.281738,0.732422,phone_interaction
693678,0.724121,0.46106,-0.48999,1.159668,0.061035,0.671387,phone_interaction
693695,0.729004,0.458496,-0.488159,1.281738,-1.159668,0.793457,phone_interaction
693711,0.728882,0.456787,-0.489136,1.220703,-1.708985,0.793457,phone_interaction
693728,0.729126,0.450684,-0.496216,0.976563,-2.624512,0.976563,phone_interaction
693745,0.722778,0.4552,-0.494507,0.488281,-1.525879,0.671387,phone_interaction
693761,0.717773,0.458374,-0.492554,0.610352,-0.183106,0.366211,phone_interaction
693778,0.723999,0.458984,-0.493042,0.793457,0.732422,0.061035,phone_interaction
693795,0.735718,0.453247,-0.48938,0.610352,-0.305176,0.488281,phone_interaction
693811,0.734253,0.453491,-0.495728,0.488281,-0.854492,0.427246,phone_interaction
693828,0.72583,0.455322,-0.497437,0.793457,-0.427246,0.244141,phone_interaction
693845,0.733765,0.450562,-0.49353,0.671387,-0.183106,-0.12207,phone_interaction
693861,0.727417,0.452515,-0.494507,0.244141,-0.305176,0.061035,phone_interaction
693878,0.722656,0.454956,-0.493164,0.244141,0.061035,0.0,phone_interaction
693895,0.725586,0.453613,-0.490967,0.305176,1.281738,-0.183106,phone_interaction
693911,0.733521,0.457397,-0.485229,-0.183106,0.915528,-0.183106,phone_interaction
693928,0.736084,0.459473,-0.484741,-0.183106,0.610352,-0.183106,phone_interaction
693945,0.727539,0.458008,-0.488281,0.0,-0.12207,0.183106,phone_interaction
693961,0.720459,0.457642,-0.496094,0.427246,0.061035,0.427246,phone_interaction
693978,0.716309,0.456177,-0.509766,0.305176,1.098633,0.12207,phone_interaction
693995,0.710938,0.462158,-0.51123,0.366211,1.953125,0.061035,phone_interaction
694011,0.749146,0.487915,-0.464478,2.075195,-0.427246,4.760742,phone_interaction
694028,0.716919,0.450562,-0.463989,2.563477,-7.507326,7.141115,phone_interaction
694045,0.665771,0.415039,-0.494385,1.220703,-2.685547,3.356935,phone_interaction
694061,0.669434,0.43811,-0.50293,2.197266,12.26807,-2.13623,phone_interaction
694078,0.781616,0.437378,-0.496704,1.220703,2.502441,-3.784181,phone_interaction
694095,0.775391,0.443848,-0.49646,-1.098633,-4.150391,-1.464844,phone_interaction
694111,0.757202,0.443115,-0.494019,-1.708985,-1.89209,-1.708985,phone_interaction
694128,0.747803,0.469604,-0.487427,-0.915528,3.784181,-1.525879,phone_interaction
694145,0.743042,0.466675,-0.481201,-0.183106,2.441406,-0.488281,phone_interaction
694162,0.735718,0.456909,-0.478271,-0.061035,1.159668,-0.305176,phone_interaction
694178,0.727295,0.448975,-0.477539,-0.915528,0.366211,-0.976563,phone_interaction
694195,0.733276,0.456665,-0.481689,-0.610352,-0.305176,-0.610352,phone_interaction
694212,0.720459,0.458984,-0.489014,0.0,-1.037598,0.305176,phone_interaction
694228,0.715576,0.459229,-0.491821,0.244141,-1.281738,0.366211,phone_interaction
694245,0.711914,0.452759,-0.492798,0.732422,-0.12207,-0.183106,phone_interaction
694262,0.718872,0.449951,-0.492554,-0.061035,1.159668,-1.220703,phone_interaction
694278,0.734985,0.456909,-0.489014,-0.12207,1.403809,-1.342773,phone_interaction
694295,0.739746,0.462524,-0.486084,0.244141,0.610352,-0.427246,phone_interaction
694312,0.73291,0.460449,-0.481323,0.427246,-0.732422,0.0,phone_interaction
694328,0.7146,0.460571,-0.484009,0.549316,-0.427246,-0.12207,phone_interaction
694345,0.714111,0.461304,-0.484985,0.793457,0.305176,-0.427246,phone_interaction
694362,0.725586,0.456299,-0.492798,0.854492,1.64795,-0.610352,phone_interaction
694378,0.732666,0.457642,-0.493774,0.793457,1.586915,-0.244141,phone_interaction
694395,0.738892,0.458862,-0.487427,0.793457,0.793457,0.12207,phone_interaction
694412,0.734741,0.45874,-0.482056,0.488281,-0.366211,0.610352,phone_interaction
694428,0.728882,0.457886,-0.481567,0.854492,-0.061035,0.488281,phone_interaction
694462,0.732178,0.453857,-0.496704,0.793457,0.183106,0.854492,phone_interaction
694478,0.727905,0.453735,-0.510864,0.976563,2.075195,0.549316,phone_interaction
694495,0.758057,0.470581,-0.484375,1.464844,0.244141,3.112794,phone_interaction
694512,0.760742,0.477783,-0.468018,1.831055,-2.746582,5.187988,phone_interaction
694528,0.711304,0.455078,-0.465088,2.746582,-5.432129,7.08008,phone_interaction
694545,0.664917,0.407593,-0.498535,1.708985,3.784181,-0.366211,phone_interaction
694562,0.658691,0.424316,-0.505005,1.159668,8.483887,-1.708985,phone_interaction
694578,0.741821,0.437012,-0.503662,1.831055,2.685547,-4.821777,phone_interaction
694595,0.770386,0.437866,-0.493774,-1.464844,-3.173829,-2.990724,phone_interaction
694612,0.768677,0.462402,-0.485107,-2.075195,1.464844,-2.807618,phone_interaction
694628,0.756714,0.478149,-0.484985,-1.525879,3.66211,-2.197266,phone_interaction
694645,0.72937,0.472778,-0.486572,0.061035,3.906251,-0.854492,phone_interaction
694662,0.722046,0.44812,-0.479126,-0.671387,2.075195,-1.342773,phone_interaction
694678,0.732422,0.45105,-0.475098,-0.915528,1.220703,-1.281738,phone_interaction
694695,0.728516,0.459595,-0.474243,-0.549316,-0.976563,-0.183106,phone_interaction
694712,0.701416,0.455444,-0.488892,0.671387,-0.488281,-0.183106,phone_interaction
694729,0.726196,0.457764,-0.486084,0.610352,1.220703,-0.793457,phone_interaction
694745,0.736084,0.459351,-0.484375,0.488281,1.586915,-0.671387,phone_interaction
694762,0.734741,0.461914,-0.49292,0.305176,1.159668,-0.305176,phone_interaction
694779,0.733398,0.4552,-0.486572,0.915528,0.549316,-0.671387,phone_interaction
694795,0.735962,0.44873,-0.485474,0.671387,0.793457,-0.854492,phone_interaction
694812,0.73645,0.452148,-0.483765,0.244141,0.976563,-1.281738,phone_interaction
694829,0.734253,0.460083,-0.484863,0.427246,1.159668,-0.915528,phone_interaction
694845,0.70874,0.455688,-0.492554,0.610352,2.197266,-1.77002,phone_interaction
694862,0.691528,0.450195,-0.498413,0.366211,4.02832,-2.807618,phone_interaction
694879,0.715332,0.454346,-0.49292,-0.183106,9.521484,-3.967286,phone_interaction
694895,0.758301,0.464844,-0.481567,0.12207,9.521484,-3.173829,phone_interaction
694912,0.767944,0.465332,-0.469727,0.0,7.629396,-2.563477,phone_interaction
694929,0.763916,0.46814,-0.463257,-0.244141,2.441406,-1.525879,phone_interaction
694945,0.696777,0.453735,-0.480347,-1.281738,1.953125,-1.586915,phone_interaction
694962,0.680298,0.450073,-0.487427,-2.319336,8.728027,-3.173829,phone_interaction
694979,0.744141,0.464966,-0.47229,-2.380371,9.70459,-3.112794,phone_interaction
694995,0.783569,0.473145,-0.442017,-2.075195,2.563477,-1.525879,phone_interaction
695012,0.719482,0.476807,-0.445435,-2.624512,0.549316,-0.854492,phone_interaction
695029,0.696655,0.478271,-0.454956,-2.441406,4.02832,-1.220703,phone_interaction
695045,0.75,0.477661,-0.457764,-1.464844,7.08008,-1.525879,phone_interaction
695062,0.765503,0.465942,-0.459961,-1.89209,-0.305176,-0.12207,phone_interaction
695079,0.759521,0.468262,-0.452393,-2.01416,-3.784181,0.732422,phone_interaction
695095,0.755615,0.474365,-0.442505,-2.258301,-8.605957,1.220703,phone_interaction
695112,0.758545,0.494019,-0.437378,-0.854492,-12.939457,3.112794,phone_interaction
695129,0.757324,0.484375,-0.440674,1.342773,-17.333984,5.432129,phone_interaction
695145,0.719116,0.473022,-0.459717,1.831055,-15.625004,6.896975,phone_interaction
695162,0.60144,0.446533,-0.519409,3.295899,5.737307,1.342773,phone_interaction
695179,0.721069,0.435913,-0.502319,3.967286,7.507326,0.488281,phone_interaction
695195,0.799072,0.425903,-0.483154,2.441406,1.77002,-2.01416,phone_interaction
695212,0.772095,0.459473,-0.470459,0.915528,-5.249023,0.427246,phone_interaction
695229,0.761597,0.465088,-0.467285,0.854492,-6.652834,0.0,phone_interaction
695245,0.734131,0.472534,-0.473022,1.098633,-3.479005,-0.061035,phone_interaction
695262,0.708496,0.473999,-0.47522,1.464844,-0.610352,0.061035,phone_interaction
695279,0.699707,0.46582,-0.481812,1.77002,3.173829,-0.366211,phone_interaction
695295,0.728271,0.455444,-0.478516,1.220703,1.586915,-0.366211,phone_interaction
695312,0.735962,0.456787,-0.478638,0.854492,0.549316,0.061035,phone_interaction
695329,0.739136,0.469971,-0.472534,0.915528,0.0,1.220703,phone_interaction
695346,0.73938,0.468628,-0.466309,1.220703,-0.854492,1.64795,phone_interaction
695362,0.723389,0.463379,-0.47583,0.366211,-1.464844,2.01416,phone_interaction
695379,0.712646,0.46521,-0.482666,0.305176,-0.671387,1.953125,phone_interaction
695396,0.714966,0.461182,-0.48291,1.159668,1.037598,1.281738,phone_interaction
695412,0.741699,0.456299,-0.475586,0.976563,0.366211,0.549316,phone_interaction
695429,0.743896,0.45459,-0.477783,0.427246,-0.12207,0.793457,phone_interaction
695446,0.734253,0.464111,-0.480713,-0.427246,-0.305176,1.403809,phone_interaction
695462,0.733032,0.470581,-0.480957,0.549316,-0.427246,1.831055,phone_interaction
695479,0.72937,0.462891,-0.467773,1.220703,-0.244141,1.586915,phone_interaction
695496,0.738037,0.453979,-0.465576,0.793457,-0.061035,1.403809,phone_interaction
695512,0.74231,0.459106,-0.483643,0.366211,0.732422,2.01416,phone_interaction
695529,0.739136,0.46228,-0.503906,0.0,1.525879,1.953125,phone_interaction
695546,0.73999,0.469604,-0.501953,0.488281,1.953125,2.563477,phone_interaction
695562,0.761719,0.483398,-0.469604,2.868653,-4.089355,6.408693,phone_interaction
695579,0.72229,0.447266,-0.455811,4.02832,-10.864258,8.056641,phone_interaction
695596,0.692505,0.413452,-0.469116,2.929688,-9.094238,5.004883,phone_interaction
695612,0.649536,0.418091,-0.503906,0.061035,8.361816,-2.746582,phone_interaction
695629,0.784912,0.462158,-0.494507,2.258301,4.577637,-4.333496,phone_interaction
695646,0.773926,0.447266,-0.480103,-0.915528,-5.371094,-0.244141,phone_interaction
695662,0.744995,0.445679,-0.47998,-1.098633,-4.638672,0.0,phone_interaction
695679,0.741821,0.459106,-0.486084,-1.403809,0.915528,-1.708985,phone_interaction
695696,0.72937,0.459717,-0.492432,-0.305176,2.319336,-1.464844,phone_interaction
695712,0.733521,0.454346,-0.490112,-0.488281,1.708985,-1.89209,phone_interaction
695729,0.726074,0.447632,-0.484131,-1.037598,0.610352,-2.197266,phone_interaction
695746,0.71875,0.452515,-0.484375,-0.915528,0.366211,-2.624512,phone_interaction
695762,0.707275,0.450195,-0.492432,-0.427246,1.342773,-3.41797,phone_interaction
695779,0.704346,0.453125,-0.490845,-0.793457,2.13623,-3.784181,phone_interaction
695796,0.727539,0.470093,-0.481934,-0.671387,3.54004,-3.66211,phone_interaction
695812,0.754028,0.46521,-0.480103,0.061035,4.577637,-1.89209,phone_interaction
695829,0.740356,0.464966,-0.47937,-0.610352,4.760742,-1.586915,phone_interaction
695846,0.731445,0.471191,-0.474365,-1.342773,4.211426,-1.281738,phone_interaction
695862,0.736328,0.457397,-0.46814,-2.13623,2.258301,-1.037598,phone_interaction
695879,0.742188,0.464722,-0.446289,-3.112794,1.831055,-0.793457,phone_interaction
695896,0.756226,0.477295,-0.434937,-3.112794,0.610352,-0.610352,phone_interaction
695912,0.782593,0.495483,-0.432251,-1.89209,-2.380371,0.671387,phone_interaction
695929,0.779541,0.479614,-0.448486,-0.488281,-5.981447,3.295899,phone_interaction
695946,0.761597,0.476807,-0.454102,-0.244141,-6.469728,4.638672,phone_interaction
695963,0.709229,0.47229,-0.466187,1.464844,-5.920412,6.408693,phone_interaction
695979,0.603149,0.428467,-0.514893,1.89209,7.995607,-0.366211,phone_interaction
695996,0.750977,0.44104,-0.492432,2.01416,11.108402,-1.77002,phone_interaction
696013,0.803345,0.440063,-0.479736,1.77002,2.624512,-2.075195,phone_interaction
696029,0.745728,0.455078,-0.458862,1.708985,-6.347658,0.854492,phone_interaction
696046,0.74292,0.461426,-0.473633,2.258301,-2.929688,-0.305176,phone_interaction
696063,0.750366,0.46106,-0.480469,2.13623,-1.77002,-0.915528,phone_interaction
696079,0.709595,0.45813,-0.494873,2.13623,1.77002,-1.403809,phone_interaction
696096,0.742188,0.454468,-0.487793,1.464844,1.525879,-2.258301,phone_interaction
696113,0.753418,0.456055,-0.477173,1.098633,0.488281,-1.586915,phone_interaction
696129,0.748535,0.467651,-0.455933,0.976563,-1.220703,-0.793457,phone_interaction
696146,0.722778,0.474976,-0.474609,0.793457,0.12207,0.183106,phone_interaction
696163,0.720215,0.469116,-0.482544,1.831055,1.708985,0.305176,phone_interaction
696179,0.728516,0.46106,-0.477417,1.77002,1.281738,0.427246,phone_interaction
696196,0.733521,0.456543,-0.476318,0.854492,-0.183106,0.610352,phone_interaction
696213,0.735474,0.463989,-0.470459,0.976563,-0.366211,0.671387,phone_interaction
696229,0.728027,0.465942,-0.470703,1.098633,-0.793457,0.915528,phone_interaction
696246,0.731445,0.462524,-0.46936,0.854492,-1.281738,0.549316,phone_interaction
696263,0.730713,0.465454,-0.474243,0.671387,-0.12207,0.793457,phone_interaction
696279,0.74707,0.462646,-0.473267,1.220703,0.976563,1.159668,phone_interaction
696296,0.747925,0.459595,-0.473999,1.220703,0.305176,1.525879,phone_interaction
696313,0.729126,0.446533,-0.479614,0.854492,-0.854492,1.525879,phone_interaction
696329,0.734497,0.451904,-0.483154,0.183106,-0.183106,0.549316,phone_interaction
696346,0.736328,0.459473,-0.482788,0.366211,0.0,0.732422,phone_interaction
696363,0.730591,0.46521,-0.478271,0.915528,0.0,1.708985,phone_interaction
696379,0.736694,0.455078,-0.474121,1.220703,0.244141,0.976563,phone_interaction
696396,0.724731,0.449585,-0.480957,0.915528,0.12207,0.244141,phone_interaction
696413,0.729736,0.449829,-0.482788,0.854492,0.427246,-0.366211,phone_interaction
696429,0.751465,0.45166,-0.47522,0.549316,0.183106,-0.671387,phone_interaction
696446,0.737183,0.459351,-0.466797,-0.244141,-0.915528,-0.061035,phone_interaction
696463,0.728394,0.460815,-0.468018,-0.12207,-0.488281,0.244141,phone_interaction
696479,0.733643,0.455811,-0.471069,0.244141,-0.12207,0.366211,phone_interaction
696496,0.732422,0.452515,-0.487183,0.366211,0.12207,0.366211,phone_interaction
696513,0.753052,0.463013,-0.494263,0.061035,-0.305176,0.12207,phone_interaction
696530,0.75293,0.468384,-0.496582,-0.12207,-0.671387,0.305176,phone_interaction
696546,0.731689,0.480103,-0.490234,0.12207,-1.037598,0.366211,phone_interaction
696563,0.720825,0.461182,-0.466064,0.488281,0.12207,0.488281,phone_interaction
696580,0.723145,0.454834,-0.456787,0.305176,0.427246,0.244141,phone_interaction
696596,0.727783,0.446899,-0.463013,0.305176,0.793457,0.366211,phone_interaction
696613,0.734375,0.442383,-0.477051,0.976563,1.342773,0.183106,phone_interaction
696630,0.739746,0.444946,-0.481445,0.732422,-0.12207,-0.427246,phone_interaction
696646,0.733032,0.465698,-0.482178,0.244141,-0.549316,-0.427246,phone_interaction
696663,0.728394,0.466553,-0.472534,0.915528,0.732422,-0.244141,phone_interaction
696680,0.741943,0.46106,-0.463745,0.976563,0.305176,0.0,phone_interaction
696696,0.744141,0.457886,-0.46814,0.915528,-0.12207,0.305176,phone_interaction
696713,0.744629,0.45105,-0.479248,1.159668,-0.915528,0.793457,phone_interaction
