timestamp_ms,ax,ay,az,gx,gy,gz,activity
692612,-0.069214,-0.129883,-1.011597,-4.699707,-3.173829,0.244141,pick_and_place
692629,-0.095703,-0.13562,-1.011963,-4.516602,-2.197266,0.366211,pick_and_place
692646,-0.092651,-0.146118,-1.006348,-6.164553,7.019045,0.12207,pick_and_place
692662,-0.053833,-0.131592,-1.034546,-10.070801,13.977055,0.0,pick_and_place
692679,-0.075195,-0.12207,-1.052734,-11.718754,15.991215,0.061035,pick_and_place
692696,-0.053101,-0.13208,-1.085327,-14.831547,25.756844,-0.671387,pick_and_place
692712,-0.03894,-0.11084,-1.069092,-15.991215,27.771004,-0.610352,pick_and_place
692729,-0.028809,-0.077026,-0.989746,-15.991215,31.616219,0.0,pick_and_place
692746,-0.053223,-0.07312,-0.965454,-15.625004,34.179688,0.061035,pick_and_place
692762,-0.071533,-0.085205,-0.985718,-16.906738,53.649918,-0.488281,pick_and_place
692779,0.029663,-0.086182,-1.016724,-15.380863,68.054199,-0.244141,pick_and_place
692796,0.103271,-0.093262,-1.011353,-15.136723,67.321777,0.854492,pick_and_place
692813,0.209351,-0.111572,-1.014404,-16.662598,47.302261,-2.502441,pick_and_place
692829,0.261597,-0.130493,-1.048218,-19.592285,23.986824,-5.126953,pick_and_place
692846,0.254395,-0.135864,-1.074951,-20.629883,18.249512,-6.164553,pick_and_place
692863,0.196655,-0.126709,-1.104492,-20.874023,16.540527,-9.94873,pick_and_place
692879,0.192627,-0.110962,-1.078369,-20.690918,25.634773,-16.418457,pick_and_place
692896,0.262573,-0.09668,-1.052246,-22.460945,33.691406,-21.972656,pick_and_place
692913,0.345703,-0.092407,-1.051758,-23.620613,32.775879,-24.353035,pick_and_place
692929,0.390747,-0.111206,-1.05835,-23.742683,29.296883,-27.465828,pick_and_place
692946,0.31958,-0.096313,-1.05249,-25.207527,39.489746,-37.04834,pick_and_place
692963,0.342773,-0.077637,-1.028198,-26.000984,46.081558,-41.259766,pick_and_place
692979,0.402222,-0.043945,-0.985718,-27.160652,49.682632,-50.964371,pick_and_place
692996,0.462769,-0.008667,-0.984619,-28.44239,46.142593,-60.668961,pick_and_place
693013,0.479736,-0.027588,-0.996216,-30.273445,45.043961,-65.917969,pick_and_place
693029,0.480347,-0.00708,-0.995972,-30.639656,45.532242,-68.786621,pick_and_place
693046,0.490723,0.078003,-0.971069,-28.930672,45.471207,-76.477051,pick_and_place
693063,0.501831,0.117065,-0.926147,-25.085457,49.438492,-85.266113,pick_and_place
693079,0.502197,0.133179,-0.886719,-23.376472,51.879898,-89.294464,pick_and_place
693096,0.525513,0.196899,-0.828613,-19.714355,47.973648,-97.900421,pick_and_place
693113,0.516113,0.249023,-0.822632,-13.854984,39.611816,-104.064972,pick_and_place
693129,0.477661,0.276123,-0.83313,-8.422852,38.085938,-107.421906,pick_and_place
693146,0.475342,0.283325,-0.826782,-5.554201,38.085938,-108.764679,pick_and_place
693163,0.489746,0.278198,-0.780762,0.061035,31.738289,-110.473663,pick_and_place
693179,0.402588,0.292114,-0.736206,7.20215,26.733406,-113.708527,pick_and_place
693196,0.341187,0.297729,-0.735352,5.493164,47.607437,-110.107452,pick_and_place
693213,0.420532,0.320801,-0.712769,13.000492,40.466309,-99.060089,pick_and_place
693229,0.294189,0.326782,-0.721558,18.188477,67.443848,-106.140167,pick_and_place
693246,0.385254,0.29187,-0.71106,24.841316,77.392578,-108.520538,pick_and_place
693263,0.398926,0.293091,-0.695679,27.404793,76.23291,-109.00882,pick_and_place
693279,0.416382,0.296997,-0.63855,31.372078,64.758301,-108.581573,pick_and_place
693296,0.383545,0.304321,-0.647583,35.888672,54.62648,-106.933624,pick_and_place
693313,0.375732,0.286621,-0.670654,37.29248,52.368179,-104.248077,pick_and_place
693329,0.413208,0.249756,-0.711548,41.320801,43.395996,-101.562531,pick_and_place
693346,0.430054,0.219727,-0.739624,43.884277,26.489265,-98.999054,pick_and_place
693363,0.418457,0.206787,-0.745483,43.884277,19.40918,-98.205597,pick_and_place
693379,0.340454,0.213867,-0.73999,41.992188,18.798828,-94.909698,pick_and_place
693396,0.277344,0.243286,-0.760254,44.311539,31.372078,-91.430695,pick_and_place
693413,0.358765,0.216309,-0.819824,47.973648,37.353516,-87.768555,pick_and_place
693430,0.408203,0.196411,-0.837036,49.133316,34.057617,-86.242676,pick_and_place
693446,0.434082,0.190063,-0.847412,49.682632,22.338875,-83.007813,pick_and_place
693463,0.419434,0.191284,-0.856812,49.926773,13.732914,-77.575684,pick_and_place
693480,0.400146,0.18396,-0.854614,49.865738,8.850098,-75.073242,pick_and_place
693496,0.373535,0.151733,-0.851318,49.987808,0.793457,-72.814941,pick_and_place
693513,0.37854,0.132813,-0.891968,48.461929,-3.66211,-70.617676,pick_and_place
693530,0.380493,0.158447,-0.914307,47.851578,-4.333496,-67.443848,pick_and_place
693546,0.366333,0.161011,-0.905273,47.668472,-4.089355,-64.575195,pick_and_place
693563,0.362427,0.126831,-0.880249,47.485367,-7.995607,-60.241714,pick_and_place
693580,0.338745,0.068237,-0.860596,44.616714,-12.573246,-55.969254,pick_and_place
693596,0.298462,0.067749,-0.856079,43.701172,-9.58252,-54.321304,pick_and_place
693613,0.246582,0.076538,-0.882568,44.311539,6.042482,-52.917496,pick_and_place
693630,0.280151,0.059082,-0.915771,46.447769,21.66748,-52.307144,pick_and_place
693646,0.342651,0.024536,-0.893188,47.485367,22.766121,-50.537125,pick_and_place
693663,0.342651,0.015625,-0.874634,46.875015,18.981934,-48.400894,pick_and_place
693680,0.308472,0.030762,-0.844971,44.738785,12.512211,-42.480469,pick_and_place
693696,0.31665,0.069458,-0.86499,45.349136,3.295899,-36.804199,pick_and_place
693713,0.297852,0.029053,-0.873047,44.92189,-1.403809,-32.836914,pick_and_place
693730,0.290527,-0.02002,-0.91272,44.555679,-7.141115,-28.015144,pick_and_place
693746,0.270142,0.008301,-0.928345,45.959488,-12.451176,-25.390633,pick_and_place
693763,0.23645,0.012939,-0.938843,47.424332,-15.136723,-21.30127,pick_and_place
693780,0.228638,-0.012451,-0.949219,46.93605,-18.066406,-18.432617,pick_and_place
693796,0.21875,-0.07605,-0.979614,45.776382,-24.902351,-14.16016,pick_and_place
693813,0.222168,-0.092285,-0.993652,43.945313,-27.221687,-9.765625,pick_and_place
693830,0.218018,-0.090576,-1.000122,43.334961,-26.000984,-7.20215,pick_and_place
693846,0.215576,-0.11792,-1.026733,42.602539,-22.888191,-4.760742,pick_and_place
693863,0.298218,-0.157471,-1.028687,40.95459,-30.639656,-3.295899,pick_and_place
693880,0.340576,-0.157471,-1.026245,37.780762,-41.564941,-1.77002,pick_and_place
693896,0.293457,-0.117188,-1.027954,31.494148,-58.227554,2.197266,pick_and_place
693913,0.20105,-0.149048,-1.053711,30.639656,-56.945816,6.042482,pick_and_place
693930,0.162476,-0.160156,-1.047607,29.235847,-43.518066,6.835939,pick_and_place
693946,0.13269,-0.138428,-1.022827,29.602058,-36.193848,6.042482,pick_and_place
693963,0.213867,-0.15625,-0.97583,27.771004,-39.428711,6.347658,pick_and_place
693980,0.227173,-0.194336,-1.015869,23.132332,-59.143082,4.699707,pick_and_place
693997,0.169922,-0.198486,-1.054443,20.019531,-67.993164,5.615236,pick_and_place
694013,0.003784,-0.172119,-1.141113,15.808109,-66.162109,6.774904,pick_and_place
694030,-0.097534,-0.175537,-1.142334,14.221195,-34.240723,8.239746,pick_and_place
694047,0.080444,-0.219727,-1.080444,9.58252,-16.113281,8.972168,pick_and_place
694063,0.135742,-0.203857,-1.067627,5.004883,-21.362305,10.009766,pick_and_place
694080,0.069702,-0.161011,-1.059692,-0.732422,-37.902832,8.850098,pick_and_place
694097,0.030273,-0.133301,-1.119873,-2.990724,-37.963867,8.972168,pick_and_place
694113,-0.011963,-0.134277,-1.074585,-0.610352,-31.127937,10.437012,pick_and_place
694130,-0.043945,-0.121094,-0.973389,2.502441,-12.329105,8.972168,pick_and_place
694147,0.103027,-0.134644,-0.912598,3.112794,-12.26807,6.774904,pick_and_place
694163,0.217896,-0.174805,-0.90625,1.953125,-39.672852,6.530764,pick_and_place
694180,0.157104,-0.185303,-0.923218,3.54004,-51.269547,6.652834,pick_and_place
694197,-0.049683,-0.178711,-0.900757,10.375977,-52.124039,3.601075,pick_and_place
694213,-0.132324,-0.159424,-0.88623,15.991215,-30.822762,-2.563477,pick_and_place
694230,-0.046143,-0.139282,-0.872925,17.211914,-24.108894,-5.371094,pick_and_place
694247,0.072998,-0.114014,-0.887207,17.39502,-29.724129,-7.629396,pick_and_place
694263,0.028931,-0.136353,-0.927246,17.089844,-47.851578,-4.516602,pick_and_place
694280,-0.214478,-0.07959,-1.041138,18.432617,-34.973145,-3.051759,pick_and_place
694297,-0.187866,-0.050293,-1.059204,20.935059,-18.432617,-4.394531,pick_and_place
694313,-0.148926,-0.059937,-1.054688,21.362305,1.281738,-1.037598,pick_and_place
694330,-0.092896,-0.119873,-1.0448,18.981934,16.418457,-0.915528,pick_and_place
694347,-0.061523,-0.127808,-1.03418,17.944336,17.211914,0.549316,pick_and_place
694363,-0.050171,-0.144775,-1.042114,15.502934,16.052246,0.610352,pick_and_place
694380,-0.067871,-0.200928,-1.07373,12.207035,15.686039,4.577637,pick_and_place
694397,-0.064453,-0.220215,-1.100952,10.681152,20.690918,2.441406,pick_and_place
694413,-0.054688,-0.241821,-1.093384,7.751467,30.517586,0.488281,pick_and_place
694430,-0.061646,-0.236816,-1.0448,6.103518,42.236328,-3.784181,pick_and_place
694447,-0.010376,-0.301025,-1.05127,2.13623,54.138199,-6.469728,pick_and_place
694463,0.058594,-0.323853,-1.051758,-2.01416,54.321304,-8.422852,pick_and_place
694480,0.156616,-0.282227,-1.033691,-10.070801,39.001465,-10.192871,pick_and_place
694497,0.145386,-0.196289,-1.00647,-16.052246,17.272949,-7.507326,pick_and_place
694513,0.096558,-0.151733,-0.998413,-18.371582,8.178711,-4.333496,pick_and_place
694530,0.016357,-0.074951,-1.019043,-20.080566,5.310059,-0.915528,pick_and_place
694547,0.026001,-0.031738,-1.026489,-19.226074,11.962894,1.159668,pick_and_place
694563,0.090576,0.014038,-1.019409,-15.991215,12.939457,0.366211,pick_and_place
694580,0.112915,0.037598,-1.012329,-13.671879,12.084965,-0.427246,pick_and_place
694597,0.118774,0.053955,-0.979736,-7.751467,6.347658,1.831055,pick_and_place
694614,0.109985,0.020752,-0.952271,-2.685547,-2.441406,2.441406,pick_and_place
694630,0.094482,0.005493,-0.94751,-0.732422,-4.150391,2.563477,pick_and_place
694647,0.085938,-0.017456,-0.94165,2.990724,-4.455566,2.01416,pick_and_place
694664,0.076782,-0.057739,-0.93042,4.577637,-1.586915,1.525879,pick_and_place
694680,0.094971,-0.072144,-0.925659,5.676271,-0.793457,0.305176,pick_and_place
694697,0.103638,-0.07666,-0.93335,5.859377,-1.89209,-0.183106,pick_and_place
694714,0.101929,-0.086792,-0.956543,7.385256,-7.873537,0.610352,pick_and_place
694730,0.070801,-0.111084,-0.956421,7.20215,-10.314941,1.64795,pick_and_place
694747,0.045898,-0.112671,-0.953369,6.95801,-8.483887,1.586915,pick_and_place
694780,0.063232,-0.095337,-0.955933,5.798342,7.08008,0.244141,pick_and_place
694797,0.096313,-0.114624,-0.967651,5.249023,5.126953,1.037598,pick_and_place
694814,0.085449,-0.126709,-0.965088,4.821777,3.112794,1.403809,pick_and_place
694830,0.049316,-0.11499,-0.959106,4.943848,2.502441,1.403809,pick_and_place
694847,0.054321,-0.067871,-0.976074,5.554201,10.192871,-0.061035,pick_and_place
694864,0.080322,-0.056641,-0.990601,6.652834,14.404301,0.244141,pick_and_place
694880,0.166626,-0.095337,-0.985718,8.544922,9.887695,2.13623,pick_and_place
694897,0.151489,-0.120117,-0.958618,9.521484,-3.906251,2.441406,pick_and_place
694914,0.113525,-0.115601,-0.960815,10.375977,-7.568361,2.868653,pick_and_place
694930,0.072388,-0.103271,-0.972534,14.099125,-6.469728,2.685547,pick_and_place
694947,0.072144,-0.11438,-0.97876,16.235352,-2.746582,2.319336,pick_and_place
694964,0.085449,-0.165039,-0.960327,17.272949,0.366211,2.197266,pick_and_place
694980,0.085083,-0.185547,-0.948608,17.028809,0.671387,2.319336,pick_and_place
694997,0.105591,-0.201416,-0.937744,14.770512,-4.516602,1.708985,pick_and_place
695014,0.087524,-0.179688,-0.980835,14.28223,-11.535648,1.708985,pick_and_place
695030,0.080811,-0.192139,-0.997803,14.831547,-13.183598,2.441406,pick_and_place
695047,0.053101,-0.235352,-1.002686,14.648441,-12.084965,3.112794,pick_and_place
695064,0.017456,-0.225952,-0.97876,12.878422,-6.652834,1.77002,pick_and_place
695080,-0.043823,-0.235962,-0.963867,11.596684,7.446291,-1.342773,pick_and_place
695097,-0.039307,-0.203125,-0.98291,8.666992,19.042969,-2.01416,pick_and_place
695114,0.178833,-0.233154,-0.953003,8.361816,20.690918,-5.432129,pick_and_place
695130,0.258179,-0.228027,-0.962769,0.244141,-21.240234,-0.915528,pick_and_place
695147,0.128052,-0.190796,-0.966187,-1.64795,-38.513184,3.112794,pick_and_place
695164,-0.06604,-0.180298,-0.964722,0.671387,-33.38623,2.990724,pick_and_place
695181,0.028076,-0.182373,-0.982544,-1.281738,-20.507813,1.098633,pick_and_place
695197,0.042847,-0.151367,-0.987549,1.037598,-24.658211,2.13623,pick_and_place
695214,0.049683,-0.172485,-0.971191,1.281738,-27.954109,2.258301,pick_and_place
695231,-0.05835,-0.220215,-0.97168,-0.854492,-35.27832,2.563477,pick_and_place
695247,-0.064331,-0.152832,-0.988037,-2.624512,-19.165039,1.342773,pick_and_place
695264,-0.020752,-0.135742,-0.953491,-2.502441,-21.118164,3.356935,pick_and_place
695281,-0.080811,-0.16687,-0.893188,-3.173829,-33.325195,6.408693,pick_and_place
695297,-0.168945,-0.203613,-0.913452,-4.272461,-15.075687,6.225588,pick_and_place
695314,-0.082153,-0.22583,-1.000488,-6.95801,-1.586915,5.126953,pick_and_place
695331,-0.075073,-0.234741,-1.046753,-5.737307,1.831055,2.685547,pick_and_place
695347,-0.072632,-0.263794,-1.065796,-6.835939,8.850098,1.525879,pick_and_place
695364,0.033691,-0.294556,-1.078613,-12.207035,1.281738,0.610352,pick_and_place
695381,0.012085,-0.287476,-1.091797,-14.953617,-4.394531,2.929688,pick_and_place
695397,-0.072632,-0.276489,-1.144531,-15.197758,0.183106,3.173829,pick_and_place
695414,-0.101318,-0.233398,-1.10022,-14.587406,13.610844,4.02832,pick_and_place
695431,-0.104492,-0.238525,-1.068604,-14.587406,19.836426,3.66211,pick_and_place
695447,-0.066162,-0.269409,-1.044678,-18.127441,24.902351,2.990724,pick_and_place
695464,-0.018799,-0.269409,-1.096436,-21.484375,25.573738,2.01416,pick_and_place
695481,0.041626,-0.270386,-1.121582,-25.939949,20.202637,3.601075,pick_and_place
695497,0.039429,-0.283569,-1.12854,-28.381355,15.502934,4.333496,pick_and_place
695514,-0.034424,-0.282959,-1.103516,-32.897949,10.192871,4.821777,pick_and_place
695531,-0.051636,-0.240479,-1.078613,-36.621094,16.418457,4.211426,pick_and_place
695547,-0.034912,-0.226074,-1.083496,-37.902832,19.287109,4.577637,pick_and_place
695564,-0.029053,-0.202271,-1.088867,-40.283203,24.230965,6.530764,pick_and_place
695581,-0.047607,-0.206299,-1.081787,-41.992188,32.226563,5.310059,pick_and_place
695597,0.030762,-0.1604,-1.030396,-45.166031,23.132332,8.117676,pick_and_place
695614,-0.010742,-0.110352,-1.037964,-43.151855,24.780281,8.300781,pick_and_place
695631,-0.002075,-0.128906,-1.030029,-45.043961,33.14209,12.26807,pick_and_place
695647,0.006348,-0.146118,-0.975098,-46.020523,30.700691,13.183598,pick_and_place
695664,-0.013794,-0.15271,-0.959473,-46.630875,30.09034,12.939457,pick_and_place
695681,0.018555,-0.153076,-0.972534,-48.095718,31.433113,12.390141,pick_and_place
695697,0.084473,-0.074707,-0.992188,-49.316422,29.785164,15.441898,pick_and_place
695714,0.071411,-0.001953,-0.99707,-52.61232,30.029305,21.728516,pick_and_place
695731,0.101196,0.00769,-0.988159,-52.73439,24.902351,23.864754,pick_and_place
695747,0.094604,-0.063721,-0.957153,-55.603043,17.211914,28.259285,pick_and_place
695764,0.09021,-0.071655,-0.964966,-58.6548,15.563969,29.968269,pick_and_place
695781,0.084717,-0.011963,-0.971924,-59.387222,16.906738,29.846199,pick_and_place
695798,0.10144,0.089966,-0.977905,-58.41066,19.65332,31.921394,pick_and_place
695814,0.132202,0.067993,-0.980713,-58.715836,19.348145,36.193848,pick_and_place
695831,0.175415,-0.000366,-0.938721,-60.363785,13.916019,39.550781,pick_and_place
695848,0.190796,0.002197,-0.91272,-61.035172,7.995607,40.100098,pick_and_place
695864,0.149658,0.138916,-0.911621,-60.974136,-0.183106,42.907715,pick_and_place
695881,0.116333,0.243042,-0.888306,-58.288589,1.831055,48.767105,pick_and_place
695898,0.112305,0.233765,-0.895752,-58.227554,4.333496,51.086441,pick_and_place
695914,0.182373,0.172974,-0.88623,-57.861343,7.629396,54.321304,pick_and_place
695931,0.241333,0.110107,-0.875854,-57.617203,0.183106,55.419937,pick_and_place
695948,0.231812,0.115234,-0.882446,-56.51857,-4.760742,55.664078,pick_and_place
695964,0.192993,0.240112,-0.887207,-54.443375,-8.728027,56.701675,pick_and_place
695981,0.153687,0.310303,-0.872437,-50.537125,-6.103518,61.889664,pick_and_place
695998,0.149658,0.270264,-0.837036,-47.912613,-1.64795,67.443848,pick_and_place
696014,0.154541,0.242554,-0.814087,-47.241226,-0.488281,68.847656,pick_and_place
696031,0.172974,0.218384,-0.812866,-44.006348,0.488281,69.946289,pick_and_place
696048,0.210938,0.283936,-0.857422,-40.283203,3.784181,70.739746,pick_and_place
696064,0.22998,0.316895,-0.865723,-38.635254,4.821777,72.814941,pick_and_place
696081,0.264526,0.351196,-0.844238,-35.15625,1.342773,77.575684,pick_and_place
696098,0.294678,0.314941,-0.795044,-32.714844,-7.20215,82.397461,pick_and_place
696114,0.306763,0.292969,-0.793335,-29.541023,-14.526371,85.327148,pick_and_place
696131,0.321533,0.30188,-0.798462,-28.32032,-17.211914,85.083008,pick_and_place
696148,0.335327,0.353027,-0.818481,-24.780281,-20.568848,84.350586,pick_and_place
696164,0.349487,0.351929,-0.819702,-21.362305,-22.949226,84.899902,pick_and_place
696181,0.356812,0.343994,-0.812134,-20.202637,-24.841316,86.05957,pick_and_place
696198,0.344238,0.36499,-0.801514,-19.53125,-28.747566,85.876465,pick_and_place
696214,0.374146,0.352417,-0.764038,-15.563969,-46.569839,92.224152,pick_and_place
696231,0.317139,0.396729,-0.796753,-15.075687,-46.081558,94.726593,pick_and_place
696248,0.331543,0.378418,-0.809204,-13.854984,-48.82814,97.106964,pick_and_place
696264,0.300537,0.34668,-0.821411,-10.742188,-47.607437,98.327667,pick_and_place
696281,0.351074,0.327881,-0.820801,-4.943848,-46.93605,96.130402,pick_and_place
696298,0.32373,0.321655,-0.803101,-4.821777,-43.395996,99.4263,pick_and_place
696314,0.295044,0.373535,-0.802734,-2.075195,-33.508301,99.792511,pick_and_place
696331,0.296265,0.387329,-0.807861,1.159668,-33.447266,101.806671,pick_and_place
696348,0.250122,0.356567,-0.810791,4.577637,-25.390633,105.651886,pick_and_place
696364,0.219238,0.33728,-0.816895,5.798342,-14.892582,107.788116,pick_and_place
696381,0.248169,0.324341,-0.790161,9.277344,9.643555,108.642609,pick_and_place
696398,0.437378,0.300049,-0.762207,13.977055,14.28223,107.543976,pick_and_place
696415,0.519897,0.2854,-0.764526,16.357422,4.577637,107.055695,pick_and_place
696431,0.574463,0.259521,-0.78125,20.324707,-22.155769,104.858429,pick_and_place
696448,0.507568,0.236572,-0.813599,24.353035,-37.475586,101.806671,pick_and_place
696465,0.452515,0.226318,-0.811157,27.038582,-37.597656,100.280792,pick_and_place
696481,0.379639,0.177734,-0.807739,31.98243,-26.550301,95.703156,pick_and_place
696498,0.452881,0.097778,-0.817871,34.912109,-18.066406,91.064484,pick_and_place
696515,0.553101,0.022583,-0.847046,35.766602,-22.583015,87.280273,pick_and_place
696531,0.568726,0.009888,-0.863281,36.193848,-26.855476,85.9375,pick_and_place
696548,0.522461,0.004517,-0.87085,37.780762,-31.127937,82.275391,pick_and_place
696565,0.462158,-0.020752,-0.848633,39.978027,-28.808601,74.157715,pick_and_place
696581,0.463501,-0.048096,-0.849121,40.283203,-27.282722,68.786621,pick_and_place
696598,0.46167,-0.100098,-0.882446,40.222168,-26.794441,59.082047,pick_and_place
696615,0.480835,-0.13916,-0.922363,38.757324,-27.832039,51.025406,pick_and_place
696631,0.528564,-0.175049,-0.93396,35.339355,-32.897949,45.532242,pick_and_place
696648,0.538086,-0.16333,-0.929932,34.851074,-39.794922,42.541504,pick_and_place
696665,0.435791,-0.174194,-0.944946,32.775879,-51.086441,35.644531,pick_and_place
696681,0.371704,-0.17041,-0.977783,28.930672,-52.185074,24.841316,pick_and_place
696698,0.382202,-0.177002,-0.946655,28.44239,-55.542007,21.30127,pick_and_place
696715,0.323853,-0.188965,-0.898682,24.719246,-65.307617,16.845703,pick_and_place
696731,0.175659,-0.181274,-0.961792,26.062019,-66.894531,13.183598,pick_and_place
696748,0.075928,-0.142944,-0.975342,21.057129,-41.015625,6.103518,pick_and_place
696765,0.082031,-0.146851,-0.968506,22.460945,-29.907234,4.02832,pick_and_place
696781,0.104126,-0.16748,-0.979492,21.240234,-12.084965,2.01416,pick_and_place
696798,0.131592,-0.200195,-1.018555,16.784668,-13.916019,0.854492,pick_and_place
696815,0.140137,-0.187622,-1.012085,14.099125,-15.380863,0.488281,pick_and_place
696831,0.160522,-0.16626,-0.985107,11.718754,-28.32032,-1.220703,pick_and_place
696848,0.08313,-0.172119,-1.008179,6.103518,-25.939949,-4.943848,pick_and_place
696865,0.043457,-0.172119,-1.037354,7.20215,-23.498543,-4.760742,pick_and_place
696881,0.074341,-0.151855,-1.033325,4.638672,-23.315437,-4.760742,pick_and_place
696898,0.034424,-0.129395,-1.013916,-0.366211,-33.447266,-5.981447,pick_and_place
696915,-0.061646,-0.091553,-1.077637,3.54004,-29.113777,-4.577637,pick_and_place
696931,-0.047852,-0.102295,-1.109497,7.507326,-23.498543,-5.859377,pick_and_place
696948,-0.053467,-0.086548,-1.040405,19.40918,-4.638672,-9.094238,pick_and_place
696965,-0.041992,-0.108276,-1.012939,29.846199,19.65332,-12.26807,pick_and_place
696982,0.091064,-0.178223,-1.03064,28.259285,27.587898,-10.986328,pick_and_place
696998,0.128906,-0.159668,-1.046631,23.315437,27.648933,-4.150391,pick_and_place
697015,0.046753,-0.128296,-1.029297,23.620613,40.039063,-2.929688,pick_and_place
697032,0.025513,-0.131226,-0.988403,25.817879,51.696793,-5.554201,pick_and_place
697048,-0.027832,-0.137817,-1.018188,24.841316,63.354507,-9.094238,pick_and_place
697065,-0.06958,-0.188354,-1.0448,24.292,93.444855,-10.620117,pick_and_place
697082,0.341431,-0.259277,-0.893921,18.310547,92.834503,-7.873537,pick_and_place
697098,0.472534,-0.246338,-0.869629,13.366703,72.998047,-5.004883,pick_and_place
697115,0.393799,-0.243652,-0.944824,3.479005,25.878914,4.699707,pick_and_place
697132,0.24939,-0.267212,-1.030884,-3.967286,8.911133,1.464844,pick_and_place
697148,0.18811,-0.25647,-1.0177,-11.657719,18.493652,-3.051759,pick_and_place
697165,0.200317,-0.233643,-1.000244,-13.793949,26.000984,-5.737307,pick_and_place
697182,0.297119,-0.193237,-0.996338,-13.610844,27.709969,-8.483887,pick_and_place
697198,0.372559,-0.187378,-0.987305,-11.291508,12.695316,-8.178711,pick_and_place
697215,0.359863,-0.184692,-1.000732,-11.047363,3.601075,-6.530764,pick_and_place
697232,0.281494,-0.182861,-1.003906,-8.483887,-5.004883,-2.685547,pick_and_place
697248,0.255615,-0.178345,-0.98999,-6.835939,-3.906251,-1.159668,pick_and_place
697265,0.258057,-0.151978,-0.974731,-5.920412,0.244141,-0.915528,pick_and_place
697282,0.251831,-0.138794,-0.976318,-5.187988,1.281738,-0.732422,pick_and_place
697298,0.245483,-0.14624,-0.968628,-2.380371,3.845216,-0.061035,pick_and_place
697315,0.259399,-0.166748,-0.973633,-0.366211,4.333496,0.610352,pick_and_place
697332,0.262207,-0.170898,-0.971558,0.12207,3.54004,0.549316,pick_and_place
697348,0.268799,-0.170898,-0.960449,0.915528,3.112794,2.197266,pick_and_place
697365,0.280151,-0.162354,-0.938599,1.037598,5.737307,3.234864,pick_and_place
697382,0.316406,-0.158813,-0.949219,3.051759,6.95801,3.479005,pick_and_place
697398,0.313721,-0.161865,-0.946777,3.41797,3.112794,4.394531,pick_and_place
697415,0.267578,-0.149536,-0.927979,3.66211,-2.319336,5.065918,pick_and_place
697432,0.288208,-0.155396,-0.912109,4.516602,0.305176,4.02832,pick_and_place
697448,0.318726,-0.172607,-0.915894,4.516602,-0.305176,5.126953,pick_and_place
697465,0.328613,-0.190186,-0.943604,5.126953,-5.981447,6.95801,pick_and_place
697482,0.272827,-0.177734,-0.950317,5.310059,-12.26807,8.605957,pick_and_place
697498,0.242065,-0.162476,-0.928467,6.347658,-14.221195,8.728027,pick_and_place
697515,0.227539,-0.162354,-0.876221,8.117676,-14.770512,7.995607,pick_and_place
697532,0.233765,-0.187622,-0.899536,7.873537,-16.174316,7.812502,pick_and_place
697548,0.211548,-0.202026,-0.942261,6.103518,-17.76123,8.789063,pick_and_place
697565,0.213989,-0.197144,-0.948486,5.859377,-17.333984,9.460449,pick_and_place
697582,0.208496,-0.206177,-0.923706,5.798342,-17.333984,9.94873,pick_and_place
697599,0.146484,-0.230347,-0.900269,4.02832,-12.02393,8.789063,pick_and_place
697615,0.157349,-0.229126,-0.907959,3.295899,-8.728027,7.934572,pick_and_place
697632,0.185913,-0.202515,-0.929077,3.66211,-3.66211,4.760742,pick_and_place
697649,0.205811,-0.208984,-0.948486,5.859377,0.915528,5.554201,pick_and_place
697665,0.224487,-0.247803,-0.912354,5.065918,-0.854492,5.187988,pick_and_place
697682,0.22998,-0.253784,-0.905396,4.272461,-2.929688,4.394531,pick_and_place
697699,0.195435,-0.255859,-0.937622,2.868653,-7.20215,3.54004,pick_and_place
697715,0.172852,-0.23584,-0.932495,1.037598,-6.896975,1.64795,pick_and_place
697732,0.172241,-0.221191,-0.931274,0.793457,-3.967286,-0.671387,pick_and_place
697749,0.233643,-0.242554,-0.924805,1.77002,-5.310059,1.037598,pick_and_place
697765,0.161865,-0.234619,-0.932373,-0.671387,-8.789063,-0.061035,pick_and_place
697782,0.164551,-0.231689,-0.928589,-1.403809,-6.774904,1.159668,pick_and_place
697799,0.159058,-0.22876,-0.930664,-2.624512,-7.934572,1.037598,pick_and_place
697815,0.164551,-0.204468,-0.937744,-3.295899,-9.216309,1.098633,pick_and_place
697832,0.20459,-0.196289,-0.94165,-2.258301,-11.230473,2.197266,pick_and_place
697849,0.224365,-0.20874,-0.939575,-2.990724,-14.404301,2.990724,pick_and_place
697865,0.22229,-0.240723,-0.936035,-6.530764,-29.113777,7.568361,pick_and_place
697882,0.14209,-0.23584,-0.968628,-10.314941,-39.733887,6.103518,pick_and_place
697899,0.103638,-0.215454,-0.975342,-9.82666,-29.479988,0.0,pick_and_place
697915,0.108887,-0.201782,-0.988647,-10.498047,-19.40918,-0.366211,pick_and_place
697932,0.170776,-0.202271,-0.985107,-7.141115,-15.136723,0.244141,pick_and_place
697949,0.209839,-0.240723,-0.967529,-12.146,-24.780281,0.305176,pick_and_place
697965,0.231445,-0.236694,-0.978516,-12.817387,-31.799324,-0.793457,pick_and_place
697982,0.113159,-0.153687,-0.966919,-16.845703,-41.625977,4.02832,pick_and_place
697999,-0.05603,-0.141724,-0.981079,-10.986328,-28.930672,2.197266,pick_and_place
698015,-0.040894,-0.1604,-1.005981,-8.972168,-7.263186,-3.051759,pick_and_place
698032,0.117188,-0.207764,-1.052002,-6.896975,6.286623,0.427246,pick_and_place
698049,0.10083,-0.189331,-1.006836,-5.676271,0.793457,0.915528,pick_and_place
698065,0.097778,-0.154541,-0.955688,-7.446291,-1.525879,0.0,pick_and_place
698082,0.088989,-0.153931,-0.953369,-7.690432,-2.624512,-0.427246,pick_and_place
698099,0.067505,-0.142212,-0.969238,-6.774904,-2.624512,-0.549316,pick_and_place
698115,0.11731,-0.18457,-1.003784,-7.690432,1.77002,1.098633,pick_and_place
698132,0.108887,-0.167114,-0.984619,-9.094238,-2.441406,1.098633,pick_and_place
698149,0.061279,-0.151855,-0.967773,-8.666992,0.183106,-0.12207,pick_and_place
698165,0.069092,-0.151001,-0.953613,-9.58252,4.394531,0.793457,pick_and_place
698182,0.050903,-0.136108,-0.955811,-10.375977,11.962894,1.586915,pick_and_place
698199,0.062988,-0.138916,-0.962158,-10.131836,14.709476,-0.183106,pick_and_place
698216,0.059937,-0.146851,-0.950928,-9.338379,20.996094,-2.075195,pick_and_place
698232,0.153809,-0.14917,-0.977051,-6.286623,23.925789,-3.41797,pick_and_place
698249,0.149414,-0.15332,-0.974243,-5.615236,19.53125,-3.601075,pick_and_place
698266,0.113647,-0.156006,-0.957275,-5.859377,16.723633,-0.061035,pick_and_place
698282,0.059937,-0.146851,-0.954346,-9.643555,16.235352,-0.427246,pick_and_place
698299,0.057617,-0.157837,-0.952148,-11.291508,27.832039,0.488281,pick_and_place
698316,0.05603,-0.162109,-0.963501,-12.26807,34.912109,0.183106,pick_and_place
698332,0.097656,-0.139771,-0.972778,-15.197758,46.081558,-2.807618,pick_and_place
698349,0.143677,-0.153076,-1.00708,-20.263672,50.59816,-1.525879,pick_and_place
698366,0.162354,-0.129517,-1.025269,-19.592285,54.016129,-0.427246,pick_and_place
698382,0.214355,-0.111816,-1.024536,-14.465336,57.189957,2.13623,pick_and_place
698399,0.190918,-0.081909,-0.984375,-6.347658,57.922379,2.563477,pick_and_place
698416,0.191406,-0.099976,-0.930176,-1.953125,72.32666,2.075195,pick_and_place
698432,0.223999,-0.106323,-0.917358,-2.807618,81.542969,0.854492,pick_and_place
698449,0.302856,-0.123779,-0.941406,-4.150391,100.219757,-2.868653,pick_and_place
698466,0.417603,-0.144409,-0.979004,-5.676271,108.825714,-5.187988,pick_and_place
698482,0.450195,-0.13855,-0.977539,-6.591799,109.375031,-5.859377,pick_and_place
698499,0.515747,-0.111084,-0.939575,-6.95801,102.844269,-8.361816,pick_and_place
698516,0.585938,-0.103638,-0.871704,-7.934572,87.768555,-12.451176,pick_and_place
698532,0.606567,-0.106201,-0.852417,-8.789063,80.871582,-14.709476,pick_and_place
698549,0.647949,-0.100098,-0.855713,-8.544922,65.246582,-24.475105,pick_and_place
698566,0.731934,-0.094849,-0.859985,-8.605957,53.649918,-31.98243,pick_and_place
698582,0.723511,-0.06311,-0.83606,-6.95801,41.320801,-37.902832,pick_and_place
698599,0.717896,-0.050537,-0.823486,-5.737307,37.353516,-41.19873,pick_and_place
698616,0.750854,-0.043457,-0.796509,-3.112794,29.907234,-46.203629,pick_and_place
698632,0.763306,-0.036743,-0.770874,-0.061035,18.493652,-49.194351,pick_and_place
698649,0.748657,-0.046265,-0.764526,0.183106,14.404301,-49.377457,pick_and_place
698666,0.714844,-0.030029,-0.752319,4.02832,9.70459,-57.495132,pick_and_place
698682,0.72644,-0.009399,-0.732178,7.20215,12.084965,-64.758301,pick_and_place
698699,0.712646,0.004883,-0.716431,8.544922,11.718754,-68.29834,pick_and_place
698716,0.71167,0.004761,-0.720093,8.972168,11.291508,-69.641113,pick_and_place
698732,0.707764,0.010742,-0.734741,9.643555,7.934572,-71.411133,pick_and_place
698749,0.671387,0.028076,-0.737793,11.718754,7.08008,-73.608398,pick_and_place
698766,0.661987,0.037842,-0.72937,13.183598,8.850098,-74.768066,pick_and_place
698783,0.64978,0.051392,-0.724731,16.479492,13.977055,-77.880859,pick_and_place
698799,0.654907,0.05542,-0.718018,18.310547,16.296387,-80.26123,pick_and_place
698816,0.640381,0.059814,-0.732544,20.996094,16.235352,-83.679199,pick_and_place
698833,0.609741,0.062744,-0.74646,21.728516,17.76123,-84.411621,pick_and_place
698849,0.594604,0.08606,-0.755493,24.53614,26.611336,-86.730957,pick_and_place
698866,0.589355,0.097412,-0.731689,28.32032,44.92189,-87.402344,pick_and_place
698883,0.606445,0.102051,-0.711304,30.21241,53.222672,-87.097168,pick_and_place
698899,0.646851,0.116699,-0.679688,33.691406,54.687515,-85.449219,pick_and_place
698916,0.675537,0.120117,-0.66626,36.193848,39.672852,-86.791992,pick_and_place
698933,0.621216,0.14856,-0.650879,36.987305,38.757324,-86.120605,pick_and_place
698949,0.640015,0.164917,-0.650146,39.978027,40.161133,-87.280273,pick_and_place
698966,0.626099,0.171753,-0.644775,43.151855,42.724609,-84.838867,pick_and_place
698983,0.652222,0.177612,-0.643921,46.447769,36.315918,-82.519531,pick_and_place
698999,0.638184,0.169067,-0.627075,47.729507,29.663094,-81.970215,pick_and_place
699016,0.557251,0.231445,-0.619019,49.804703,33.508301,-89.782745,pick_and_place
699033,0.608643,0.271362,-0.631592,55.114761,39.123535,-92.102081,pick_and_place
699049,0.625,0.284302,-0.609863,59.936539,32.104492,-90.393097,pick_and_place
699066,0.576416,0.255371,-0.571655,58.593765,34.301758,-70.373535,pick_and_place
699083,0.611816,0.238403,-0.560669,58.227554,36.315918,-52.795425,pick_and_place
699099,0.614014,0.256958,-0.536987,61.584488,41.748047,-49.255386,pick_and_place
699116,0.656616,0.245605,-0.519775,63.537613,40.039063,-47.851578,pick_and_place
699133,0.674072,0.2052,-0.558472,65.429688,35.15625,-47.485367,pick_and_place
699149,0.69519,0.156128,-0.580566,66.162109,39.794922,-49.560562,pick_and_place
699166,0.740356,0.141968,-0.575439,65.490723,38.146973,-47.302261,pick_and_place
699183,0.759277,0.136475,-0.603638,66.223145,32.409668,-44.92189,pick_and_place
699199,0.784912,0.079346,-0.633057,66.955566,24.353035,-43.334961,pick_and_place
699216,0.778564,0.043701,-0.67395,67.077637,14.770512,-46.264664,pick_and_place
699233,0.767822,0.028564,-0.684204,65.917969,11.413578,-47.424332,pick_and_place
699249,0.729492,0.047363,-0.677856,64.63623,8.483887,-50.59816,pick_and_place
699266,0.707153,0.023926,-0.69397,64.147949,-0.732422,-43.212891,pick_and_place
699283,0.604004,0.005859,-0.709717,59.692398,12.634281,-45.593277,pick_and_place
699299,0.759399,-0.001343,-0.753052,61.401382,15.93018,-47.790543,pick_and_place
699316,0.712036,0.017822,-0.767212,58.593765,2.807618,-46.569839,pick_and_place
699333,0.72998,-0.031372,-0.724854,54.62648,-17.883301,-32.958984,pick_and_place
699349,0.732666,0.001831,-0.711548,50.659195,-23.742683,-37.231445,pick_and_place
699366,0.499146,-0.056641,-0.744141,46.69191,6.774904,-34.667969,pick_and_place
699383,0.647949,-0.023071,-0.753052,41.259766,12.878422,-28.44239,pick_and_place
699400,0.64624,0.025269,-0.740601,41.137695,9.70459,-27.587898,pick_and_place
699416,0.605713,0.08374,-0.707397,40.649414,0.610352,-28.44239,pick_and_place
699433,0.582764,0.107788,-0.711548,45.104996,-2.990724,-34.118652,pick_and_place
699450,0.688965,-0.046997,-0.699951,47.790543,-23.681648,-21.057129,pick_and_place
699466,0.620239,-0.01001,-0.706055,44.92189,-23.315437,-23.803719,pick_and_place
699483,0.728149,-0.00708,-0.676758,41.625977,-34.240723,-13.732914,pick_and_place
699500,0.62793,-0.009277,-0.703613,37.17041,-50.59816,-5.493164,pick_and_place
699516,0.584839,-0.018066,-0.74292,36.621094,-53.894058,-4.394531,pick_and_place
699533,0.570557,-0.027466,-0.79834,36.254883,-57.373062,-4.211426,pick_and_place
699550,0.545776,-0.025269,-0.812378,36.437988,-55.603043,-6.469728,pick_and_place
699566,0.537964,-0.033203,-0.813354,36.254883,-55.664078,-7.507326,pick_and_place
699583,0.539917,-0.047119,-0.827515,34.973145,-59.875504,-8.422852,pick_and_place
699600,0.570313,-0.105103,-0.88501,30.883797,-69.580078,-6.225588,pick_and_place
699616,0.587524,-0.105103,-0.890015,25.085457,-88.012695,-4.272461,pick_and_place
699633,0.560425,-0.091309,-0.898071,21.972656,-97.595245,-4.02832,pick_and_place
699650,0.476196,-0.095825,-0.925415,17.456055,-113.586456,-2.258301,pick_and_place
699666,0.371338,-0.110596,-0.963379,13.671879,-121.032745,-5.310059,pick_and_place
699683,0.314575,-0.09436,-0.984985,11.840824,-122.192413,-4.516602,pick_and_place
699700,0.202637,-0.051636,-1.035278,10.192871,-105.34671,-6.591799,pick_and_place
699716,0.202393,-0.082153,-1.081665,10.314941,-83.618164,-6.95801,pick_and_place
699733,0.190186,-0.107666,-1.094727,8.972168,-68.908691,-6.713869,pick_and_place
699750,0.160522,-0.092773,-1.086304,8.911133,-60.363785,-6.347658,pick_and_place
699766,0.137329,-0.063354,-1.058716,11.230473,-31.127937,-4.211426,pick_and_place
699783,0.158081,-0.064209,-1.016724,13.061527,-0.061035,-2.502441,pick_and_place
699801,0.167847,-0.075317,-1.010986,14.465336,17.700195,-1.64795,pick_and_place
699816,0.272339,-0.106689,-1.000122,14.892582,17.028809,-1.708985,pick_and_place
699833,0.350952,-0.130615,-0.969482,13.793949,-7.812502,1.281738,pick_and_place
699850,0.286865,-0.091919,-0.977905,10.742188,-29.541023,1.159668,pick_and_place
699866,0.257202,-0.077881,-0.991577,10.864258,-37.536621,1.281738,pick_and_place
699883,0.134399,-0.072998,-0.98291,11.962894,-39.0625,1.342773,pick_and_place
699900,0.054443,-0.08667,-0.953003,13.000492,-22.949226,-0.061035,pick_and_place
699916,0.065308,-0.069092,-0.953735,13.305668,-11.047363,-1.64795,pick_and_place
699933,0.155029,-0.062256,-0.964478,13.916019,7.446291,-2.441406,pick_and_place
699950,0.20813,-0.046875,-0.957031,13.549809,7.507326,-0.671387,pick_and_place
699967,0.200439,-0.06897,-0.956909,13.000492,3.601075,0.488281,pick_and_place
699983,0.2146,-0.082397,-0.961548,12.390141,3.173829,0.427246,pick_and_place
700000,0.234497,-0.066772,-0.969971,11.901859,-2.197266,0.610352,pick_and_place
700017,0.24231,-0.073853,-0.981689,10.925293,0.366211,-0.610352,pick_and_place
700033,0.268677,-0.10437,-0.973633,10.253906,-1.403809,-0.610352,pick_and_place
700050,0.252441,-0.110352,-0.973999,7.324221,-4.821777,-0.610352,pick_and_place
700067,0.244995,-0.080078,-0.987915,6.469728,-5.554201,-0.976563,pick_and_place
700083,0.241943,-0.069336,-0.998657,6.164553,-3.723145,-0.549316,pick_and_place
700100,0.225098,-0.080811,-0.995972,7.812502,1.586915,-0.976563,pick_and_place
700117,0.249146,-0.098267,-0.93689,8.544922,4.150391,-1.403809,pick_and_place
700133,0.224487,-0.044678,-0.947144,9.155273,2.990724,-0.976563,pick_and_place
700150,0.230103,-0.031128,-0.954834,9.82666,6.103518,0.0,pick_and_place
700167,0.30188,-0.0625,-0.960938,12.084965,4.943848,-0.793457,pick_and_place
700183,0.270752,-0.075439,-0.941406,12.02393,-6.347658,0.671387,pick_and_place
700200,0.223511,-0.065674,-0.94165,12.390141,-6.347658,2.01416,pick_and_place
700217,0.241943,-0.070435,-0.917969,12.084965,-3.479005,0.12207,pick_and_place
700233,0.259033,-0.073975,-0.949829,10.559082,-3.112794,-0.610352,pick_and_place
700250,0.259644,-0.109131,-0.986328,8.422852,-3.051759,-0.610352,pick_and_place
700267,0.255371,-0.119141,-0.99646,6.408693,-3.356935,0.0,pick_and_place
700283,0.263184,-0.113525,-1.019897,2.868653,-3.723145,-0.305176,pick_and_place
700300,0.264404,-0.115234,-1.044189,-0.12207,-0.854492,-1.464844,pick_and_place
700317,0.262207,-0.116699,-1.035156,-2.13623,0.0,-1.220703,pick_and_place
700333,0.240234,-0.107056,-0.994629,-7.446291,1.220703,-1.342773,pick_and_place
700350,0.234253,-0.08606,-0.977295,-9.643555,6.286623,-2.258301,pick_and_place
700367,0.27417,-0.071289,-0.975464,-10.681152,8.117676,-2.746582,pick_and_place
700383,0.277222,-0.059937,-0.977417,-11.596684,7.629396,-2.685547,pick_and_place
700400,0.255493,-0.044556,-0.974121,-12.573246,8.666992,-3.41797,pick_and_place
700417,0.270264,-0.044678,-0.961914,-10.742188,10.803223,-4.577637,pick_and_place
700433,0.289917,-0.037476,-0.96521,-10.681152,10.803223,-4.394531,pick_and_place
700450,0.315063,-0.019165,-0.95752,-8.117676,8.361816,-4.150391,pick_and_place
700467,0.292725,-0.022217,-0.93396,-4.699707,4.577637,-3.356935,pick_and_place
700483,0.268677,-0.03186,-0.928955,-0.976563,6.713869,-4.455566,pick_and_place
700500,0.27124,-0.022461,-0.932007,1.586915,10.986328,-5.126953,pick_and_place
700517,0.298096,-0.023315,-0.928955,6.225588,18.249512,-5.493164,pick_and_place
700533,0.328003,-0.047363,-0.914551,9.887695,12.573246,-3.41797,pick_and_place
700550,0.327393,-0.068604,-0.904663,10.925293,6.469728,-2.258301,pick_and_place
700567,0.307861,-0.083252,-0.894287,11.291508,-5.554201,0.732422,pick_and_place
700584,0.269653,-0.070679,-0.901855,14.221195,-12.207035,2.868653,pick_and_place
700600,0.257324,-0.072998,-0.896973,15.869144,-13.549809,3.601075,pick_and_place
700617,0.217773,-0.098267,-0.894653,17.578125,-16.540527,4.638672,pick_and_place
700634,0.208618,-0.119019,-0.897705,16.723633,-17.578125,4.516602,pick_and_place
700650,0.245117,-0.141846,-0.915283,13.671879,-19.592285,5.371094,pick_and_place
700667,0.240356,-0.15625,-0.940186,12.390141,-20.629883,5.798342,pick_and_place
700684,0.22998,-0.156006,-0.998047,10.375977,-20.080566,5.798342,pick_and_place
700700,0.235474,-0.136475,-1.010864,10.620117,-17.883301,5.737307,pick_and_place
700717,0.227905,-0.144531,-1.017822,10.559082,-17.333984,6.286623,pick_and_place
700734,0.105347,-0.166138,-0.96106,12.02393,-11.108402,6.835939,pick_and_place
700750,0.232666,-0.180542,-0.990479,6.774904,-0.549316,2.258301,pick_and_place
700767,0.30249,-0.201782,-0.976807,-3.601075,-23.620613,3.112794,pick_and_place
700784,0.257935,-0.120361,-0.97522,-5.737307,-28.015144,1.89209,pick_and_place
700800,0.144043,-0.114136,-0.977417,-5.126953,-22.705086,7.20215,pick_and_place
700817,0.201416,-0.125854,-0.955078,-4.821777,-21.606445,3.234864,pick_and_place
700834,0.212769,-0.123047,-0.951782,-5.187988,-25.878914,3.601075,pick_and_place
700850,0.151489,-0.101807,-0.972534,-3.723145,-26.977547,4.150391,pick_and_place
700867,0.136353,-0.130493,-0.979614,-0.183106,-16.845703,1.403809,pick_and_place
700884,0.182129,-0.121094,-0.970825,-2.563477,-18.066406,-1.586915,pick_and_place
700900,0.150635,-0.100952,-0.966309,-2.746582,-16.235352,-1.159668,pick_and_place
700917,0.140625,-0.075073,-0.995361,4.333496,-9.82666,-9.887695,pick_and_place
700934,0.193359,-0.133911,-0.985718,2.441406,-2.380371,-12.146,pick_and_place
700950,0.208374,-0.13147,-0.977051,0.0,-4.272461,-11.169437,pick_and_place
700967,0.197388,-0.117065,-0.983643,-3.479005,-8.117676,-8.972168,pick_and_place
700984,0.141235,-0.094971,-0.985229,-4.02832,-5.432129,-3.41797,pick_and_place
701000,0.15271,-0.07019,-0.962158,-0.976563,-0.854492,-3.66211,pick_and_place
701017,0.127441,-0.0979,-0.931274,-0.549316,-1.281738,-3.112794,pick_and_place
701034,0.176758,-0.12561,-0.895996,-5.798342,-13.793949,-3.784181,pick_and_place
701050,0.125244,-0.075806,-0.871216,-4.516602,-30.273445,0.427246,pick_and_place
701067,0.074097,-0.114502,-0.905518,-2.01416,-35.27832,2.319336,pick_and_place
701084,0.072021,-0.124023,-0.980469,-0.976563,-14.953617,-0.732422,pick_and_place
701100,-0.014893,-0.159546,-1.050049,-2.929688,-10.131836,0.610352,pick_and_place
701117,-0.070801,-0.183594,-1.080933,-5.065918,-1.403809,-0.183106,pick_and_place
701134,0.04834,-0.194092,-1.096436,-7.324221,15.808109,-7.20215,pick_and_place
701150,-0.092163,-0.216309,-1.161255,-10.192871,26.550301,0.305176,pick_and_place
701167,-0.00708,-0.249878,-1.154053,-13.854984,59.082047,-1.831055,pick_and_place
701184,0.064331,-0.279907,-1.141968,-17.883301,69.152832,-0.854492,pick_and_place
701201,0.2146,-0.296143,-1.106567,-27.465828,65.002441,1.037598,pick_and_place
701217,0.272705,-0.258423,-1.093506,-35.095215,37.902832,3.234864,pick_and_place
701234,0.249756,-0.232178,-1.105347,-37.963867,21.728516,5.859377,pick_and_place
701251,0.156982,-0.2323,-1.130249,-41.137695,4.699707,9.033203,pick_and_place
701267,0.096802,-0.227783,-1.088989,-45.410172,2.685547,11.230473,pick_and_place
701284,0.060425,-0.195801,-1.043945,-46.81398,10.681152,12.512211,pick_and_place
701301,0.06897,-0.178833,-1.039429,-47.363297,16.113281,13.000492,pick_and_place
701317,0.086426,-0.13269,-1.04541,-48.950211,21.728516,15.869144,pick_and_place
701334,0.154663,-0.129761,-1.021606,-50.048843,19.104004,19.104004,pick_and_place
701351,0.165894,-0.138672,-1.007324,-50.781265,14.831547,21.728516,pick_and_place
701367,0.16687,-0.118286,-1.006836,-51.330582,6.286623,25.878914,pick_and_place
701384,0.169922,-0.062622,-0.999634,-49.926773,-0.671387,31.616219,pick_and_place
701401,0.164307,-0.061035,-0.959961,-49.072281,-4.943848,39.611816,pick_and_place
701417,0.160522,-0.066772,-0.943848,-48.767105,-5.737307,42.84668,pick_and_place
701434,0.151489,-0.033813,-0.92627,-45.654312,-10.131836,46.81398,pick_and_place
701451,0.141479,0.005615,-0.915771,-42.907715,-10.559082,50.354019,pick_and_place
701467,0.140381,0.02124,-0.905151,-40.893555,-10.498047,53.527847,pick_and_place
701484,0.138184,0.026611,-0.891968,-37.353516,-8.850098,58.715836,pick_and_place
701501,0.165649,0.010986,-0.892212,-33.508301,-10.009766,59.814468,pick_and_place
701517,0.213135,0.032593,-0.889771,-30.029305,-14.953617,62.56105,pick_and_place
701534,0.223389,0.065918,-0.897583,-27.404793,-19.775391,64.086914,pick_and_place
701551,0.206421,0.061768,-0.9104,-23.986824,-28.19825,68.603516,pick_and_place
701567,0.162109,0.051392,-0.899414,-21.057129,-29.846199,73.242188,pick_and_place
701584,0.145508,0.052734,-0.893311,-19.65332,-28.686531,75.256348,pick_and_place
701601,0.126587,0.074463,-0.8927,-16.906738,-23.376472,78.918457,pick_and_place
701617,0.12146,0.092651,-0.901489,-14.099125,-13.854984,82.336426,pick_and_place
701634,0.130981,0.082153,-0.90686,-13.122562,-8.850098,83.862305,pick_and_place
701651,0.185791,0.067261,-0.907959,-13.000492,-0.915528,87.341309,pick_and_place
701667,0.265381,0.061401,-0.924561,-13.916019,-0.915528,91.247589,pick_and_place
701684,0.318848,0.094727,-0.944946,-15.686039,-10.131836,96.191437,pick_and_place
701701,0.31897,0.116333,-0.937744,-15.93018,-15.625004,98.571808,pick_and_place
701717,0.292236,0.168579,-0.903687,-15.319828,-24.230965,102.661163,pick_and_place
701734,0.276245,0.1698,-0.898682,-12.878422,-27.832039,105.468781,pick_and_place
701751,0.284302,0.15271,-0.895386,-12.207035,-28.015144,106.323273,pick_and_place
701768,0.300171,0.132568,-0.896606,-11.047363,-28.015144,108.032257,pick_and_place
701784,0.269287,0.156372,-0.912354,-9.338379,-25.207527,109.00882,pick_and_place
701801,0.223755,0.175537,-0.890991,-7.08008,-18.188477,111.755402,pick_and_place
701818,0.224854,0.194336,-0.884521,-4.02832,-13.122562,103.576691,pick_and_place
701834,0.275757,0.099487,-0.864502,-1.525879,-9.460449,108.154327,pick_and_place
701851,0.294067,0.089478,-0.903687,-2.01416,0.915528,106.750519,pick_and_place
701868,0.321899,0.077637,-0.927002,-2.990724,5.004883,106.567413,pick_and_place
701884,0.354858,0.072021,-0.930786,-2.01416,8.728027,105.651886,pick_and_place
701901,0.332031,0.089233,-0.896118,1.64795,10.314941,104.187042,pick_and_place
701918,0.4021,0.03125,-0.900146,1.831055,9.155273,101.074249,pick_and_place
701934,0.436157,0.011963,-0.907471,0.549316,4.516602,99.731476,pick_and_place
701951,0.423462,0.028809,-0.904541,-0.976563,-4.760742,96.618683,pick_and_place
701968,0.356201,0.032471,-0.894653,0.366211,-2.380371,92.102081,pick_and_place
701984,0.345947,0.02771,-0.909302,0.915528,0.0,90.148956,pick_and_place
702001,0.353149,0.026367,-0.931274,2.01416,8.361816,85.81543,pick_and_place
702018,0.42395,0.004028,-0.917969,3.051759,11.230473,82.885742,pick_and_place
702034,0.442627,-0.013672,-0.913208,2.746582,3.54004,79.467773,pick_and_place
702051,0.472412,-0.020386,-0.912231,5.310059,-6.347658,77.514648,pick_and_place
702068,0.35083,0.006836,-0.901001,5.615236,-8.789063,75.256348,pick_and_place
702084,0.374023,0.006714,-0.883057,8.911133,-3.66211,73.242188,pick_and_place
702101,0.348755,-0.017578,-0.884399,9.094238,-2.441406,72.692871,pick_and_place
702118,0.368408,-0.055786,-0.868042,9.765625,0.427246,70.43457,pick_and_place
702134,0.407959,-0.07312,-0.823486,10.498047,-2.563477,67.504883,pick_and_place
702151,0.402832,-0.064331,-0.831665,11.596684,-5.126953,65.063477,pick_and_place
702168,0.382446,-0.088135,-0.888672,14.404301,-9.338379,62.011734,pick_and_place
702184,0.368164,-0.123169,-0.896851,15.441898,-11.718754,57.678238,pick_and_place
702201,0.335327,-0.146484,-0.875122,14.953617,-11.840824,54.992691,pick_and_place
702218,0.315674,-0.147461,-0.886597,15.319828,-10.864258,53.894058,pick_and_place
702234,0.3125,-0.159546,-0.908936,14.587406,-9.094238,53.222672,pick_and_place
702251,0.301392,-0.168823,-0.925293,13.671879,-10.925293,50.415054,pick_and_place
702268,0.305908,-0.171997,-0.92395,12.390141,-12.878422,48.767105,pick_and_place
702284,0.260864,-0.165894,-0.944214,10.925293,-16.296387,44.555679,pick_and_place
702301,0.240479,-0.172974,-0.96521,9.82666,-13.122562,40.893555,pick_and_place
702318,0.236816,-0.182373,-0.969116,8.544922,-10.314941,38.085938,pick_and_place
702334,0.20813,-0.180176,-0.963867,7.690432,-9.94873,36.071777,pick_and_place
702351,0.199951,-0.180908,-0.989746,5.798342,-1.281738,30.09034,pick_and_place
702368,0.229614,-0.209106,-1.020264,4.394531,6.835939,27.038582,pick_and_place
702385,0.23999,-0.214722,-1.067749,3.906251,10.375977,25.329597,pick_and_place
702401,0.283325,-0.19165,-1.079346,3.723145,8.972168,21.66748,pick_and_place
702418,0.225342,-0.174805,-1.025269,3.66211,13.305668,17.63916,pick_and_place
702435,0.261475,-0.170044,-0.99646,5.676271,17.700195,12.817387,pick_and_place
702451,0.256226,-0.17688,-1.024536,7.812502,21.179199,9.460449,pick_and_place
702468,0.253662,-0.23291,-1.055054,8.666992,25.573738,4.394531,pick_and_place
702485,0.224243,-0.202148,-0.995239,7.08008,32.531738,-1.159668,pick_and_place
702501,0.198608,-0.169189,-0.962158,7.812502,38.452148,-4.577637,pick_and_place
702518,0.245728,-0.164917,-0.939819,7.263186,52.917496,-11.901859,pick_and_place
702535,0.352783,-0.196411,-0.963135,1.464844,55.297867,-13.549809,pick_and_place
702551,0.387329,-0.191895,-0.970215,-2.929688,45.776382,-14.526371,pick_and_place
702568,0.44165,-0.164307,-0.956787,-5.187988,36.865234,-13.366703,pick_and_place
702585,0.409302,-0.141235,-0.929321,-8.483887,16.540527,-8.422852,pick_and_place
702601,0.348267,-0.134155,-0.916992,-8.422852,6.896975,-7.568361,pick_and_place
702618,0.335815,-0.129883,-0.917236,-7.751467,6.774904,-8.544922,pick_and_place
702635,0.328735,-0.108765,-0.940552,-6.95801,8.361816,-9.887695,pick_and_place
702651,0.355835,-0.113037,-0.950439,-5.065918,10.559082,-9.765625,pick_and_place
702668,0.372192,-0.120972,-0.945068,-4.455566,10.437012,-8.789063,pick_and_place
702685,0.369507,-0.127563,-0.911255,-4.943848,7.08008,-7.20215,pick_and_place
702701,0.347046,-0.095215,-0.913696,-4.211426,3.479005,-7.507326,pick_and_place
702718,0.353027,-0.099731,-0.931152,-2.990724,1.525879,-5.859377,pick_and_place
702735,0.348145,-0.103516,-0.933594,-2.746582,1.159668,-5.432129,pick_and_place
702751,0.351929,-0.113159,-0.915649,-1.953125,0.427246,-4.577637,pick_and_place
702768,0.349365,-0.114624,-0.886108,-1.159668,-1.220703,-4.089355,pick_and_place
702785,0.34021,-0.108765,-0.883911,-0.427246,-1.281738,-3.967286,pick_and_place
702801,0.334961,-0.10437,-0.902466,1.281738,-0.610352,-4.211426,pick_and_place
702818,0.335327,-0.121582,-0.904297,1.586915,0.671387,-3.906251,pick_and_place
702835,0.336304,-0.123291,-0.911255,1.64795,1.464844,-3.234864,pick_and_place
702851,0.33606,-0.11792,-0.911987,1.403809,0.671387,-2.624512,pick_and_place
702868,0.314697,-0.098022,-0.909424,1.098633,-2.075195,-1.77002,pick_and_place
702885,0.317505,-0.111694,-0.915894,0.549316,-3.234864,-1.342773,pick_and_place
702901,0.320923,-0.119263,-0.921387,0.12207,-2.868653,-1.159668,pick_and_place
702918,0.321167,-0.116455,-0.937134,0.244141,-2.990724,-0.549316,pick_and_place
702935,0.312622,-0.117065,-0.935181,0.427246,-4.333496,0.427246,pick_and_place
702952,0.294556,-0.11084,-0.920654,1.281738,-3.356935,0.915528,pick_and_place
702968,0.302612,-0.113159,-0.915405,1.708985,-3.66211,1.037598,pick_and_place
702985,0.304688,-0.120728,-0.918457,1.64795,-4.394531,1.64795,pick_and_place
703002,0.293701,-0.120605,-0.922607,1.831055,-2.075195,2.01416,pick_and_place
703018,0.298218,-0.119995,-0.922485,1.77002,-0.854492,1.953125,pick_and_place
703035,0.313599,-0.115967,-0.922607,2.258301,-0.732422,2.197266,pick_and_place
703052,0.318604,-0.115723,-0.920654,2.563477,-4.455566,3.66211,pick_and_place
703068,0.312866,-0.11731,-0.918701,2.563477,-6.286623,4.516602,pick_and_place
703085,0.304321,-0.120605,-0.912964,2.563477,-6.225588,4.821777,pick_and_place
703102,0.30957,-0.11084,-0.923218,2.990724,-6.896975,5.310059,pick_and_place
703118,0.301147,-0.11438,-0.939941,3.54004,-5.554201,5.615236,pick_and_place
703135,0.301025,-0.123535,-0.936646,3.601075,-4.455566,5.676271,pick_and_place
703152,0.307983,-0.127808,-0.929565,3.356935,-2.746582,5.249023,pick_and_place
703168,0.313477,-0.132568,-0.925049,2.746582,-2.01416,5.187988,pick_and_place
703185,0.31958,-0.125488,-0.931274,2.685547,-1.525879,4.821777,pick_and_place
703202,0.339111,-0.11499,-0.940918,3.66211,-3.051759,4.455566,pick_and_place
703218,0.328369,-0.123779,-0.939575,4.394531,-4.333496,4.638672,pick_and_place
703235,0.326294,-0.123413,-0.916748,4.02832,-6.530764,5.126953,pick_and_place
703252,0.320068,-0.114502,-0.912231,4.089355,-8.178711,5.615236,pick_and_place
703268,0.291382,-0.116455,-0.919312,5.249023,-7.20215,6.286623,pick_and_place
703285,0.307129,-0.128662,-0.935181,6.469728,-4.760742,6.286623,pick_and_place
703302,0.325684,-0.129517,-0.947021,7.385256,-6.408693,6.469728,pick_and_place
703318,0.376953,-0.12439,-0.947144,8.544922,-18.005371,8.972168,pick_and_place
703335,0.365234,-0.130981,-0.908447,9.216309,-34.729004,15.075687,pick_and_place
703352,0.293701,-0.123657,-0.895386,11.230473,-44.189453,19.042969,pick_and_place
703368,0.240479,-0.122803,-0.893433,13.488773,-44.250504,19.958496,pick_and_place
703385,0.160645,-0.138306,-0.907715,17.51709,-34.851074,19.226074,pick_and_place
703402,0.157593,-0.174805,-0.930786,19.836426,-25.024422,17.456055,pick_and_place
703418,0.157715,-0.203491,-0.940674,20.263672,-20.751953,16.662598,pick_and_place
703435,0.233032,-0.250977,-0.932007,15.991215,-13.916019,14.28223,pick_and_place
703452,0.205933,-0.246338,-0.96228,12.329105,-10.192871,12.573246,pick_and_place
703468,0.213257,-0.252197,-0.972778,8.850098,-7.019045,8.239746,pick_and_place
703485,0.207031,-0.252808,-0.966675,7.812502,-4.760742,5.798342,pick_and_place
703502,0.23645,-0.248169,-0.950439,6.042482,0.671387,0.366211,pick_and_place
703518,0.252197,-0.261108,-0.952881,3.54004,-2.624512,-2.13623,pick_and_place
703535,0.197998,-0.244263,-0.94519,1.403809,-4.089355,-2.868653,pick_and_place
703552,0.12439,-0.194092,-0.951538,-0.488281,5.981447,-5.187988,pick_and_place
703569,0.167236,-0.228149,-0.964233,-2.075195,12.329105,-5.371094,pick_and_place
703585,0.163696,-0.229126,-0.956177,-2.075195,19.775391,-6.042482,pick_and_place
703602,0.215088,-0.231079,-0.949951,-2.685547,19.042969,-6.713869,pick_and_place
703619,0.239502,-0.223877,-0.989868,0.0,21.911621,-7.690432,pick_and_place
703635,0.265503,-0.221313,-0.987915,-6.042482,21.30127,-4.760742,pick_and_place
703652,0.281006,-0.205444,-0.973022,-6.591799,17.944336,-4.272461,pick_and_place
703669,0.307129,-0.204346,-0.947876,-7.08008,8.483887,-3.906251,pick_and_place
703685,0.314209,-0.199707,-0.927246,-8.300781,2.258301,-4.394531,pick_and_place
703702,0.317993,-0.190063,-0.92627,-8.483887,-1.281738,-3.601075,pick_and_place
703719,0.319946,-0.182983,-0.943237,-7.385256,-14.404301,-3.479005,pick_and_place
703735,0.282349,-0.171997,-0.965576,-7.324221,-23.071297,-4.516602,pick_and_place
703752,0.299072,-0.183716,-0.971069,-6.408693,-30.578621,-6.042482,pick_and_place
703769,0.238525,-0.169556,-0.97168,-6.896975,-28.747566,-5.981447,pick_and_place
703785,0.235962,-0.186035,-0.973999,-5.737307,-27.771004,-5.310059,pick_and_place
703802,0.175659,-0.1521,-0.996948,-8.422852,-14.770512,-6.530764,pick_and_place
703819,0.218262,-0.144775,-0.97229,-6.95801,-14.465336,-6.225588,pick_and_place
703835,0.236572,-0.129639,-0.945313,-6.042482,-23.742683,-7.324221,pick_and_place
703852,0.125854,-0.161255,-0.942383,-6.164553,-33.203125,-3.845216,pick_and_place
703869,0.051392,-0.169189,-0.982178,-7.263186,-24.658211,-6.042482,pick_and_place
703885,0.077759,-0.186157,-1.015869,-7.934572,-15.93018,-10.314941,pick_and_place
703902,0.265381,-0.147095,-0.949097,-2.01416,-8.178711,-11.535648,pick_and_place
703919,0.118286,-0.18042,-0.961914,-3.601075,-27.954109,-4.699707,pick_and_place
703935,0.02356,-0.157104,-0.991211,-5.798342,-21.728516,-4.272461,pick_and_place
703952,0.148438,-0.175171,-0.952271,-6.347658,-24.230965,-2.258301,pick_and_place
703969,0.019043,-0.184326,-0.973267,-8.483887,-37.414551,0.366211,pick_and_place
703985,-0.062012,-0.140137,-0.957397,-8.056641,-29.846199,1.403809,pick_and_place
704002,-0.104736,-0.189453,-0.966064,-10.192871,-19.775391,5.249023,pick_and_place
704019,-0.05127,-0.155273,-0.987427,-12.146,30.09034,-4.333496,pick_and_place
704035,0.117676,-0.186523,-0.911255,-17.700195,37.414551,7.812502,pick_and_place
704052,0.068604,-0.199341,-0.99292,-19.40918,32.409668,1.281738,pick_and_place
704069,0.309692,-0.20874,-1.002563,-22.460945,31.555183,-1.89209,pick_and_place
704085,0.183838,-0.137695,-1.01355,-23.559578,14.831547,-0.854492,pick_and_place
704102,0.164429,-0.131836,-1.028564,-21.484375,17.578125,-3.723145,pick_and_place
704119,0.154419,-0.103149,-1.02417,-19.40918,23.681648,-5.371094,pick_and_place
704136,0.167114,-0.102417,-0.987915,-16.052246,35.949707,-7.812502,pick_and_place
704152,0.210449,-0.110229,-0.969604,-15.991215,44.67775,-9.338379,pick_and_place
704169,0.231079,-0.105347,-0.963257,-16.601563,47.546402,-10.192871,pick_and_place
704186,0.341553,-0.094604,-1.00293,-17.150879,42.96875,-11.169437,pick_and_place
704202,0.274292,-0.075317,-1.015015,-16.174316,27.099617,-12.451176,pick_and_place
704219,0.271973,-0.064697,-1.019897,-15.808109,29.113777,-14.343266,pick_and_place
704236,0.3927,-0.069458,-1.008179,-15.197758,27.160652,-18.249512,pick_and_place
704252,0.369629,-0.067139,-0.995117,-15.197758,29.174812,-20.507813,pick_and_place
704269,0.413452,-0.056885,-0.989502,-15.380863,30.395515,-25.878914,pick_and_place
704286,0.415771,-0.049683,-0.981812,-15.136723,29.663094,-28.625496,pick_and_place
704302,0.436401,-0.039185,-0.963379,-14.709476,31.616219,-32.836914,pick_and_place
704319,0.470947,-0.032104,-0.952393,-13.366703,27.465828,-38.574219,pick_and_place
704336,0.489258,-0.046753,-0.952881,-14.28223,24.230965,-39.611816,pick_and_place
704352,0.502808,-0.029175,-0.931396,-15.747074,11.962894,-44.79982,pick_and_place
704369,0.460938,-0.002686,-0.932739,-15.991215,6.835939,-47.973648,pick_and_place
704386,0.421021,0.014526,-0.921143,-13.427738,10.620117,-52.307144,pick_and_place
704402,0.414429,0.017944,-0.914795,-12.26807,18.066406,-54.62648,pick_and_place
704419,0.470947,0.016479,-0.884399,-10.192871,28.991707,-58.105484,pick_and_place
704436,0.505127,0.013062,-0.841675,-8.056641,22.888191,-61.035172,pick_and_place
704452,0.490723,0.03125,-0.830933,-7.995607,19.65332,-64.086914,pick_and_place
704469,0.504639,0.056396,-0.842407,-6.408693,10.192871,-69.824219,pick_and_place
704486,0.508057,0.053833,-0.868652,-4.516602,2.746582,-74.523926,pick_and_place
704502,0.512817,0.029297,-0.859497,-2.380371,2.075195,-78.369141,pick_and_place
704519,0.506226,0.035522,-0.838623,-2.01416,1.037598,-80.078125,pick_and_place
704536,0.475464,0.076294,-0.82605,-1.953125,-1.098633,-83.496094,pick_and_place
704552,0.451782,0.104126,-0.823364,-0.671387,-1.77002,-87.585449,pick_and_place
704569,0.440674,0.106812,-0.823853,-0.244141,0.671387,-88.928253,pick_and_place
704586,0.456543,0.105347,-0.838745,0.549316,4.150391,-92.590363,pick_and_place
704602,0.425903,0.130005,-0.842285,1.220703,5.676271,-95.39798,pick_and_place
704619,0.411133,0.151001,-0.844849,3.234864,9.887695,-97.167999,pick_and_place
704636,0.411255,0.168579,-0.857422,4.150391,11.779789,-97.29007,pick_and_place
704652,0.399414,0.173462,-0.865479,6.042482,14.953617,-97.351105,pick_and_place
704669,0.340454,0.194092,-0.834717,7.324221,20.751953,-97.900421,pick_and_place
704702,0.301147,0.258789,-0.799194,11.474613,31.98243,-99.121124,pick_and_place
704719,0.321533,0.253906,-0.843018,14.892582,36.010742,-97.473175,pick_and_place
704736,0.34021,0.250488,-0.860352,16.296387,36.621094,-96.740753,pick_and_place
704753,0.339478,0.226196,-0.870605,18.127441,36.621094,-94.482452,pick_and_place
704769,0.333862,0.2323,-0.857178,20.141602,37.29248,-91.73587,pick_and_place
704786,0.341187,0.252686,-0.849487,22.39991,38.574219,-88.623077,pick_and_place
704803,0.36792,0.249756,-0.847778,24.108894,33.935547,-85.327148,pick_and_place
704819,0.363525,0.23938,-0.840454,24.230965,33.081055,-82.15332,pick_and_place
704836,0.366333,0.217041,-0.863159,24.475105,38.085938,-81.176758,pick_and_place
704853,0.356567,0.219727,-0.851318,25.329597,41.992188,-82.275391,pick_and_place
704869,0.41333,0.244873,-0.801758,26.550301,41.870117,-79.528809,pick_and_place
704886,0.444214,0.250732,-0.805786,30.21241,32.104492,-75.866699,pick_and_place
704903,0.427002,0.230225,-0.794434,32.531738,22.216805,-74.157715,pick_and_place
704919,0.416016,0.235718,-0.790161,33.569336,19.165039,-74.584961,pick_and_place
704936,0.364014,0.216431,-0.817993,35.949707,18.249512,-74.707031,pick_and_place
704953,0.36792,0.186523,-0.825073,35.583496,17.272949,-72.692871,pick_and_place
704969,0.37439,0.187256,-0.811035,35.27832,15.136723,-71.350098,pick_and_place
704986,0.35144,0.187866,-0.781616,34.851074,11.840824,-68.17627,pick_and_place
705003,0.336914,0.173462,-0.830688,34.851074,10.009766,-66.101074,pick_and_place
705019,0.347656,0.143188,-0.849731,33.203125,2.441406,-62.866226,pick_and_place
705036,0.337891,0.140381,-0.847168,33.02002,-2.624512,-61.523453,pick_and_place
705053,0.265259,0.146118,-0.848511,33.26416,-5.981447,-59.631363,pick_and_place
705069,0.27063,0.148193,-0.908813,32.897949,-4.455566,-57.250992,pick_and_place
705086,0.28894,0.133179,-0.947388,32.043457,-5.065918,-54.74855,pick_and_place
705103,0.281738,0.126831,-0.963013,29.602058,-7.507326,-48.400894,pick_and_place
705119,0.232178,0.162231,-0.946777,27.648933,-4.882813,-43.334961,pick_and_place
705136,0.21875,0.172119,-0.948853,26.550301,9.643555,-40.161133,pick_and_place
705153,0.26416,0.147583,-0.995605,26.123055,15.258793,-39.001465,pick_and_place
705169,0.337158,0.115845,-0.99231,24.292,20.263672,-36.743164,pick_and_place
705186,0.359253,0.152222,-0.927979,22.338875,20.019531,-33.630371,pick_and_place
705203,0.345825,0.16687,-0.903564,21.911621,19.226074,-32.714844,pick_and_place
705219,0.30896,0.15564,-0.897217,22.705086,22.033691,-32.043457,pick_and_place
705236,0.352417,0.142578,-0.918579,23.864754,25.329597,-31.188972,pick_and_place
705253,0.396851,0.146118,-0.91272,24.658211,25.329597,-29.846199,pick_and_place
705269,0.444092,0.156128,-0.87793,24.841316,14.221195,-24.41407,pick_and_place
705286,0.366577,0.151611,-0.858643,24.292,2.929688,-20.507813,pick_and_place
705303,0.307007,0.137573,-0.887695,26.550301,0.061035,-20.629883,pick_and_place
705320,0.321289,0.129395,-0.915283,27.832039,1.953125,-21.179199,pick_and_place
705336,0.355591,0.116333,-0.948486,29.785164,7.141115,-21.240234,pick_and_place
705353,0.390991,0.089478,-0.920288,30.151375,7.019045,-19.470215,pick_and_place
705370,0.407471,0.071899,-0.919556,29.724129,0.061035,-18.371582,pick_and_place
705386,0.382568,0.067017,-0.918213,28.625496,-22.338875,-17.456055,pick_and_place
705403,0.293579,0.059937,-0.934326,28.808601,-39.18457,-17.700195,pick_and_place
705420,0.209106,0.02832,-0.977539,30.151375,-36.987305,-18.798828,pick_and_place
705436,0.199951,0.02832,-1.004761,30.395515,-35.583496,-20.874023,pick_and_place
705453,0.205811,0.001099,-1.031006,27.526863,-41.625977,-14.404301,pick_and_place
705470,0.143555,0.005005,-1.030762,25.512703,-47.119156,-10.925293,pick_and_place
705486,0.117798,0.00647,-1.027954,24.719246,-46.569839,-9.338379,pick_and_place
705503,0.088501,-0.000122,-1.054932,22.766121,-38.879395,-7.507326,pick_and_place
705520,0.091064,-0.030518,-1.074219,20.385742,-27.954109,-5.432129,pick_and_place
705536,0.10791,-0.007568,-1.059448,18.676758,-20.690918,-3.601075,pick_and_place
705553,0.11499,-0.003906,-1.052856,18.188477,-18.432617,-2.258301,pick_and_place
705570,0.129272,-0.010132,-1.059448,16.906738,-14.343266,0.183106,pick_and_place
705586,0.163086,-0.023926,-1.036987,14.709476,-16.052246,3.54004,pick_and_place
705603,0.146362,-0.016968,-1.027222,13.000492,-18.310547,5.493164,pick_and_place
705620,0.09082,0.004272,-1.04834,10.803223,-17.456055,6.713869,pick_and_place
705636,0.133423,-0.034058,-1.042725,9.460449,-9.033203,7.385256,pick_and_place
705653,0.145874,-0.053833,-1.018066,8.117676,-2.502441,7.08008,pick_and_place
705670,0.149048,-0.042114,-1.014282,6.95801,-2.01416,7.629396,pick_and_place
705686,0.158325,-0.016602,-0.987549,7.812502,2.746582,6.835939,pick_and_place
705703,0.166016,0.001221,-0.987183,7.263186,-1.220703,8.972168,pick_and_place
705720,0.1521,0.011719,-0.974243,8.666992,0.305176,9.277344,pick_and_place
705736,0.119019,0.005859,-0.921753,11.962894,8.850098,8.422852,pick_and_place
705753,0.167725,0.017456,-0.916016,13.183598,12.512211,8.361816,pick_and_place
705770,0.191162,0.016113,-0.926147,13.366703,10.437012,8.972168,pick_and_place
705786,0.276001,0.006348,-0.954712,15.808109,-2.258301,7.751467,pick_and_place
705803,0.213867,-0.00293,-0.949463,14.770512,-13.000492,10.437012,pick_and_place
705820,0.17981,0.012695,-0.970459,15.869144,-11.962894,10.742188,pick_and_place
705836,0.174194,0.004761,-0.974731,16.784668,-9.765625,11.108402,pick_and_place
705853,0.217163,-0.021484,-1.024292,15.441898,-5.432129,7.141115,pick_and_place
705870,0.226807,-0.021606,-1.03125,14.404301,-7.019045,5.981447,pick_and_place
705886,0.199829,-0.015381,-1.006348,14.03809,-6.835939,5.615236,pick_and_place
705903,0.144287,-0.012207,-0.964844,13.488773,-1.89209,4.02832,pick_and_place
705920,0.218872,-0.056885,-1.010864,10.192871,-1.464844,2.258301,pick_and_place
705937,0.199097,-0.038208,-1.04541,8.972168,-2.441406,1.281738,pick_and_place
705953,0.174683,-0.038696,-1.052856,6.347658,-0.183106,1.77002,pick_and_place
705970,0.234253,-0.08667,-1.075928,6.530764,-0.183106,-0.061035,pick_and_place
705987,0.175293,-0.061035,-1.040527,7.20215,0.854492,-3.051759,pick_and_place
706003,0.156616,-0.038452,-1.01062,7.873537,4.943848,-5.126953,pick_and_place
706020,0.186768,-0.014893,-0.966064,6.103518,12.329105,-7.141115,pick_and_place
706037,0.203735,-0.058838,-0.980103,4.394531,8.728027,-6.95801,pick_and_place
706053,0.226196,-0.071655,-1.001709,1.281738,3.723145,-6.774904,pick_and_place
706070,0.249634,-0.051514,-1.0,0.610352,-1.281738,-7.08008,pick_and_place
706087,0.23938,-0.008057,-0.977661,0.0,-8.178711,-5.981447,pick_and_place
706103,0.219849,-0.015625,-0.984497,-0.610352,-9.70459,-3.234864,pick_and_place
706120,0.190308,-0.029053,-0.990356,-1.159668,-7.08008,-2.563477,pick_and_place
706137,0.168091,-0.00415,-0.982178,-0.671387,3.112794,-4.333496,pick_and_place
706153,0.186646,-0.014648,-0.965088,0.183106,7.873537,-3.356935,pick_and_place
706170,0.192261,-0.024048,-0.952881,0.061035,9.277344,-3.41797,pick_and_place
706187,0.230713,-0.0271,-0.927734,0.671387,8.178711,-3.66211,pick_and_place
706203,0.224243,-0.013794,-0.941528,1.77002,6.042482,-2.990724,pick_and_place
706220,0.241943,-0.003296,-0.956787,1.831055,2.258301,-2.502441,pick_and_place
706237,0.226074,0.000732,-0.95874,2.319336,1.708985,-1.708985,pick_and_place
706253,0.216309,-0.003662,-0.941895,4.394531,1.342773,-0.854492,pick_and_place
706270,0.206787,-0.008179,-0.94165,6.103518,2.319336,-0.732422,pick_and_place
706287,0.207642,-0.010742,-0.945068,6.713869,2.746582,-0.793457,pick_and_place
706303,0.179077,-0.005737,-0.932373,7.995607,4.02832,-0.549316,pick_and_place
706320,0.182251,-0.012085,-0.920776,9.521484,7.20215,-0.671387,pick_and_place
706337,0.233398,-0.043701,-0.937988,9.094238,3.601075,0.0,pick_and_place
706353,0.245239,-0.044434,-0.951904,8.850098,0.366211,0.12207,pick_and_place
706370,0.231079,-0.031738,-0.96582,8.605957,-4.211426,0.793457,pick_and_place
706387,0.184082,-0.033447,-0.960938,9.643555,-3.54004,2.075195,pick_and_place
706403,0.174316,-0.053223,-0.965088,10.131836,-1.342773,1.525879,pick_and_place
706420,0.181763,-0.071167,-0.970947,9.277344,2.868653,0.427246,pick_and_place
706437,0.197876,-0.053101,-0.970825,8.239746,4.02832,0.488281,pick_and_place
706453,0.203857,-0.05127,-0.976318,8.117676,3.906251,0.976563,pick_and_place
706470,0.202271,-0.064087,-0.975098,7.995607,3.845216,0.976563,pick_and_place
706487,0.172729,-0.06958,-0.984131,7.751467,8.056641,-0.305176,pick_and_place
706503,0.194824,-0.060547,-0.987915,8.483887,16.845703,-2.990724,pick_and_place
706520,0.217651,-0.056885,-0.992554,8.728027,19.836426,-3.234864,pick_and_place
706537,0.237305,-0.081543,-0.984253,9.277344,24.902351,-3.784181,pick_and_place
706554,0.259766,-0.102661,-0.96582,7.690432,27.648933,-4.699707,pick_and_place
706570,0.298706,-0.089966,-0.955566,5.798342,23.559578,-3.112794,pick_and_place
706587,0.320435,-0.087036,-0.952026,4.943848,19.042969,-2.319336,pick_and_place
706604,0.3302,-0.094971,-0.932495,3.234864,5.554201,0.061035,pick_and_place
706620,0.270874,-0.097412,-0.934937,2.075195,-3.234864,1.403809,pick_and_place
706637,0.243652,-0.085571,-0.935669,1.953125,-3.295899,0.488281,pick_and_place
706654,0.251709,-0.074829,-0.948608,3.54004,-3.845216,-0.915528,pick_and_place
706670,0.237793,-0.076416,-0.952515,2.197266,-2.746582,-0.12207,pick_and_place
706687,0.245239,-0.085083,-0.956299,2.807618,1.220703,-1.220703,pick_and_place
706704,0.27002,-0.10376,-0.943359,2.075195,0.549316,-1.64795,pick_and_place
706720,0.284546,-0.086914,-0.944336,2.258301,-2.441406,-1.098633,pick_and_place
706737,0.225708,-0.098633,-0.997681,2.502441,-2.502441,-0.488281,pick_and_place
706754,0.233643,-0.121704,-1.009644,2.807618,1.403809,-2.01416,pick_and_place
706770,0.297363,-0.113403,-1.004883,-0.854492,0.244141,-2.258301,pick_and_place
706787,0.228271,-0.093262,-0.986572,-1.64795,2.258301,-3.906251,pick_and_place
706804,0.246338,-0.071045,-0.972168,-1.342773,6.95801,-5.249023,pick_and_place
706820,0.278564,-0.047241,-0.967407,-2.075195,1.89209,-0.183106,pick_and_place
706837,0.224121,-0.0896,-0.926758,-3.723145,-2.441406,0.305176,pick_and_place
706854,0.271484,-0.062134,-1.015137,-6.225588,-0.732422,-1.464844,pick_and_place
706870,0.297363,-0.063354,-1.015381,-4.516602,-5.493164,-1.342773,pick_and_place
706887,0.235107,-0.079956,-0.985718,-6.530764,-5.187988,0.12207,pick_and_place
706904,0.21582,-0.075928,-0.964478,-7.873537,-1.89209,1.64795,pick_and_place
706920,0.214966,-0.073608,-0.954712,-7.690432,1.464844,1.098633,pick_and_place
706937,0.244629,-0.058838,-0.965332,-4.516602,5.371094,-0.12207,pick_and_place
706954,0.254395,-0.064941,-0.979492,-2.258301,2.258301,-1.708985,pick_and_place
706970,0.152588,-0.057373,-0.898804,-2.624512,5.737307,-0.671387,pick_and_place
706987,0.101685,-0.033569,-0.880127,-1.037598,15.563969,-0.427246,pick_and_place
707004,0.277832,-0.105225,-0.892578,-1.403809,39.18457,-7.141115,pick_and_place
707020,0.321167,-0.068481,-0.861938,7.263186,28.808601,-7.629396,pick_and_place
707037,0.452148,-0.127075,-0.874268,7.324221,18.554688,-6.95801,pick_and_place
707054,0.290771,-0.162598,-0.95166,-2.563477,-11.901859,-3.967286,pick_and_place
707070,0.192871,-0.11792,-0.990967,-1.831055,-4.394531,-8.789063,pick_and_place
707087,0.256104,-0.138916,-0.965454,-2.685547,2.685547,-10.559082,pick_and_place
707104,0.301025,-0.133301,-0.96167,-3.906251,5.737307,-9.58252,pick_and_place
707121,0.328857,-0.105225,-0.938721,-9.277344,1.77002,-4.638672,pick_and_place
707137,0.280273,-0.140869,-0.991577,-14.28223,8.972168,-6.835939,pick_and_place
707154,0.306152,-0.138184,-1.031738,-16.845703,3.784181,-7.507326,pick_and_place
707171,0.250244,-0.151489,-1.056519,-21.850586,3.051759,-7.873537,pick_and_place
707187,0.247314,-0.089233,-1.062378,-27.282722,13.244633,-8.361816,pick_and_place
707204,0.319214,-0.068726,-1.075684,-30.09034,5.126953,-3.967286,pick_and_place
707221,0.272095,-0.073975,-1.036621,-31.066902,8.544922,-2.990724,pick_and_place
707237,0.30188,-0.080811,-1.048828,-34.240723,9.399414,-0.610352,pick_and_place
707254,0.2677,-0.059204,-1.014282,-35.461426,7.568361,1.403809,pick_and_place
707271,0.237427,-0.0354,-1.002197,-35.339355,10.314941,1.953125,pick_and_place
707287,0.25061,0.002319,-0.99939,-34.729004,15.563969,1.586915,pick_and_place
707304,0.314331,0.013794,-0.988159,-34.118652,16.906738,3.967286,pick_and_place
707321,0.335938,0.005005,-0.970215,-33.874512,14.526371,5.432129,pick_and_place
707337,0.330078,-0.01123,-0.947144,-33.081055,7.08008,7.019045,pick_and_place
707354,0.307739,-0.01001,-0.927124,-33.752441,3.66211,6.774904,pick_and_place
707371,0.282471,0.012695,-0.92749,-34.484863,3.051759,7.507326,pick_and_place
707387,0.271851,0.016357,-0.93457,-34.545898,3.967286,7.629396,pick_and_place
707404,0.293579,-0.011963,-0.95874,-34.057617,3.479005,8.483887,pick_and_place
707421,0.307861,-0.012939,-0.981445,-33.325195,-2.868653,9.70459,pick_and_place
707437,0.28894,-0.018677,-0.987793,-32.165527,-5.676271,11.047363,pick_and_place
707454,0.222412,-0.015137,-0.976807,-31.066902,-6.347658,13.671879,pick_and_place
707471,0.173584,-0.028442,-0.989502,-29.357918,3.173829,14.404301,pick_and_place
707487,0.230469,-0.085205,-0.974487,-30.21241,7.751467,15.380863,pick_and_place
707504,0.238647,-0.104248,-0.969727,-31.616219,7.568361,16.601563,pick_and_place
707521,0.241577,-0.032227,-0.989746,-35.27832,5.065918,21.42334,pick_and_place
707537,0.255859,0.051758,-1.009521,-35.217285,-1.953125,28.747566,pick_and_place
707554,0.271118,0.056396,-1.012817,-33.569336,-8.117676,31.98243,pick_and_place
707571,0.276001,0.007202,-0.992188,-31.616219,-18.554688,39.0625,pick_and_place
707587,0.237671,0.038086,-0.952393,-33.14209,-22.033691,46.325699,pick_and_place
707604,0.216309,0.100098,-0.92749,-31.799324,-21.240234,52.673355,pick_and_place
707621,0.208496,0.109131,-0.929321,-32.958984,-16.723633,55.358902,pick_and_place
707637,0.286133,0.095215,-0.939331,-34.118652,-12.878422,62.622086,pick_and_place
707654,0.331299,0.061279,-0.92981,-34.973145,-21.728516,65.979004,pick_and_place
707671,0.32605,0.072266,-0.924072,-36.682129,-24.108894,68.786621,pick_and_place
707687,0.322266,0.155762,-0.908691,-36.010742,-31.616219,72.08252,pick_and_place
707704,0.285645,0.196899,-0.884399,-35.949707,-32.165527,77.148438,pick_and_place
707721,0.266724,0.208984,-0.877686,-35.03418,-29.235847,81.604004,pick_and_place
707738,0.255615,0.185059,-0.866699,-33.691406,-26.18409,83.312988,pick_and_place
707754,0.272949,0.187012,-0.853516,-33.508301,-18.310547,86.608887,pick_and_place
707771,0.319458,0.235474,-0.868042,-32.226563,-12.02393,89.355499,pick_and_place
707788,0.361816,0.252319,-0.87085,-31.005867,-11.474613,91.064484,pick_and_place
707804,0.434326,0.236572,-0.861816,-28.32032,-17.578125,94.177277,pick_and_place
707821,0.446411,0.199585,-0.834229,-27.526863,-28.015144,95.39798,pick_and_place
707838,0.422729,0.19519,-0.828369,-27.465828,-30.700691,94.970734,pick_and_place
707854,0.36499,0.21521,-0.837891,-26.794441,-26.550301,92.773468,pick_and_place
707871,0.348877,0.247803,-0.864746,-24.353035,-14.709476,89.782745,pick_and_place
707888,0.424316,0.230469,-0.875977,-20.751953,-6.103518,88.256836,pick_and_place
707904,0.470825,0.211548,-0.866577,-19.836426,-7.507326,88.195801,pick_and_place
707921,0.488647,0.189209,-0.816772,-19.592285,-18.859863,91.125519,pick_and_place
707938,0.47168,0.225342,-0.799194,-14.221195,-35.27832,88.07373,pick_and_place
707954,0.423584,0.199585,-0.800903,-18.188477,-38.94043,93.139679,pick_and_place
707971,0.344727,0.263672,-0.84375,-13.427738,-32.714844,87.585449,pick_and_place
707988,0.408447,0.227417,-0.856445,-10.253906,-28.381355,86.608887,pick_and_place
708004,0.447144,0.193481,-0.848022,-7.019045,-31.799324,86.181641,pick_and_place
708021,0.457886,0.195679,-0.8479,-4.882813,-36.499023,85.81543,pick_and_place
708038,0.40979,0.213135,-0.8479,-0.793457,-47.790543,85.144043,pick_and_place
708054,0.325439,0.218506,-0.852661,3.356935,-45.043961,82.641602,pick_and_place
708071,0.306396,0.202759,-0.858032,5.187988,-39.367676,81.665039,pick_and_place
708088,0.314819,0.184692,-0.86499,7.873537,-30.21241,80.322266,pick_and_place
708104,0.373901,0.162354,-0.869019,9.399414,-28.625496,80.566406,pick_and_place
708121,0.398682,0.141846,-0.857666,11.352543,-36.010742,82.15332,pick_and_place
708138,0.37793,0.127197,-0.849976,12.512211,-40.405273,82.458496,pick_and_place
708154,0.293457,0.130005,-0.833862,15.747074,-42.663574,81.176758,pick_and_place
708171,0.23999,0.103394,-0.863525,20.385742,-30.395515,76.721191,pick_and_place
708188,0.243652,0.081421,-0.892944,22.52198,-22.583015,74.035645,pick_and_place
708204,0.301025,0.023682,-0.90564,23.803719,-11.657719,71.960449,pick_and_place
708221,0.353394,-0.000732,-0.893311,23.498543,-7.446291,71.960449,pick_and_place
708238,0.334961,-0.005859,-0.882324,23.010262,-7.141115,72.32666,pick_and_place
708254,0.273682,-0.000122,-0.880981,23.071297,-5.554201,70.861816,pick_and_place
708271,0.288208,-0.016968,-0.90686,22.766121,-2.075195,66.223145,pick_and_place
708288,0.322632,-0.065063,-0.954224,20.019531,-0.305176,61.096207,pick_and_place
708305,0.327393,-0.075439,-0.971313,20.019531,1.525879,58.715836,pick_and_place
708321,0.389893,-0.108765,-0.95874,16.601563,-4.272461,56.030289,pick_and_place
708338,0.393555,-0.109619,-0.943726,12.939457,-13.610844,52.124039,pick_and_place
708355,0.363037,-0.115479,-0.943604,12.146,-17.63916,49.560562,pick_and_place
708371,0.265381,-0.117676,-0.9646,14.343266,-16.540527,42.785645,pick_and_place
708388,0.215698,-0.130737,-0.974609,20.324707,-1.525879,37.902832,pick_and_place
708405,0.244385,-0.116577,-0.958984,20.080566,20.507813,32.531738,pick_and_place
708421,0.300293,-0.128052,-0.942871,19.897461,25.756844,31.250008,pick_and_place
708438,0.363281,-0.153687,-0.903687,18.005371,20.446777,32.226563,pick_and_place
708455,0.305786,-0.119385,-0.883057,16.174316,3.295899,33.26416,pick_and_place
708471,0.250977,-0.102661,-0.878418,16.784668,-0.854492,33.813477,pick_and_place
708488,0.204102,-0.109009,-0.897217,19.775391,-3.234864,31.005867,pick_and_place
708505,0.179688,-0.153442,-0.942993,21.179199,-2.380371,28.19825,pick_and_place
708521,0.133057,-0.160767,-0.956177,21.057129,3.051759,27.404793,pick_and_place
708538,0.138916,-0.15918,-0.951294,20.385742,9.460449,25.024422,pick_and_place
708555,0.214478,-0.203125,-0.943359,17.822266,19.226074,24.047859,pick_and_place
708571,0.235229,-0.259399,-1.082397,12.329105,35.583496,20.690918,pick_and_place
708588,0.312378,-0.276978,-1.119995,7.446291,38.085938,18.188477,pick_and_place
708605,0.328613,-0.248779,-1.12854,1.525879,33.38623,16.235352,pick_and_place
708621,0.222656,-0.21814,-1.051025,-2.258301,38.269043,9.70459,pick_and_place
708638,0.275391,-0.196899,-0.99646,-1.953125,49.438492,1.281738,pick_and_place
708655,0.314697,-0.203003,-0.962158,-1.708985,48.278824,-0.610352,pick_and_place
708671,0.322388,-0.155884,-0.933228,-2.441406,41.809082,-4.211426,pick_and_place
708688,0.328003,-0.152832,-0.979736,0.610352,43.09082,-5.859377,pick_and_place
708705,0.353882,-0.19397,-0.966187,0.549316,42.480469,-5.126953,pick_and_place
708721,0.365112,-0.224609,-0.896606,-6.713869,37.04834,-4.089355,pick_and_place
708738,0.392456,-0.123413,-0.869263,-10.131836,25.878914,-3.234864,pick_and_place
708755,0.376099,-0.081909,-0.883057,-9.70459,20.996094,0.305176,pick_and_place
708771,0.361572,-0.084839,-0.959595,-5.126953,18.798828,1.281738,pick_and_place
708788,0.367798,-0.141968,-0.960205,-5.493164,20.080566,5.187988,pick_and_place
708805,0.376709,-0.118408,-0.894653,-5.859377,21.057129,5.859377,pick_and_place
708821,0.399536,-0.099609,-0.888306,-5.004883,18.615723,5.859377,pick_and_place
708838,0.446411,-0.104614,-0.916504,-3.479005,11.169437,7.324221,pick_and_place
708855,0.461914,-0.137207,-0.965088,-3.112794,4.150391,8.850098,pick_and_place
708871,0.438354,-0.152222,-0.960205,-4.089355,2.685547,9.155273,pick_and_place
708888,0.408203,-0.143066,-0.918701,-6.164553,2.807618,7.385256,pick_and_place
708905,0.415161,-0.112183,-0.890869,-5.859377,5.065918,5.310059,pick_and_place
708922,0.45459,-0.098633,-0.90564,-3.601075,5.615236,3.601075,pick_and_place
708938,0.460205,-0.11084,-0.925415,-2.13623,4.211426,3.479005,pick_and_place
708955,0.424927,-0.137085,-0.935059,-0.732422,2.868653,3.295899,pick_and_place
708972,0.391968,-0.121948,-0.90686,0.244141,5.859377,1.403809,pick_and_place
708988,0.394897,-0.115479,-0.888916,0.793457,6.896975,0.12207,pick_and_place
709005,0.425049,-0.109375,-0.868896,2.319336,5.859377,-1.342773,pick_and_place
709022,0.470215,-0.123169,-0.869751,4.333496,1.708985,-1.953125,pick_and_place
709038,0.460327,-0.13501,-0.859375,4.882813,-5.615236,-1.586915,pick_and_place
709055,0.438477,-0.128296,-0.863281,4.943848,-8.728027,-1.159668,pick_and_place
709072,0.407593,-0.123047,-0.881348,5.371094,-12.634281,-0.061035,pick_and_place
709088,0.405029,-0.144043,-0.887939,7.019045,-15.502934,0.732422,pick_and_place
709105,0.391113,-0.143188,-0.886597,6.774904,-16.113281,0.793457,pick_and_place
709122,0.362305,-0.144653,-0.876099,6.469728,-12.695316,0.0,pick_and_place
709138,0.35083,-0.147705,-0.859985,5.920412,-6.164553,-0.793457,pick_and_place
709155,0.371582,-0.131104,-0.88855,6.469728,-3.295899,-1.464844,pick_and_place
709172,0.386963,-0.135742,-0.907837,7.385256,-4.638672,-1.586915,pick_and_place
709188,0.376099,-0.152344,-0.907715,7.568361,-8.300781,-0.610352,pick_and_place
709205,0.351074,-0.152832,-0.895142,7.568361,-9.765625,-0.244141,pick_and_place
709222,0.349121,-0.158081,-0.887695,7.20215,-9.94873,-0.183106,pick_and_place
709238,0.35437,-0.147217,-0.89563,6.164553,-10.803223,0.12207,pick_and_place
709255,0.362915,-0.152344,-0.913696,6.347658,-12.207035,0.244141,pick_and_place
709272,0.358521,-0.163452,-0.918579,5.981447,-12.817387,0.732422,pick_and_place
709288,0.348877,-0.164429,-0.921631,5.004883,-12.756351,1.281738,pick_and_place
709305,0.338989,-0.158325,-0.910889,4.943848,-11.657719,1.159668,pick_and_place
709322,0.332886,-0.154663,-0.918701,5.493164,-10.009766,0.732422,pick_and_place
709338,0.329224,-0.156006,-0.928345,5.920412,-9.155273,0.671387,pick_and_place
709355,0.324829,-0.174438,-0.920898,5.554201,-7.385256,0.061035,pick_and_place
709372,0.346558,-0.186279,-0.905151,3.723145,-7.20215,0.061035,pick_and_place
709388,0.346558,-0.183105,-0.907349,3.173829,-7.690432,0.12207,pick_and_place
709405,0.332153,-0.177856,-0.922119,2.624512,-7.568361,0.0,pick_and_place
709422,0.321167,-0.176636,-0.924194,2.13623,-5.615236,-0.549316,pick_and_place
709438,0.317627,-0.175659,-0.915894,1.831055,-2.685547,-1.586915,pick_and_place
709455,0.320801,-0.173584,-0.911011,1.64795,-1.953125,-1.89209,pick_and_place
709472,0.32251,-0.162231,-0.91687,1.708985,-2.868653,-2.319336,pick_and_place
709488,0.324707,-0.163574,-0.922729,2.441406,-4.150391,-2.01416,pick_and_place
709505,0.329346,-0.166504,-0.920044,2.685547,-5.065918,-1.831055,pick_and_place
709522,0.312378,-0.165771,-0.913208,2.990724,-6.408693,-1.342773,pick_and_place
709539,0.304443,-0.169556,-0.906006,3.54004,-5.249023,-1.403809,pick_and_place
709555,0.329956,-0.164673,-0.927856,3.967286,-7.873537,-1.037598,pick_and_place
709572,0.328735,-0.167114,-0.930054,4.638672,-9.94873,-0.183106,pick_and_place
709589,0.319946,-0.175415,-0.931152,5.676271,-12.329105,1.464844,pick_and_place
709605,0.285889,-0.180664,-0.933105,5.737307,-11.535648,1.953125,pick_and_place
709622,0.269165,-0.182617,-0.937378,5.798342,-7.385256,1.220703,pick_and_place
709639,0.296265,-0.182495,-0.955688,5.065918,2.01416,-1.342773,pick_and_place
709655,0.354492,-0.195313,-0.945313,4.577637,-0.732422,-0.366211,pick_and_place
709672,0.334106,-0.19873,-0.934448,3.356935,-7.385256,1.403809,pick_and_place
709689,0.315308,-0.193481,-0.933105,3.051759,-7.873537,1.464844,pick_and_place
709705,0.309204,-0.181885,-0.940918,3.051759,-5.065918,-0.183106,pick_and_place
709722,0.330566,-0.199829,-0.960449,1.77002,-5.371094,0.0,pick_and_place
709739,0.3479,-0.20166,-0.965942,0.671387,-8.361816,0.610352,pick_and_place
709755,0.355347,-0.178345,-0.960693,2.13623,-15.991215,0.0,pick_and_place
709772,0.353027,-0.184448,-0.945068,3.295899,-24.41407,1.831055,pick_and_place
709789,0.322632,-0.189819,-0.927124,2.624512,-31.494148,5.004883,pick_and_place
709805,0.234497,-0.172607,-0.925049,0.915528,-31.311043,3.051759,pick_and_place
709822,0.25647,-0.203735,-0.938599,1.525879,-22.27784,2.380371,pick_and_place
709839,0.307861,-0.188721,-0.958252,0.366211,-26.550301,0.366211,pick_and_place
709855,0.294189,-0.184448,-0.963379,1.098633,-29.663094,0.976563,pick_and_place
709872,0.324463,-0.192627,-0.935547,1.403809,-43.151855,2.075195,pick_and_place
709889,0.274902,-0.194824,-0.929077,0.183106,-59.753433,0.915528,pick_and_place
709905,0.24939,-0.193848,-0.932617,-0.915528,-63.354507,0.366211,pick_and_place
709922,0.163086,-0.192139,-0.918213,-4.821777,-65.612793,0.244141,pick_and_place
709939,0.056885,-0.212646,-0.920776,-6.95801,-63.659683,-1.159668,pick_and_place
709955,-0.042725,-0.235352,-0.945679,-7.934572,-45.227066,-1.403809,pick_and_place
709972,-0.03186,-0.21521,-0.921387,-14.16016,-26.855476,0.061035,pick_and_place
709989,0.084595,-0.165283,-0.923828,-8.422852,-11.718754,-5.981447,pick_and_place
710005,0.109497,-0.209595,-0.934937,-10.803223,-13.305668,-2.075195,pick_and_place
710022,0.084229,-0.207642,-0.95874,-10.314941,-13.610844,-1.525879,pick_and_place
710039,0.03186,-0.164795,-0.991455,-5.737307,-1.89209,-3.295899,pick_and_place
710055,0.024292,-0.164307,-0.954224,-4.394531,7.751467,-1.953125,pick_and_place
710072,0.104004,-0.189819,-0.928345,-8.483887,5.676271,-2.258301,pick_and_place
710089,0.112549,-0.181641,-0.928589,-11.352543,3.173829,-3.906251,pick_and_place
710106,0.071655,-0.187134,-0.948853,-13.488773,2.746582,-1.586915,pick_and_place
710122,0.120972,-0.166626,-0.980469,-10.864258,6.835939,-2.563477,pick_and_place
710139,0.099365,-0.159424,-0.967041,-8.728027,8.117676,-0.305176,pick_and_place
710156,0.042969,-0.159912,-0.957153,-8.666992,16.296387,-1.708985,pick_and_place
710172,0.135986,-0.169312,-0.952271,-13.244633,19.836426,-4.394531,pick_and_place
710189,0.162109,-0.171753,-0.971558,-18.920898,11.047363,-2.319336,pick_and_place
710206,0.150146,-0.170898,-0.982422,-22.094727,7.507326,-1.220703,pick_and_place
710222,0.124512,-0.159668,-1.000977,-25.756844,7.568361,2.319336,pick_and_place
710239,0.057739,-0.146484,-1.032959,-25.451668,16.906738,2.197266,pick_and_place
710256,0.005981,-0.140381,-1.046143,-31.127937,23.193367,0.488281,pick_and_place
710272,0.265869,-0.119507,-1.103149,-29.907234,43.823242,-6.164553,pick_and_place
710289,0.263916,-0.085327,-1.092041,-23.864754,47.363297,-5.615236,pick_and_place
710306,0.254761,-0.087769,-1.068481,-22.644051,45.593277,-6.286623,pick_and_place
710322,0.296265,-0.072754,-1.017822,-20.141602,44.982925,-9.765625,pick_and_place
710339,0.292236,-0.059937,-0.990601,-17.150879,43.395996,-13.244633,pick_and_place
710356,0.311035,-0.0625,-1.028198,-16.540527,37.536621,-16.540527,pick_and_place
710372,0.336426,-0.05542,-1.03125,-15.319828,35.095215,-20.080566,pick_and_place
710389,0.402832,-0.053833,-1.005859,-13.671879,27.771004,-23.498543,pick_and_place
710406,0.396606,-0.044312,-0.940063,-11.840824,14.221195,-24.353035,pick_and_place
710422,0.323975,-0.043701,-0.941528,-12.695316,11.840824,-27.648933,pick_and_place
710439,0.342896,-0.035889,-0.965698,-14.831547,17.150879,-32.287598,pick_and_place
710456,0.401245,-0.019531,-0.963867,-13.183598,16.357422,-32.958984,pick_and_place
710472,0.324097,0.00061,-0.94519,-13.732914,21.42334,-36.560059,pick_and_place
710489,0.37915,-0.012207,-0.936279,-14.099125,25.939949,-37.780762,pick_and_place
710506,0.429443,-0.006958,-0.922485,-12.634281,26.000984,-41.015625,pick_and_place
710522,0.426514,0.00769,-0.896973,-12.207035,17.150879,-44.189453,pick_and_place
710539,0.432251,0.024536,-0.898193,-11.352543,13.305668,-48.339859,pick_and_place
710556,0.425415,0.025635,-0.90918,-10.803223,3.173829,-49.194351,pick_and_place
710572,0.377808,0.029541,-0.911499,-10.009766,3.723145,-52.856461,pick_and_place
710589,0.394043,0.022095,-0.895874,-9.887695,11.962894,-59.387222,pick_and_place
710606,0.413696,0.0354,-0.883911,-9.460449,15.502934,-60.974136,pick_and_place
710622,0.418335,0.066284,-0.877808,-9.82666,15.441898,-65.307617,pick_and_place
710639,0.462891,0.078369,-0.893799,-10.375977,10.437012,-69.458008,pick_and_place
710656,0.484375,0.081299,-0.896729,-10.192871,5.065918,-70.068359,pick_and_place
710672,0.429688,0.096191,-0.899658,-9.155273,-1.403809,-71.228027,pick_and_place
710689,0.420898,0.110107,-0.892944,-7.019045,1.037598,-73.974609,pick_and_place
710706,0.412231,0.127563,-0.864014,-2.929688,1.159668,-75.683594,pick_and_place
710723,0.37915,0.121948,-0.845703,-1.342773,0.549316,-76.599121,pick_and_place
710739,0.397095,0.125122,-0.886597,-1.586915,6.896975,-80.078125,pick_and_place
710756,0.418823,0.141479,-0.928101,-2.258301,2.258301,-80.810547,pick_and_place
710773,0.407104,0.148438,-0.922852,-2.075195,-0.854492,-80.26123,pick_and_place
710789,0.349487,0.162964,-0.884766,-1.953125,-0.183106,-81.237793,pick_and_place
710806,0.353271,0.162476,-0.886841,-2.258301,3.784181,-82.275391,pick_and_place
710823,0.357422,0.165405,-0.891846,-2.441406,4.699707,-82.336426,pick_and_place
710839,0.362549,0.182983,-0.897339,-2.990724,3.784181,-83.129883,pick_and_place
710856,0.33606,0.187866,-0.899658,-2.929688,-1.64795,-83.618164,pick_and_place
710873,0.274536,0.201172,-0.874268,-2.929688,-0.610352,-84.106445,pick_and_place
710889,0.250366,0.213623,-0.867188,-2.13623,3.051759,-84.472656,pick_and_place
710906,0.258179,0.230347,-0.88562,-1.586915,11.474613,-84.716797,pick_and_place
710923,0.272339,0.235474,-0.877075,0.976563,15.319828,-82.03125,pick_and_place
710939,0.269653,0.242676,-0.871826,1.342773,17.150879,-79.284668,pick_and_place
710956,0.225342,0.248535,-0.876465,2.258301,18.188477,-75.98877,pick_and_place
710973,0.228516,0.26123,-0.858643,2.13623,26.000984,-72.814941,pick_and_place
710989,0.22522,0.28064,-0.847534,3.41797,31.494148,-71.105957,pick_and_place
711006,0.230713,0.280151,-0.852417,4.150391,34.729004,-70.43457,pick_and_place
711023,0.279297,0.269043,-0.873047,6.103518,33.935547,-67.871094,pick_and_place
711039,0.295654,0.263916,-0.88208,7.324221,26.30616,-65.673828,pick_and_place
711056,0.289429,0.268921,-0.877808,7.690432,25.024422,-64.208984,pick_and_place
711073,0.260132,0.27832,-0.87561,8.666992,29.418953,-62.133804,pick_and_place
711089,0.250366,0.284668,-0.852417,9.58252,39.916992,-60.974136,pick_and_place
711106,0.294434,0.276245,-0.835205,11.291508,39.18457,-60.913101,pick_and_place
711123,0.304565,0.279297,-0.835449,12.451176,35.644531,-61.218277,pick_and_place
711139,0.325562,0.284302,-0.841675,13.916019,32.348633,-62.133804,pick_and_place
711156,0.316895,0.284424,-0.871826,16.052246,35.03418,-61.584488,pick_and_place
711173,0.314697,0.275757,-0.883789,16.845703,36.376953,-61.096207,pick_and_place
711189,0.322998,0.266235,-0.844849,17.63916,34.301758,-58.715836,pick_and_place
711206,0.301636,0.271118,-0.80896,18.737793,32.287598,-56.823746,pick_and_place
711223,0.284668,0.266479,-0.840576,19.165039,36.560059,-55.175797,pick_and_place
711239,0.297119,0.261353,-0.856445,19.165039,38.818359,-53.527847,pick_and_place
711256,0.311279,0.247925,-0.874634,19.958496,37.29248,-51.269547,pick_and_place
711273,0.296143,0.235107,-0.874146,19.287109,37.414551,-47.790543,pick_and_place
711290,0.300415,0.24646,-0.869141,19.53125,36.560059,-46.203629,pick_and_place
711306,0.311035,0.254028,-0.87085,19.897461,34.423828,-42.96875,pick_and_place
711323,0.328247,0.221558,-0.87085,20.080566,30.029305,-40.893555,pick_and_place
711340,0.336914,0.213867,-0.866943,19.40918,27.954109,-39.306641,pick_and_place
711356,0.336304,0.224121,-0.864502,19.348145,23.681648,-37.29248,pick_and_place
711373,0.353271,0.233643,-0.872681,20.568848,20.690918,-35.583496,pick_and_place
711390,0.362915,0.240234,-0.880249,23.010262,18.676758,-34.545898,pick_and_place
711406,0.356934,0.23877,-0.884155,23.864754,18.981934,-33.874512,pick_and_place
711423,0.356567,0.218262,-0.87561,24.902351,19.165039,-32.470703,pick_and_place
711440,0.341064,0.226196,-0.841675,24.658211,21.179199,-31.188972,pick_and_place
711456,0.334229,0.243164,-0.827637,25.207527,24.047859,-30.639656,pick_and_place
711473,0.362305,0.255615,-0.838623,27.954109,28.991707,-29.418953,pick_and_place
711490,0.404785,0.226685,-0.862427,30.09034,29.418953,-27.099617,pick_and_place
711506,0.411377,0.228271,-0.83667,32.165527,23.498543,-25.451668,pick_and_place
711523,0.39502,0.23645,-0.822754,33.14209,21.30127,-24.658211,pick_and_place
711540,0.375488,0.236206,-0.822144,35.217285,18.920898,-23.132332,pick_and_place
711556,0.420532,0.200317,-0.846558,35.400391,9.094238,-20.385742,pick_and_place
711573,0.435425,0.181152,-0.857788,34.484863,0.549316,-18.615723,pick_and_place
711590,0.39563,0.168335,-0.870239,33.38623,-13.977055,-15.991215,pick_and_place
711606,0.376709,0.180542,-0.890991,33.081055,-16.479492,-14.221195,pick_and_place
711623,0.363037,0.163818,-0.941895,33.38623,-13.977055,-13.183598,pick_and_place
711640,0.359375,0.137573,-0.959717,33.325195,-12.390141,-12.634281,pick_and_place
711656,0.382935,0.121094,-0.962036,32.165527,-15.014652,-10.681152,pick_and_place
711673,0.352051,0.149414,-0.952271,30.273445,-25.085457,-8.789063,pick_and_place
711690,0.333984,0.153564,-0.952148,30.09034,-30.639656,-8.361816,pick_and_place
711706,0.334717,0.140137,-0.973877,28.930672,-41.931152,-6.896975,pick_and_place
711723,0.28833,0.118408,-1.021606,27.282722,-50.8423,-5.126953,pick_and_place
711740,0.224854,0.101563,-1.0354,26.550301,-49.255386,-4.455566,pick_and_place
711756,0.227295,0.105347,-1.031982,26.18409,-47.241226,-4.02832,pick_and_place
711773,0.219604,0.095093,-1.011719,24.597176,-46.69191,-0.488281,pick_and_place
711790,0.207886,0.101074,-1.026001,22.460945,-46.997086,-0.671387,pick_and_place
711806,0.199219,0.082764,-1.035522,22.094727,-47.424332,-1.708985,pick_and_place
711823,0.131714,0.049072,-1.042603,21.484375,-40.527344,-2.441406,pick_and_place
711840,0.116211,0.071655,-1.013306,23.681648,-24.963387,-2.624512,pick_and_place
711856,0.128052,0.086426,-0.976196,25.085457,-21.118164,-1.77002,pick_and_place
711873,0.225708,0.067993,-0.950928,26.000984,-28.686531,-0.061035,pick_and_place
711890,0.294312,0.03894,-0.934448,23.254402,-59.570328,3.051759,pick_and_place
711907,0.104126,0.049683,-0.931396,26.489265,-71.838379,3.234864,pick_and_place
711923,-0.008667,0.060547,-0.93457,29.541023,-60.729996,1.64795,pick_and_place
711940,-0.035889,0.035522,-0.961426,33.14209,-25.451668,-1.89209,pick_and_place
711957,0.125122,-0.028442,-1.000366,30.029305,-8.728027,-2.13623,pick_and_place
711973,0.177246,-0.041016,-1.017944,27.587898,-12.451176,-0.671387,pick_and_place
711990,0.09021,-0.032227,-1.035278,23.681648,-22.644051,1.708985,pick_and_place
712007,0.009033,-0.032471,-1.109009,19.65332,-10.925293,2.197266,pick_and_place
712023,0.127197,-0.031006,-1.019165,20.202637,-5.981447,1.89209,pick_and_place
712040,0.108521,-0.032227,-1.005981,21.54541,-7.263186,2.624512,pick_and_place
712057,0.119385,-0.078857,-0.991211,19.592285,-10.559082,2.929688,pick_and_place
712073,0.061279,-0.049561,-1.017334,18.310547,-7.568361,2.868653,pick_and_place
712090,0.053955,-0.022095,-1.017578,19.53125,-1.89209,2.441406,pick_and_place
712107,0.060303,-0.044556,-1.010132,20.507813,6.286623,3.173829,pick_and_place
712123,0.069702,-0.071289,-0.991333,21.606445,17.700195,-0.915528,pick_and_place
712140,0.129639,-0.045044,-0.994751,21.057129,17.822266,-2.13623,pick_and_place
712157,0.100342,-0.044434,-0.986084,21.30127,15.258793,-1.831055,pick_and_place
712173,0.098267,-0.053467,-0.965576,21.362305,15.075687,-3.723145,pick_and_place
712190,0.046997,-0.09021,-1.003052,21.606445,25.695808,-4.760742,pick_and_place
712207,0.037964,-0.116211,-1.026367,20.874023,33.508301,-6.103518,pick_and_place
712223,0.088135,-0.102539,-1.040039,17.700195,48.278824,-9.216309,pick_and_place
712240,0.198242,-0.075073,-1.015503,13.488773,51.330582,-9.94873,pick_and_place
712257,0.272461,-0.093994,-0.993408,13.305668,34.423828,-13.244633,pick_and_place
712273,0.23291,-0.147705,-0.977173,6.835939,28.869637,-7.934572,pick_and_place
712290,0.170898,-0.079102,-1.01123,1.342773,30.395515,-12.02393,pick_and_place
712307,0.264038,-0.057129,-1.050781,-0.305176,22.949226,-11.047363,pick_and_place
712323,0.308105,-0.064453,-1.041138,-0.854492,14.953617,-9.277344,pick_and_place
712340,0.315186,-0.085205,-1.034302,-5.065918,3.295899,-5.798342,pick_and_place
712357,0.24585,-0.074585,-1.019897,-9.521484,-1.708985,-1.342773,pick_and_place
712373,0.217163,-0.043091,-1.007813,-9.521484,-2.01416,-0.12207,pick_and_place
712390,0.186157,-0.014648,-0.984863,-7.20215,0.244141,0.610352,pick_and_place
712407,0.208984,-0.033813,-0.975708,-5.615236,2.685547,0.793457,pick_and_place
712423,0.19873,-0.020264,-0.984741,-4.211426,7.019045,1.159668,pick_and_place
712440,0.197266,-0.028564,-0.98584,-3.845216,10.986328,2.929688,pick_and_place
712457,0.222534,-0.026733,-0.958496,-2.807618,13.305668,3.051759,pick_and_place
712474,0.23584,-0.018188,-0.931274,-1.159668,13.061527,2.746582,pick_and_place
712490,0.247314,-0.02063,-0.922485,-0.610352,11.657719,2.441406,pick_and_place
712507,0.249878,-0.030518,-0.921387,0.915528,10.192871,2.807618,pick_and_place
712524,0.260254,-0.012329,-0.936401,1.464844,10.986328,2.685547,pick_and_place
712540,0.27356,-0.008301,-0.922729,2.380371,12.512211,3.051759,pick_and_place
712557,0.275879,-0.009399,-0.909546,2.807618,12.207035,2.441406,pick_and_place
712574,0.298706,-0.016724,-0.890259,3.906251,8.728027,0.915528,pick_and_place
712590,0.322144,-0.023804,-0.901733,3.173829,3.845216,1.831055,pick_and_place
712607,0.325317,-0.016113,-0.921509,3.234864,0.854492,2.685547,pick_and_place
712624,0.309692,-0.013794,-0.96814,4.638672,-2.563477,3.051759,pick_and_place
712640,0.281738,-0.036011,-0.979004,4.943848,-1.89209,3.845216,pick_and_place
712657,0.256226,-0.025146,-0.94519,5.432129,2.13623,2.746582,pick_and_place
712674,0.255493,-0.018799,-0.928955,6.286623,4.760742,1.586915,pick_and_place
712690,0.269287,-0.026855,-0.912842,7.507326,9.338379,0.671387,pick_and_place
712707,0.281738,-0.038696,-0.92627,9.155273,12.756351,-0.549316,pick_and_place
712724,0.298096,-0.042603,-0.945068,9.521484,12.817387,-0.915528,pick_and_place
712740,0.332153,-0.051636,-0.95459,8.972168,8.422852,0.0,pick_and_place
712757,0.346069,-0.067017,-0.941772,7.690432,-3.234864,0.366211,pick_and_place
712774,0.306519,-0.072632,-0.927734,7.019045,-6.469728,-0.366211,pick_and_place
712790,0.299194,-0.059937,-0.926147,7.019045,-5.737307,-1.220703,pick_and_place
712807,0.250122,-0.053101,-0.925415,8.789063,-0.854492,-3.173829,pick_and_place
712824,0.284302,-0.055542,-0.911865,11.901859,7.019045,-5.187988,pick_and_place
712840,0.354492,-0.076904,-0.908813,12.26807,4.882813,-5.249023,pick_and_place
712857,0.488647,-0.130859,-0.934692,7.507326,-17.272949,-3.66211,pick_and_place
712874,0.320313,-0.083618,-0.967285,2.685547,-47.729507,2.624512,pick_and_place
712890,0.193359,-0.084106,-0.975708,3.601075,-48.461929,3.906251,pick_and_place
712907,0.107666,-0.095459,-0.988525,1.89209,-30.700691,5.554201,pick_and_place
712924,0.119141,-0.098022,-0.999878,2.380371,-18.554688,2.685547,pick_and_place
712940,0.152222,-0.116577,-0.95874,0.915528,-10.681152,1.403809,pick_and_place
712957,0.172729,-0.101074,-0.948364,-1.220703,-11.230473,1.098633,pick_and_place
712974,0.223145,-0.072021,-0.941162,1.525879,-14.221195,2.868653,pick_and_place
712990,0.19397,-0.133545,-1.010864,-0.488281,-14.770512,3.479005,pick_and_place
713007,0.13208,-0.135376,-1.044067,-1.403809,-5.432129,2.563477,pick_and_place
713024,0.17981,-0.057251,-0.947876,-0.610352,10.742188,0.549316,pick_and_place
713040,0.151978,-0.103027,-0.927979,-0.244141,23.559578,0.12207,pick_and_place
713057,0.259521,-0.091553,-0.981323,-0.488281,22.644051,-0.061035,pick_and_place
713074,0.258545,-0.102417,-0.985474,-1.342773,21.118164,-0.427246,pick_and_place
713091,0.230469,-0.067505,-1.009888,-1.281738,20.507813,0.244141,pick_and_place
713107,0.224487,-0.108887,-0.994385,0.061035,24.108894,0.915528,pick_and_place
713124,0.173584,-0.11731,-0.955444,0.732422,29.663094,1.220703,pick_and_place
713141,0.149292,-0.042847,-0.846191,4.089355,43.640137,-0.305176,pick_and_place
713157,0.219971,-0.050659,-0.758545,7.934572,50.415054,-2.075195,pick_and_place
713174,0.335693,-0.123901,-0.957031,15.686039,46.081558,-9.887695,pick_and_place
713191,0.405396,-0.152954,-0.973267,11.718754,45.166031,-10.009766,pick_and_place
713207,0.395752,-0.203857,-1.003052,7.934572,29.235847,-6.164553,pick_and_place
713224,0.371826,-0.130493,-0.971802,2.380371,30.700691,-7.629396,pick_and_place
713241,0.38147,-0.126953,-0.960693,1.403809,25.695808,-8.605957,pick_and_place
713257,0.331055,-0.170166,-0.971313,-0.793457,19.287109,-11.596684,pick_and_place
713274,0.322021,-0.139404,-0.940918,-3.784181,30.639656,-13.916019,pick_and_place
713291,0.399048,-0.104004,-0.915771,-6.164553,41.503906,-13.000492,pick_and_place
713307,0.457764,-0.09436,-0.904053,-5.981447,39.0625,-11.047363,pick_and_place
713324,0.468628,-0.118042,-0.917969,-7.751467,17.883301,-5.737307,pick_and_place
713341,0.450928,-0.143677,-0.945435,-12.634281,7.20215,-5.737307,pick_and_place
713357,0.477783,-0.141235,-0.942505,-14.221195,-2.01416,-4.943848,pick_and_place
713374,0.372803,-0.107422,-0.912842,-15.441898,-15.197758,-0.976563,pick_and_place
713391,0.290649,-0.087769,-0.944458,-14.28223,-3.479005,-1.77002,pick_and_place
713407,0.331421,-0.098877,-0.974731,-14.03809,1.342773,-2.13623,pick_and_place
713424,0.370728,-0.133545,-0.987671,-13.854984,2.01416,-3.356935,pick_and_place
713441,0.401245,-0.137695,-0.974243,-20.935059,-2.624512,-3.54004,pick_and_place
713457,0.40271,-0.119263,-0.969727,-28.07618,-5.920412,1.098633,pick_and_place
713474,0.404419,-0.118164,-0.977051,-30.883797,-8.605957,3.356935,pick_and_place
713491,0.391479,-0.125977,-1.008179,-33.874512,-15.441898,4.02832,pick_and_place
713507,0.374878,-0.135864,-1.029053,-38.024902,-21.30127,7.751467,pick_and_place
713524,0.363037,-0.104248,-1.034058,-39.367676,-22.460945,8.728027,pick_and_place
713541,0.329834,-0.070801,-1.033936,-39.672852,-22.033691,11.596684,pick_and_place
713557,0.312134,-0.068359,-1.008789,-38.757324,-23.986824,11.718754,pick_and_place
713574,0.293701,-0.096313,-0.988647,-38.146973,-24.230965,12.878422,pick_and_place
713591,0.303223,-0.067261,-0.997314,-36.987305,-26.489265,11.596684,pick_and_place
713607,0.290283,-0.029663,-1.014771,-35.461426,-29.296883,14.03809,pick_and_place
713624,0.2677,-0.051147,-0.986572,-36.376953,-31.799324,17.150879,pick_and_place
713641,0.246216,-0.065308,-0.96521,-36.621094,-33.02002,18.676758,pick_and_place
713658,0.191895,-0.039917,-0.967773,-39.550781,-26.672371,20.568848,pick_and_place
713674,0.223145,0.005615,-0.999512,-39.367676,-22.155769,24.780281,pick_and_place
713691,0.235962,-0.015503,-0.998413,-38.696289,-21.911621,29.235847,pick_and_place
713708,0.224365,-0.037354,-0.988525,-39.0625,-21.911621,29.907234,pick_and_place
713724,0.184204,-0.005249,-0.958252,-38.94043,-20.812988,31.860359,pick_and_place
713741,0.187866,0.04895,-0.956909,-39.855957,-10.498047,38.024902,pick_and_place
713758,0.218628,0.05603,-0.95752,-41.381836,-7.20215,41.564941,pick_and_place
713774,0.256348,0.07251,-0.940063,-42.175293,-7.385256,42.541504,pick_and_place
713791,0.301392,0.011963,-0.926392,-41.809082,-15.258793,43.151855,pick_and_place
713808,0.241943,-0.002563,-0.937988,-41.992188,-25.756844,43.212891,pick_and_place
713824,0.208984,0.064697,-0.95166,-42.358398,-27.038582,44.128418,pick_and_place
713841,0.181641,0.194824,-0.9552,-39.855957,-22.27784,50.109879,pick_and_place
713858,0.214478,0.162598,-0.917114,-37.841797,-19.714355,57.067886,pick_and_place
713874,0.236816,0.120728,-0.895874,-37.902832,-22.644051,58.898941,pick_and_place
713891,0.232178,0.061279,-0.887329,-38.085938,-32.592773,60.119644,pick_and_place
713908,0.177246,0.099365,-0.9375,-37.597656,-36.010742,61.828629,pick_and_place
713924,0.150635,0.181396,-0.960327,-36.987305,-32.043457,64.63623,pick_and_place
713941,0.133789,0.28064,-0.931396,-33.325195,-22.216805,72.631836,pick_and_place
713958,0.152954,0.238647,-0.860352,-32.470703,-16.540527,80.13916,pick_and_place
713974,0.235229,0.18689,-0.826538,-33.14209,-24.719246,84.533691,pick_and_place
713991,0.252319,0.175415,-0.849487,-32.775879,-32.409668,85.876465,pick_and_place
714008,0.249512,0.184082,-0.926392,-29.235847,-46.508804,88.195801,pick_and_place
714024,0.183228,0.227295,-0.959229,-23.986824,-48.950211,91.430695,pick_and_place
714041,0.143066,0.252075,-0.943604,-21.728516,-44.982925,93.50589,pick_and_place
714058,0.103271,0.232544,-0.877441,-18.615723,-33.203125,96.801788,pick_and_place
714074,0.158081,0.193726,-0.843506,-18.737793,-26.611336,97.717316,pick_and_place
714091,0.249878,0.192627,-0.865723,-17.578125,-33.081055,98.938019,pick_and_place
714108,0.259521,0.194214,-0.90271,-15.93018,-39.550781,99.975616,pick_and_place
714124,0.193726,0.196411,-0.959473,-11.474613,-45.288101,103.576691,pick_and_place
714141,0.133301,0.18396,-0.913086,-8.789063,-35.949707,109.191925,pick_and_place
714158,0.1073,0.208618,-0.884033,-7.812502,-26.42823,103.33255,pick_and_place
714174,0.165527,0.153198,-0.834229,-7.20215,-14.892582,111.877472,pick_and_place
714191,0.226807,0.182251,-0.873901,-6.408693,-4.089355,110.290558,pick_and_place
714208,0.271606,0.175293,-0.904541,-5.554201,-0.549316,110.900909,pick_and_place
714224,0.298218,0.174072,-0.907349,-1.77002,-3.906251,108.581573,pick_and_place
714241,0.292603,0.127808,-0.868774,-0.183106,-0.244141,110.168488,pick_and_place
714258,0.360596,0.144165,-0.830688,1.403809,0.366211,107.910187,pick_and_place
714275,0.377441,0.140625,-0.830566,1.89209,-2.258301,106.567413,pick_and_place
714291,0.377441,0.147461,-0.849976,4.272461,-8.666992,102.172882,pick_and_place
714308,0.367676,0.156616,-0.849976,7.690432,-8.789063,99.30423,pick_and_place
714325,0.37854,0.144165,-0.841919,10.559082,-4.577637,96.313507,pick_and_place
714341,0.380249,0.137329,-0.842285,12.26807,-1.342773,94.238312,pick_and_place
714358,0.376343,0.127075,-0.848999,16.052246,8.056641,89.294464,pick_and_place
714375,0.366821,0.09314,-0.877075,19.65332,21.54541,82.763672,pick_and_place
714391,0.373535,0.057251,-0.895752,20.568848,32.409668,79.589844,pick_and_place
714408,0.408447,0.004761,-0.898315,19.470215,59.021011,73.974609,pick_and_place
714425,0.450195,0.015747,-0.858398,17.578125,81.176758,69.885254,pick_and_place
714441,0.477295,0.023804,-0.829834,16.723633,88.256836,67.565918,pick_and_place
714458,0.539185,0.016235,-0.806763,15.258793,95.336945,63.049332,pick_and_place
714475,0.55957,-0.025513,-0.848267,12.26807,96.008331,58.776871,pick_and_place
714491,0.601074,-0.020508,-0.817139,7.629396,94.116241,55.847183,pick_and_place
714508,0.629639,-0.015625,-0.79126,5.615236,92.346222,54.50441,pick_and_place
714525,0.720947,-0.023926,-0.761475,4.394531,77.453613,51.757828,pick_and_place
714541,0.745972,-0.027832,-0.787964,5.310059,55.236832,43.762207,pick_and_place
714558,0.772461,-0.063965,-0.799683,4.394531,48.522964,44.372574,pick_and_place
714575,0.800049,-0.087524,-0.816895,2.441406,28.015144,41.442871,pick_and_place
714591,0.772217,-0.078247,-0.784424,1.464844,2.868653,41.809082,pick_and_place
714608,0.704346,-0.071777,-0.769653,3.356935,-16.174316,41.564941,pick_and_place
714625,0.669678,-0.07373,-0.791504,4.882813,-22.949226,39.18457,pick_and_place
714641,0.650269,-0.09729,-0.851074,7.629396,-28.381355,33.325195,pick_and_place
714658,0.687012,-0.126709,-0.866577,9.277344,-37.04834,30.029305,pick_and_place
714675,0.668457,-0.127808,-0.851807,9.70459,-43.029785,28.869637,pick_and_place
714691,0.585205,-0.093262,-0.848145,12.146,-49.316422,25.146492,pick_and_place
714708,0.523071,-0.094849,-0.852783,15.075687,-48.339859,21.240234,pick_and_place
714725,0.49585,-0.14209,-0.852539,17.272949,-44.189453,14.953617,pick_and_place
714741,0.503418,-0.168213,-0.84021,15.197758,-41.748047,12.084965,pick_and_place
714758,0.499023,-0.133423,-0.861938,10.742188,-37.414551,7.934572,pick_and_place
714775,0.610352,-0.117188,-0.904663,10.131836,-52.246109,6.347658,pick_and_place
714791,0.532837,-0.141724,-0.916382,9.70459,-64.453125,7.141115,pick_and_place
714808,0.376587,-0.13855,-0.930542,8.850098,-66.40625,4.882813,pick_and_place
714825,0.284302,-0.144531,-0.936523,6.103518,-48.522964,1.708985,pick_and_place
714842,0.310425,-0.155396,-0.929443,0.12207,-33.14209,0.12207,pick_and_place
714858,0.310791,-0.154175,-0.91687,-2.380371,-32.470703,0.793457,pick_and_place
714875,0.238525,-0.125122,-0.929321,-3.967286,-28.32032,-0.183106,pick_and_place
714892,0.235474,-0.110352,-0.950439,-4.089355,-18.005371,-2.746582,pick_and_place
714908,0.241333,-0.094604,-0.973511,-5.371094,-11.169437,-4.089355,pick_and_place
714925,0.253296,-0.120483,-0.969971,-7.08008,1.159668,-1.708985,pick_and_place
714942,0.324951,-0.114258,-0.939209,-8.911133,5.310059,-0.305176,pick_and_place
714958,0.344727,-0.116821,-0.927002,-9.277344,2.990724,-0.061035,pick_and_place
714975,0.324463,-0.09668,-0.953491,-8.911133,-6.713869,1.037598,pick_and_place
714992,0.280518,-0.08313,-0.98645,-7.751467,-10.009766,1.281738,pick_and_place
715008,0.259155,-0.076294,-0.975342,-6.347658,1.098633,0.244141,pick_and_place
715025,0.276611,-0.079712,-0.962891,-5.065918,5.187988,0.610352,pick_and_place
715042,0.314087,-0.10022,-0.93335,-3.356935,6.95801,0.610352,pick_and_place
715058,0.324463,-0.082764,-0.916626,-1.953125,7.568361,0.854492,pick_and_place
715075,0.331787,-0.078613,-0.907471,-0.976563,6.835939,1.281738,pick_and_place
715092,0.328003,-0.085327,-0.904541,1.220703,5.615236,1.220703,pick_and_place
715108,0.340454,-0.104248,-0.910645,2.075195,6.95801,0.244141,pick_and_place
715125,0.370117,-0.09375,-0.905273,1.89209,5.065918,-0.12207,pick_and_place
715142,0.375977,-0.092896,-0.895508,1.708985,1.953125,-0.061035,pick_and_place
715158,0.367554,-0.089111,-0.888062,1.403809,-5.249023,0.12207,pick_and_place
715175,0.331177,-0.098145,-0.91687,1.159668,-8.422852,-0.305176,pick_and_place
715192,0.31958,-0.098389,-0.927979,0.976563,-7.385256,-0.976563,pick_and_place
715208,0.3125,-0.089722,-0.926392,0.488281,-0.610352,-1.64795,pick_and_place
715225,0.327026,-0.084717,-0.912476,1.708985,4.02832,-1.64795,pick_and_place
715242,0.338989,-0.082153,-0.911377,2.563477,3.601075,-1.525879,pick_and_place
715258,0.340088,-0.082886,-0.921753,3.41797,2.197266,-1.281738,pick_and_place
715275,0.336792,-0.088135,-0.931641,3.66211,0.12207,-0.671387,pick_and_place
715292,0.319336,-0.074585,-0.918945,3.845216,0.732422,0.915528,pick_and_place
715308,0.320313,-0.078125,-0.913086,4.333496,1.098633,1.342773,pick_and_place
715325,0.341797,-0.095703,-0.908936,5.371094,-0.671387,1.64795,pick_and_place
715342,0.335205,-0.099365,-0.921143,6.103518,-4.150391,1.953125,pick_and_place
715358,0.317139,-0.10376,-0.933472,6.286623,-3.967286,2.441406,pick_and_place
715375,0.315063,-0.101807,-0.935669,5.981447,-2.868653,2.502441,pick_and_place
715392,0.313843,-0.108154,-0.932861,6.286623,-0.183106,3.173829,pick_and_place
715408,0.321655,-0.121216,-0.921265,5.859377,0.976563,2.990724,pick_and_place
715425,0.323608,-0.115723,-0.917725,5.798342,1.220703,2.868653,pick_and_place
715442,0.329468,-0.110107,-0.921021,6.347658,1.037598,2.807618,pick_and_place
715459,0.338989,-0.108643,-0.930176,7.141115,0.610352,3.173829,pick_and_place
715475,0.344604,-0.110474,-0.936035,7.995607,-0.244141,3.41797,pick_and_place
715492,0.344849,-0.125854,-0.933228,8.728027,-3.723145,4.394531,pick_and_place
715509,0.316528,-0.116333,-0.901855,9.460449,-4.150391,4.577637,pick_and_place
715525,0.317261,-0.114258,-0.892822,11.230473,-1.525879,3.906251,pick_and_place
715542,0.322632,-0.113037,-0.895508,11.962894,-0.976563,4.02832,pick_and_place
715559,0.323975,-0.119873,-0.90271,13.549809,-2.990724,4.821777,pick_and_place
715575,0.314941,-0.122192,-0.897461,13.000492,-5.615236,5.371094,pick_and_place
715592,0.307861,-0.126831,-0.897217,12.26807,-5.737307,5.737307,pick_and_place
715609,0.326294,-0.147583,-0.901367,10.925293,-8.483887,6.95801,pick_and_place
715625,0.282471,-0.173462,-0.899414,9.155273,-11.535648,8.422852,pick_and_place
715642,0.315796,-0.173584,-0.935425,6.469728,-5.859377,5.676271,pick_and_place
715659,0.397827,-0.188354,-0.962891,4.02832,-11.474613,5.859377,pick_and_place
715675,0.347412,-0.197754,-0.986938,-0.427246,-36.193848,9.094238,pick_and_place
715692,0.166016,-0.147339,-0.984497,-1.342773,-19.53125,5.371094,pick_and_place
715709,0.172241,-0.139526,-0.972168,-0.183106,-7.20215,2.075195,pick_and_place
715725,0.321045,-0.170654,-0.967529,2.502441,6.408693,0.610352,pick_and_place
715742,0.348511,-0.177612,-0.949585,1.586915,-8.117676,3.173829,pick_and_place
715759,0.237427,-0.145264,-0.94165,1.89209,-10.070801,6.042482,pick_and_place
715775,0.233765,-0.157471,-0.942139,2.075195,-7.385256,5.615236,pick_and_place
715792,0.288208,-0.180542,-0.924438,1.281738,-5.493164,2.258301,pick_and_place
715809,0.252441,-0.17688,-0.92395,-1.037598,-7.446291,0.366211,pick_and_place
715825,0.227417,-0.149048,-0.937012,-1.953125,-4.089355,0.305176,pick_and_place
715842,0.302124,-0.156982,-0.936768,-0.427246,-5.493164,0.305176,pick_and_place
715859,0.270752,-0.199585,-0.919434,-3.356935,-1.953125,-1.77002,pick_and_place
715875,0.243042,-0.160278,-0.938232,-5.004883,9.094238,-1.525879,pick_and_place
715892,0.295898,-0.171265,-0.957275,-4.699707,13.183598,-2.380371,pick_and_place
715909,0.351685,-0.168945,-0.958496,-3.54004,-5.065918,-1.953125,pick_and_place
715925,0.222412,-0.161377,-0.956787,-4.150391,-2.319336,-2.807618,pick_and_place
715942,0.253174,-0.162354,-0.957642,-3.906251,2.929688,-4.516602,pick_and_place
715959,0.278076,-0.16687,-0.908936,-3.54004,5.249023,-6.042482,pick_and_place
715975,0.199707,-0.151367,-0.90332,-5.126953,11.047363,-4.943848,pick_and_place
715992,0.187134,-0.14917,-0.95105,-6.286623,16.174316,-4.577637,pick_and_place
716009,0.248535,-0.156494,-0.966675,-6.408693,16.479492,-3.66211,pick_and_place
716026,0.238892,-0.157104,-0.934204,-6.652834,16.418457,-4.272461,pick_and_place
716042,0.283936,-0.166138,-0.885742,-11.169437,5.981447,-1.464844,pick_and_place
716059,0.22998,-0.170776,-0.945313,-16.052246,1.831055,0.12207,pick_and_place
716076,0.372192,-0.196167,-0.989868,-18.981934,18.981934,-9.399414,pick_and_place
716092,0.428833,-0.130859,-1.020508,-17.456055,-0.244141,-5.493164,pick_and_place
716109,0.323242,-0.129028,-1.032959,-18.188477,-5.249023,-3.906251,pick_and_place
716126,0.257202,-0.087524,-0.997803,-14.16016,3.479005,-5.432129,pick_and_place
716142,0.282104,-0.09729,-0.960449,-10.009766,7.568361,-6.286623,pick_and_place
716159,0.325562,-0.114624,-0.962646,-10.986328,13.366703,-5.737307,pick_and_place
716176,0.326294,-0.123535,-0.96582,-11.352543,12.695316,-5.065918,pick_and_place
716192,0.362061,-0.123535,-0.988159,-14.831547,13.732914,-4.821777,pick_and_place
716209,0.315308,-0.093872,-0.971802,-15.625004,6.347658,-6.286623,pick_and_place
716226,0.314087,-0.088501,-0.983154,-16.174316,9.82666,-7.507326,pick_and_place
716242,0.371582,-0.088379,-0.976563,-15.014652,12.695316,-8.789063,pick_and_place
716259,0.393433,-0.095337,-0.983032,-15.197758,14.587406,-11.291508,pick_and_place
716276,0.411133,-0.083374,-0.97522,-15.136723,11.352543,-13.244633,pick_and_place
716292,0.398682,-0.083374,-0.970337,-15.441898,10.986328,-14.892582,pick_and_place
716309,0.45752,-0.084106,-0.978271,-17.456055,10.131836,-18.432617,pick_and_place
716326,0.421143,-0.063354,-0.971436,-19.470215,7.690432,-19.775391,pick_and_place
716342,0.411987,-0.04834,-0.975586,-19.104004,8.850098,-23.254402,pick_and_place
716359,0.464478,-0.060547,-0.969482,-18.432617,7.324221,-29.235847,pick_and_place
716376,0.443726,-0.040405,-0.945923,-18.127441,1.89209,-33.752441,pick_and_place
716392,0.44165,-0.019531,-0.932129,-18.127441,3.479005,-38.085938,pick_and_place
716409,0.434082,-0.02063,-0.922241,-16.418457,2.685547,-39.672852,pick_and_place
716426,0.457764,-0.010986,-0.913452,-16.174316,3.66211,-40.161133,pick_and_place
716442,0.456055,-0.000244,-0.895874,-14.892582,-2.563477,-42.724609,pick_and_place
716459,0.439087,0.005493,-0.891724,-14.953617,-2.258301,-44.006348,pick_and_place
716476,0.465332,0.01355,-0.895386,-14.892582,-4.02832,-46.264664,pick_and_place
716492,0.418579,0.026611,-0.881348,-14.526371,-5.249023,-49.499527,pick_and_place
716509,0.405762,0.027588,-0.875977,-13.854984,-2.990724,-50.903336,pick_and_place
716526,0.431885,0.040283,-0.873779,-14.343266,-0.488281,-54.687515,pick_and_place
716542,0.452271,0.047241,-0.884521,-15.014652,0.366211,-56.762711,pick_and_place
716559,0.463379,0.073975,-0.877075,-15.319828,-1.464844,-58.593765,pick_and_place
716576,0.449951,0.085815,-0.867798,-15.014652,-2.075195,-59.387222,pick_and_place
716592,0.425903,0.121948,-0.861816,-13.183598,-1.708985,-62.133804,pick_and_place
716609,0.452026,0.12207,-0.866455,-10.986328,-0.793457,-66.833496,pick_and_place
716626,0.45874,0.120117,-0.87207,-9.338379,-2.01416,-68.481445,pick_and_place
716643,0.450317,0.129272,-0.869751,-8.239746,-4.760742,-71.044922,pick_and_place
716659,0.419434,0.165161,-0.855957,-6.408693,-6.042482,-74.21875,pick_and_place
716676,0.401855,0.18457,-0.878052,-5.187988,-4.943848,-75.683594,pick_and_place
716693,0.379761,0.180298,-0.879517,-4.577637,-3.112794,-75.98877,pick_and_place
716709,0.362671,0.187744,-0.861328,-3.051759,0.244141,-77.819824,pick_and_place
716726,0.36499,0.204102,-0.865112,-1.831055,0.854492,-79.345703,pick_and_place
716743,0.349976,0.21228,-0.870972,-0.610352,0.793457,-79.89502,pick_and_place
716759,0.333618,0.213623,-0.870361,0.793457,2.197266,-81.298828,pick_and_place
716776,0.326294,0.222046,-0.872925,2.13623,3.112794,-82.214355,pick_and_place
716793,0.304443,0.227539,-0.880493,2.868653,8.117676,-82.641602,pick_and_place
716809,0.295654,0.234985,-0.873291,3.41797,12.084965,-83.129883,pick_and_place
716826,0.294189,0.257202,-0.855103,5.126953,18.310547,-84.533691,pick_and_place
716843,0.333618,0.263062,-0.858887,7.446291,17.822266,-85.510254,pick_and_place
716859,0.35376,0.253784,-0.856201,8.544922,15.93018,-85.266113,pick_and_place
716876,0.336426,0.244019,-0.849243,10.009766,10.375977,-85.449219,pick_and_place
716893,0.273682,0.261963,-0.841064,10.498047,10.681152,-86.791992,pick_and_place
716909,0.214355,0.261963,-0.835327,8.117676,31.066902,-81.359863,pick_and_place
716926,0.324585,0.290039,-0.859985,12.146,20.446777,-79.223633,pick_and_place
716943,0.235229,0.23938,-0.858765,12.390141,14.831547,-76.11084,pick_and_place
716959,0.24939,0.270386,-0.85083,11.718754,17.822266,-77.575684,pick_and_place
716976,0.225708,0.279419,-0.839355,11.718754,19.53125,-78.796387,pick_and_place
716993,0.206421,0.298584,-0.834106,11.657719,25.756844,-79.223633,pick_and_place
717009,0.218872,0.304932,-0.836182,12.207035,33.26416,-78.857422,pick_and_place
717026,0.247925,0.303223,-0.831665,12.817387,34.667969,-78.430176,pick_and_place
717043,0.28418,0.283936,-0.8479,15.563969,29.907234,-75.805664,pick_and_place
717059,0.256836,0.262451,-0.857056,17.150879,23.864754,-73.730469,pick_and_place
717076,0.226074,0.267212,-0.857056,18.981934,22.766121,-71.838379,pick_and_place
717093,0.195801,0.265381,-0.864014,19.958496,25.451668,-70.739746,pick_and_place
717109,0.229736,0.27124,-0.880249,21.240234,31.921394,-68.359375,pick_and_place
717127,0.255493,0.270264,-0.893677,22.39991,29.235847,-63.903824,pick_and_place
717143,0.253662,0.273193,-0.890869,22.888191,27.587898,-62.194839,pick_and_place
717159,0.234863,0.27771,-0.883301,23.315437,28.44239,-59.509293,pick_and_place
717176,0.237061,0.28833,-0.898315,24.353035,35.949707,-57.312027,pick_and_place
717193,0.272949,0.276489,-0.886963,25.207527,41.19873,-55.114761,pick_and_place
717210,0.283325,0.27417,-0.871094,25.207527,42.297363,-54.016129,pick_and_place
717226,0.300049,0.271729,-0.841553,26.062019,41.931152,-52.429214,pick_and_place
717243,0.300659,0.28479,-0.818848,26.42823,39.794922,-50.59816,pick_and_place
717260,0.299927,0.304932,-0.814697,26.550301,40.527344,-49.316422,pick_and_place
717276,0.301147,0.30188,-0.802979,27.465828,43.884277,-45.959488,pick_and_place
717293,0.336304,0.265747,-0.82373,28.808601,42.96875,-43.395996,pick_and_place
717310,0.378906,0.249756,-0.829346,30.151375,38.269043,-39.611816,pick_and_place
717326,0.401367,0.247437,-0.81958,31.738289,33.691406,-39.18457,pick_and_place
717343,0.369629,0.217407,-0.799072,33.996582,27.282722,-38.94043,pick_and_place
717360,0.336182,0.183105,-0.856323,34.545898,24.658211,-39.611816,pick_and_place
717376,0.322021,0.180298,-0.8573,34.973145,24.597176,-39.672852,pick_and_place
717393,0.319336,0.18689,-0.835083,36.193848,26.916512,-38.635254,pick_and_place
717410,0.305908,0.194458,-0.860229,38.696289,31.860359,-35.339355,pick_and_place
717426,0.33667,0.170166,-0.953735,41.625977,31.799324,-32.409668,pick_and_place
717443,0.344727,0.154175,-0.973389,42.602539,29.907234,-31.005867,pick_and_place
717460,0.327637,0.139282,-0.943359,42.602539,26.855476,-26.916512,pick_and_place
717476,0.296021,0.148315,-0.923706,41.07666,28.381355,-23.925789,pick_and_place
717493,0.313721,0.15686,-0.944092,40.710449,29.602058,-23.132332,pick_and_place
717510,0.384399,0.137695,-0.987549,38.696289,28.381355,-19.775391,pick_and_place
717526,0.408325,0.12915,-0.990356,37.17041,22.766121,-16.784668,pick_and_place
717543,0.395508,0.121094,-0.980957,36.315918,20.812988,-15.197758,pick_and_place
717560,0.39917,0.104126,-0.978516,34.179688,21.057129,-12.695316,pick_and_place
717576,0.43396,0.060425,-0.994385,30.029305,24.047859,-11.596684,pick_and_place
717593,0.494507,0.024048,-1.007324,24.597176,20.629883,-11.901859,pick_and_place
717610,0.491211,0.014893,-1.004028,22.338875,16.113281,-11.718754,pick_and_place
717626,0.434448,0.040405,-0.988037,18.371582,11.779789,-11.779789,pick_and_place
717643,0.443359,0.076538,-0.924927,18.920898,7.263186,-9.033203,pick_and_place
717660,0.403198,0.067017,-0.897461,17.883301,4.821777,-9.033203,pick_and_place
717676,0.43335,0.070923,-0.906372,16.662598,0.305176,-7.568361,pick_and_place
717693,0.348877,0.09082,-0.898926,17.822266,-0.671387,-7.263186,pick_and_place
717710,0.380249,0.092896,-0.91687,17.333984,0.732422,-2.075195,pick_and_place
717726,0.408081,0.098022,-0.920166,17.63916,-1.220703,-0.549316,pick_and_place
717743,0.432861,0.053711,-0.911255,17.63916,-12.512211,1.831055,pick_and_place
717760,0.38562,0.051147,-0.912476,17.456055,-19.348145,3.41797,pick_and_place
717776,0.363647,0.052734,-0.909912,18.005371,-18.981934,4.089355,pick_and_place
717793,0.298706,0.040894,-0.878784,18.249512,-10.986328,4.760742,pick_and_place
717810,0.332275,0.033203,-0.914307,17.150879,1.953125,5.249023,pick_and_place
717827,0.415894,0.021484,-0.915405,19.165039,-5.310059,8.666992,pick_and_place
717843,0.411621,-0.016357,-0.911133,17.456055,-9.460449,13.366703,pick_and_place
717860,0.404785,-0.021362,-0.910889,17.578125,-12.756351,14.03809,pick_and_place
717877,0.371094,-0.003662,-0.88147,20.507813,-14.28223,15.93018,pick_and_place
717893,0.334839,0.003174,-0.874146,22.033691,-10.375977,15.93018,pick_and_place
717910,0.34021,-0.007202,-0.895264,24.475105,-0.854492,15.014652,pick_and_place
717927,0.388672,-0.043335,-0.920532,25.756844,0.12207,12.878422,pick_and_place
717943,0.459229,-0.071411,-0.920166,25.573738,-10.803223,13.977055,pick_and_place
717960,0.449951,-0.076782,-0.905884,25.878914,-18.615723,14.526371,pick_and_place
717977,0.364014,-0.070313,-0.920288,28.137215,-23.864754,13.122562,pick_and_place
717993,0.3479,-0.088989,-0.9552,29.724129,-21.362305,9.70459,pick_and_place
718010,0.349243,-0.084595,-0.948975,29.418953,-20.812988,7.934572,pick_and_place
718027,0.371704,-0.103638,-0.970825,27.771004,-18.676758,6.469728,pick_and_place
718043,0.38916,-0.170654,-1.018555,25.756844,-15.869144,3.967286,pick_and_place
718060,0.42627,-0.202637,-1.037109,21.66748,-14.221195,2.746582,pick_and_place
718077,0.397339,-0.167603,-1.043457,15.625004,-16.784668,-0.12207,pick_and_place
718093,0.3396,-0.106934,-1.032227,11.596684,-15.625004,-0.305176,pick_and_place
718110,0.348633,-0.116089,-1.04187,7.995607,-17.578125,-1.708985,pick_and_place
718127,0.348389,-0.116943,-1.047485,4.821777,-16.845703,-2.01416,pick_and_place
718143,0.341553,-0.084595,-1.02002,1.342773,-14.03809,-3.051759,pick_and_place
718160,0.324341,-0.02478,-0.962402,-0.366211,-9.033203,-2.075195,pick_and_place
718177,0.320801,-0.007568,-0.946289,-0.549316,-8.178711,-0.488281,pick_and_place
718193,0.315308,-0.022095,-0.936646,-1.525879,-8.361816,1.953125,pick_and_place
718210,0.287476,-0.033203,-0.945679,-2.13623,-6.042482,2.380371,pick_and_place
718227,0.286499,-0.03479,-0.945679,-2.563477,0.305176,2.441406,pick_and_place
718243,0.300171,-0.028687,-0.944336,-2.624512,3.66211,2.380371,pick_and_place
718260,0.344971,-0.020874,-0.924683,-0.915528,5.493164,1.77002,pick_and_place
718277,0.381714,-0.031616,-0.902832,-0.366211,0.976563,3.479005,pick_and_place
718293,0.379028,-0.034668,-0.899902,-0.549316,-1.708985,4.272461,pick_and_place
718310,0.348145,-0.03894,-0.910645,-0.671387,-3.906251,4.882813,pick_and_place
718327,0.328369,-0.040161,-0.903564,-0.12207,-2.13623,4.089355,pick_and_place
718343,0.323975,-0.040649,-0.895386,1.220703,1.464844,2.380371,pick_and_place
718360,0.338989,-0.042236,-0.893555,1.525879,2.685547,1.77002,pick_and_place
718377,0.366455,-0.036255,-0.894531,2.01416,1.831055,1.586915,pick_and_place
718393,0.378662,-0.043823,-0.906982,2.929688,-0.427246,2.502441,pick_and_place
718410,0.375,-0.057373,-0.90979,2.746582,-2.380371,2.929688,pick_and_place
718427,0.329102,-0.050415,-0.907227,2.197266,-4.211426,2.563477,pick_and_place
718444,0.311401,-0.036011,-0.908569,4.02832,-2.929688,0.976563,pick_and_place
718460,0.334717,-0.051392,-0.912109,4.516602,-0.610352,1.77002,pick_and_place
718477,0.338257,-0.058105,-0.914307,5.187988,-0.549316,1.220703,pick_and_place
718494,0.345581,-0.063721,-0.934814,4.577637,-2.929688,0.976563,pick_and_place
718510,0.328247,-0.043457,-0.929321,5.187988,-4.089355,1.098633,pick_and_place
718527,0.313721,-0.047119,-0.915039,5.737307,-4.02832,1.159668,pick_and_place
718544,0.314331,-0.065918,-0.903442,6.530764,-2.746582,0.549316,pick_and_place
718560,0.326782,-0.069092,-0.909546,6.652834,-2.13623,0.610352,pick_and_place
718577,0.32959,-0.071045,-0.911011,6.469728,-2.380371,0.671387,pick_and_place
718594,0.332886,-0.082153,-0.921021,6.652834,-3.173829,0.0,pick_and_place
718610,0.338989,-0.083862,-0.938721,7.446291,-5.004883,-0.671387,pick_and_place
718627,0.341431,-0.066895,-0.934082,9.643555,-8.178711,-0.305176,pick_and_place
718644,0.344238,-0.065674,-0.923462,10.681152,-10.253906,0.183106,pick_and_place
718660,0.320801,-0.063965,-0.901611,12.695316,-12.573246,2.075195,pick_and_place
718677,0.265015,-0.084717,-0.90918,13.854984,-11.047363,2.624512,pick_and_place
718694,0.216675,-0.08667,-0.921265,14.099125,-3.41797,1.953125,pick_and_place
718710,0.274658,-0.0802,-0.954468,17.089844,13.793949,-1.953125,pick_and_place
718727,0.358765,-0.152466,-0.956909,15.075687,10.742188,-1.281738,pick_and_place
718744,0.398682,-0.146118,-0.942383,10.742188,6.530764,-1.464844,pick_and_place
718760,0.443604,-0.151855,-0.935303,8.239746,-3.173829,-0.366211,pick_and_place
718777,0.372314,-0.158325,-0.975464,-2.441406,-26.550301,4.272461,pick_and_place
718794,0.269409,-0.076416,-0.991821,-2.502441,-17.578125,1.89209,pick_and_place
718810,0.341431,-0.067749,-0.973755,1.159668,-20.263672,2.563477,pick_and_place
718827,0.361084,-0.129517,-0.927979,0.0,-43.334961,5.859377,pick_and_place
718844,0.140503,-0.096802,-0.909424,-0.610352,-38.635254,6.164553,pick_and_place
718860,0.182129,-0.131714,-0.930542,0.305176,-20.202637,2.563477,pick_and_place
718877,0.215942,-0.126831,-0.959351,-1.464844,-18.127441,2.13623,pick_and_place
718894,0.228149,-0.121338,-0.983887,-2.319336,-15.563969,1.403809,pick_and_place
718910,0.276001,-0.144897,-0.956055,-6.286623,-19.348145,1.89209,pick_and_place
718927,0.236572,-0.140381,-0.942139,-8.300781,-22.827156,2.441406,pick_and_place
718944,0.182617,-0.064087,-0.973267,-9.277344,-7.568361,1.281738,pick_and_place
718960,0.218872,-0.051758,-0.996948,-5.493164,-2.319336,0.915528,pick_and_place
718977,0.17688,-0.077026,-1.000977,-1.525879,3.66211,-0.793457,pick_and_place
718994,0.174194,-0.110474,-0.995117,-2.13623,7.751467,-2.807618,pick_and_place
719011,0.213989,-0.111938,-0.985596,-4.333496,13.671879,-5.737307,pick_and_place
719027,0.218506,-0.0896,-0.962402,-5.187988,27.160652,-4.150391,pick_and_place
719044,0.228638,-0.082764,-0.942993,-5.554201,33.26416,-4.02832,pick_and_place
719061,0.227905,-0.10144,-0.901489,-5.432129,36.560059,-5.004883,pick_and_place
719077,0.259888,-0.119019,-0.900146,-3.845216,33.38623,-10.131836,pick_and_place
719094,0.332886,-0.156738,-0.933594,-5.920412,25.024422,-7.385256,pick_and_place
719111,0.328979,-0.131836,-1.008545,-10.864258,17.272949,-5.737307,pick_and_place
719127,0.327515,-0.11084,-0.997314,-11.718754,17.150879,-4.150391,pick_and_place
719144,0.260742,-0.113037,-0.913452,-9.277344,10.681152,-2.075195,pick_and_place
719161,0.222046,-0.096191,-0.911499,-8.850098,13.000492,-1.89209,pick_and_place
719177,0.244385,-0.083862,-0.945557,-7.629396,22.39991,-3.173829,pick_and_place
719194,0.26123,-0.090698,-0.967163,-7.873537,28.625496,-2.868653,pick_and_place
719211,0.275635,-0.094849,-0.97583,-7.873537,30.395515,-3.479005,pick_and_place
719227,0.358398,-0.127563,-0.963013,-9.155273,27.465828,-4.882813,pick_and_place
719244,0.385742,-0.083862,-0.958252,-12.207035,21.179199,-4.821777,pick_and_place
719261,0.40271,-0.084473,-0.973633,-15.502934,14.709476,-1.953125,pick_and_place
719277,0.408813,-0.083984,-0.987915,-16.723633,10.925293,-0.976563,pick_and_place
719294,0.393677,-0.096558,-1.00769,-17.76123,1.953125,-2.01416,pick_and_place
719311,0.337891,-0.084961,-0.993286,-20.874023,1.953125,-1.831055,pick_and_place
719327,0.32251,-0.05957,-0.989136,-21.30127,5.371094,-2.01416,pick_and_place
719344,0.358276,-0.045776,-0.977051,-21.30127,10.437012,-3.051759,pick_and_place
719361,0.338257,-0.070068,-0.980469,-22.705086,14.099125,-1.342773,pick_and_place
719377,0.365601,-0.082642,-0.975342,-22.888191,14.770512,-2.075195,pick_and_place
719394,0.358521,-0.099487,-0.952271,-23.498543,13.366703,-2.563477,pick_and_place
719411,0.327515,-0.085449,-0.924805,-26.245125,14.831547,-4.089355,pick_and_place
719427,0.340088,-0.075439,-0.928467,-27.221687,16.296387,-3.66211,pick_and_place
719444,0.324829,-0.079468,-0.921997,-27.771004,15.686039,-3.234864,pick_and_place
719461,0.334961,-0.084351,-0.917603,-28.015144,14.953617,-2.624512,pick_and_place
719477,0.37793,-0.046875,-0.925903,-29.174812,9.70459,-0.793457,pick_and_place
719494,0.368408,-0.0177,-0.927246,-30.21241,2.01416,4.02832,pick_and_place
719511,0.362549,-0.032593,-0.921387,-30.822762,0.061035,6.103518,pick_and_place
719527,0.341553,-0.070435,-0.914063,-33.447266,-0.366211,8.483887,pick_and_place
719544,0.344604,0.016968,-0.916504,-34.973145,1.831055,9.460449,pick_and_place
719561,0.357544,0.057983,-0.92627,-34.912109,3.41797,10.253906,pick_and_place
719577,0.38562,0.055542,-0.952759,-34.179688,2.746582,14.465336,pick_and_place
719594,0.374878,-0.000854,-0.937744,-34.912109,0.366211,16.723633,pick_and_place
719611,0.374023,-0.01355,-0.922241,-35.03418,0.0,17.272949,pick_and_place
719628,0.365967,0.036377,-0.898682,-36.010742,-1.77002,18.615723,pick_and_place
719644,0.355469,0.066406,-0.907715,-35.03418,-2.746582,17.51709,pick_and_place
719661,0.359497,0.032593,-0.907715,-35.095215,-4.150391,18.798828,pick_and_place
719678,0.363281,0.001953,-0.901489,-34.851074,-5.798342,19.287109,pick_and_place
719694,0.350342,-0.005371,-0.893555,-35.095215,-10.498047,20.141602,pick_and_place
719711,0.338867,0.106445,-0.91394,-34.240723,-10.925293,22.827156,pick_and_place
719728,0.339233,0.13269,-0.92334,-33.325195,-10.864258,25.878914,pick_and_place
719744,0.349121,0.124634,-0.911011,-33.691406,-11.840824,31.860359,pick_and_place
719761,0.356323,0.09082,-0.889038,-34.851074,-14.221195,36.132813,pick_and_place
719778,0.347412,0.087524,-0.867798,-36.010742,-15.808109,38.513184,pick_and_place
719794,0.356323,0.123291,-0.880737,-36.682129,-16.052246,39.428711,pick_and_place
719811,0.374146,0.227051,-0.936157,-35.827637,-16.662598,42.175293,pick_and_place
719828,0.403076,0.190796,-0.9375,-36.682129,-17.089844,47.119156,pick_and_place
719844,0.408081,0.172607,-0.921387,-37.414551,-19.40918,48.400894,pick_and_place
719861,0.372681,0.114258,-0.885986,-39.0625,-21.66748,51.757828,pick_and_place
719878,0.393677,0.125732,-0.898438,-36.376953,-29.174812,50.292984,pick_and_place
719894,0.324341,0.203369,-0.922974,-37.658691,-25.817879,52.673355,pick_and_place
719911,0.332764,0.265869,-0.940063,-37.109375,-21.118164,53.771988,pick_and_place
719928,0.342407,0.257813,-0.915894,-35.217285,-17.089844,57.006851,pick_and_place
719944,0.360107,0.223389,-0.888672,-35.949707,-18.432617,58.044449,pick_and_place
719961,0.369507,0.203247,-0.883179,-34.362793,-23.010262,58.776871,pick_and_place
719978,0.358643,0.172729,-0.897949,-34.240723,-28.869637,60.668961,pick_and_place
719994,0.361572,0.263428,-0.911377,-34.057617,-30.700691,61.828629,pick_and_place
720011,0.271484,0.26062,-0.904175,-35.217285,-18.493652,67.260742,pick_and_place
720028,0.322388,0.283569,-0.908325,-33.569336,-19.226074,72.021484,pick_and_place
720044,0.391846,0.225464,-0.87085,-27.893074,-39.001465,74.645996,pick_and_place
720061,0.385864,0.196655,-0.859985,-30.151375,-35.827637,74.462891,pick_and_place
720078,0.411377,0.207397,-0.875366,-29.235847,-39.123535,74.523926,pick_and_place
720094,0.342407,0.2146,-0.898438,-27.343758,-37.658691,74.279785,pick_and_place
720111,0.33728,0.228882,-0.876709,-26.489265,-29.663094,74.21875,pick_and_place
720128,0.332031,0.239624,-0.859863,-25.390633,-27.954109,74.707031,pick_and_place
720144,0.342163,0.248535,-0.83606,-23.559578,-28.686531,76.416016,pick_and_place
720161,0.349243,0.244141,-0.838501,-21.240234,-35.339355,79.711914,pick_and_place
720178,0.328979,0.234497,-0.848267,-19.40918,-37.414551,82.336426,pick_and_place
720194,0.314087,0.235962,-0.846924,-18.432617,-35.339355,83.190918,pick_and_place
720211,0.304443,0.228394,-0.831055,-17.028809,-26.550301,85.327148,pick_and_place
720228,0.36084,0.231812,-0.822266,-13.366703,-23.620613,83.984375,pick_and_place
720245,0.370605,0.22583,-0.817871,-15.258793,-24.047859,87.585449,pick_and_place
720261,0.348633,0.267822,-0.839233,-11.535648,-24.902351,87.70752,pick_and_place
720278,0.368408,0.253174,-0.850952,-9.887695,-24.230965,89.59964,pick_and_place
720295,0.382813,0.219727,-0.840942,-6.042482,-26.30616,90.454132,pick_and_place
720311,0.368286,0.213989,-0.838745,-4.455566,-25.512703,90.454132,pick_and_place
720328,0.352783,0.22168,-0.844849,-1.403809,-20.751953,87.70752,pick_and_place
720345,0.378784,0.219238,-0.840088,0.488281,-17.883301,87.219238,pick_and_place
720361,0.400269,0.217163,-0.837524,1.403809,-16.784668,84.838867,pick_and_place
720378,0.414429,0.181396,-0.840332,2.13623,-14.953617,86.853027,pick_and_place
720395,0.418213,0.153809,-0.874756,3.601075,-8.300781,83.129883,pick_and_place
720411,0.448364,0.139404,-0.886841,5.004883,-5.554201,78.979492,pick_and_place
720428,0.462646,0.136108,-0.87854,5.371094,-6.103518,77.148438,pick_and_place
720445,0.464111,0.137573,-0.860718,5.798342,-8.972168,74.09668,pick_and_place
720461,0.422852,0.120239,-0.85498,6.713869,-5.920412,70.800781,pick_and_place
720478,0.408691,0.106812,-0.854492,7.141115,-3.41797,68.664551,pick_and_place
720495,0.432251,0.098999,-0.852173,8.361816,-0.427246,63.354507,pick_and_place
720511,0.442383,0.085083,-0.872681,8.789063,1.098633,61.523453,pick_and_place
720528,0.443237,0.085693,-0.905029,10.437012,2.868653,59.204117,pick_and_place
720545,0.444336,0.055054,-0.90918,11.047363,4.211426,58.41066,pick_and_place
720561,0.423462,0.035767,-0.887451,12.02393,9.82666,57.617203,pick_and_place
720578,0.378662,0.018433,-0.877319,13.183598,20.324707,54.62648,pick_and_place
720595,0.344727,0.007568,-0.890015,13.610844,29.235847,52.429214,pick_and_place
720611,0.339966,-0.012451,-0.883301,14.953617,48.400894,47.180191,pick_and_place
720628,0.364624,-0.040039,-0.862915,13.793949,67.993164,44.372574,pick_and_place
720645,0.420532,-0.054199,-0.875366,14.404301,72.875977,42.724609,pick_and_place
720661,0.493774,-0.075684,-0.887085,12.329105,74.157715,40.405273,pick_and_place
720678,0.563843,-0.098511,-0.870117,11.840824,65.917969,39.916992,pick_and_place
720695,0.555908,-0.129883,-0.856201,10.192871,58.776871,37.475586,pick_and_place
720711,0.555054,-0.141602,-0.853882,11.718754,58.959976,34.057617,pick_and_place
720728,0.596436,-0.142334,-0.871704,4.02832,64.758301,24.53614,pick_and_place
720745,0.696655,-0.128418,-0.849854,0.976563,66.894531,15.197758,pick_and_place
720761,0.762939,-0.136353,-0.863647,-2.075195,61.706558,12.634281,pick_and_place
720778,0.81897,-0.126465,-0.866333,-4.699707,36.499023,12.084965,pick_and_place
720795,0.747803,-0.093628,-0.811401,-4.394531,6.347658,10.559082,pick_and_place
720812,0.649292,-0.049316,-0.779297,-2.746582,-9.277344,7.507326,pick_and_place
720828,0.615845,-0.022217,-0.78894,-1.831055,-10.681152,5.432129,pick_and_place
720845,0.577393,-0.050415,-0.818604,0.915528,-11.779789,5.676271,pick_and_place
720862,0.597656,-0.055298,-0.847168,1.831055,-15.869144,2.990724,pick_and_place
720878,0.587646,-0.057861,-0.844116,3.41797,-18.432617,3.112794,pick_and_place
720895,0.551147,-0.068848,-0.815308,5.310059,-21.118164,3.66211,pick_and_place
720912,0.459473,-0.044922,-0.792358,6.103518,-14.099125,2.807618,pick_and_place
720928,0.4646,-0.044678,-0.791382,6.103518,-4.821777,-0.427246,pick_and_place
720945,0.488525,-0.049927,-0.803467,5.432129,-2.01416,-1.831055,pick_and_place
720962,0.525757,-0.073975,-0.818726,2.746582,-1.953125,-1.64795,pick_and_place
720978,0.551392,-0.07019,-0.829468,0.915528,-5.981447,-0.549316,pick_and_place
720995,0.540894,-0.065674,-0.844116,-0.061035,-8.972168,0.305176,pick_and_place
721012,0.507324,-0.046875,-0.835571,-2.075195,-10.803223,0.12207,pick_and_place
721028,0.498413,-0.019653,-0.842773,-1.159668,-8.483887,0.061035,pick_and_place
721045,0.479248,-0.031372,-0.836304,-0.366211,-6.103518,-0.061035,pick_and_place
721062,0.478149,-0.054932,-0.841553,-0.793457,-4.089355,-0.549316,pick_and_place
721078,0.490234,-0.052734,-0.845947,-1.708985,-0.610352,0.183106,pick_and_place
721095,0.490601,-0.035645,-0.838135,-1.342773,3.601075,1.159668,pick_and_place
721112,0.500244,-0.029785,-0.834473,-1.037598,5.126953,1.77002,pick_and_place
721128,0.526489,-0.039429,-0.838257,0.061035,2.258301,2.685547,pick_and_place
721145,0.517334,-0.052002,-0.852417,0.549316,-1.586915,2.990724,pick_and_place
721162,0.523804,-0.04541,-0.844116,0.427246,-2.685547,2.990724,pick_and_place
721178,0.523926,-0.033203,-0.827393,1.89209,-4.943848,2.502441,pick_and_place
721195,0.520996,-0.061157,-0.824951,1.953125,-6.408693,5.371094,pick_and_place
721212,0.503296,-0.053589,-0.844971,2.197266,-4.943848,2.990724,pick_and_place
721228,0.512939,-0.05188,-0.846313,2.319336,-4.272461,2.868653,pick_and_place
721245,0.513306,-0.045044,-0.848633,2.502441,-3.356935,2.502441,pick_and_place
721262,0.526733,-0.055298,-0.834717,3.112794,-3.234864,2.563477,pick_and_place
721278,0.538208,-0.053711,-0.832642,2.624512,-4.516602,2.807618,pick_and_place
721295,0.518066,-0.030273,-0.832275,2.868653,-7.263186,3.967286,pick_and_place
721312,0.501953,-0.057861,-0.838745,2.624512,-7.690432,4.02832,pick_and_place
721328,0.51709,-0.058838,-0.842773,2.563477,-7.08008,2.807618,pick_and_place
721345,0.515381,-0.057129,-0.848511,2.868653,-6.896975,2.502441,pick_and_place
721362,0.506958,-0.067993,-0.859009,3.112794,-6.225588,2.746582,pick_and_place
721378,0.500122,-0.058472,-0.857666,3.723145,-3.479005,1.586915,pick_and_place
721395,0.503296,-0.050903,-0.85498,4.211426,-2.258301,0.854492,pick_and_place
721412,0.501221,-0.052734,-0.84375,4.882813,-1.953125,0.12207,pick_and_place
721429,0.511108,-0.072388,-0.845093,5.310059,-1.342773,-0.610352,pick_and_place
721445,0.529907,-0.078735,-0.848633,4.455566,-2.929688,-1.220703,pick_and_place
721462,0.522217,-0.073242,-0.845337,3.906251,-4.150391,-0.915528,pick_and_place
721479,0.507324,-0.065552,-0.837769,4.02832,-6.408693,-1.159668,pick_and_place
721495,0.499146,-0.065796,-0.856201,4.577637,-7.507326,-1.708985,pick_and_place
721512,0.497314,-0.067139,-0.861694,5.004883,-7.263186,-1.831055,pick_and_place
721529,0.494873,-0.071899,-0.86377,5.859377,-6.103518,-2.502441,pick_and_place
721545,0.49353,-0.072632,-0.846436,5.981447,-6.042482,-2.746582,pick_and_place
721562,0.496094,-0.07019,-0.845947,6.835939,-7.08008,-2.868653,pick_and_place
721579,0.49231,-0.075562,-0.857056,7.141115,-8.239746,-2.929688,pick_and_place
721595,0.48938,-0.083252,-0.866577,7.20215,-10.192871,-3.234864,pick_and_place
721612,0.499268,-0.087036,-0.863525,7.507326,-11.291508,-3.906251,pick_and_place
721629,0.499268,-0.088135,-0.856201,7.324221,-11.474613,-3.845216,pick_and_place
721645,0.477417,-0.078491,-0.847656,7.690432,-10.314941,-4.150391,pick_and_place
721662,0.460083,-0.081787,-0.843384,7.751467,-9.887695,-4.333496,pick_and_place
721679,0.458496,-0.082764,-0.846191,7.751467,-9.643555,-4.577637,pick_and_place
721695,0.465576,-0.088623,-0.870483,7.507326,-8.605957,-4.760742,pick_and_place
721712,0.466797,-0.088989,-0.886108,6.835939,-9.94873,-3.66211,pick_and_place
721729,0.462769,-0.084473,-0.879028,7.263186,-11.352543,-2.807618,pick_and_place
721745,0.459595,-0.08667,-0.870239,7.446291,-11.413578,-2.624512,pick_and_place
721762,0.4552,-0.086792,-0.866455,7.812502,-11.596684,-2.319336,pick_and_place
721779,0.430786,-0.089111,-0.875,8.422852,-10.925293,-1.953125,pick_and_place
721795,0.424683,-0.09314,-0.883789,8.972168,-10.131836,-2.197266,pick_and_place
721812,0.43103,-0.112549,-0.901855,10.925293,-9.399414,-2.197266,pick_and_place
721829,0.458374,-0.101563,-0.9021,11.901859,-10.925293,-2.380371,pick_and_place
721845,0.474243,-0.074219,-0.867554,14.709476,-12.634281,-1.77002,pick_and_place
721862,0.479736,-0.071777,-0.848267,16.418457,-14.831547,-0.976563,pick_and_place
721879,0.453003,-0.094727,-0.843872,18.554688,-23.742683,0.793457,pick_and_place
721895,0.411743,-0.119995,-0.863647,19.470215,-29.907234,0.793457,pick_and_place
721912,0.392944,-0.125122,-0.870972,19.470215,-29.541023,0.488281,pick_and_place
721929,0.384033,-0.133545,-0.884399,19.287109,-26.489265,1.037598,pick_and_place
721945,0.380371,-0.138184,-0.888672,18.432617,-24.902351,2.13623,pick_and_place
721962,0.373779,-0.142212,-0.892334,17.883301,-29.174812,3.479005,pick_and_place
721979,0.367798,-0.158691,-0.909424,17.578125,-31.921394,4.150391,pick_and_place
721996,0.200928,-0.235352,-0.951538,12.329105,-21.179199,2.075195,pick_and_place
722012,0.291138,-0.192871,-0.973511,4.516602,8.483887,-3.295899,pick_and_place
722029,0.383545,-0.184082,-0.951416,3.601075,9.033203,-3.906251,pick_and_place
722046,0.413086,-0.163818,-0.92041,1.403809,-2.502441,-0.793457,pick_and_place
722062,0.361694,-0.153198,-0.911865,2.563477,-14.404301,4.089355,pick_and_place
722079,0.356323,-0.168701,-0.888672,2.685547,-25.817879,5.920412,pick_and_place
722096,0.297363,-0.17749,-0.890991,1.64795,-26.794441,6.347658,pick_and_place
722112,0.208252,-0.161133,-0.923096,1.831055,-16.418457,5.676271,pick_and_place
722129,0.290039,-0.195313,-0.931274,3.051759,-0.671387,-1.037598,pick_and_place
722146,0.371582,-0.201782,-0.924683,1.831055,0.793457,-3.173829,pick_and_place
722162,0.448364,-0.189331,-0.933105,-0.549316,-12.756351,-2.380371,pick_and_place
722179,0.399658,-0.211304,-0.933228,-1.77002,-19.042969,-3.356935,pick_and_place
722196,0.423828,-0.192505,-0.927979,-3.41797,-17.883301,-5.065918,pick_and_place
722212,0.404785,-0.159424,-0.908691,-1.64795,-23.803719,-6.774904,pick_and_place
722229,0.378906,-0.146362,-0.921143,-1.525879,-30.822762,-7.568361,pick_and_place
722246,0.359131,-0.156372,-0.94165,-1.525879,-39.367676,-8.483887,pick_and_place
722262,0.336548,-0.164673,-0.95813,-2.319336,-41.19873,-8.361816,pick_and_place
722279,0.254272,-0.145996,-0.966797,-3.295899,-31.921394,-8.239746,pick_and_place
722296,0.245117,-0.148315,-0.955078,-1.464844,-27.465828,-9.643555,pick_and_place
722312,0.250977,-0.149658,-0.954712,-2.746582,-25.085457,-9.399414,pick_and_place
722329,0.291382,-0.14563,-0.966309,-4.089355,-32.836914,-8.544922,pick_and_place
722346,0.240234,-0.091675,-0.929565,-3.967286,-42.541504,-8.728027,pick_and_place
722362,0.253418,-0.115601,-0.945679,1.464844,-44.189453,-11.657719,pick_and_place
722379,0.272339,-0.143677,-0.939941,1.953125,-49.255386,-9.887695,pick_and_place
722396,0.193359,-0.131592,-0.933228,2.01416,-62.500015,-6.469728,pick_and_place
722412,0.054932,-0.138794,-0.970459,0.671387,-53.222672,-6.469728,pick_and_place
722429,0.022705,-0.144897,-0.983398,-0.305176,-41.137695,-6.408693,pick_and_place
722446,0.057861,-0.186401,-0.953125,-1.525879,-23.986824,2.319336,pick_and_place
722462,0.132935,-0.125732,-0.957764,-5.432129,-20.019531,-5.249023,pick_and_place
722479,0.064453,-0.144165,-0.96106,-6.835939,-17.39502,0.915528,pick_and_place
722496,0.052246,-0.140503,-0.962524,-5.371094,-12.084965,1.464844,pick_and_place
722512,0.069458,-0.157104,-0.969971,-6.530764,0.610352,2.441406,pick_and_place
722529,0.098877,-0.164551,-1.003418,-8.728027,1.953125,4.150391,pick_and_place
722546,0.093018,-0.160645,-1.012817,-9.399414,2.990724,4.02832,pick_and_place
722562,0.074951,-0.168091,-1.021118,-9.643555,7.20215,4.821777,pick_and_place
722579,0.081421,-0.164795,-1.021729,-9.643555,16.906738,3.784181,pick_and_place
722596,0.107666,-0.169922,-1.023438,-11.169437,24.047859,0.793457,pick_and_place
722613,0.125854,-0.164917,-1.036621,-11.718754,26.42823,-0.366211,pick_and_place
722629,0.142578,-0.138916,-1.021606,-10.864258,29.418953,-2.441406,pick_and_place
722646,0.177856,-0.127075,-1.022461,-10.009766,29.296883,-5.187988,pick_and_place
722663,0.174194,-0.127441,-1.017822,-9.338379,31.311043,-6.286623,pick_and_place
722679,0.215698,-0.134766,-0.993164,-10.253906,33.996582,-8.239746,pick_and_place
722696,0.254639,-0.129272,-0.997192,-11.413578,32.104492,-10.559082,pick_and_place
722713,0.310059,-0.125366,-0.99707,-12.146,27.465828,-10.925293,pick_and_place
722729,0.294312,-0.111938,-1.002197,-12.756351,18.981934,-11.474613,pick_and_place
722746,0.290649,-0.10437,-1.013916,-12.695316,23.315437,-14.587406,pick_and_place
722763,0.326294,-0.116699,-0.984863,-12.26807,30.395515,-18.371582,pick_and_place
722779,0.344604,-0.111206,-0.963257,-12.146,32.775879,-21.789551,pick_and_place
722796,0.44812,-0.104492,-0.94043,-12.02393,35.217285,-32.348633,pick_and_place
722813,0.515625,-0.109985,-0.950684,-13.183598,29.296883,-40.527344,pick_and_place
722829,0.538818,-0.105347,-0.945923,-13.793949,23.803719,-44.128418,pick_and_place
722846,0.495483,-0.076172,-0.896118,-13.549809,11.962894,-51.330582,pick_and_place
722863,0.454346,-0.040894,-0.869995,-12.695316,10.925293,-57.495132,pick_and_place
722879,0.448486,-0.011597,-0.862549,-12.207035,12.329105,-61.828629,pick_and_place
722896,0.453735,-0.000977,-0.866333,-8.728027,10.864258,-66.711426,pick_and_place
722913,0.47168,-0.034302,-0.872803,-7.20215,9.155273,-68.969727,pick_and_place
722929,0.463379,-0.018799,-0.875,-6.103518,7.20215,-73.120117,pick_and_place
722946,0.453247,0.006348,-0.876343,-5.615236,7.324221,-75.866699,pick_and_place
722963,0.433594,0.029907,-0.870361,-3.295899,8.728027,-79.040527,pick_and_place
722979,0.420532,0.043213,-0.885864,-1.64795,9.338379,-82.458496,pick_and_place
722996,0.445557,0.032593,-0.902954,-0.793457,6.469728,-84.411621,pick_and_place
723013,0.46582,0.021973,-0.894531,0.366211,2.502441,-85.144043,pick_and_place
723029,0.441284,0.029907,-0.863403,-0.366211,-4.760742,-84.777832,pick_and_place
723046,0.412842,0.050781,-0.848633,0.427246,-14.28223,-86.181641,pick_and_place
723063,0.397339,0.053101,-0.843872,0.0,-18.005371,-86.181641,pick_and_place
723079,0.366333,0.080933,-0.844971,-0.671387,-24.230965,-85.876465,pick_and_place
723096,0.322876,0.108765,-0.867676,0.305176,-26.550301,-83.92334,pick_and_place
723113,0.310913,0.109253,-0.875854,1.953125,-23.376472,-82.15332,pick_and_place
723129,0.274292,0.097412,-0.884888,1.831055,-19.775391,-81.237793,pick_and_place
723146,0.230957,0.116577,-0.877686,3.112794,-10.192871,-80.810547,pick_and_place
723163,0.226563,0.133545,-0.885254,4.943848,-3.173829,-82.214355,pick_and_place
723179,0.208374,0.13147,-0.893555,5.859377,1.159668,-81.665039,pick_and_place
723196,0.188477,0.13269,-0.895264,6.652834,12.207035,-80.566406,pick_and_place
723213,0.21167,0.130249,-0.912354,8.789063,19.958496,-79.406738,pick_and_place
723230,0.233032,0.122437,-0.916992,10.009766,21.606445,-78.00293,pick_and_place
723246,0.265991,0.105225,-0.917236,11.474613,18.676758,-73.974609,pick_and_place
723263,0.213501,0.111206,-0.90918,11.779789,18.493652,-73.242188,pick_and_place
723280,0.212646,0.119751,-0.916748,12.756351,22.39991,-72.753906,pick_and_place
723296,0.203369,0.116333,-0.928101,12.939457,24.902351,-71.655273,pick_and_place
723313,0.195068,0.10144,-0.928955,13.183598,33.813477,-69.335938,pick_and_place
723330,0.261719,0.119385,-0.908325,14.03809,34.118652,-67.138672,pick_and_place
723346,0.289185,0.129883,-0.898804,15.441898,30.151375,-65.795898,pick_and_place
723363,0.320557,0.133057,-0.902466,16.174316,18.676758,-63.049332,pick_and_place
723380,0.275757,0.125122,-0.91626,16.357422,11.108402,-59.570328,pick_and_place
723396,0.23938,0.147339,-0.915405,16.784668,14.16016,-57.556168,pick_and_place
723413,0.229126,0.161865,-0.914917,18.188477,17.883301,-57.556168,pick_and_place
723430,0.24646,0.181274,-0.915405,20.324707,30.029305,-56.457535,pick_and_place
723446,0.317505,0.151367,-0.922974,21.789551,33.630371,-54.382339,pick_and_place
723463,0.343628,0.124146,-0.922729,21.911621,31.250008,-53.283707,pick_and_place
723480,0.345703,0.106934,-0.917725,21.484375,24.353035,-51.452652,pick_and_place
723496,0.31604,0.129761,-0.920288,22.27784,23.498543,-50.781265,pick_and_place
723513,0.335449,0.112183,-0.917847,23.620613,28.19825,-51.818863,pick_and_place
723530,0.3573,0.100098,-0.913696,24.475105,29.235847,-52.49025,pick_and_place
723546,0.404419,0.077637,-0.906738,26.42823,26.672371,-52.856461,pick_and_place
723563,0.463623,0.060547,-0.904175,28.07618,13.244633,-52.124039,pick_and_place
723580,0.483276,0.055054,-0.896118,29.174812,2.929688,-51.879898,pick_and_place
723596,0.462158,0.03894,-0.897217,29.113777,-14.892582,-50.903336,pick_and_place
723613,0.37085,0.025635,-0.938721,28.44239,-22.52198,-50.659195,pick_and_place
723630,0.327881,0.030518,-0.953003,27.526863,-17.944336,-51.635757,pick_and_place
723646,0.285767,0.050659,-0.958862,27.404793,-14.770512,-52.429214,pick_and_place
723663,0.276001,0.049316,-0.950684,27.587898,-11.840824,-53.039566,pick_and_place
723680,0.218384,0.034912,-1.00293,26.977547,-10.498047,-52.001968,pick_and_place
723696,0.200195,0.03418,-1.013428,26.367195,-8.239746,-50.72023,pick_and_place
723713,0.170532,0.030273,-1.022217,24.658211,-5.737307,-47.668472,pick_and_place
723730,0.147461,0.029297,-1.027344,23.132332,-4.333496,-44.79982,pick_and_place
723746,0.158081,0.018433,-1.026611,22.27784,-5.371094,-43.09082,pick_and_place
723763,0.156006,0.013428,-1.012695,19.165039,-10.681152,-38.452148,pick_and_place
723780,0.11792,0.050903,-0.990967,17.700195,-14.648441,-32.775879,pick_and_place
723797,0.110596,0.04541,-0.9823,18.005371,-14.526371,-27.832039,pick_and_place
723813,0.122314,0.029297,-0.995605,18.310547,-14.953617,-26.062019,pick_and_place
723830,0.177368,0.004517,-1.00708,18.127441,-21.30127,-21.789551,pick_and_place
723847,0.188965,0.020264,-0.984741,17.272949,-36.193848,-17.76123,pick_and_place
723863,0.164307,0.021851,-0.963745,18.249512,-43.640137,-17.39502,pick_and_place
723880,0.119995,0.005371,-0.939209,16.845703,-54.992691,-11.352543,pick_and_place
723897,0.06604,0.012573,-0.962158,18.981934,-55.664078,-11.901859,pick_and_place
723913,0.043823,-0.010132,-0.998413,21.179199,-47.302261,-11.901859,pick_and_place
723930,0.084473,-0.021973,-0.998291,22.094727,-45.043961,-12.146,pick_and_place
723947,0.125488,-0.032104,-0.973267,21.911621,-49.194351,-11.108402,pick_and_place
723963,0.048706,0.013794,-0.961914,21.606445,-53.955093,-7.995607,pick_and_place
723980,0.010742,0.034302,-0.963867,22.39991,-52.61232,-6.103518,pick_and_place
723997,-0.008423,0.005737,-0.996704,23.864754,-43.334961,-5.004883,pick_and_place
724013,-0.001709,-0.03479,-1.009888,24.719246,-30.822762,-5.065918,pick_and_place
724030,0.026611,-0.04834,-0.998657,23.559578,-24.16993,-5.004883,pick_and_place
724047,0.03894,-0.030273,-0.986572,22.094727,-23.803719,-4.821777,pick_and_place
724063,0.026855,-0.009766,-0.969971,20.141602,-28.32032,-4.211426,pick_and_place
724080,-0.011597,-0.026123,-1.008179,17.700195,-29.541023,-2.990724,pick_and_place
724097,-0.026611,-0.029297,-1.021484,17.883301,-27.221687,-2.441406,pick_and_place
724113,-0.030151,-0.040527,-1.025513,17.700195,-20.080566,-0.793457,pick_and_place
724130,0.046753,-0.0896,-0.992554,14.831547,-21.118164,0.976563,pick_and_place
724147,0.0448,-0.093506,-0.977417,12.512211,-29.846199,1.953125,pick_and_place
724163,-0.075806,-0.077759,-0.976318,12.756351,-26.733406,2.075195,pick_and_place
724180,-0.124023,-0.066284,-0.998413,13.854984,-8.483887,1.403809,pick_and_place
724197,-0.044312,-0.074707,-0.995483,16.296387,8.056641,-2.13623,pick_and_place
724213,0.03479,-0.102539,-0.982544,16.601563,8.544922,-2.807618,pick_and_place
724230,0.076416,-0.114258,-0.964478,15.258793,-0.244141,-0.366211,pick_and_place
724247,-0.009644,-0.110107,-0.96875,17.63916,-6.103518,0.0,pick_and_place
724263,-0.0448,-0.116333,-0.974243,19.226074,-2.868653,-1.159668,pick_and_place
724280,-0.105591,-0.136597,-0.990112,21.606445,10.864258,-3.967286,pick_and_place
724297,-0.054932,-0.133179,-0.999512,21.66748,25.451668,-9.70459,pick_and_place
724313,-0.037231,-0.141724,-1.046265,20.629883,39.367676,-12.756351,pick_and_place
724330,-0.022705,-0.146729,-1.054199,19.714355,48.156754,-14.953617,pick_and_place
724347,0.008423,-0.140869,-1.037964,18.920898,49.255386,-15.258793,pick_and_place
724363,0.046143,-0.171753,-1.056885,14.831547,46.875015,-13.732914,pick_and_place
724380,0.063965,-0.173462,-1.075928,11.291508,41.748047,-13.916019,pick_and_place
724397,0.091553,-0.186768,-1.083618,4.699707,33.26416,-12.817387,pick_and_place
724414,0.028076,-0.170654,-1.079224,0.366211,30.029305,-11.169437,pick_and_place
724430,0.058594,-0.148682,-1.079834,-1.525879,39.245605,-11.108402,pick_and_place
724447,0.119019,-0.125854,-1.06897,-3.41797,37.658691,-10.864258,pick_and_place
724464,0.163452,-0.083374,-1.046021,-5.310059,27.160652,-7.08008,pick_and_place
724480,0.148315,-0.088745,-1.008911,-5.554201,17.39502,-3.601075,pick_and_place
724497,0.137451,-0.085938,-0.99707,-5.554201,13.549809,-2.990724,pick_and_place
724514,0.112427,-0.092041,-0.98938,-6.042482,12.084965,-2.075195,pick_and_place
724530,0.133789,-0.089111,-0.977173,-7.751467,11.352543,-1.64795,pick_and_place
724547,0.152832,-0.063232,-0.964111,-8.178711,8.239746,-0.854492,pick_and_place
724564,0.153564,-0.045898,-0.960327,-7.751467,7.019045,-0.610352,pick_and_place
724580,0.164185,-0.029663,-0.957886,-6.286623,5.004883,0.976563,pick_and_place
724597,0.155762,-0.044434,-0.948975,-4.089355,4.211426,2.319336,pick_and_place
724614,0.156982,-0.053955,-0.942627,-3.54004,5.432129,2.319336,pick_and_place
724630,0.176392,-0.056763,-0.936157,-2.746582,5.432129,2.380371,pick_and_place
724647,0.176636,-0.040405,-0.927612,-1.586915,5.981447,2.685547,pick_and_place
724664,0.178223,-0.034058,-0.927246,-0.12207,7.690432,2.624512,pick_and_place
724680,0.173462,-0.050049,-0.928467,0.610352,9.155273,2.258301,pick_and_place
724697,0.190918,-0.068481,-0.935791,1.586915,10.498047,1.831055,pick_and_place
724714,0.213135,-0.04895,-0.939209,1.89209,8.728027,1.831055,pick_and_place
724730,0.21814,-0.040527,-0.940186,2.563477,6.530764,2.197266,pick_and_place
724747,0.210571,-0.055664,-0.947144,4.760742,2.990724,2.746582,pick_and_place
724764,0.188232,-0.074585,-0.956177,5.615236,3.479005,2.258301,pick_and_place
724780,0.185303,-0.072144,-0.958496,5.798342,5.126953,1.953125,pick_and_place
724797,0.200073,-0.060669,-0.956055,6.408693,7.141115,1.464844,pick_and_place
724814,0.218384,-0.085083,-0.957764,7.324221,4.272461,1.64795,pick_and_place
724830,0.215454,-0.111816,-0.968628,6.469728,-1.037598,1.525879,pick_and_place
724847,0.205566,-0.109497,-0.979858,6.042482,-2.868653,1.464844,pick_and_place
724864,0.17688,-0.090576,-0.99707,5.432129,-2.441406,1.708985,pick_and_place
724880,0.168701,-0.098389,-0.993286,5.676271,0.732422,1.953125,pick_and_place
724897,0.180298,-0.111328,-0.988403,5.371094,1.220703,1.89209,pick_and_place
724914,0.174072,-0.113159,-0.984131,3.845216,0.488281,1.464844,pick_and_place
724930,0.182373,-0.110107,-0.994141,4.02832,1.037598,1.586915,pick_and_place
724947,0.190063,-0.126587,-0.995117,3.54004,-1.098633,3.051759,pick_and_place
724964,0.176636,-0.121582,-0.995483,3.112794,-1.586915,3.051759,pick_and_place
724981,0.161621,-0.113159,-0.991089,3.051759,0.12207,3.173829,pick_and_place
724997,0.175537,-0.119141,-0.973267,2.502441,0.305176,3.54004,pick_and_place
725014,0.177979,-0.116577,-0.968628,2.197266,-0.12207,3.784181,pick_and_place
725031,0.185913,-0.109863,-0.966431,2.258301,-0.854492,4.821777,pick_and_place
725047,0.18103,-0.101318,-0.959229,2.929688,-3.723145,6.042482,pick_and_place
725064,0.157959,-0.119263,-0.944092,4.150391,-3.66211,5.920412,pick_and_place
725081,0.161743,-0.12854,-0.933838,4.333496,-2.868653,5.310059,pick_and_place
725097,0.15332,-0.123535,-0.929199,3.906251,0.671387,3.479005,pick_and_place
725114,0.156616,-0.11853,-0.940186,3.784181,6.225588,2.441406,pick_and_place
725131,0.164551,-0.123779,-0.944946,3.41797,9.155273,2.258301,pick_and_place
725147,0.186279,-0.12207,-0.944824,3.234864,13.061527,1.525879,pick_and_place
725164,0.241211,-0.123901,-0.957397,3.051759,9.216309,1.281738,pick_and_place
725181,0.25061,-0.124878,-0.962402,1.953125,0.488281,2.075195,pick_and_place
725197,0.223877,-0.120483,-0.969849,1.77002,-0.915528,2.075195,pick_and_place
725214,0.214233,-0.124146,-0.967041,0.854492,0.793457,1.464844,pick_and_place
725231,0.225342,-0.114746,-0.971191,0.12207,1.159668,0.732422,pick_and_place
725247,0.224365,-0.110596,-0.9729,0.244141,0.854492,0.610352,pick_and_place
725264,0.214966,-0.099609,-0.968262,0.610352,0.488281,0.366211,pick_and_place
725281,0.207153,-0.102173,-0.959106,2.502441,-0.488281,1.098633,pick_and_place
725297,0.207764,-0.109863,-0.954468,2.380371,0.061035,0.854492,pick_and_place
725314,0.223877,-0.110107,-0.952026,2.746582,-0.366211,-0.305176,pick_and_place
725331,0.22229,-0.120483,-0.957764,2.441406,-3.784181,0.183106,pick_and_place
725347,0.182861,-0.121948,-0.963379,2.075195,-5.920412,0.488281,pick_and_place
725364,0.184204,-0.114502,-0.962402,2.075195,-5.371094,-0.244141,pick_and_place
725381,0.192505,-0.100098,-0.956299,2.075195,-5.981447,0.427246,pick_and_place
725397,0.210083,-0.101563,-0.944946,2.01416,-12.756351,2.441406,pick_and_place
725414,0.228271,-0.113403,-0.94043,1.403809,-18.371582,2.624512,pick_and_place
725431,0.165405,-0.139893,-0.958984,-1.281738,-25.939949,4.821777,pick_and_place
725447,0.12561,-0.131592,-0.9729,-5.249023,-26.123055,4.150391,pick_and_place
725464,0.103271,-0.084961,-0.970215,-5.187988,-18.981934,4.577637,pick_and_place
725481,0.09314,-0.096313,-0.963379,-4.699707,-16.845703,4.699707,pick_and_place
725497,0.109131,-0.130859,-0.953125,-7.324221,-11.596684,2.929688,pick_and_place
725514,0.078857,-0.158569,-1.006592,-9.58252,-4.211426,3.41797,pick_and_place
725531,0.092041,-0.1521,-1.018066,-8.850098,0.732422,1.831055,pick_and_place
725547,0.076538,-0.125732,-1.032227,-5.676271,15.014652,-0.061035,pick_and_place
725564,0.143188,-0.151733,-1.022339,-2.624512,20.690918,-4.211426,pick_and_place
725581,0.081543,-0.157349,-0.990845,-3.479005,18.981934,-4.821777,pick_and_place
725598,0.077637,-0.144897,-0.944946,-2.807618,23.986824,-6.469728,pick_and_place
725614,0.154419,-0.139404,-0.922485,-4.882813,28.747566,-6.713869,pick_and_place
725631,0.140381,-0.136108,-1.00354,-9.399414,33.813477,-4.211426,pick_and_place
725648,0.223145,-0.165283,-1.024414,-11.962894,33.447266,-4.882813,pick_and_place
725664,0.308105,-0.176514,-1.040649,-21.240234,9.887695,-1.220703,pick_and_place
725681,0.240967,-0.167114,-1.095093,-25.939949,-2.685547,0.610352,pick_and_place
725698,0.237793,-0.136963,-1.098389,-25.390633,-6.225588,1.403809,pick_and_place
725714,0.143066,-0.109131,-1.067017,-25.939949,-3.66211,1.64795,pick_and_place
725731,0.131226,-0.112061,-1.053223,-25.329597,15.075687,-1.953125,pick_and_place
725748,0.174316,-0.117676,-1.029663,-26.30616,21.240234,-2.624512,pick_and_place
725764,0.133911,-0.088013,-1.011841,-26.42823,27.404793,-2.990724,pick_and_place
725781,0.204102,-0.073242,-1.017456,-26.367195,39.0625,-4.150391,pick_and_place
725798,0.209351,-0.095825,-1.006592,-28.259285,40.649414,-3.601075,pick_and_place
725814,0.233765,-0.096924,-0.99939,-28.503426,39.367676,-4.150391,pick_and_place
725831,0.253662,-0.058838,-0.975098,-29.479988,41.19873,-3.967286,pick_and_place
725848,0.254761,-0.022095,-0.956543,-28.259285,43.823242,-2.441406,pick_and_place
725864,0.254395,-0.033691,-0.910767,-27.587898,40.771484,0.915528,pick_and_place
725881,0.262207,-0.040649,-0.892822,-27.099617,36.560059,-0.061035,pick_and_place
725898,0.25061,-0.024292,-0.894775,-28.625496,27.832039,-2.258301,pick_and_place
725914,0.223633,0.029907,-0.934326,-30.273445,35.644531,-2.990724,pick_and_place
725931,0.231689,0.039063,-0.958862,-30.273445,44.79982,-1.89209,pick_and_place
725948,0.317627,0.001953,-0.964111,-29.541023,52.368179,1.77002,pick_and_place
725964,0.355835,-0.019775,-0.92981,-30.883797,49.499527,4.150391,pick_and_place
725981,0.39502,0.02124,-0.918945,-33.081055,39.001465,7.019045,pick_and_place
