timestamp_ms,ax,ay,az,gx,gy,gz,activity
2498205,0.332031,-0.902588,-0.211426,5.065918,2.868653,1.342773,sit_stand_sit
2498222,0.336792,-0.909546,-0.205811,5.065918,3.112794,1.586915,sit_stand_sit
2498238,0.344116,-0.90979,-0.191406,4.455566,3.051759,2.441406,sit_stand_sit
2498255,0.35022,-0.908081,-0.179565,5.004883,2.319336,4.02832,sit_stand_sit
2498272,0.362793,-0.916138,-0.171143,6.042482,1.831055,5.432129,sit_stand_sit
2498288,0.360474,-0.922119,-0.164429,6.286623,1.708985,5.798342,sit_stand_sit
2498305,0.353882,-0.923462,-0.15564,5.493164,1.953125,5.676271,sit_stand_sit
2498322,0.349365,-0.907471,-0.152832,5.126953,2.624512,5.004883,sit_stand_sit
2498338,0.349731,-0.901001,-0.151733,5.371094,2.807618,4.638672,sit_stand_sit
2498355,0.346558,-0.894653,-0.143677,5.676271,3.051759,4.02832,sit_stand_sit
2498372,0.346313,-0.883667,-0.134033,5.249023,3.723145,3.845216,sit_stand_sit
2498388,0.356201,-0.875122,-0.134644,6.347658,4.089355,3.967286,sit_stand_sit
2498405,0.360962,-0.880005,-0.134521,7.263186,3.723145,3.967286,sit_stand_sit
2498422,0.362183,-0.892944,-0.130859,7.812502,2.746582,3.906251,sit_stand_sit
2498438,0.356323,-0.891113,-0.126465,7.446291,2.380371,3.723145,sit_stand_sit
2498455,0.352783,-0.886719,-0.126587,7.141115,2.441406,3.66211,sit_stand_sit
2498472,0.347168,-0.885864,-0.128662,7.385256,2.563477,3.54004,sit_stand_sit
2498489,0.351807,-0.886841,-0.123657,6.95801,3.356935,3.54004,sit_stand_sit
2498505,0.358398,-0.884033,-0.122681,7.08008,3.845216,3.784181,sit_stand_sit
2498522,0.36853,-0.890625,-0.127319,7.812502,3.845216,3.967286,sit_stand_sit
2498539,0.378052,-0.900146,-0.127808,7.446291,2.258301,3.356935,sit_stand_sit
2498555,0.372314,-0.884521,-0.124146,6.408693,-1.403809,2.380371,sit_stand_sit
2498572,0.36731,-0.875854,-0.123779,6.408693,-2.929688,1.831055,sit_stand_sit
2498589,0.369873,-0.873413,-0.128662,7.263186,-6.652834,1.098633,sit_stand_sit
2498605,0.362793,-0.877563,-0.130493,6.95801,-9.521484,0.305176,sit_stand_sit
2498622,0.360229,-0.872314,-0.13208,6.835939,-10.375977,0.12207,sit_stand_sit
2498639,0.3573,-0.874023,-0.134033,7.690432,-12.084965,0.12207,sit_stand_sit
2498655,0.372681,-0.881348,-0.13269,6.896975,-14.709476,0.732422,sit_stand_sit
2498672,0.383911,-0.887695,-0.129883,6.347658,-19.348145,1.220703,sit_stand_sit
2498689,0.373657,-0.893799,-0.126343,5.432129,-21.179199,1.220703,sit_stand_sit
2498705,0.35498,-0.88623,-0.127319,3.234864,-22.460945,0.488281,sit_stand_sit
2498722,0.364746,-0.876831,-0.13855,2.929688,-22.155769,0.061035,sit_stand_sit
2498739,0.380859,-0.879272,-0.141479,3.54004,-22.949226,-0.244141,sit_stand_sit
2498755,0.390381,-0.901123,-0.133057,3.967286,-25.878914,-0.549316,sit_stand_sit
2498772,0.377075,-0.913208,-0.121216,1.64795,-28.808601,-1.281738,sit_stand_sit
2498789,0.364258,-0.892334,-0.126465,-0.793457,-30.700691,-2.441406,sit_stand_sit
2498805,0.3573,-0.883667,-0.134644,-0.976563,-31.005867,-3.112794,sit_stand_sit
2498822,0.350098,-0.894287,-0.151489,-0.061035,-29.479988,-4.516602,sit_stand_sit
2498839,0.351685,-0.915161,-0.160522,-1.525879,-26.489265,-5.432129,sit_stand_sit
2498855,0.359497,-0.911133,-0.160889,-2.990724,-25.146492,-5.798342,sit_stand_sit
2498872,0.371094,-0.889038,-0.150146,-3.784181,-24.658211,-6.530764,sit_stand_sit
2498889,0.358521,-0.882568,-0.131592,-3.601075,-23.925789,-6.591799,sit_stand_sit
2498905,0.353516,-0.896973,-0.138916,-3.234864,-21.54541,-6.835939,sit_stand_sit
2498922,0.352051,-0.907349,-0.145386,-3.479005,-20.446777,-7.20215,sit_stand_sit
2498939,0.352051,-0.90564,-0.158813,-4.089355,-19.53125,-8.178711,sit_stand_sit
2498955,0.340698,-0.89209,-0.177734,-2.929688,-17.272949,-9.338379,sit_stand_sit
2498972,0.355835,-0.893921,-0.185425,-1.281738,-15.991215,-9.70459,sit_stand_sit
2498989,0.39856,-0.915161,-0.187622,0.915528,-16.906738,-9.70459,sit_stand_sit
2499005,0.389648,-0.927368,-0.174927,0.0,-19.958496,-8.728027,sit_stand_sit
2499022,0.380005,-0.919922,-0.171021,-1.342773,-21.42334,-8.666992,sit_stand_sit
2499039,0.359497,-0.887451,-0.175537,-2.075195,-22.949226,-10.253906,sit_stand_sit
2499055,0.36499,-0.878662,-0.202148,0.183106,-23.803719,-12.390141,sit_stand_sit
2499072,0.367188,-0.910156,-0.206177,0.854492,-25.695808,-13.854984,sit_stand_sit
2499089,0.361572,-0.912476,-0.198608,-0.244141,-26.42823,-13.916019,sit_stand_sit
2499106,0.349487,-0.884399,-0.189453,-2.563477,-25.756844,-13.977055,sit_stand_sit
2499122,0.348511,-0.845581,-0.193604,-2.258301,-23.254402,-15.441898,sit_stand_sit
2499139,0.355713,-0.84021,-0.197998,-1.220703,-23.315437,-16.235352,sit_stand_sit
2499156,0.368042,-0.8479,-0.206299,1.159668,-27.099617,-17.211914,sit_stand_sit
2499172,0.358887,-0.87207,-0.206421,2.380371,-33.569336,-15.686039,sit_stand_sit
2499189,0.339233,-0.871094,-0.22168,2.258301,-34.545898,-15.319828,sit_stand_sit
2499206,0.335938,-0.870361,-0.232666,3.295899,-32.226563,-15.197758,sit_stand_sit
2499222,0.342041,-0.878906,-0.249878,6.530764,-23.925789,-15.136723,sit_stand_sit
2499239,0.367676,-0.900391,-0.215942,7.446291,-17.76123,-15.014652,sit_stand_sit
2499256,0.387085,-0.897949,-0.194824,6.652834,-17.211914,-14.465336,sit_stand_sit
2499272,0.418335,-0.873901,-0.171021,5.493164,-24.108894,-12.26807,sit_stand_sit
2499289,0.419189,-0.891479,-0.180054,6.591799,-32.592773,-11.779789,sit_stand_sit
2499306,0.386963,-0.926636,-0.194946,4.089355,-36.621094,-12.817387,sit_stand_sit
2499322,0.376221,-0.918701,-0.208252,1.89209,-36.987305,-13.122562,sit_stand_sit
2499339,0.399536,-0.891235,-0.234375,0.549316,-38.146973,-13.244633,sit_stand_sit
2499356,0.399658,-0.912842,-0.234253,-0.061035,-39.794922,-13.610844,sit_stand_sit
2499372,0.393799,-0.925293,-0.230225,-1.159668,-39.733887,-13.793949,sit_stand_sit
2499389,0.387207,-0.920166,-0.237427,-4.211426,-36.437988,-14.404301,sit_stand_sit
2499406,0.403931,-0.986694,-0.29187,-6.347658,-32.043457,-14.770512,sit_stand_sit
2499422,0.374023,-0.942139,-0.375977,-19.287109,-24.292,-13.549809,sit_stand_sit
2499439,0.384521,-0.888794,-0.390381,-18.554688,-22.766121,-11.718754,sit_stand_sit
2499456,0.387451,-0.956909,-0.365967,-20.874023,-17.944336,-13.305668,sit_stand_sit
2499472,0.390015,-0.899414,-0.379517,-30.761726,-11.779789,-13.488773,sit_stand_sit
2499489,0.380493,-0.861938,-0.377197,-31.677254,-9.216309,-13.610844,sit_stand_sit
2499506,0.376953,-0.8479,-0.350342,-31.98243,-3.601075,-14.221195,sit_stand_sit
2499522,0.462036,-0.849976,-0.353149,-31.921394,-6.469728,-12.390141,sit_stand_sit
2499539,0.479614,-0.857178,-0.357544,-32.043457,-10.559082,-11.047363,sit_stand_sit
2499556,0.473389,-0.869995,-0.361206,-33.691406,-17.333984,-9.460449,sit_stand_sit
2499572,0.412842,-0.835083,-0.34668,-33.813477,-18.615723,-12.207035,sit_stand_sit
2499589,0.422241,-0.853882,-0.342773,-38.391113,-17.333984,-7.141115,sit_stand_sit
2499606,0.422607,-0.831055,-0.359741,-39.18457,-17.150879,-7.446291,sit_stand_sit
2499622,0.448486,-0.824585,-0.39502,-35.644531,-18.432617,-9.216309,sit_stand_sit
2499639,0.481323,-0.875122,-0.412476,-36.560059,-25.573738,-4.760742,sit_stand_sit
2499656,0.452759,-0.875732,-0.416016,-39.550781,-28.503426,-2.807618,sit_stand_sit
2499673,0.404541,-0.851929,-0.449707,-41.748047,-28.686531,-2.197266,sit_stand_sit
2499689,0.378296,-0.831909,-0.470215,-41.625977,-25.512703,-4.150391,sit_stand_sit
2499706,0.400635,-0.836304,-0.454468,-45.959488,-28.259285,2.075195,sit_stand_sit
2499723,0.390869,-0.806396,-0.450195,-47.119156,-30.029305,2.685547,sit_stand_sit
2499739,0.387573,-0.780884,-0.460083,-44.67775,-32.226563,3.784181,sit_stand_sit
2499756,0.352905,-0.804565,-0.498169,-43.579102,-30.517586,5.065918,sit_stand_sit
2499773,0.342285,-0.813843,-0.518677,-42.785645,-27.343758,5.737307,sit_stand_sit
2499789,0.33606,-0.828857,-0.553101,-42.358398,-18.493652,6.530764,sit_stand_sit
2499806,0.402588,-0.842041,-0.576172,-39.550781,-12.512211,5.859377,sit_stand_sit
2499823,0.450928,-0.884644,-0.596924,-41.564941,-12.756351,9.094238,sit_stand_sit
2499839,0.450195,-0.865723,-0.619629,-40.588379,-13.244633,4.821777,sit_stand_sit
2499856,0.475952,-0.917236,-0.636719,-38.635254,-12.26807,6.103518,sit_stand_sit
2499873,0.456665,-0.906616,-0.643921,-45.166031,-12.878422,5.432129,sit_stand_sit
2499889,0.450439,-0.86084,-0.6521,-44.92189,-11.901859,4.394531,sit_stand_sit
2499906,0.456421,-0.829712,-0.640259,-43.884277,-13.061527,4.211426,sit_stand_sit
2499923,0.401367,-0.77002,-0.652466,-44.982925,-13.610844,2.868653,sit_stand_sit
2499939,0.387939,-0.747559,-0.7052,-42.297363,-13.366703,4.272461,sit_stand_sit
2499956,0.37439,-0.75415,-0.722778,-43.273926,-12.756351,5.493164,sit_stand_sit
2499973,0.386108,-0.742432,-0.722656,-45.410172,-14.03809,8.422852,sit_stand_sit
2499989,0.368042,-0.692749,-0.702393,-49.682632,-12.939457,11.840824,sit_stand_sit
2500006,0.379517,-0.660767,-0.69751,-50.048843,-14.648441,11.169437,sit_stand_sit
2500023,0.349854,-0.622559,-0.727295,-48.278824,-18.798828,9.216309,sit_stand_sit
2500039,0.352539,-0.615845,-0.751221,-49.194351,-20.324707,8.911133,sit_stand_sit
2500056,0.358032,-0.609009,-0.737549,-50.964371,-22.094727,9.94873,sit_stand_sit
2500073,0.31897,-0.558716,-0.69397,-52.978531,-24.047859,8.911133,sit_stand_sit
2500089,0.278076,-0.522217,-0.677612,-51.635757,-20.935059,7.812502,sit_stand_sit
2500106,0.247681,-0.499268,-0.692627,-48.70607,-12.512211,4.516602,sit_stand_sit
2500123,0.245728,-0.487549,-0.693481,-47.180191,-8.483887,4.150391,sit_stand_sit
2500139,0.242065,-0.473755,-0.706665,-43.273926,-3.295899,4.272461,sit_stand_sit
2500156,0.243164,-0.46521,-0.73938,-39.428711,-1.586915,3.845216,sit_stand_sit
2500173,0.252686,-0.458618,-0.751465,-38.085938,-2.502441,4.760742,sit_stand_sit
2500189,0.241821,-0.42041,-0.765991,-35.095215,-4.943848,4.638672,sit_stand_sit
2500206,0.24292,-0.391846,-0.777588,-29.174812,-5.004883,4.638672,sit_stand_sit
2500223,0.262695,-0.394897,-0.808228,-22.644051,-5.981447,5.493164,sit_stand_sit
2500239,0.264404,-0.410278,-0.822021,-20.812988,-6.774904,6.225588,sit_stand_sit
2500256,0.260498,-0.41394,-0.859009,-18.737793,-7.629396,5.981447,sit_stand_sit
2500273,0.265137,-0.430664,-0.864014,-19.897461,-11.047363,5.676271,sit_stand_sit
2500290,0.248779,-0.4198,-0.861694,-21.240234,-13.061527,4.516602,sit_stand_sit
2500306,0.217163,-0.395508,-0.879395,-23.193367,-16.601563,4.02832,sit_stand_sit
2500323,0.18457,-0.412964,-0.982666,-23.376472,-12.329105,5.310059,sit_stand_sit
2500340,0.235596,-0.441528,-1.024536,-25.146492,-9.521484,3.112794,sit_stand_sit
2500356,0.247681,-0.434814,-1.024414,-27.099617,-10.498047,3.906251,sit_stand_sit
2500373,0.231934,-0.407593,-0.994141,-28.930672,-11.352543,4.272461,sit_stand_sit
2500390,0.213013,-0.386108,-0.934814,-29.174812,-9.58252,3.356935,sit_stand_sit
2500406,0.195557,-0.374878,-0.913452,-28.07618,-8.422852,2.929688,sit_stand_sit
2500423,0.211182,-0.369873,-0.87146,-25.085457,-6.286623,1.953125,sit_stand_sit
2500440,0.243286,-0.348389,-0.847778,-20.996094,-10.009766,2.197266,sit_stand_sit
2500456,0.204834,-0.355957,-0.837524,-16.052246,-13.732914,2.990724,sit_stand_sit
2500473,0.178589,-0.350586,-0.840698,-14.28223,-14.099125,2.380371,sit_stand_sit
2500490,0.158936,-0.329834,-0.853149,-9.033203,-12.390141,0.976563,sit_stand_sit
2500506,0.202026,-0.362915,-0.852051,-3.479005,-11.718754,1.464844,sit_stand_sit
2500523,0.209595,-0.389038,-0.849976,-2.441406,-11.779789,2.258301,sit_stand_sit
2500540,0.204956,-0.386353,-0.865356,-3.479005,-11.047363,2.441406,sit_stand_sit
2500556,0.183838,-0.35791,-0.871582,-0.854492,-7.995607,2.807618,sit_stand_sit
2500573,0.163208,-0.359253,-0.863647,-0.183106,-4.882813,2.563477,sit_stand_sit
2500590,0.190063,-0.337158,-0.848389,2.197266,-0.244141,2.319336,sit_stand_sit
2500606,0.222168,-0.387695,-0.827271,5.126953,-3.051759,6.530764,sit_stand_sit
2500623,0.190918,-0.339722,-0.853394,2.990724,-6.286623,7.629396,sit_stand_sit
2500640,0.180542,-0.311157,-0.860474,5.676271,-6.713869,8.911133,sit_stand_sit
2500656,0.140259,-0.367065,-0.837036,10.009766,-4.211426,9.70459,sit_stand_sit
2500673,0.13269,-0.330566,-0.866089,8.300781,0.976563,5.737307,sit_stand_sit
2500690,0.16333,-0.310669,-0.885864,11.047363,-0.366211,6.95801,sit_stand_sit
2500706,0.179688,-0.364502,-0.876709,12.878422,-8.972168,10.620117,sit_stand_sit
2500723,0.199341,-0.377197,-0.911133,9.094238,-18.005371,9.460449,sit_stand_sit
2500740,0.161987,-0.385498,-0.938843,7.873537,-24.902351,11.108402,sit_stand_sit
2500756,0.110107,-0.388794,-0.939941,5.432129,-22.338875,9.643555,sit_stand_sit
2500773,0.126587,-0.362427,-0.925781,3.845216,-11.962894,6.408693,sit_stand_sit
2500790,0.177124,-0.378296,-0.904053,3.356935,-8.850098,5.615236,sit_stand_sit
2500806,0.186035,-0.378296,-0.897827,3.051759,-8.911133,5.126953,sit_stand_sit
2500823,0.16687,-0.388428,-0.897949,3.479005,-9.155273,3.66211,sit_stand_sit
2500840,0.150513,-0.415894,-0.911133,4.638672,-7.019045,1.281738,sit_stand_sit
2500857,0.160156,-0.45459,-0.914917,5.126953,-4.333496,-0.671387,sit_stand_sit
2500873,0.167236,-0.465576,-0.917114,4.882813,-3.41797,-0.610352,sit_stand_sit
2500890,0.158081,-0.470947,-0.913086,2.868653,-2.746582,0.12207,sit_stand_sit
2500907,0.148926,-0.466064,-0.907104,1.831055,-1.831055,0.12207,sit_stand_sit
2500923,0.137573,-0.466431,-0.904785,1.403809,-1.281738,-0.183106,sit_stand_sit
2500940,0.129395,-0.445557,-0.894775,0.793457,0.12207,-1.342773,sit_stand_sit
2500957,0.12793,-0.439453,-0.887573,2.319336,0.732422,-2.13623,sit_stand_sit
2500973,0.127441,-0.455322,-0.888916,2.746582,0.488281,-2.197266,sit_stand_sit
2500990,0.121338,-0.462036,-0.889648,2.197266,0.366211,-1.831055,sit_stand_sit
2501007,0.119629,-0.457764,-0.90564,0.671387,1.64795,-1.037598,sit_stand_sit
2501023,0.139648,-0.45105,-0.913208,-0.549316,2.441406,0.0,sit_stand_sit
2501040,0.143921,-0.44458,-0.912842,-1.159668,2.746582,0.305176,sit_stand_sit
2501057,0.144165,-0.432861,-0.903687,-2.441406,4.02832,0.305176,sit_stand_sit
2501073,0.160278,-0.411987,-0.895264,-3.295899,4.333496,-0.183106,sit_stand_sit
2501090,0.176636,-0.40564,-0.896118,-2.868653,3.112794,-0.183106,sit_stand_sit
2501107,0.171631,-0.409302,-0.892334,-2.502441,0.488281,-0.244141,sit_stand_sit
2501123,0.16687,-0.406982,-0.897827,-1.953125,-0.976563,-1.708985,sit_stand_sit
2501140,0.149292,-0.40686,-0.891724,-2.197266,-0.488281,-1.77002,sit_stand_sit
2501157,0.148071,-0.398071,-0.890015,-1.464844,0.0,-2.380371,sit_stand_sit
2501173,0.1521,-0.403442,-0.890503,0.183106,0.549316,-2.502441,sit_stand_sit
2501190,0.150879,-0.414185,-0.889526,0.183106,0.061035,-2.13623,sit_stand_sit
2501207,0.147827,-0.412476,-0.890625,0.061035,-0.488281,-2.01416,sit_stand_sit
2501223,0.140381,-0.421875,-0.894775,0.488281,-1.037598,-2.502441,sit_stand_sit
2501240,0.136963,-0.438843,-0.883911,-0.061035,-0.427246,-2.990724,sit_stand_sit
2501257,0.121338,-0.444214,-0.873535,-1.098633,3.051759,-2.929688,sit_stand_sit
2501273,0.126221,-0.435547,-0.870605,-1.220703,5.065918,-3.112794,sit_stand_sit
2501290,0.133057,-0.419312,-0.869263,-0.732422,6.835939,-2.441406,sit_stand_sit
2501307,0.150757,-0.40564,-0.881348,0.732422,7.629396,-2.13623,sit_stand_sit
2501323,0.166748,-0.41626,-0.888184,1.159668,6.896975,-2.197266,sit_stand_sit
2501340,0.166626,-0.41394,-0.89502,1.220703,5.554201,-1.89209,sit_stand_sit
2501357,0.174438,-0.417725,-0.897705,1.037598,5.371094,-2.685547,sit_stand_sit
2501373,0.168579,-0.394409,-0.899902,-0.183106,5.004883,-2.746582,sit_stand_sit
2501390,0.168457,-0.380615,-0.895142,0.366211,4.760742,-2.624512,sit_stand_sit
2501407,0.161865,-0.383545,-0.892212,2.868653,3.784181,-2.685547,sit_stand_sit
2501423,0.155273,-0.404541,-0.89502,3.784181,1.89209,-2.746582,sit_stand_sit
2501440,0.152832,-0.411255,-0.897583,4.02832,1.708985,-3.112794,sit_stand_sit
2501457,0.135864,-0.412598,-0.900757,2.075195,3.234864,-2.929688,sit_stand_sit
2501474,0.141846,-0.371826,-0.900391,2.563477,8.605957,-3.967286,sit_stand_sit
2501490,0.15686,-0.370117,-0.899048,5.493164,10.681152,-5.004883,sit_stand_sit
2501507,0.184082,-0.401733,-0.898926,6.408693,10.375977,-5.187988,sit_stand_sit
2501524,0.177246,-0.427734,-0.903687,6.103518,10.986328,-5.859377,sit_stand_sit
2501540,0.168701,-0.426636,-0.884766,4.516602,13.305668,-5.493164,sit_stand_sit
2501557,0.166138,-0.415649,-0.873657,3.967286,14.770512,-5.310059,sit_stand_sit
2501574,0.177002,-0.40332,-0.859375,4.821777,17.51709,-4.760742,sit_stand_sit
2501590,0.212891,-0.427124,-0.861938,6.164553,16.662598,-4.089355,sit_stand_sit
2501607,0.242065,-0.442383,-0.87146,6.164553,13.732914,-2.746582,sit_stand_sit
2501624,0.234497,-0.466187,-0.877319,4.760742,9.033203,-0.244141,sit_stand_sit
2501640,0.212769,-0.450317,-0.863647,2.990724,11.169437,-0.549316,sit_stand_sit
2501657,0.217529,-0.403076,-0.841675,4.150391,13.916019,-2.13623,sit_stand_sit
2501674,0.229492,-0.39502,-0.839722,6.225588,13.549809,-2.502441,sit_stand_sit
2501690,0.241333,-0.41272,-0.856079,8.483887,10.009766,-2.319336,sit_stand_sit
2501707,0.248901,-0.430664,-0.883057,9.155273,5.676271,-2.502441,sit_stand_sit
2501724,0.24707,-0.440552,-0.888184,9.094238,3.54004,-1.77002,sit_stand_sit
2501740,0.205322,-0.436279,-0.880737,7.324221,3.906251,-1.708985,sit_stand_sit
2501757,0.199707,-0.398315,-0.86377,7.507326,8.422852,-3.234864,sit_stand_sit
2501774,0.210815,-0.401733,-0.863892,9.521484,8.605957,-3.41797,sit_stand_sit
2501790,0.22229,-0.409912,-0.872681,10.437012,7.690432,-2.929688,sit_stand_sit
2501807,0.22583,-0.441772,-0.877075,11.718754,5.981447,-2.685547,sit_stand_sit
2501824,0.205688,-0.461304,-0.880859,9.58252,5.981447,0.610352,sit_stand_sit
2501840,0.195679,-0.450806,-0.883789,8.972168,6.591799,0.671387,sit_stand_sit
2501857,0.211914,-0.442139,-0.866211,9.58252,9.643555,0.976563,sit_stand_sit
2501874,0.241821,-0.440063,-0.864258,9.887695,11.474613,1.281738,sit_stand_sit
2501890,0.273804,-0.463867,-0.869385,11.779789,10.192871,2.075195,sit_stand_sit
2501907,0.277344,-0.477173,-0.87085,11.474613,8.972168,2.441406,sit_stand_sit
2501924,0.242432,-0.469238,-0.855225,9.887695,8.483887,2.441406,sit_stand_sit
2501940,0.233765,-0.437378,-0.839111,10.253906,9.399414,1.89209,sit_stand_sit
2501957,0.238037,-0.438721,-0.83728,11.413578,10.253906,2.197266,sit_stand_sit
2501974,0.26123,-0.471558,-0.841797,11.962894,10.681152,2.685547,sit_stand_sit
2501990,0.257935,-0.470581,-0.846924,10.192871,9.521484,2.319336,sit_stand_sit
2502007,0.240112,-0.465698,-0.837036,10.131836,12.634281,0.610352,sit_stand_sit
2502024,0.232544,-0.451904,-0.827148,10.253906,14.03809,0.244141,sit_stand_sit
2502040,0.235107,-0.437012,-0.811768,10.986328,14.099125,1.281738,sit_stand_sit
2502057,0.283203,-0.41687,-0.831421,13.793949,11.047363,2.13623,sit_stand_sit
2502074,0.274292,-0.437378,-0.843262,15.625004,8.850098,2.929688,sit_stand_sit
2502091,0.257202,-0.491333,-0.848633,14.648441,9.216309,-0.305176,sit_stand_sit
2502107,0.258789,-0.469604,-0.836304,12.756351,10.620117,-1.953125,sit_stand_sit
2502124,0.259521,-0.455933,-0.826538,12.756351,10.742188,-1.77002,sit_stand_sit
2502141,0.276489,-0.42749,-0.797363,13.977055,9.155273,-2.441406,sit_stand_sit
2502157,0.280762,-0.439819,-0.821045,19.65332,7.019045,-3.906251,sit_stand_sit
2502174,0.278442,-0.554443,-0.839233,19.958496,7.873537,-4.821777,sit_stand_sit
2502191,0.269897,-0.561646,-0.834717,16.357422,10.131836,-5.798342,sit_stand_sit
2502207,0.263184,-0.47583,-0.806519,12.26807,17.39502,-6.713869,sit_stand_sit
2502224,0.318237,-0.445801,-0.765625,16.479492,20.263672,-5.126953,sit_stand_sit
2502241,0.338013,-0.468262,-0.748535,18.127441,18.554688,-4.211426,sit_stand_sit
2502257,0.32019,-0.514404,-0.733032,20.385742,16.296387,-3.906251,sit_stand_sit
2502274,0.276245,-0.546143,-0.720581,20.507813,21.972656,-6.469728,sit_stand_sit
2502291,0.281494,-0.532104,-0.664917,19.40918,34.240723,-6.469728,sit_stand_sit
2502307,0.279175,-0.51709,-0.623779,19.65332,40.405273,-4.638672,sit_stand_sit
2502324,0.282959,-0.543335,-0.596313,28.19825,54.992691,-4.272461,sit_stand_sit
2502341,0.423828,-0.638428,-0.660522,31.250008,61.340347,-0.793457,sit_stand_sit
2502357,0.490967,-0.650513,-0.692749,31.799324,58.105484,1.77002,sit_stand_sit
2502374,0.503174,-0.673706,-0.71106,31.372078,48.950211,9.94873,sit_stand_sit
2502391,0.457886,-0.666748,-0.694824,34.912109,49.438492,9.82666,sit_stand_sit
2502407,0.463745,-0.645508,-0.672974,40.222168,53.100601,10.253906,sit_stand_sit
2502424,0.470215,-0.63855,-0.660522,43.823242,52.73439,10.742188,sit_stand_sit
2502441,0.512085,-0.646973,-0.669678,50.72023,47.729507,13.244633,sit_stand_sit
2502457,0.488159,-0.674072,-0.708252,58.166519,44.372574,13.244633,sit_stand_sit
2502474,0.480347,-0.713867,-0.706543,60.607925,44.250504,14.16016,sit_stand_sit
2502491,0.493896,-0.773926,-0.689941,62.988297,50.048843,12.573246,sit_stand_sit
2502507,0.528564,-0.816162,-0.669189,59.509293,53.649918,11.169437,sit_stand_sit
2502524,0.564453,-0.805786,-0.651978,53.039566,44.311539,10.864258,sit_stand_sit
2502541,0.565552,-0.781982,-0.639282,50.964371,37.902832,12.573246,sit_stand_sit
2502557,0.520264,-0.817261,-0.577393,46.142593,23.925789,19.042969,sit_stand_sit
2502574,0.493042,-0.786011,-0.536133,41.687012,9.521484,22.766121,sit_stand_sit
2502591,0.463379,-0.770264,-0.513916,40.466309,5.981447,24.780281,sit_stand_sit
2502607,0.397583,-0.766846,-0.478882,40.161133,6.591799,26.611336,sit_stand_sit
2502624,0.380493,-0.79248,-0.457031,40.893555,13.610844,29.785164,sit_stand_sit
2502641,0.377319,-0.798828,-0.438477,41.564941,17.272949,32.165527,sit_stand_sit
2502658,0.402588,-0.794312,-0.432251,38.879395,21.484375,37.29248,sit_stand_sit
2502674,0.467407,-0.818726,-0.435181,39.367676,21.118164,39.489746,sit_stand_sit
2502691,0.426392,-0.853394,-0.406006,40.283203,20.629883,39.489746,sit_stand_sit
2502708,0.391846,-0.868408,-0.375366,39.672852,22.644051,39.733887,sit_stand_sit
2502724,0.367432,-0.865601,-0.320313,39.245605,28.137215,39.550781,sit_stand_sit
2502741,0.421509,-0.861084,-0.3396,41.015625,32.836914,36.560059,sit_stand_sit
2502758,0.453735,-0.876465,-0.35144,42.297363,34.240723,35.644531,sit_stand_sit
2502774,0.520752,-0.891968,-0.365112,44.189453,31.555183,35.461426,sit_stand_sit
2502791,0.51001,-0.911255,-0.341064,45.288101,20.385742,37.536621,sit_stand_sit
2502808,0.415649,-0.935669,-0.276001,43.640137,14.16016,38.024902,sit_stand_sit
2502824,0.362183,-0.924561,-0.234131,41.687012,14.28223,36.743164,sit_stand_sit
2502841,0.304565,-0.871948,-0.17749,40.283203,19.714355,33.752441,sit_stand_sit
2502858,0.310181,-0.874878,-0.199707,44.494644,31.555183,30.395515,sit_stand_sit
2502874,0.356201,-0.907837,-0.216064,47.058121,33.630371,28.564461,sit_stand_sit
2502891,0.395996,-0.963623,-0.239746,45.410172,29.418953,28.991707,sit_stand_sit
2502908,0.373413,-0.938965,-0.235474,38.269043,25.878914,29.541023,sit_stand_sit
2502924,0.339111,-0.885254,-0.227417,34.484863,28.015144,28.625496,sit_stand_sit
2502941,0.313354,-0.880493,-0.230347,34.790039,32.653809,27.465828,sit_stand_sit
2502958,0.294922,-0.931641,-0.24353,36.071777,48.889175,24.41407,sit_stand_sit
2502974,0.453247,-0.990967,-0.254028,31.860359,56.823746,22.338875,sit_stand_sit
2502991,0.548706,-1.00769,-0.254028,29.907234,51.269547,22.644051,sit_stand_sit
2503008,0.616333,-1.020874,-0.249756,26.855476,26.062019,22.216805,sit_stand_sit
2503024,0.575806,-1.069702,-0.189819,24.475105,0.671387,21.728516,sit_stand_sit
2503041,0.540039,-1.084961,-0.150879,3.845216,-17.700195,16.052246,sit_stand_sit
2503058,0.454346,-1.038452,-0.098755,12.329105,-24.16993,14.526371,sit_stand_sit
2503074,0.357056,-1.041016,-0.059082,8.117676,-24.780281,11.901859,sit_stand_sit
2503091,0.299561,-0.963257,-0.045044,3.54004,-17.883301,0.305176,sit_stand_sit
2503108,0.266724,-0.945068,-0.040771,4.150391,-11.657719,-4.02832,sit_stand_sit
2503124,0.21936,-0.955811,-0.034668,5.676271,3.41797,-10.253906,sit_stand_sit
2503141,0.185303,-0.999268,-0.032471,2.502441,21.66748,-7.629396,sit_stand_sit
2503158,0.182373,-1.003296,-0.033936,-1.586915,29.846199,-6.103518,sit_stand_sit
2503174,0.198853,-0.950928,-0.051636,-6.835939,43.09082,-4.638672,sit_stand_sit
2503191,0.214478,-0.919922,-0.071289,-0.732422,48.522964,-6.225588,sit_stand_sit
2503208,0.220093,-0.975952,-0.058716,2.197266,49.438492,-4.089355,sit_stand_sit
2503224,0.221191,-0.987793,-0.051147,0.427246,49.133316,-1.77002,sit_stand_sit
2503241,0.221069,-0.966797,-0.044556,-2.624512,48.095718,2.502441,sit_stand_sit
2503258,0.239014,-0.955811,-0.049316,-3.112794,45.837418,5.126953,sit_stand_sit
2503275,0.232422,-0.955933,-0.05603,-3.173829,44.738785,5.310059,sit_stand_sit
2503291,0.219604,-0.954956,-0.074219,-3.173829,44.67775,4.638672,sit_stand_sit
2503308,0.229858,-0.964722,-0.075195,-2.807618,43.151855,4.760742,sit_stand_sit
2503325,0.229614,-0.956787,-0.05603,-6.347658,42.236328,4.272461,sit_stand_sit
2503341,0.255005,-0.940186,-0.062988,-7.20215,41.320801,5.004883,sit_stand_sit
2503358,0.285522,-0.941284,-0.07373,-7.751467,34.851074,6.286623,sit_stand_sit
2503375,0.314575,-0.905762,-0.082764,-9.94873,30.33448,5.310059,sit_stand_sit
2503391,0.315918,-0.909058,-0.09082,-8.789063,27.465828,5.126953,sit_stand_sit
2503408,0.279297,-0.919434,-0.100342,-11.596684,27.954109,2.563477,sit_stand_sit
2503425,0.272949,-0.878052,-0.116455,-14.526371,36.132813,-1.037598,sit_stand_sit
2503441,0.272217,-0.853149,-0.092285,-14.099125,42.236328,-5.859377,sit_stand_sit
2503458,0.256592,-0.850586,-0.076782,-14.099125,45.227066,-8.972168,sit_stand_sit
2503475,0.307739,-0.828125,-0.065918,-14.343266,47.790543,-12.939457,sit_stand_sit
2503491,0.393555,-0.818237,-0.050903,-12.634281,40.527344,-13.061527,sit_stand_sit
2503508,0.411255,-0.821533,-0.042969,-12.451176,35.095215,-12.146,sit_stand_sit
2503525,0.393555,-0.829712,-0.031738,-12.817387,26.611336,-9.94873,sit_stand_sit
2503541,0.341797,-0.846313,-0.019043,-12.146,22.583015,-9.82666,sit_stand_sit
2503558,0.348755,-0.846802,-0.016235,-12.634281,17.456055,-9.70459,sit_stand_sit
2503575,0.399658,-0.829956,-0.009644,-11.474613,13.122562,-9.399414,sit_stand_sit
2503591,0.397095,-0.827759,-0.022583,-10.742188,6.408693,-8.911133,sit_stand_sit
2503608,0.364136,-0.846802,-0.054321,-9.765625,10.314941,-8.300781,sit_stand_sit
2503625,0.37854,-0.853394,-0.060303,-10.803223,13.244633,-8.178711,sit_stand_sit
2503641,0.412964,-0.835693,-0.064697,-10.437012,11.901859,-5.981447,sit_stand_sit
2503658,0.46106,-0.817383,-0.097534,-7.08008,2.502441,-7.263186,sit_stand_sit
2503675,0.496094,-0.832031,-0.107788,-5.432129,-5.371094,-4.333496,sit_stand_sit
2503691,0.505981,-0.870117,-0.110596,-7.873537,-22.460945,3.356935,sit_stand_sit
2503708,0.467285,-0.862671,-0.117432,-7.141115,-35.644531,3.66211,sit_stand_sit
2503725,0.404541,-0.912964,-0.123047,-7.324221,-42.419434,2.990724,sit_stand_sit
2503741,0.363281,-0.934204,-0.125122,-10.009766,-42.175293,1.037598,sit_stand_sit
2503758,0.323486,-0.91626,-0.121948,-15.869144,-35.522461,-2.868653,sit_stand_sit
2503775,0.305908,-0.879517,-0.113647,-17.578125,-26.42823,-6.286623,sit_stand_sit
2503791,0.302734,-0.877197,-0.112183,-16.845703,-21.606445,-8.300781,sit_stand_sit
2503808,0.29187,-0.895508,-0.106689,-16.113281,-11.291508,-12.756351,sit_stand_sit
2503825,0.286255,-0.913208,-0.103394,-15.93018,-2.441406,-15.075687,sit_stand_sit
2503842,0.296997,-0.902954,-0.106079,-16.113281,-0.183106,-15.075687,sit_stand_sit
2503858,0.287598,-0.893921,-0.108643,-15.441898,-0.244141,-14.28223,sit_stand_sit
2503875,0.282593,-0.884033,-0.113281,-12.573246,2.685547,-12.146,sit_stand_sit
2503892,0.311646,-0.912598,-0.092529,-9.765625,2.685547,-9.155273,sit_stand_sit
2503908,0.305542,-0.9198,-0.084229,-9.887695,2.929688,-7.812502,sit_stand_sit
2503925,0.309937,-0.916138,-0.090088,-8.850098,2.990724,-4.638672,sit_stand_sit
2503942,0.299927,-0.910889,-0.109253,-8.239746,2.807618,-3.051759,sit_stand_sit
2503958,0.311279,-0.922485,-0.12439,-4.943848,3.784181,-0.732422,sit_stand_sit
2504008,0.325317,-0.916748,-0.124756,-4.02832,13.122562,-0.549316,sit_stand_sit
2504025,0.338013,-0.908569,-0.130127,-2.441406,12.451176,-0.305176,sit_stand_sit
2504042,0.363159,-0.90979,-0.141357,0.366211,8.789063,1.159668,sit_stand_sit
2504058,0.376343,-0.915283,-0.1604,0.915528,2.502441,3.479005,sit_stand_sit
2504075,0.377319,-0.918701,-0.165649,1.342773,-0.061035,5.981447,sit_stand_sit
2504092,0.362305,-0.940796,-0.162231,2.01416,-3.234864,6.408693,sit_stand_sit
2504108,0.353394,-0.944702,-0.156128,0.061035,-2.319336,6.469728,sit_stand_sit
2504125,0.346558,-0.927612,-0.15979,-1.586915,1.159668,5.615236,sit_stand_sit
2504142,0.35022,-0.923096,-0.161377,-1.708985,3.784181,4.577637,sit_stand_sit
2504158,0.366577,-0.927002,-0.161255,-1.159668,8.483887,2.075195,sit_stand_sit
2504175,0.378906,-0.947754,-0.146851,-1.464844,11.413578,-0.671387,sit_stand_sit
2504192,0.376343,-0.946655,-0.142944,-2.685547,12.695316,-1.953125,sit_stand_sit
2504208,0.375244,-0.921753,-0.14917,-3.41797,13.977055,-3.173829,sit_stand_sit
2504225,0.401978,-0.892578,-0.155762,-2.380371,10.742188,-2.563477,sit_stand_sit
2504242,0.407593,-0.884155,-0.154785,0.061035,5.126953,-1.586915,sit_stand_sit
2504258,0.396729,-0.887939,-0.156372,1.098633,2.868653,-1.403809,sit_stand_sit
2504275,0.375854,-0.901733,-0.15979,2.990724,0.671387,-0.549316,sit_stand_sit
2504292,0.364136,-0.916016,-0.165039,3.051759,-0.427246,0.671387,sit_stand_sit
2504308,0.364746,-0.916626,-0.167603,2.624512,-0.610352,0.915528,sit_stand_sit
2504325,0.371704,-0.914917,-0.166504,2.502441,-1.220703,1.77002,sit_stand_sit
2504342,0.363403,-0.92688,-0.161011,1.89209,-0.610352,2.13623,sit_stand_sit
2504358,0.358398,-0.922485,-0.163818,0.671387,0.732422,2.075195,sit_stand_sit
2504375,0.356201,-0.92041,-0.168091,0.427246,1.77002,1.77002,sit_stand_sit
2504392,0.36377,-0.918579,-0.172119,0.488281,3.54004,1.220703,sit_stand_sit
2504408,0.369263,-0.92041,-0.159424,0.610352,4.089355,1.037598,sit_stand_sit
2504425,0.369873,-0.919678,-0.154785,0.549316,3.601075,1.037598,sit_stand_sit
2504442,0.366943,-0.912109,-0.1521,0.366211,1.953125,1.220703,sit_stand_sit
2504459,0.35791,-0.903076,-0.15564,0.183106,0.793457,1.586915,sit_stand_sit
2504475,0.356323,-0.897217,-0.155151,0.610352,1.464844,1.831055,sit_stand_sit
2504492,0.359985,-0.901123,-0.154541,0.915528,2.746582,1.586915,sit_stand_sit
2504509,0.377441,-0.917725,-0.154785,1.464844,5.249023,0.793457,sit_stand_sit
2504525,0.383667,-0.94043,-0.146118,1.159668,6.774904,-0.244141,sit_stand_sit
2504542,0.38916,-0.939453,-0.140503,0.305176,6.652834,-0.793457,sit_stand_sit
2504559,0.390381,-0.920532,-0.136841,-0.549316,5.126953,-1.831055,sit_stand_sit
2504575,0.393799,-0.905762,-0.143311,-0.305176,4.211426,-3.173829,sit_stand_sit
2504592,0.401245,-0.900635,-0.151245,0.183106,4.02832,-3.66211,sit_stand_sit
2504609,0.403809,-0.908813,-0.168457,1.037598,3.967286,-5.432129,sit_stand_sit
2504625,0.381104,-0.922729,-0.16394,0.183106,6.042482,-7.263186,sit_stand_sit
2504642,0.382935,-0.90686,-0.156372,-1.89209,7.20215,-7.507326,sit_stand_sit
2504659,0.389771,-0.894897,-0.155029,-2.380371,6.103518,-6.896975,sit_stand_sit
2504675,0.389526,-0.879395,-0.157227,-2.380371,4.02832,-5.615236,sit_stand_sit
2504692,0.393188,-0.880981,-0.171387,-1.525879,2.319336,-5.798342,sit_stand_sit
2504709,0.388794,-0.885864,-0.172607,-1.64795,1.953125,-6.286623,sit_stand_sit
2504725,0.376831,-0.88562,-0.165527,-2.380371,2.807618,-6.95801,sit_stand_sit
2504742,0.376099,-0.883179,-0.15332,-2.319336,4.089355,-6.225588,sit_stand_sit
2504759,0.388184,-0.887817,-0.145264,-2.258301,4.333496,-5.371094,sit_stand_sit
2504775,0.396973,-0.88501,-0.1427,-2.563477,3.723145,-5.249023,sit_stand_sit
2504792,0.408691,-0.869019,-0.143921,-2.868653,3.784181,-5.065918,sit_stand_sit
2504809,0.441284,-0.863159,-0.1427,-0.793457,-0.061035,-4.699707,sit_stand_sit
2504825,0.433105,-0.866333,-0.144897,-0.366211,-1.64795,-4.577637,sit_stand_sit
2504842,0.43103,-0.868896,-0.150146,0.427246,-5.065918,-5.004883,sit_stand_sit
2504859,0.421875,-0.869385,-0.144897,1.159668,-7.568361,-5.004883,sit_stand_sit
2504875,0.421875,-0.865601,-0.139893,1.403809,-8.483887,-4.333496,sit_stand_sit
2504892,0.42395,-0.860474,-0.140381,1.77002,-9.155273,-3.66211,sit_stand_sit
2504909,0.421387,-0.853027,-0.143921,3.41797,-10.986328,-2.075195,sit_stand_sit
2504925,0.411621,-0.859131,-0.150391,5.371094,-11.840824,-0.366211,sit_stand_sit
2504942,0.407349,-0.866455,-0.151489,6.164553,-12.02393,0.549316,sit_stand_sit
2504959,0.387695,-0.878174,-0.139282,6.347658,-10.803223,1.831055,sit_stand_sit
2504975,0.378784,-0.869019,-0.123901,5.981447,-8.850098,3.356935,sit_stand_sit
2504992,0.37146,-0.870972,-0.115601,7.812502,-6.225588,4.638672,sit_stand_sit
2505009,0.36792,-0.882935,-0.112427,9.155273,-4.760742,5.004883,sit_stand_sit
2505026,0.367065,-0.920776,-0.10437,10.009766,-2.319336,6.347658,sit_stand_sit
2505042,0.361572,-0.922485,-0.098389,8.056641,-0.854492,8.056641,sit_stand_sit
2505059,0.357788,-0.910034,-0.098145,7.690432,-0.12207,9.033203,sit_stand_sit
2505076,0.356689,-0.89209,-0.103027,8.850098,0.427246,10.559082,sit_stand_sit
2505092,0.338989,-0.896973,-0.10437,10.498047,0.610352,10.742188,sit_stand_sit
2505109,0.323975,-0.89978,-0.101685,10.620117,1.159668,10.498047,sit_stand_sit
2505126,0.309204,-0.888062,-0.105591,10.437012,2.746582,10.314941,sit_stand_sit
2505142,0.30896,-0.870361,-0.123169,10.986328,3.479005,11.047363,sit_stand_sit
2505159,0.319946,-0.860352,-0.137207,11.962894,3.601075,11.901859,sit_stand_sit
2505176,0.327637,-0.859253,-0.141235,12.756351,2.868653,12.390141,sit_stand_sit
2505192,0.328857,-0.872803,-0.147705,14.099125,0.793457,12.26807,sit_stand_sit
2505209,0.325073,-0.889648,-0.139282,13.427738,-0.12207,11.474613,sit_stand_sit
2505226,0.322266,-0.893188,-0.134521,12.573246,0.732422,10.986328,sit_stand_sit
2505242,0.329224,-0.892456,-0.126099,11.230473,3.967286,10.681152,sit_stand_sit
2505259,0.348755,-0.892456,-0.121826,11.413578,6.347658,10.681152,sit_stand_sit
2505276,0.385132,-0.908325,-0.129883,11.169437,7.629396,10.375977,sit_stand_sit
2505292,0.399658,-0.911377,-0.139404,10.437012,7.263186,10.070801,sit_stand_sit
2505309,0.432861,-0.90332,-0.141113,8.911133,2.990724,9.155273,sit_stand_sit
2505326,0.465698,-0.874512,-0.109619,8.911133,-8.666992,8.178711,sit_stand_sit
2505342,0.469849,-0.868286,-0.091675,10.009766,-15.625004,7.812502,sit_stand_sit
2505359,0.457031,-0.88562,-0.06665,11.108402,-28.869637,6.774904,sit_stand_sit
2505376,0.456421,-0.874756,-0.063232,9.643555,-38.085938,5.004883,sit_stand_sit
2505392,0.437744,-0.849854,-0.061279,9.521484,-43.823242,2.380371,sit_stand_sit
2505409,0.422119,-0.837769,-0.058716,9.58252,-44.92189,0.732422,sit_stand_sit
2505426,0.398682,-0.821899,-0.07251,10.620117,-45.410172,-2.990724,sit_stand_sit
2505442,0.440674,-0.841675,-0.096802,12.756351,-51.635757,-6.408693,sit_stand_sit
2505459,0.470703,-0.848145,-0.099854,12.573246,-57.556168,-7.751467,sit_stand_sit
2505476,0.422241,-0.841797,-0.1073,10.559082,-68.115234,-8.911133,sit_stand_sit
2505492,0.369873,-0.845459,-0.122681,8.178711,-69.519043,-9.58252,sit_stand_sit
2505509,0.374512,-0.869263,-0.149414,5.859377,-68.29834,-10.314941,sit_stand_sit
2505526,0.382568,-0.876709,-0.148682,3.601075,-70.19043,-10.681152,sit_stand_sit
2505542,0.345581,-0.85376,-0.143555,-1.89209,-73.608398,-11.169437,sit_stand_sit
2505559,0.292236,-0.860596,-0.14978,-3.41797,-66.28418,-11.901859,sit_stand_sit
2505576,0.28894,-0.890869,-0.151855,-4.089355,-59.509293,-12.634281,sit_stand_sit
2505592,0.305786,-0.954712,-0.154053,-7.629396,-49.804703,-12.695316,sit_stand_sit
2505609,0.281616,-0.959351,-0.173462,-15.014652,-45.471207,-12.084965,sit_stand_sit
2505626,0.259521,-0.941406,-0.196655,-17.944336,-43.029785,-12.634281,sit_stand_sit
2505643,0.25647,-0.927856,-0.230713,-20.019531,-36.682129,-16.357422,sit_stand_sit
2505659,0.296753,-0.987915,-0.219482,-22.216805,-29.479988,-11.352543,sit_stand_sit
2505676,0.322754,-1.004395,-0.194092,-28.747566,-29.357918,-10.131836,sit_stand_sit
2505693,0.297729,-0.984131,-0.189087,-31.250008,-29.785164,-10.192871,sit_stand_sit
2505709,0.239746,-0.934326,-0.201782,-31.250008,-26.42823,-13.366703,sit_stand_sit
2505726,0.218872,-0.925903,-0.243774,-27.954109,-17.456055,-16.418457,sit_stand_sit
2505743,0.225586,-0.941528,-0.258301,-25.756844,-12.878422,-17.63916,sit_stand_sit
2505759,0.278198,-0.979858,-0.258911,-24.047859,-6.652834,-17.944336,sit_stand_sit
2505776,0.28833,-0.964111,-0.225464,-24.108894,-5.859377,-15.93018,sit_stand_sit
2505793,0.250732,-0.911865,-0.19873,-22.949226,-1.953125,-14.709476,sit_stand_sit
2505809,0.247437,-0.893066,-0.189941,-20.202637,2.441406,-15.502934,sit_stand_sit
2505826,0.305054,-0.89978,-0.195435,-12.939457,12.695316,-17.272949,sit_stand_sit
2505843,0.332886,-0.946899,-0.204224,-8.178711,23.315437,-19.40918,sit_stand_sit
2505859,0.330566,-0.949341,-0.210693,-6.896975,30.822762,-21.484375,sit_stand_sit
2505876,0.326538,-0.921265,-0.225952,-2.868653,47.302261,-26.733406,sit_stand_sit
2505893,0.366089,-0.904907,-0.241699,1.831055,61.096207,-32.348633,sit_stand_sit
2505909,0.482178,-0.885132,-0.265869,7.324221,64.51416,-38.513184,sit_stand_sit
2505926,0.539429,-0.905518,-0.259033,8.239746,60.119644,-36.865234,sit_stand_sit
2505943,0.60144,-0.897705,-0.265137,9.155273,45.593277,-38.94043,sit_stand_sit
2505959,0.607788,-0.90625,-0.257813,9.82666,23.742683,-38.452148,sit_stand_sit
2505976,0.603027,-0.893311,-0.25708,8.178711,11.962894,-38.696289,sit_stand_sit
2505993,0.640015,-0.85022,-0.267822,7.568361,-12.634281,-39.001465,sit_stand_sit
2506009,0.648315,-0.864014,-0.276001,5.004883,-36.376953,-36.071777,sit_stand_sit
2506026,0.682129,-0.93042,-0.291992,-2.01416,-63.110367,-29.174812,sit_stand_sit
2506043,0.608398,-0.946899,-0.323975,-10.375977,-82.397461,-27.954109,sit_stand_sit
2506059,0.395142,-0.913452,-0.43396,-19.714355,-72.814941,-31.433113,sit_stand_sit
2506076,0.414917,-0.899536,-0.428955,-31.860359,-52.185074,-27.709969,sit_stand_sit
2506093,0.429443,-0.855835,-0.420532,-34.606934,-45.410172,-27.771004,sit_stand_sit
2506109,0.509277,-0.836426,-0.386597,-36.071777,-37.536621,-22.644051,sit_stand_sit
2506126,0.551636,-0.823364,-0.359863,-38.94043,-33.203125,-20.507813,sit_stand_sit
2506143,0.589111,-0.805786,-0.341064,-39.550781,-34.423828,-19.53125,sit_stand_sit
2506159,0.61145,-0.7948,-0.316162,-39.794922,-42.175293,-16.540527,sit_stand_sit
2506176,0.619507,-0.793335,-0.321777,-39.489746,-50.170914,-15.136723,sit_stand_sit
2506193,0.578247,-0.789551,-0.322144,-42.175293,-55.786148,-12.756351,sit_stand_sit
2506209,0.552002,-0.768555,-0.326538,-42.175293,-54.62648,-13.061527,sit_stand_sit
2506226,0.518799,-0.734009,-0.348877,-37.780762,-44.128418,-16.601563,sit_stand_sit
2506243,0.552246,-0.766724,-0.369263,-28.564461,-36.071777,-20.629883,sit_stand_sit
2506260,0.5625,-0.799194,-0.364502,-30.700691,-37.780762,-17.211914,sit_stand_sit
2506276,0.519165,-0.721558,-0.379272,-26.672371,-41.320801,-25.085457,sit_stand_sit
2506293,0.571777,-0.816162,-0.386963,-36.804199,-53.466812,-4.150391,sit_stand_sit
2506310,0.543701,-0.759277,-0.492676,-39.916992,-54.62648,2.13623,sit_stand_sit
2506326,0.59021,-0.759399,-0.562134,-36.071777,-54.199234,2.197266,sit_stand_sit
2506343,0.620728,-0.829102,-0.671631,-27.465828,-52.001968,-3.967286,sit_stand_sit
2506360,0.636963,-0.903442,-0.675415,-29.541023,-49.743668,-5.126953,sit_stand_sit
2506376,0.602539,-0.902344,-0.658813,-33.14209,-47.363297,-5.432129,sit_stand_sit
2506393,0.539551,-0.839966,-0.638306,-39.611816,-37.475586,-6.469728,sit_stand_sit
2506410,0.511597,-0.793091,-0.648315,-43.457031,-28.869637,-3.479005,sit_stand_sit
2506426,0.482788,-0.706787,-0.68042,-40.039063,-19.65332,-12.084965,sit_stand_sit
2506443,0.530151,-0.709961,-0.690063,-38.269043,-19.897461,-12.390141,sit_stand_sit
2506460,0.546631,-0.750732,-0.693604,-44.982925,-29.113777,-3.906251,sit_stand_sit
2506476,0.555542,-0.705811,-0.716064,-52.551285,-39.916992,-0.061035,sit_stand_sit
2506493,0.555786,-0.681274,-0.725952,-53.039566,-45.959488,0.854492,sit_stand_sit
2506510,0.49707,-0.678467,-0.714844,-53.894058,-54.687515,1.77002,sit_stand_sit
2506526,0.382935,-0.647095,-0.700806,-57.495132,-54.016129,1.464844,sit_stand_sit
2506543,0.306885,-0.602295,-0.705688,-60.119644,-48.278824,1.220703,sit_stand_sit
2506560,0.276978,-0.585083,-0.699951,-62.31691,-45.349136,2.807618,sit_stand_sit
2506576,0.204224,-0.519775,-0.697021,-65.429688,-36.437988,3.295899,sit_stand_sit
2506593,0.15625,-0.440186,-0.705322,-65.246582,-25.634773,3.479005,sit_stand_sit
2506610,0.149292,-0.40686,-0.712402,-61.828629,-18.920898,2.01416,sit_stand_sit
2506626,0.179321,-0.409302,-0.698608,-55.175797,-10.314941,4.089355,sit_stand_sit
2506643,0.185181,-0.396118,-0.689941,-52.001968,-5.798342,7.324221,sit_stand_sit
2506660,0.18103,-0.384888,-0.693848,-50.231949,-2.01416,8.972168,sit_stand_sit
2506676,0.189697,-0.348755,-0.716431,-45.776382,5.004883,11.718754,sit_stand_sit
2506693,0.199951,-0.310547,-0.735596,-39.794922,7.446291,15.075687,sit_stand_sit
2506710,0.210083,-0.285645,-0.747925,-33.996582,4.699707,18.981934,sit_stand_sit
2506726,0.202148,-0.271606,-0.747437,-31.127937,3.051759,20.690918,sit_stand_sit
2506743,0.183105,-0.242554,-0.741699,-24.902351,1.77002,23.681648,sit_stand_sit
2506760,0.204224,-0.21936,-0.742432,-17.211914,3.54004,26.062019,sit_stand_sit
2506776,0.235962,-0.218628,-0.752686,-12.756351,3.112794,27.221687,sit_stand_sit
2506793,0.299194,-0.260132,-0.786621,-3.723145,-2.807618,30.33448,sit_stand_sit
2506810,0.305298,-0.310913,-0.800903,-0.12207,-10.375977,32.897949,sit_stand_sit
2506827,0.287842,-0.31958,-0.833618,3.66211,-14.587406,33.447266,sit_stand_sit
2506843,0.294312,-0.339478,-0.850098,5.859377,-15.136723,32.836914,sit_stand_sit
2506860,0.291382,-0.380371,-0.863281,7.324221,-13.793949,31.005867,sit_stand_sit
2506877,0.282837,-0.385254,-0.864746,8.544922,-9.765625,28.44239,sit_stand_sit
2506893,0.286377,-0.390869,-0.863159,9.216309,-7.690432,27.221687,sit_stand_sit
2506910,0.30603,-0.40918,-0.882813,10.070801,-2.990724,24.658211,sit_stand_sit
2506927,0.290649,-0.454712,-0.881104,8.728027,0.488281,25.024422,sit_stand_sit
2506943,0.353882,-0.418213,-0.953247,7.507326,22.888191,20.751953,sit_stand_sit
2506960,0.528809,-0.427124,-1.077393,3.356935,31.066902,17.456055,sit_stand_sit
2506977,0.750977,-0.35022,-1.200684,-15.686039,18.920898,-2.868653,sit_stand_sit
2506993,0.404907,-0.271606,-0.999878,-13.122562,-8.117676,-3.54004,sit_stand_sit
2507010,0.286011,-0.301392,-0.909424,-13.061527,-11.779789,-3.479005,sit_stand_sit
2507027,0.307739,-0.284058,-0.842896,-11.474613,-19.104004,-9.521484,sit_stand_sit
2507043,0.272095,-0.308594,-0.860229,-5.249023,-22.583015,-4.882813,sit_stand_sit
2507060,0.211914,-0.350952,-0.856689,0.427246,-17.578125,0.183106,sit_stand_sit
2507077,0.187622,-0.362793,-0.84021,3.051759,-14.587406,1.953125,sit_stand_sit
2507093,0.143677,-0.391113,-0.798706,6.774904,-10.131836,5.249023,sit_stand_sit
2507110,0.137085,-0.419312,-0.789063,9.460449,-2.685547,7.934572,sit_stand_sit
2507127,0.164551,-0.442139,-0.803711,9.887695,1.098633,8.605957,sit_stand_sit
2507143,0.24353,-0.479248,-0.866455,6.408693,6.530764,10.131836,sit_stand_sit
2507160,0.276245,-0.457031,-0.920532,-0.305176,11.657719,8.056641,sit_stand_sit
2507177,0.279053,-0.430542,-0.911133,-1.89209,13.183598,6.225588,sit_stand_sit
2507193,0.253662,-0.406616,-0.859497,-1.89209,14.221195,4.394531,sit_stand_sit
2507210,0.253174,-0.420776,-0.847778,-1.098633,15.686039,3.723145,sit_stand_sit
2507227,0.272705,-0.431152,-0.881226,-2.441406,15.380863,3.479005,sit_stand_sit
2507243,0.272827,-0.424316,-0.900024,-3.051759,15.258793,3.784181,sit_stand_sit
2507260,0.279785,-0.401733,-0.911377,-1.098633,14.831547,3.356935,sit_stand_sit
2507277,0.2854,-0.40686,-0.879883,2.258301,13.488773,2.807618,sit_stand_sit
2507293,0.291504,-0.417969,-0.864624,3.234864,11.840824,2.441406,sit_stand_sit
2507310,0.300293,-0.449097,-0.847046,3.41797,8.422852,1.77002,sit_stand_sit
2507327,0.283691,-0.46228,-0.84668,2.01416,7.507326,1.342773,sit_stand_sit
2507343,0.294067,-0.455566,-0.844849,2.258301,7.690432,0.244141,sit_stand_sit
2507360,0.305542,-0.455322,-0.839355,2.624512,6.713869,-0.183106,sit_stand_sit
2507377,0.312866,-0.459106,-0.831421,2.563477,3.784181,-0.610352,sit_stand_sit
2507393,0.335815,-0.455566,-0.830811,2.502441,-1.586915,-1.281738,sit_stand_sit
2507410,0.330566,-0.452637,-0.829834,2.13623,-4.211426,-1.220703,sit_stand_sit
2507427,0.317993,-0.450317,-0.834839,1.953125,-8.239746,-0.976563,sit_stand_sit
2507444,0.300781,-0.448975,-0.849609,2.01416,-10.314941,-1.403809,sit_stand_sit
2507460,0.275635,-0.45166,-0.844971,1.037598,-9.399414,-1.77002,sit_stand_sit
2507477,0.273315,-0.444336,-0.846802,0.305176,-8.789063,-1.77002,sit_stand_sit
2507494,0.264526,-0.434326,-0.852539,0.244141,-7.568361,-1.281738,sit_stand_sit
2507510,0.264771,-0.430664,-0.860718,0.366211,-5.737307,-1.464844,sit_stand_sit
2507527,0.261353,-0.430176,-0.860596,0.488281,-4.943848,-1.342773,sit_stand_sit
2507544,0.26416,-0.432251,-0.857544,1.281738,-3.051759,-1.831055,sit_stand_sit
2507560,0.267944,-0.441772,-0.852417,1.464844,-2.01416,-2.502441,sit_stand_sit
2507577,0.267212,-0.43811,-0.860596,2.441406,-1.098633,-3.051759,sit_stand_sit
2507594,0.261841,-0.428467,-0.874878,3.173829,-0.244141,-3.41797,sit_stand_sit
2507610,0.249634,-0.408691,-0.893433,6.408693,3.112794,-4.089355,sit_stand_sit
2507627,0.235718,-0.401367,-0.892456,9.887695,7.751467,-4.638672,sit_stand_sit
2507644,0.233276,-0.398682,-0.894165,11.413578,10.498047,-4.699707,sit_stand_sit
2507660,0.248169,-0.403687,-0.898438,14.892582,16.418457,-5.004883,sit_stand_sit
2507677,0.27832,-0.43335,-0.868164,16.662598,19.897461,-5.920412,sit_stand_sit
2507694,0.305664,-0.443604,-0.843994,15.502934,19.897461,-6.408693,sit_stand_sit
2507710,0.35498,-0.439575,-0.805786,12.512211,14.648441,-6.835939,sit_stand_sit
2507727,0.356201,-0.445557,-0.777832,9.82666,7.141115,-7.20215,sit_stand_sit
2507744,0.363647,-0.4646,-0.757446,7.324221,-0.12207,-7.019045,sit_stand_sit
2507760,0.36438,-0.478149,-0.752197,5.493164,-3.967286,-6.530764,sit_stand_sit
2507777,0.353394,-0.495605,-0.740967,0.427246,-10.742188,-4.821777,sit_stand_sit
2507794,0.355103,-0.50293,-0.741699,-4.638672,-16.479492,-2.868653,sit_stand_sit
2507810,0.352051,-0.510498,-0.750732,-6.95801,-18.859863,-1.708985,sit_stand_sit
2507827,0.322632,-0.530273,-0.783447,-11.230473,-21.42334,0.305176,sit_stand_sit
2507844,0.272339,-0.543091,-0.808105,-15.808109,-19.042969,1.220703,sit_stand_sit
2507860,0.243286,-0.514771,-0.826904,-18.737793,-13.122562,1.831055,sit_stand_sit
2507877,0.243042,-0.49646,-0.838379,-18.920898,-9.94873,2.13623,sit_stand_sit
2507894,0.244629,-0.463745,-0.869629,-18.188477,-3.051759,2.746582,sit_stand_sit
2507910,0.279175,-0.418823,-0.8927,-16.113281,1.89209,1.098633,sit_stand_sit
2507927,0.293945,-0.395142,-0.890747,-14.465336,2.258301,0.366211,sit_stand_sit
2507944,0.300537,-0.364014,-0.893799,-9.765625,0.427246,-0.549316,sit_stand_sit
2507960,0.290405,-0.360718,-0.891724,-4.821777,-3.112794,-2.319336,sit_stand_sit
2507977,0.28479,-0.354126,-0.900024,-0.854492,-7.08008,-4.638672,sit_stand_sit
2507994,0.277466,-0.357544,-0.896973,1.525879,-8.178711,-5.615236,sit_stand_sit
2508011,0.24939,-0.369995,-0.885864,3.54004,-8.422852,-6.95801,sit_stand_sit
2508027,0.250854,-0.383423,-0.869019,5.676271,-6.896975,-8.422852,sit_stand_sit
2508044,0.249268,-0.398438,-0.862549,5.065918,-6.103518,-8.972168,sit_stand_sit
2508061,0.258057,-0.409058,-0.87854,4.211426,-4.211426,-9.460449,sit_stand_sit
2508077,0.253784,-0.413452,-0.89563,2.563477,-0.305176,-9.94873,sit_stand_sit
2508094,0.267334,-0.408325,-0.898071,2.13623,3.784181,-10.620117,sit_stand_sit
2508111,0.257935,-0.412109,-0.890503,1.342773,5.981447,-10.864258,sit_stand_sit
2508127,0.259644,-0.386597,-0.876831,0.671387,10.131836,-10.253906,sit_stand_sit
2508144,0.267578,-0.380371,-0.879272,2.502441,13.977055,-8.361816,sit_stand_sit
2508161,0.266968,-0.377686,-0.890381,2.563477,15.93018,-7.263186,sit_stand_sit
2508177,0.279907,-0.338257,-0.930908,3.66211,18.493652,-6.286623,sit_stand_sit
2508194,0.28125,-0.321411,-0.939819,5.615236,20.385742,-6.103518,sit_stand_sit
2508211,0.29248,-0.320435,-0.935791,6.835939,21.42334,-6.530764,sit_stand_sit
2508227,0.311401,-0.330566,-0.898071,8.361816,23.010262,-7.934572,sit_stand_sit
2508244,0.293579,-0.291626,-0.781372,3.112794,23.498543,-18.920898,sit_stand_sit
2508261,0.390747,-0.237061,-0.806519,16.540527,13.366703,-14.16016,sit_stand_sit
2508277,0.417847,-0.34729,-0.824219,15.319828,12.26807,-9.460449,sit_stand_sit
2508294,0.360474,-0.332764,-0.832886,6.469728,3.906251,-12.573246,sit_stand_sit
2508311,0.365845,-0.316284,-0.840454,9.338379,-0.12207,-11.474613,sit_stand_sit
2508327,0.355957,-0.337524,-0.827148,8.483887,-2.624512,-11.657719,sit_stand_sit
2508344,0.339478,-0.33374,-0.795654,6.713869,-5.065918,-12.756351,sit_stand_sit
2508361,0.3396,-0.334595,-0.787109,8.178711,-5.615236,-11.352543,sit_stand_sit
2508377,0.339355,-0.392456,-0.814819,11.291508,-4.943848,-8.911133,sit_stand_sit
2508394,0.313721,-0.428223,-0.824707,10.681152,-2.990724,-7.873537,sit_stand_sit
2508411,0.24292,-0.424316,-0.822876,7.019045,6.774904,-7.873537,sit_stand_sit
2508427,0.228027,-0.371216,-0.832886,7.08008,22.766121,-8.911133,sit_stand_sit
2508444,0.261353,-0.354004,-0.848389,9.033203,30.761726,-8.666992,sit_stand_sit
2508461,0.326172,-0.365234,-0.850464,12.390141,39.306641,-6.95801,sit_stand_sit
2508477,0.322632,-0.333984,-0.83252,12.695316,42.053223,-6.286623,sit_stand_sit
2508494,0.379517,-0.300537,-0.813965,17.76123,39.733887,-7.568361,sit_stand_sit
2508511,0.389771,-0.309448,-0.803711,20.690918,36.437988,-7.385256,sit_stand_sit
2508527,0.417969,-0.341187,-0.797607,25.146492,28.808601,-7.385256,sit_stand_sit
2508544,0.428223,-0.360107,-0.783691,26.42823,20.324707,-7.324221,sit_stand_sit
2508561,0.41687,-0.365234,-0.764038,27.343758,17.272949,-6.95801,sit_stand_sit
2508577,0.398804,-0.387329,-0.727539,29.357918,13.427738,-6.408693,sit_stand_sit
2508594,0.420288,-0.389648,-0.713257,31.677254,11.596684,-4.577637,sit_stand_sit
2508611,0.458252,-0.392212,-0.716797,39.733887,10.864258,-1.525879,sit_stand_sit
2508628,0.490967,-0.481201,-0.726929,44.738785,12.634281,0.366211,sit_stand_sit
2508644,0.520142,-0.630249,-0.769287,50.59816,22.827156,1.89209,sit_stand_sit
2508661,0.562256,-0.67627,-0.790161,46.020523,35.461426,2.258301,sit_stand_sit
2508678,0.588379,-0.633911,-0.793945,44.67775,39.306641,2.807618,sit_stand_sit
2508694,0.58252,-0.558228,-0.807739,52.429214,44.189453,0.305176,sit_stand_sit
2508711,0.591064,-0.629883,-0.787842,56.762711,46.752945,8.605957,sit_stand_sit
2508728,0.57605,-0.610352,-0.778198,57.006851,47.729507,6.835939,sit_stand_sit
2508744,0.592285,-0.583496,-0.737793,62.133804,43.029785,4.882813,sit_stand_sit
2508761,0.586182,-0.62439,-0.656738,65.490723,34.423828,0.305176,sit_stand_sit
2508778,0.556152,-0.649292,-0.576538,67.016602,26.733406,-5.249023,sit_stand_sit
2508794,0.538574,-0.668579,-0.54541,69.335938,23.620613,-7.934572,sit_stand_sit
2508811,0.516724,-0.735229,-0.494629,71.838379,20.202637,-11.779789,sit_stand_sit
2508828,0.574585,-0.775513,-0.439331,71.960449,10.681152,-10.314941,sit_stand_sit
2508844,0.567871,-0.794067,-0.407593,71.166992,3.906251,-7.20215,sit_stand_sit
2508861,0.548584,-0.829224,-0.384888,71.716309,2.929688,-5.371094,sit_stand_sit
2508878,0.605347,-0.903198,-0.367188,64.880371,-10.559082,5.126953,sit_stand_sit
2508894,0.606201,-0.893311,-0.405273,60.852066,-14.526371,7.751467,sit_stand_sit
2508911,0.644775,-0.912842,-0.411987,56.823746,-15.258793,11.657719,sit_stand_sit
2508928,0.616333,-0.903687,-0.408325,44.311539,-16.235352,17.76123,sit_stand_sit
2508944,0.510376,-0.841064,-0.376221,35.339355,-4.455566,16.845703,sit_stand_sit
2508961,0.484497,-0.817627,-0.361572,32.287598,4.516602,15.869144,sit_stand_sit
2508978,0.502197,-0.773804,-0.359863,26.489265,20.935059,14.465336,sit_stand_sit
2508994,0.564575,-0.751099,-0.381226,23.315437,26.977547,14.648441,sit_stand_sit
2509011,0.61084,-0.762207,-0.37439,20.996094,24.230965,16.723633,sit_stand_sit
2509028,0.635254,-0.767822,-0.365479,18.249512,20.751953,18.005371,sit_stand_sit
2509044,0.619507,-0.76416,-0.347534,15.563969,11.718754,20.996094,sit_stand_sit
2509061,0.612061,-0.780396,-0.335571,19.287109,4.638672,19.40918,sit_stand_sit
2509078,0.595825,-0.807129,-0.336792,19.714355,-0.305176,18.554688,sit_stand_sit
2509094,0.636353,-0.861206,-0.385376,22.644051,-14.587406,17.51709,sit_stand_sit
2509111,0.493164,-0.881836,-0.395996,16.540527,-11.230473,19.226074,sit_stand_sit
2509128,0.526855,-0.862793,-0.400513,19.53125,-13.244633,18.493652,sit_stand_sit
2509144,0.444458,-0.838257,-0.379883,14.709476,-13.793949,12.634281,sit_stand_sit
2509161,0.380981,-0.806885,-0.37439,13.244633,-1.342773,12.451176,sit_stand_sit
2509178,0.4104,-0.799316,-0.380859,14.099125,8.911133,9.765625,sit_stand_sit
2509194,0.408203,-0.808838,-0.390503,13.610844,17.272949,9.643555,sit_stand_sit
2509211,0.464355,-0.845093,-0.375,9.94873,17.883301,13.793949,sit_stand_sit
2509228,0.448853,-0.812256,-0.351685,8.300781,16.540527,15.869144,sit_stand_sit
2509245,0.440674,-0.80896,-0.335571,6.896975,13.732914,19.042969,sit_stand_sit
2509261,0.395386,-0.755859,-0.339966,7.324221,11.047363,19.165039,sit_stand_sit
2509278,0.490479,-0.792236,-0.378418,13.244633,4.760742,26.000984,sit_stand_sit
2509295,0.520752,-0.869019,-0.415405,15.502934,-7.141115,24.108894,sit_stand_sit
2509311,0.487671,-0.886108,-0.404053,13.488773,-11.596684,25.085457,sit_stand_sit
2509328,0.402466,-0.851929,-0.353638,6.835939,-14.831547,27.954109,sit_stand_sit
2509345,0.297974,-0.794434,-0.296509,7.324221,-3.295899,21.484375,sit_stand_sit
2509361,0.289063,-0.786621,-0.282959,8.239746,5.432129,18.310547,sit_stand_sit
2509378,0.389526,-0.781494,-0.326782,11.535648,16.845703,12.756351,sit_stand_sit
2509395,0.4823,-0.818481,-0.377808,15.380863,15.747074,10.192871,sit_stand_sit
2509411,0.458496,-0.862183,-0.370483,12.573246,9.399414,12.207035,sit_stand_sit
2509428,0.434448,-0.86731,-0.346436,9.460449,7.324221,13.610844,sit_stand_sit
2509445,0.408203,-0.827515,-0.295044,3.601075,0.488281,13.244633,sit_stand_sit
2509461,0.311523,-0.815308,-0.25415,-0.549316,7.873537,19.470215,sit_stand_sit
2509478,0.324219,-0.793213,-0.27063,-3.784181,16.052246,19.897461,sit_stand_sit
2509495,0.425171,-0.821045,-0.308105,0.549316,20.080566,23.193367,sit_stand_sit
2509511,0.457031,-0.896729,-0.334229,1.64795,14.526371,23.376472,sit_stand_sit
2509528,0.408081,-0.900513,-0.311523,-5.126953,10.620117,26.000984,sit_stand_sit
2509545,0.390259,-0.887451,-0.291382,-8.728027,8.605957,27.099617,sit_stand_sit
2509561,0.336304,-0.819458,-0.274292,-10.986328,10.559082,26.000984,sit_stand_sit
2509578,0.333252,-0.817383,-0.283936,-5.920412,17.76123,22.766121,sit_stand_sit
2509595,0.376831,-0.845703,-0.308105,-4.272461,17.578125,22.949226,sit_stand_sit
2509611,0.394897,-0.893799,-0.355835,-3.356935,20.629883,20.935059,sit_stand_sit
2509628,0.495117,-0.954834,-0.367798,-5.615236,11.657719,22.216805,sit_stand_sit
2509645,0.472046,-0.95459,-0.354126,-10.131836,5.798342,21.972656,sit_stand_sit
2509661,0.391724,-0.910522,-0.320435,-13.671879,4.333496,20.019531,sit_stand_sit
2509678,0.3573,-0.907104,-0.293701,-16.174316,9.216309,15.502934,sit_stand_sit
2509695,0.367676,-0.867432,-0.324829,-16.906738,15.136723,10.559082,sit_stand_sit
2509711,0.384277,-0.857178,-0.344238,-15.686039,17.456055,8.361816,sit_stand_sit
2509728,0.400757,-0.881104,-0.359253,-12.207035,18.554688,6.103518,sit_stand_sit
2509745,0.382935,-0.938232,-0.341797,-12.878422,14.892582,4.272461,sit_stand_sit
2509761,0.373779,-0.922607,-0.331787,-15.869144,12.817387,4.394531,sit_stand_sit
2509778,0.344482,-0.849243,-0.316406,-16.113281,6.95801,3.906251,sit_stand_sit
2509795,0.334595,-0.84082,-0.345581,-12.26807,3.112794,2.441406,sit_stand_sit
2509812,0.330322,-0.883423,-0.361816,-9.765625,0.732422,1.586915,sit_stand_sit
2509828,0.313843,-0.900635,-0.355713,-10.192871,0.427246,1.64795,sit_stand_sit
2509845,0.273193,-0.878906,-0.335327,-13.122562,2.380371,1.708985,sit_stand_sit
2509862,0.244873,-0.839111,-0.309814,-13.122562,5.737307,1.77002,sit_stand_sit
2509878,0.234009,-0.832153,-0.300781,-12.634281,8.056641,1.708985,sit_stand_sit
2509895,0.231079,-0.82666,-0.307617,-12.02393,11.779789,2.380371,sit_stand_sit
2509912,0.228638,-0.819702,-0.320557,-12.146,13.610844,3.723145,sit_stand_sit
2509928,0.217529,-0.799805,-0.327026,-12.451176,17.150879,5.676271,sit_stand_sit
2509945,0.216309,-0.794434,-0.329102,-12.084965,19.958496,6.652834,sit_stand_sit
2509962,0.199585,-0.825439,-0.321655,-9.887695,28.808601,7.385256,sit_stand_sit
2509978,0.172119,-0.860352,-0.306274,-11.230473,42.541504,6.042482,sit_stand_sit
2509995,0.153442,-0.844238,-0.296997,-11.291508,52.73439,1.831055,sit_stand_sit
2510012,0.215698,-0.83313,-0.282593,-11.230473,62.377945,3.54004,sit_stand_sit
2510028,0.182007,-0.805298,-0.278687,-13.122562,78.369141,4.272461,sit_stand_sit
2510045,0.243286,-0.78772,-0.25647,-9.338379,88.867218,0.366211,sit_stand_sit
2510062,0.25061,-0.785645,-0.246338,-8.117676,91.6138,-1.281738,sit_stand_sit
2510078,0.270996,-0.767334,-0.238037,-5.004883,95.39798,-2.197266,sit_stand_sit
2510095,0.332886,-0.754028,-0.255371,0.0,94.421417,-1.098633,sit_stand_sit
2510112,0.360962,-0.750732,-0.260864,2.685547,91.674835,0.12207,sit_stand_sit
2510128,0.357544,-0.748413,-0.248657,7.141115,87.097168,2.624512,sit_stand_sit
2510145,0.381226,-0.74939,-0.200806,10.131836,85.083008,7.019045,sit_stand_sit
2510162,0.416748,-0.747559,-0.177734,11.474613,82.763672,10.131836,sit_stand_sit
2510178,0.460815,-0.753784,-0.146484,15.991215,75.073242,16.601563,sit_stand_sit
2510195,0.445923,-0.768677,-0.155884,17.211914,76.904297,19.40918,sit_stand_sit
2510212,0.498169,-0.759644,-0.172119,19.226074,79.772949,22.888191,sit_stand_sit
2510228,0.516113,-0.760498,-0.174072,20.751953,78.613281,25.512703,sit_stand_sit
2510245,0.5448,-0.815918,-0.198486,25.024422,72.692871,18.432617,sit_stand_sit
2510262,0.696533,-0.908936,-0.21521,17.150879,55.542007,16.174316,sit_stand_sit
2510278,0.67688,-0.907715,-0.229248,11.169437,45.349136,19.348145,sit_stand_sit
2510295,0.633789,-0.883301,-0.25,3.479005,30.151375,17.944336,sit_stand_sit
2510312,0.603394,-0.878052,-0.247681,1.525879,16.967773,17.211914,sit_stand_sit
2510328,0.5802,-0.891846,-0.256226,0.854492,4.089355,15.380863,sit_stand_sit
2510345,0.555664,-0.892944,-0.256226,1.098633,-0.671387,13.854984,sit_stand_sit
2510362,0.523926,-0.890015,-0.241333,2.441406,-4.516602,10.131836,sit_stand_sit
2510378,0.532471,-0.893555,-0.20813,5.310059,-5.798342,6.103518,sit_stand_sit
2510395,0.533081,-0.907593,-0.186279,6.469728,-6.896975,4.577637,sit_stand_sit
2510412,0.536377,-0.940918,-0.150513,6.652834,-12.512211,2.197266,sit_stand_sit
2510429,0.506836,-0.96228,-0.137329,5.065918,-21.484375,0.732422,sit_stand_sit
2510445,0.474731,-0.974609,-0.129272,1.89209,-27.832039,-0.427246,sit_stand_sit
2510462,0.466797,-0.964355,-0.125366,0.549316,-30.944832,-0.488281,sit_stand_sit
2510479,0.416016,-0.932739,-0.113892,0.732422,-36.499023,0.427246,sit_stand_sit
2510495,0.366577,-0.944214,-0.085205,2.746582,-36.92627,-0.12207,sit_stand_sit
2510512,0.352539,-0.953003,-0.072266,2.990724,-35.095215,-0.366211,sit_stand_sit
2510529,0.331665,-0.947388,-0.06189,3.173829,-27.771004,-0.854492,sit_stand_sit
2510545,0.359985,-0.927734,-0.08606,5.920412,-20.141602,-1.464844,sit_stand_sit
2510562,0.411499,-0.932495,-0.122437,10.009766,-18.371582,-1.403809,sit_stand_sit
2510579,0.424683,-0.940308,-0.135742,10.986328,-19.226074,-1.708985,sit_stand_sit
2510595,0.429565,-0.932983,-0.147461,8.728027,-22.52198,-3.051759,sit_stand_sit
2510612,0.416748,-0.893433,-0.150024,5.249023,-26.30616,-4.455566,sit_stand_sit
2510629,0.398315,-0.875366,-0.143555,3.479005,-28.869637,-4.02832,sit_stand_sit
2510645,0.370605,-0.836548,-0.125854,-0.12207,-29.846199,-5.004883,sit_stand_sit
2510662,0.328857,-0.827271,-0.113281,-1.037598,-30.883797,-4.211426,sit_stand_sit
2510679,0.301147,-0.838257,-0.110596,-1.64795,-29.357918,-4.02832,sit_stand_sit
2510695,0.283081,-0.85083,-0.102661,-4.211426,-23.742683,-4.638672,sit_stand_sit
2510712,0.289673,-0.850586,-0.098999,-6.225588,-13.549809,-5.798342,sit_stand_sit
2510729,0.321899,-0.855347,-0.104126,-7.141115,-5.859377,-5.126953,sit_stand_sit
2510745,0.335571,-0.86084,-0.110474,-7.019045,-3.54004,-4.882813,sit_stand_sit
2510762,0.36731,-0.884521,-0.118042,-5.737307,-2.868653,-3.41797,sit_stand_sit
2510779,0.380615,-0.929443,-0.116577,-5.310059,-5.065918,-0.732422,sit_stand_sit
2510795,0.382935,-0.946167,-0.117798,-5.798342,-5.737307,0.610352,sit_stand_sit
2510812,0.385376,-0.956055,-0.132813,-6.530764,-5.371094,3.601075,sit_stand_sit
2510829,0.396362,-0.949951,-0.153931,-5.371094,-5.065918,4.943848,sit_stand_sit
2510845,0.397339,-0.948853,-0.181885,-2.01416,-4.943848,4.882813,sit_stand_sit
2510862,0.401733,-0.953003,-0.193237,-0.305176,-5.187988,4.394531,sit_stand_sit
2510879,0.398438,-0.958374,-0.204102,1.464844,-7.446291,3.54004,sit_stand_sit
2510895,0.384888,-0.945068,-0.213013,2.319336,-12.146,2.075195,sit_stand_sit
2510912,0.377686,-0.937866,-0.217163,2.929688,-14.953617,1.64795,sit_stand_sit
2510929,0.343384,-0.930786,-0.226685,3.356935,-19.104004,1.342773,sit_stand_sit
2510945,0.308228,-0.924194,-0.239502,3.051759,-19.104004,1.64795,sit_stand_sit
2510962,0.285034,-0.937012,-0.237427,1.77002,-13.793949,1.342773,sit_stand_sit
2510979,0.286255,-0.93689,-0.232544,0.366211,-9.765625,1.403809,sit_stand_sit
2510995,0.294678,-0.921997,-0.222534,-2.197266,-1.464844,2.319336,sit_stand_sit
2511012,0.31665,-0.907837,-0.211548,-3.906251,4.333496,3.906251,sit_stand_sit
2511029,0.332764,-0.902344,-0.20752,-4.455566,5.432129,4.638672,sit_stand_sit
2511046,0.351929,-0.90686,-0.196411,-5.004883,5.310059,5.737307,sit_stand_sit
2511062,0.369263,-0.919067,-0.183838,-6.652834,3.234864,5.676271,sit_stand_sit
2511079,0.365112,-0.932495,-0.18103,-9.277344,1.77002,4.02832,sit_stand_sit
2511096,0.361206,-0.929199,-0.180542,-11.047363,2.01416,2.807618,sit_stand_sit
2511112,0.365723,-0.909546,-0.183472,-12.695316,3.356935,0.427246,sit_stand_sit
2511129,0.377197,-0.906494,-0.203125,-12.451176,5.065918,-2.319336,sit_stand_sit
2511146,0.381958,-0.907715,-0.217896,-12.146,5.554201,-3.66211,sit_stand_sit
2511162,0.380005,-0.904907,-0.248657,-11.352543,7.08008,-6.103518,sit_stand_sit
2511179,0.372192,-0.898193,-0.250854,-10.559082,10.253906,-7.812502,sit_stand_sit
2511196,0.373047,-0.891846,-0.241943,-10.192871,12.084965,-8.239746,sit_stand_sit
2511212,0.384033,-0.876587,-0.231567,-8.850098,15.502934,-8.728027,sit_stand_sit
2511229,0.407715,-0.849854,-0.24707,-6.835939,16.784668,-8.911133,sit_stand_sit
2511246,0.440186,-0.83374,-0.283447,-2.807618,12.878422,-9.155273,sit_stand_sit
2511262,0.450562,-0.833618,-0.295654,-0.976563,9.155273,-9.399414,sit_stand_sit
2511279,0.453857,-0.828369,-0.297974,0.732422,-0.305176,-9.887695,sit_stand_sit
2511296,0.439453,-0.820923,-0.273438,0.915528,-10.925293,-9.399414,sit_stand_sit
2511312,0.42981,-0.82019,-0.258545,0.549316,-15.258793,-8.728027,sit_stand_sit
2511329,0.410278,-0.827393,-0.24353,-0.671387,-20.996094,-7.568361,sit_stand_sit
2511346,0.384766,-0.842285,-0.246338,-2.868653,-22.094727,-6.164553,sit_stand_sit
2511362,0.362549,-0.857544,-0.25415,-6.225588,-19.53125,-5.126953,sit_stand_sit
2511379,0.350708,-0.859985,-0.255127,-8.728027,-17.089844,-4.882813,sit_stand_sit
2511396,0.328369,-0.847656,-0.245728,-13.427738,-9.765625,-4.272461,sit_stand_sit
2511412,0.307617,-0.843018,-0.228027,-16.174316,1.831055,-4.089355,sit_stand_sit
2511429,0.309814,-0.845337,-0.223877,-17.028809,8.728027,-4.333496,sit_stand_sit
2511446,0.326294,-0.853271,-0.223511,-16.967773,22.033691,-5.371094,sit_stand_sit
2511462,0.359863,-0.866333,-0.234985,-14.892582,31.738289,-6.286623,sit_stand_sit
2511479,0.409058,-0.868774,-0.252808,-12.573246,33.691406,-7.08008,sit_stand_sit
2511496,0.431396,-0.857056,-0.260376,-11.535648,31.494148,-7.385256,sit_stand_sit
2511512,0.464233,-0.818848,-0.269287,-8.666992,23.071297,-7.263186,sit_stand_sit
2511529,0.486572,-0.782104,-0.269775,-4.638672,11.108402,-7.019045,sit_stand_sit
2511546,0.489746,-0.769653,-0.26709,-2.075195,4.821777,-6.835939,sit_stand_sit
2511562,0.474854,-0.765381,-0.263672,3.295899,-6.408693,-6.774904,sit_stand_sit
2511579,0.460449,-0.766113,-0.26062,6.591799,-14.648441,-6.774904,sit_stand_sit
2511596,0.465698,-0.757935,-0.26416,9.521484,-21.606445,-6.164553,sit_stand_sit
2511613,0.467163,-0.765259,-0.263672,11.047363,-24.841316,-5.737307,sit_stand_sit
2511629,0.468506,-0.799683,-0.256714,11.352543,-30.09034,-4.760742,sit_stand_sit
2511646,0.459473,-0.820557,-0.254517,8.972168,-35.095215,-4.02832,sit_stand_sit
2511663,0.442993,-0.822266,-0.253906,7.141115,-36.132813,-4.089355,sit_stand_sit
2511679,0.423706,-0.81543,-0.260376,3.784181,-35.15625,-4.394531,sit_stand_sit
2511696,0.41272,-0.825439,-0.268555,2.624512,-30.517586,-5.187988,sit_stand_sit
2511713,0.400024,-0.841675,-0.272339,1.831055,-26.855476,-6.530764,sit_stand_sit
2511729,0.389526,-0.854126,-0.282471,-0.732422,-18.676758,-9.399414,sit_stand_sit
2511746,0.391602,-0.838257,-0.283081,-3.601075,-11.108402,-11.047363,sit_stand_sit
2511763,0.404663,-0.80542,-0.283325,-4.577637,-5.493164,-11.413578,sit_stand_sit
2511779,0.409058,-0.798218,-0.281982,-4.150391,-3.356935,-11.901859,sit_stand_sit
2511796,0.41748,-0.788086,-0.295166,-3.173829,-0.549316,-13.427738,sit_stand_sit
2511813,0.442261,-0.768677,-0.324219,-0.854492,-1.098633,-15.014652,sit_stand_sit
2511829,0.453735,-0.759521,-0.335449,0.671387,-3.295899,-15.319828,sit_stand_sit
2511846,0.459229,-0.74353,-0.351807,3.295899,-10.314941,-15.014652,sit_stand_sit
2511863,0.460815,-0.73584,-0.346558,6.286623,-18.493652,-14.709476,sit_stand_sit
2511879,0.454102,-0.740479,-0.331421,8.178711,-26.18409,-15.563969,sit_stand_sit
2511896,0.452881,-0.742432,-0.321777,9.155273,-29.235847,-16.052246,sit_stand_sit
2511913,0.435547,-0.74646,-0.314087,11.291508,-33.996582,-16.418457,sit_stand_sit
2511929,0.438599,-0.752686,-0.326904,13.793949,-36.499023,-15.502934,sit_stand_sit
2511946,0.452759,-0.765747,-0.336182,15.502934,-37.536621,-14.831547,sit_stand_sit
2511963,0.450073,-0.812134,-0.336426,17.39502,-39.672852,-13.732914,sit_stand_sit
2511979,0.42627,-0.840942,-0.320801,15.441898,-38.208008,-13.671879,sit_stand_sit
2511996,0.429077,-0.827148,-0.301147,12.573246,-33.996582,-13.977055,sit_stand_sit
2512013,0.439209,-0.82019,-0.289429,12.146,-31.98243,-13.732914,sit_stand_sit
2512029,0.43335,-0.836792,-0.277588,11.657719,-27.709969,-12.878422,sit_stand_sit
2512046,0.429565,-0.840698,-0.277466,10.009766,-22.27784,-15.075687,sit_stand_sit
2512063,0.437256,-0.837769,-0.277588,10.925293,-19.104004,-13.793949,sit_stand_sit
2512079,0.468384,-0.858032,-0.27417,7.507326,-15.075687,-10.803223,sit_stand_sit
2512096,0.462769,-0.838867,-0.275269,6.713869,-11.474613,-10.437012,sit_stand_sit
2512113,0.465698,-0.832397,-0.278442,9.643555,-10.681152,-15.258793,sit_stand_sit
2512129,0.468872,-0.837646,-0.283813,10.253906,-10.498047,-16.418457,sit_stand_sit
2512146,0.48999,-0.854248,-0.295166,8.666992,-12.207035,-16.052246,sit_stand_sit
2512163,0.494873,-0.846924,-0.301514,3.967286,-14.709476,-14.28223,sit_stand_sit
2512179,0.499634,-0.832031,-0.303345,5.249023,-15.380863,-14.953617,sit_stand_sit
2512196,0.511475,-0.862427,-0.294434,3.601075,-15.747074,-12.878422,sit_stand_sit
2512213,0.48291,-0.84436,-0.302612,0.610352,-14.465336,-14.343266,sit_stand_sit
2512230,0.486816,-0.832764,-0.308105,-0.549316,-13.671879,-14.28223,sit_stand_sit
2512246,0.512817,-0.838745,-0.315674,-1.586915,-13.916019,-14.16016,sit_stand_sit
2512263,0.487671,-0.828125,-0.319458,-4.272461,-12.695316,-17.944336,sit_stand_sit
2512280,0.529663,-0.8573,-0.30896,-8.605957,-10.986328,-10.864258,sit_stand_sit
2512296,0.519165,-0.823608,-0.314941,-9.82666,-10.742188,-13.671879,sit_stand_sit
2512313,0.578735,-0.805664,-0.332642,-6.713869,-11.779789,-11.169437,sit_stand_sit
2512330,0.562744,-0.846558,-0.340576,-3.41797,-15.991215,-14.465336,sit_stand_sit
2512346,0.540649,-0.845703,-0.340088,-3.295899,-16.601563,-16.662598,sit_stand_sit
2512363,0.532349,-0.833984,-0.318604,-3.845216,-20.812988,-15.502934,sit_stand_sit
2512380,0.561768,-0.805664,-0.330444,-4.150391,-30.639656,-12.451176,sit_stand_sit
2512396,0.538818,-0.799927,-0.363647,-2.624512,-39.001465,-10.620117,sit_stand_sit
2512413,0.51062,-0.793701,-0.381592,-1.464844,-40.222168,-10.925293,sit_stand_sit
2512430,0.445557,-0.757813,-0.412231,2.685547,-37.597656,-16.235352,sit_stand_sit
2512446,0.427124,-0.781006,-0.422363,5.310059,-31.98243,-16.174316,sit_stand_sit
2512463,0.415771,-0.78833,-0.426514,5.615236,-28.32032,-18.188477,sit_stand_sit
2512480,0.442993,-0.827026,-0.410645,4.150391,-22.827156,-12.817387,sit_stand_sit
2512496,0.486694,-0.821045,-0.407715,4.638672,-21.362305,-13.732914,sit_stand_sit
2512513,0.561035,-0.873779,-0.394043,4.02832,-27.771004,-9.277344,sit_stand_sit
2512530,0.544556,-0.8927,-0.391235,0.488281,-31.555183,-8.300781,sit_stand_sit
2512546,0.502075,-0.86377,-0.406738,-1.831055,-34.973145,-9.765625,sit_stand_sit
2512563,0.496094,-0.880737,-0.418579,-5.920412,-37.841797,-6.469728,sit_stand_sit
2512580,0.482666,-0.883789,-0.430298,-9.033203,-37.902832,-4.211426,sit_stand_sit
2512596,0.503174,-0.876465,-0.447388,-7.324221,-38.269043,-8.239746,sit_stand_sit
2512613,0.52771,-0.958618,-0.44458,-19.40918,-37.841797,3.234864,sit_stand_sit
2512630,0.5177,-0.875854,-0.453857,-26.550301,-37.475586,1.464844,sit_stand_sit
2512646,0.514771,-0.849609,-0.455078,-25.878914,-37.353516,-0.976563,sit_stand_sit
2512663,0.562378,-0.904663,-0.482422,-28.381355,-38.635254,-0.549316,sit_stand_sit
2512680,0.57959,-0.939575,-0.538452,-38.818359,-44.738785,1.77002,sit_stand_sit
2512696,0.57019,-0.92688,-0.55188,-43.212891,-47.729507,3.051759,sit_stand_sit
2512713,0.568726,-0.890625,-0.543457,-48.645035,-52.429214,1.464844,sit_stand_sit
2512730,0.552124,-0.901489,-0.540649,-59.204117,-58.6548,8.544922,sit_stand_sit
2512746,0.541748,-0.87439,-0.562622,-61.340347,-60.485855,6.713869,sit_stand_sit
2512763,0.513062,-0.84082,-0.600098,-58.471695,-62.255875,-0.244141,sit_stand_sit
2512780,0.507568,-0.890381,-0.608887,-66.772461,-68.359375,8.178711,sit_stand_sit
2512797,0.40686,-0.796509,-0.636353,-74.09668,-64.819336,9.94873,sit_stand_sit
2512813,0.379761,-0.756592,-0.639893,-73.120117,-60.54689,9.460449,sit_stand_sit
2512830,0.33667,-0.736328,-0.638184,-73.059082,-51.086441,9.94873,sit_stand_sit
2512847,0.281616,-0.677246,-0.668823,-74.951172,-39.123535,9.399414,sit_stand_sit
2512863,0.276489,-0.641846,-0.687134,-74.768066,-33.691406,9.82666,sit_stand_sit
2512880,0.283691,-0.570679,-0.68396,-74.890137,-25.329597,12.390141,sit_stand_sit
2512897,0.253418,-0.482422,-0.657104,-71.105957,-22.27784,13.122562,sit_stand_sit
2512913,0.18457,-0.440552,-0.639771,-63.720718,-18.920898,12.02393,sit_stand_sit
2512930,0.161621,-0.430298,-0.64856,-59.631363,-16.601563,10.009766,sit_stand_sit
2512947,0.154663,-0.445435,-0.689331,-50.659195,-10.559082,7.20215,sit_stand_sit
2512963,0.16333,-0.480591,-0.720215,-46.997086,-4.882813,8.300781,sit_stand_sit
2512980,0.157227,-0.468628,-0.732056,-47.058121,-2.502441,9.765625,sit_stand_sit
2512997,0.153564,-0.417358,-0.741211,-43.151855,0.732422,11.352543,sit_stand_sit
2513013,0.187012,-0.414917,-0.779541,-35.03418,2.807618,12.817387,sit_stand_sit
2513030,0.213623,-0.464111,-0.798218,-31.433113,0.12207,15.563969,sit_stand_sit
2513047,0.203613,-0.468262,-0.801392,-31.738289,-1.586915,17.028809,sit_stand_sit
2513063,0.17395,-0.438354,-0.805054,-31.921394,-3.66211,19.226074,sit_stand_sit
2513080,0.17334,-0.413086,-0.815552,-30.273445,-3.601075,21.972656,sit_stand_sit
2513097,0.189819,-0.396851,-0.825684,-29.479988,-3.051759,22.644051,sit_stand_sit
2513113,0.199097,-0.371216,-0.853882,-27.343758,-3.173829,24.230965,sit_stand_sit
2513130,0.161133,-0.361816,-0.874146,-25.329597,-1.037598,24.16993,sit_stand_sit
2513147,0.168091,-0.284302,-0.877197,-25.268562,3.784181,23.132332,sit_stand_sit
2513163,0.192505,-0.267578,-0.885864,-23.315437,6.713869,21.972656,sit_stand_sit
2513180,0.266479,-0.232056,-0.901001,-14.953617,5.126953,22.460945,sit_stand_sit
2513197,0.305542,-0.263916,-0.924194,-8.972168,-4.882813,21.728516,sit_stand_sit
2513213,0.316895,-0.286133,-0.927246,-7.446291,-10.253906,20.690918,sit_stand_sit
2513230,0.314941,-0.312378,-0.934326,-6.835939,-19.40918,18.615723,sit_stand_sit
2513247,0.250122,-0.337524,-0.955444,-7.690432,-22.949226,15.991215,sit_stand_sit
2513263,0.208984,-0.337402,-0.964355,-9.521484,-21.484375,14.099125,sit_stand_sit
2513280,0.168457,-0.310303,-0.972168,-11.779789,-15.686039,10.437012,sit_stand_sit
2513297,0.169556,-0.300659,-0.958984,-12.207035,-9.58252,7.751467,sit_stand_sit
2513313,0.169678,-0.308838,-0.942505,-12.939457,-4.272461,6.835939,sit_stand_sit
2513330,0.165894,-0.306396,-0.935425,-13.549809,-1.281738,6.469728,sit_stand_sit
2513347,0.169312,-0.287842,-0.928345,-13.549809,3.967286,4.760742,sit_stand_sit
2513363,0.201904,-0.287109,-0.915894,-11.413578,6.469728,3.112794,sit_stand_sit
2513380,0.218262,-0.293213,-0.905029,-9.643555,6.530764,2.441406,sit_stand_sit
2513397,0.220093,-0.307007,-0.888428,-6.286623,7.141115,0.732422,sit_stand_sit
2513414,0.235596,-0.334595,-0.880371,-2.197266,9.643555,-2.502441,sit_stand_sit
2513430,0.26355,-0.367554,-0.876831,0.610352,11.779789,-6.103518,sit_stand_sit
2513447,0.271606,-0.372559,-0.872681,0.549316,12.207035,-7.873537,sit_stand_sit
2513464,0.30603,-0.343994,-0.859497,1.708985,9.094238,-9.643555,sit_stand_sit
2513480,0.283936,-0.325806,-0.848633,4.699707,3.784181,-11.169437,sit_stand_sit
2513497,0.271851,-0.322632,-0.849731,6.652834,1.64795,-11.596684,sit_stand_sit
2513514,0.251465,-0.324951,-0.859009,9.70459,-2.075195,-11.779789,sit_stand_sit
2513530,0.250854,-0.344971,-0.897095,10.742188,-10.498047,-9.460449,sit_stand_sit
2513547,0.234497,-0.365479,-0.964111,8.483887,-20.812988,-2.624512,sit_stand_sit
2513564,0.225952,-0.368896,-0.996338,7.324221,-23.986824,-0.183106,sit_stand_sit
2513580,0.180664,-0.398315,-1.015381,3.295899,-29.235847,5.432129,sit_stand_sit
2513597,0.037842,-0.38562,-1.031372,-2.258301,-20.690918,7.20215,sit_stand_sit
2513614,0.009766,-0.373657,-1.017822,-2.929688,-10.253906,5.371094,sit_stand_sit
2513630,0.013062,-0.366211,-0.96936,-2.258301,12.573246,2.624512,sit_stand_sit
2513647,0.116699,-0.376587,-0.92688,-0.427246,27.221687,1.89209,sit_stand_sit
2513664,0.192017,-0.391357,-0.89624,-0.244141,32.165527,2.197266,sit_stand_sit
2513680,0.208618,-0.403931,-0.883545,-0.732422,32.836914,1.89209,sit_stand_sit
2513697,0.236572,-0.39563,-0.865234,-0.793457,31.860359,0.732422,sit_stand_sit
2513714,0.259521,-0.389648,-0.850098,-0.549316,31.005867,-0.915528,sit_stand_sit
2513730,0.271729,-0.385986,-0.849609,-0.244141,30.09034,-1.89209,sit_stand_sit
2513747,0.294189,-0.38501,-0.850586,0.244141,27.587898,-2.746582,sit_stand_sit
2513764,0.314453,-0.376343,-0.845581,0.12207,23.498543,-1.464844,sit_stand_sit
2513780,0.328003,-0.370728,-0.849243,0.671387,20.202637,-0.610352,sit_stand_sit
2513797,0.342407,-0.373535,-0.868042,2.319336,10.314941,1.464844,sit_stand_sit
2513814,0.304565,-0.37854,-0.891724,2.807618,3.295899,2.929688,sit_stand_sit
2513830,0.268555,-0.373535,-0.908813,3.234864,1.64795,2.868653,sit_stand_sit
2513847,0.261963,-0.367798,-0.902954,3.295899,2.502441,2.563477,sit_stand_sit
2513864,0.265381,-0.348511,-0.892822,4.272461,2.685547,2.01416,sit_stand_sit
2513880,0.267578,-0.353149,-0.882568,6.103518,1.281738,2.197266,sit_stand_sit
2513897,0.274292,-0.362427,-0.876465,6.225588,0.061035,2.13623,sit_stand_sit
2513914,0.284302,-0.374023,-0.876831,6.225588,-4.272461,1.77002,sit_stand_sit
2513930,0.26416,-0.387207,-0.881958,5.493164,-7.995607,1.403809,sit_stand_sit
2513947,0.249634,-0.389526,-0.874023,3.906251,-8.666992,1.403809,sit_stand_sit
2513964,0.249634,-0.388062,-0.867798,2.929688,-8.300781,1.708985,sit_stand_sit
2513981,0.27356,-0.383667,-0.871704,1.77002,-8.300781,2.502441,sit_stand_sit
2513997,0.284058,-0.397217,-0.867798,0.0,-9.70459,3.41797,sit_stand_sit
2514014,0.277344,-0.399902,-0.866943,-1.037598,-10.314941,3.601075,sit_stand_sit
2514031,0.254761,-0.410889,-0.883301,-1.403809,-10.375977,4.211426,sit_stand_sit
2514047,0.223877,-0.423706,-0.896729,-1.586915,-6.835939,4.577637,sit_stand_sit
2514064,0.224243,-0.408447,-0.885498,-2.01416,-3.051759,4.455566,sit_stand_sit
2514081,0.226318,-0.396606,-0.881592,-2.01416,-2.380371,4.272461,sit_stand_sit
2514097,0.231079,-0.381348,-0.889282,-1.220703,-2.075195,3.41797,sit_stand_sit
2514114,0.228638,-0.379883,-0.894409,0.244141,-2.502441,2.929688,sit_stand_sit
2514131,0.221313,-0.38208,-0.894775,0.793457,-2.685547,2.441406,sit_stand_sit
2514147,0.209351,-0.391479,-0.893921,2.075195,-2.990724,0.671387,sit_stand_sit
2514164,0.209229,-0.393066,-0.889404,2.685547,-1.953125,-0.915528,sit_stand_sit
2514181,0.214111,-0.393677,-0.886353,3.295899,-0.12207,-1.159668,sit_stand_sit
2514197,0.221436,-0.403687,-0.884033,3.41797,0.915528,-1.037598,sit_stand_sit
2514214,0.227295,-0.411621,-0.879639,3.173829,2.563477,-1.342773,sit_stand_sit
2514231,0.244629,-0.40918,-0.875122,2.990724,2.807618,-2.197266,sit_stand_sit
2514247,0.246948,-0.408936,-0.874268,2.929688,2.319336,-2.441406,sit_stand_sit
2514264,0.240234,-0.404053,-0.874146,2.502441,1.342773,-2.990724,sit_stand_sit
2514281,0.229248,-0.402832,-0.879028,2.319336,1.953125,-2.990724,sit_stand_sit
2514297,0.229492,-0.399658,-0.884888,2.197266,2.685547,-2.868653,sit_stand_sit
2514314,0.240601,-0.394775,-0.881958,2.075195,4.333496,-2.624512,sit_stand_sit
2514331,0.25354,-0.390381,-0.876709,1.098633,4.638672,-2.13623,sit_stand_sit
2514347,0.245239,-0.386597,-0.893188,1.464844,5.859377,-1.403809,sit_stand_sit
2514364,0.239136,-0.389526,-0.89856,1.708985,7.446291,-1.037598,sit_stand_sit
2514381,0.239624,-0.383179,-0.899414,2.01416,10.559082,-0.793457,sit_stand_sit
2514397,0.250977,-0.386353,-0.883789,2.075195,11.657719,-1.342773,sit_stand_sit
2514414,0.260864,-0.39209,-0.873291,1.708985,11.535648,-1.89209,sit_stand_sit
2514431,0.266235,-0.385132,-0.872559,0.793457,10.375977,-2.807618,sit_stand_sit
2514447,0.252319,-0.38269,-0.904419,1.098633,11.901859,-5.065918,sit_stand_sit
2514464,0.275635,-0.382935,-0.914551,1.708985,13.366703,-8.300781,sit_stand_sit
2514481,0.280151,-0.380493,-0.89563,1.220703,12.695316,-8.972168,sit_stand_sit
2514497,0.281372,-0.353027,-0.865845,0.183106,10.375977,-8.728027,sit_stand_sit
2514514,0.247925,-0.331543,-0.81604,0.305176,10.314941,-9.338379,sit_stand_sit
2514531,0.204102,-0.247925,-0.754883,-8.056641,16.723633,-22.338875,sit_stand_sit
2514547,0.437012,-0.329224,-0.936157,15.93018,10.009766,-3.906251,sit_stand_sit
2514564,0.282593,-0.351074,-0.906372,-2.13623,10.253906,-13.000492,sit_stand_sit
2514581,0.363403,-0.303833,-0.875488,-1.098633,10.498047,-10.009766,sit_stand_sit
2514598,0.354004,-0.294434,-0.872681,-0.671387,8.361816,-9.277344,sit_stand_sit
2514614,0.345337,-0.294067,-0.873535,2.746582,7.629396,-10.314941,sit_stand_sit
2514631,0.350708,-0.333252,-0.863159,4.394531,6.042482,-9.765625,sit_stand_sit
2514648,0.352173,-0.343994,-0.864258,4.943848,4.577637,-9.643555,sit_stand_sit
2514664,0.353516,-0.362793,-0.884521,6.774904,1.037598,-8.911133,sit_stand_sit
2514681,0.331665,-0.385742,-0.904663,7.568361,-3.295899,-9.643555,sit_stand_sit
2514698,0.320068,-0.390137,-0.907227,7.507326,-6.164553,-11.962894,sit_stand_sit
2514714,0.29895,-0.38916,-0.887573,7.141115,-6.835939,-13.000492,sit_stand_sit
2514731,0.278564,-0.373657,-0.860107,6.042482,-6.835939,-13.366703,sit_stand_sit
2514748,0.275757,-0.359497,-0.865967,6.835939,-5.187988,-13.366703,sit_stand_sit
2514764,0.281738,-0.363647,-0.875854,7.690432,-3.906251,-13.305668,sit_stand_sit
2514781,0.29834,-0.371704,-0.884521,8.178711,-2.319336,-12.817387,sit_stand_sit
2514798,0.290771,-0.346069,-0.861328,7.141115,-1.098633,-11.718754,sit_stand_sit
2514814,0.284424,-0.321655,-0.84314,7.263186,0.183106,-11.474613,sit_stand_sit
2514831,0.307373,-0.285522,-0.824585,10.864258,3.051759,-11.840824,sit_stand_sit
2514848,0.349487,-0.317139,-0.828369,16.723633,3.295899,-12.207035,sit_stand_sit
2514864,0.372314,-0.352417,-0.832153,18.920898,0.427246,-12.26807,sit_stand_sit
2514881,0.359375,-0.349243,-0.822876,18.798828,-1.342773,-11.962894,sit_stand_sit
2514898,0.318726,-0.31311,-0.804199,20.629883,-1.037598,-13.061527,sit_stand_sit
2514914,0.315796,-0.316406,-0.788696,27.038582,3.66211,-15.625004,sit_stand_sit
2514931,0.330688,-0.33313,-0.785767,29.785164,5.859377,-16.052246,sit_stand_sit
2514948,0.367188,-0.36145,-0.786987,32.226563,4.943848,-16.906738,sit_stand_sit
2514964,0.328003,-0.394531,-0.798706,35.705566,-2.441406,-14.831547,sit_stand_sit
2514981,0.279663,-0.438354,-0.825684,37.475586,-3.845216,-15.197758,sit_stand_sit
2514998,0.299927,-0.437622,-0.819824,36.804199,-2.929688,-16.784668,sit_stand_sit
2515014,0.367065,-0.411255,-0.772461,39.489746,-7.20215,-17.700195,sit_stand_sit
2515031,0.32019,-0.446289,-0.749512,44.555679,-13.366703,-14.648441,sit_stand_sit
2515048,0.279419,-0.480957,-0.745605,45.898453,-14.648441,-12.817387,sit_stand_sit
2515064,0.219849,-0.539307,-0.754639,44.311539,-12.878422,-10.803223,sit_stand_sit
2515081,0.210571,-0.567261,-0.808105,38.879395,-8.850098,-8.911133,sit_stand_sit
2515098,0.190674,-0.596069,-0.880005,36.254883,5.432129,-6.896975,sit_stand_sit
2515114,0.222046,-0.624146,-0.8927,36.010742,16.113281,-6.896975,sit_stand_sit
2515131,0.290405,-0.617676,-0.885498,32.287598,31.372078,-5.187988,sit_stand_sit
2515148,0.370483,-0.547974,-0.831299,33.203125,31.066902,-2.868653,sit_stand_sit
2515164,0.409058,-0.531738,-0.793945,34.790039,26.794441,-2.258301,sit_stand_sit
2515181,0.400269,-0.526611,-0.750122,40.161133,19.714355,-0.732422,sit_stand_sit
2515198,0.359619,-0.529419,-0.736938,46.203629,21.54541,-2.685547,sit_stand_sit
2515215,0.378662,-0.543335,-0.721436,50.476089,22.583015,-3.784181,sit_stand_sit
2515231,0.416138,-0.588623,-0.709106,54.382339,21.179199,-3.234864,sit_stand_sit
2515248,0.398804,-0.636597,-0.712769,56.335464,19.40918,-1.342773,sit_stand_sit
2515265,0.395264,-0.636353,-0.691772,55.725113,19.226074,3.723145,sit_stand_sit
2515281,0.40686,-0.635986,-0.698608,57.434097,20.202637,7.812502,sit_stand_sit
2515298,0.468872,-0.676636,-0.73877,59.875504,24.53614,10.986328,sit_stand_sit
2515315,0.570068,-0.69104,-0.69043,59.204117,28.07618,7.324221,sit_stand_sit
2515331,0.603638,-0.654541,-0.644531,57.739273,28.381355,6.042482,sit_stand_sit
2515348,0.650391,-0.576294,-0.564941,60.729996,20.446777,3.967286,sit_stand_sit
2515365,0.651367,-0.613647,-0.480469,65.002441,4.638672,-1.098633,sit_stand_sit
2515381,0.536743,-0.647949,-0.444946,64.758301,-1.831055,-10.009766,sit_stand_sit
2515398,0.466553,-0.661011,-0.4552,65.063477,2.13623,-15.258793,sit_stand_sit
2515415,0.437622,-0.725464,-0.49939,65.063477,13.122562,-23.925789,sit_stand_sit
2515431,0.435425,-0.801147,-0.535767,58.349625,11.047363,-23.254402,sit_stand_sit
2515448,0.405518,-0.816284,-0.532959,52.795425,7.019045,-21.179199,sit_stand_sit
2515465,0.360596,-0.836548,-0.486084,42.297363,0.793457,-14.03809,sit_stand_sit
2515481,0.163818,-0.805176,-0.487915,39.306641,6.103518,-18.798828,sit_stand_sit
2515498,0.291748,-0.970703,-0.448242,26.000984,22.766121,11.779789,sit_stand_sit
2515515,0.274414,-0.890015,-0.457642,20.568848,31.494148,7.507326,sit_stand_sit
2515531,0.410645,-0.812622,-0.418213,25.024422,49.133316,9.277344,sit_stand_sit
2515548,0.598267,-0.840576,-0.324829,23.315437,39.245605,17.883301,sit_stand_sit
2515565,0.590576,-0.822388,-0.304688,20.935059,29.907234,22.155769,sit_stand_sit
2515581,0.533447,-0.810181,-0.282349,24.475105,24.780281,19.836426,sit_stand_sit
2515598,0.539673,-0.855469,-0.271484,28.259285,31.372078,15.075687,sit_stand_sit
2515615,0.472046,-0.869507,-0.277222,31.98243,38.391113,10.131836,sit_stand_sit
2515631,0.474731,-0.890015,-0.272949,33.081055,39.978027,9.765625,sit_stand_sit
2515648,0.504028,-0.9021,-0.261963,33.26416,35.766602,9.033203,sit_stand_sit
2515665,0.478638,-0.883545,-0.252563,32.653809,28.44239,11.108402,sit_stand_sit
2515681,0.459229,-0.864868,-0.249634,32.104492,26.855476,11.901859,sit_stand_sit
2515698,0.497192,-0.839722,-0.261597,35.522461,23.498543,9.399414,sit_stand_sit
2515715,0.505005,-0.910278,-0.26355,37.231445,20.263672,7.812502,sit_stand_sit
2515731,0.512207,-0.935791,-0.260864,35.461426,20.019531,6.408693,sit_stand_sit
2515748,0.559448,-0.93396,-0.245361,30.33448,13.977055,7.019045,sit_stand_sit
2515765,0.476807,-0.906494,-0.235229,26.30616,7.385256,13.183598,sit_stand_sit
2515781,0.52124,-0.925293,-0.223511,25.634773,-1.464844,13.549809,sit_stand_sit
2515798,0.535889,-0.954956,-0.223022,23.437508,-5.432129,15.197758,sit_stand_sit
2515815,0.535034,-0.97168,-0.223389,17.089844,-12.084965,17.700195,sit_stand_sit
2515832,0.470825,-0.955444,-0.220947,10.131836,-6.103518,21.118164,sit_stand_sit
2515848,0.491577,-0.933105,-0.232178,8.544922,-4.516602,18.493652,sit_stand_sit
2515865,0.477783,-0.928467,-0.250122,7.385256,-0.610352,21.118164,sit_stand_sit
2515882,0.460693,-0.907715,-0.240601,3.723145,12.817387,19.042969,sit_stand_sit
2515898,0.504761,-0.853638,-0.238892,3.906251,20.446777,14.404301,sit_stand_sit
2515915,0.524902,-0.849365,-0.221191,6.225588,17.883301,13.305668,sit_stand_sit
2515932,0.463623,-0.880737,-0.181885,6.591799,24.108894,15.136723,sit_stand_sit
2515948,0.44043,-0.866821,-0.162964,5.432129,24.53614,12.634281,sit_stand_sit
2515965,0.396973,-0.844238,-0.16687,7.385256,29.235847,11.535648,sit_stand_sit
2515982,0.377197,-0.856445,-0.172363,12.207035,39.550781,11.718754,sit_stand_sit
2515998,0.358154,-0.857056,-0.174805,15.869144,51.330582,7.812502,sit_stand_sit
2516015,0.365601,-0.86377,-0.164795,17.822266,58.959976,9.643555,sit_stand_sit
2516032,0.373047,-0.8573,-0.176025,18.188477,61.950699,9.94873,sit_stand_sit
2516048,0.462158,-0.851929,-0.230469,19.165039,61.706558,10.131836,sit_stand_sit
2516065,0.501343,-0.888428,-0.244751,21.118164,54.199234,8.972168,sit_stand_sit
2516082,0.47998,-0.913696,-0.237183,19.287109,51.025406,9.643555,sit_stand_sit
2516098,0.404663,-0.917725,-0.221313,15.258793,50.659195,8.117676,sit_stand_sit
2516115,0.382446,-0.931763,-0.18042,12.329105,53.894058,4.333496,sit_stand_sit
2516132,0.516479,-0.951904,-0.146362,6.408693,46.142593,8.056641,sit_stand_sit
2516148,0.598755,-0.946777,-0.146606,3.66211,34.484863,11.169437,sit_stand_sit
2516165,0.599243,-0.945923,-0.160767,1.037598,10.742188,16.967773,sit_stand_sit
2516182,0.472534,-0.969116,-0.15918,-3.173829,2.441406,18.249512,sit_stand_sit
2516198,0.434814,-0.963013,-0.157104,-5.004883,2.319336,16.723633,sit_stand_sit
2516215,0.434448,-0.947388,-0.130371,-6.408693,-1.525879,15.808109,sit_stand_sit
2516232,0.432129,-0.946899,-0.109497,-8.911133,-9.70459,17.211914,sit_stand_sit
2516248,0.404297,-0.937134,-0.106934,-9.765625,-13.000492,17.700195,sit_stand_sit
2516265,0.321045,-0.927124,-0.132568,-8.361816,-4.150391,18.371582,sit_stand_sit
2516282,0.351074,-0.948608,-0.143433,-8.239746,5.126953,16.784668,sit_stand_sit
2516298,0.31189,-0.923828,-0.147461,-3.784181,12.390141,11.230473,sit_stand_sit
2516315,0.341553,-0.968506,-0.134888,-5.065918,19.592285,17.944336,sit_stand_sit
2516332,0.380493,-0.939697,-0.121826,-7.019045,11.352543,15.319828,sit_stand_sit
2516348,0.407227,-0.945435,-0.099609,-6.225588,4.699707,18.554688,sit_stand_sit
2516365,0.390991,-0.948364,-0.085205,-7.324221,4.02832,22.216805,sit_stand_sit
2516382,0.398926,-0.902832,-0.123779,-3.601075,4.150391,15.502934,sit_stand_sit
2516399,0.390625,-0.967041,-0.11499,-1.098633,3.906251,12.878422,sit_stand_sit
2516415,0.380371,-0.998413,-0.106079,-5.310059,2.502441,10.986328,sit_stand_sit
2516432,0.373291,-0.984131,-0.100586,-8.300781,-0.854492,10.620117,sit_stand_sit
2516449,0.319336,-0.918579,-0.09314,-11.840824,-0.12207,8.361816,sit_stand_sit
2516465,0.318237,-0.889648,-0.083618,-8.178711,3.845216,2.746582,sit_stand_sit
2516482,0.336792,-0.902344,-0.08667,-7.324221,3.784181,0.12207,sit_stand_sit
2516499,0.37146,-0.914795,-0.103149,-11.779789,-0.12207,2.624512,sit_stand_sit
2516515,0.379272,-0.899292,-0.127563,-14.953617,-6.103518,8.544922,sit_stand_sit
2516532,0.317505,-0.838135,-0.14978,-10.986328,-5.981447,-2.01416,sit_stand_sit
2516549,0.359131,-0.87439,-0.137817,-8.605957,-8.728027,0.427246,sit_stand_sit
2516565,0.335815,-0.945435,-0.117798,-18.859863,-14.343266,7.751467,sit_stand_sit
2516582,0.287231,-0.862305,-0.147339,-22.52198,-10.742188,3.356935,sit_stand_sit
2516599,0.286133,-0.84668,-0.160889,-20.812988,-8.422852,1.342773,sit_stand_sit
2516615,0.269043,-0.860962,-0.172119,-17.39502,-2.807618,-3.723145,sit_stand_sit
2516632,0.25,-0.867676,-0.174072,-17.150879,12.573246,-8.605957,sit_stand_sit
2516649,0.231323,-0.867432,-0.169067,-15.93018,30.822762,-13.305668,sit_stand_sit
2516665,0.223267,-0.869385,-0.165771,-15.869144,41.320801,-15.258793,sit_stand_sit
2516682,0.220337,-0.867188,-0.150635,-15.808109,63.842789,-19.775391,sit_stand_sit
2516699,0.246216,-0.855347,-0.131348,-15.686039,82.885742,-24.41407,sit_stand_sit
2516715,0.267944,-0.846069,-0.124512,-15.625004,89.72171,-26.550301,sit_stand_sit
2516732,0.374634,-0.82251,-0.12146,-14.648441,90.881378,-28.625496,sit_stand_sit
2516749,0.514893,-0.825073,-0.134033,-10.742188,69.580078,-26.123055,sit_stand_sit
2516765,0.551758,-0.845093,-0.130615,-9.399414,53.894058,-23.559578,sit_stand_sit
2516782,0.564453,-0.876465,-0.122559,-11.535648,20.874023,-18.127441,sit_stand_sit
2516799,0.522949,-0.861694,-0.124756,-15.686039,-8.239746,-12.817387,sit_stand_sit
2516815,0.444702,-0.834595,-0.137573,-18.066406,-26.367195,-8.972168,sit_stand_sit
2516832,0.407471,-0.826172,-0.14624,-18.371582,-29.724129,-7.751467,sit_stand_sit
2516849,0.372192,-0.828247,-0.155884,-17.51709,-28.259285,-5.432129,sit_stand_sit
2516865,0.358398,-0.838013,-0.168823,-17.51709,-20.385742,-4.455566,sit_stand_sit
2516882,0.351685,-0.834961,-0.174805,-17.700195,-14.953617,-4.516602,sit_stand_sit
2516899,0.366333,-0.822998,-0.179321,-17.211914,-4.821777,-4.638672,sit_stand_sit
2516915,0.406982,-0.832153,-0.174072,-15.197758,0.183106,-3.967286,sit_stand_sit
2516932,0.430298,-0.852051,-0.170898,-15.075687,1.281738,-3.051759,sit_stand_sit
2516949,0.43811,-0.852417,-0.172974,-15.502934,0.732422,-2.990724,sit_stand_sit
2516965,0.440796,-0.84375,-0.174683,-15.441898,-1.220703,-2.746582,sit_stand_sit
2516982,0.435181,-0.838989,-0.174927,-14.587406,-1.89209,-2.685547,sit_stand_sit
2516999,0.429932,-0.838867,-0.175781,-13.854984,-1.64795,-2.868653,sit_stand_sit
2517016,0.424438,-0.843018,-0.182007,-11.962894,-0.671387,-2.868653,sit_stand_sit
2517032,0.426514,-0.83606,-0.195068,-11.230473,-0.488281,-2.563477,sit_stand_sit
2517049,0.428467,-0.819702,-0.214233,-8.850098,-1.403809,-1.342773,sit_stand_sit
2517066,0.433228,-0.821411,-0.22229,-7.629396,-1.831055,-0.793457,sit_stand_sit
2517082,0.439331,-0.839111,-0.220581,-4.882813,-2.990724,0.488281,sit_stand_sit
2517099,0.443237,-0.857666,-0.21167,-3.66211,-4.150391,1.159668,sit_stand_sit
2517116,0.443237,-0.862061,-0.213745,-3.967286,-4.882813,1.464844,sit_stand_sit
2517132,0.434937,-0.850952,-0.228271,-4.638672,-5.981447,1.525879,sit_stand_sit
2517149,0.423096,-0.837036,-0.244385,-3.845216,-6.591799,0.549316,sit_stand_sit
2517166,0.412476,-0.833862,-0.245483,-2.807618,-6.103518,-0.732422,sit_stand_sit
2517182,0.407104,-0.838501,-0.241333,-2.075195,-5.615236,-1.159668,sit_stand_sit
2517199,0.397827,-0.853394,-0.235352,-2.13623,-4.455566,-1.525879,sit_stand_sit
2517216,0.398193,-0.850464,-0.240723,-3.112794,-3.112794,-0.793457,sit_stand_sit
2517232,0.403076,-0.844849,-0.243774,-3.173829,-2.807618,-0.244141,sit_stand_sit
2517249,0.413818,-0.841797,-0.245483,-2.502441,-3.051759,0.976563,sit_stand_sit
2517266,0.419922,-0.849365,-0.24939,-1.525879,-4.211426,1.953125,sit_stand_sit
2517282,0.421509,-0.857666,-0.250366,-1.037598,-4.943848,2.319336,sit_stand_sit
2517299,0.418335,-0.879517,-0.248169,-0.915528,-6.042482,2.868653,sit_stand_sit
2517316,0.414673,-0.885132,-0.253052,-1.64795,-5.798342,3.356935,sit_stand_sit
2517332,0.424927,-0.885376,-0.263062,-1.098633,-4.943848,3.723145,sit_stand_sit
2517349,0.433228,-0.889771,-0.267212,-0.549316,-4.760742,3.601075,sit_stand_sit
2517366,0.441284,-0.898071,-0.273682,-0.244141,-5.798342,2.868653,sit_stand_sit
2517382,0.434937,-0.897217,-0.274414,-0.793457,-7.019045,1.831055,sit_stand_sit
2517399,0.429077,-0.889893,-0.272461,-1.342773,-7.141115,1.220703,sit_stand_sit
2517416,0.420654,-0.868774,-0.27002,-1.831055,-6.408693,0.427246,sit_stand_sit
2517432,0.419922,-0.859253,-0.278076,-1.098633,-5.310059,-0.12207,sit_stand_sit
2517449,0.42041,-0.859863,-0.284912,-1.220703,-4.272461,-0.610352,sit_stand_sit
2517466,0.422485,-0.852539,-0.287598,-1.525879,-4.150391,-0.793457,sit_stand_sit
2517482,0.416626,-0.837769,-0.286255,-1.586915,-4.455566,-0.793457,sit_stand_sit
2517499,0.413208,-0.830688,-0.282471,-1.281738,-3.967286,-0.488281,sit_stand_sit
2517516,0.415894,-0.83252,-0.282837,-0.915528,-3.66211,-0.305176,sit_stand_sit
2517532,0.423584,-0.844116,-0.285522,-0.854492,-2.990724,-0.183106,sit_stand_sit
2517549,0.425781,-0.847534,-0.286377,-1.525879,-2.380371,0.183106,sit_stand_sit
2517566,0.426636,-0.846436,-0.284912,-1.586915,-1.831055,0.305176,sit_stand_sit
2517583,0.430298,-0.850952,-0.282715,-1.525879,-1.586915,0.244141,sit_stand_sit
2517599,0.436157,-0.864136,-0.279541,-1.525879,-1.037598,-0.12207,sit_stand_sit
2517616,0.42981,-0.873291,-0.277954,-2.197266,-0.549316,-0.610352,sit_stand_sit
2517633,0.425903,-0.873413,-0.276978,-2.624512,0.12207,-0.915528,sit_stand_sit
2517649,0.422729,-0.864014,-0.2771,-2.929688,1.586915,-1.403809,sit_stand_sit
2517666,0.425781,-0.851318,-0.281006,-2.13623,2.258301,-1.831055,sit_stand_sit
2517683,0.429688,-0.845459,-0.280029,-1.098633,1.342773,-1.89209,sit_stand_sit
2517699,0.427124,-0.841187,-0.279175,-0.915528,0.427246,-1.89209,sit_stand_sit
2517716,0.422241,-0.828003,-0.28064,0.0,-1.342773,-1.403809,sit_stand_sit
2517733,0.417236,-0.827637,-0.284302,1.281738,-2.258301,-0.427246,sit_stand_sit
2517749,0.418457,-0.832886,-0.285156,1.64795,-2.380371,0.061035,sit_stand_sit
2517766,0.423218,-0.843628,-0.282837,1.831055,-2.01416,0.976563,sit_stand_sit
2517783,0.420166,-0.850342,-0.283447,1.159668,-0.793457,1.586915,sit_stand_sit
2517799,0.421997,-0.846436,-0.285034,0.610352,-0.12207,1.64795,sit_stand_sit
2517816,0.429321,-0.835083,-0.288086,0.732422,0.610352,1.586915,sit_stand_sit
2517833,0.434448,-0.840088,-0.290283,1.342773,0.854492,1.220703,sit_stand_sit
2517849,0.443237,-0.845947,-0.290649,1.403809,0.244141,0.610352,sit_stand_sit
2517866,0.442383,-0.845947,-0.286133,1.342773,-0.183106,0.427246,sit_stand_sit
2517883,0.436157,-0.847168,-0.281006,1.342773,-0.732422,0.305176,sit_stand_sit
2517899,0.431885,-0.845825,-0.280884,1.831055,-0.915528,0.244141,sit_stand_sit
2517916,0.429565,-0.849609,-0.280884,2.746582,-0.549316,0.305176,sit_stand_sit
2517933,0.424683,-0.879639,-0.282104,4.821777,0.793457,0.671387,sit_stand_sit
2517949,0.42395,-0.887817,-0.280151,4.699707,2.075195,0.854492,sit_stand_sit
2517966,0.432373,-0.857666,-0.283447,5.187988,1.831055,1.831055,sit_stand_sit
2517983,0.440918,-0.841187,-0.288208,6.408693,0.549316,2.197266,sit_stand_sit
2517999,0.446655,-0.831421,-0.293091,9.82666,-4.02832,2.685547,sit_stand_sit
2518016,0.434082,-0.844482,-0.285522,11.352543,-8.972168,2.441406,sit_stand_sit
2518033,0.429443,-0.844971,-0.28125,11.169437,-10.986328,2.380371,sit_stand_sit
2518049,0.415039,-0.837891,-0.277222,10.375977,-13.427738,2.868653,sit_stand_sit
2518066,0.403442,-0.841309,-0.283203,9.460449,-13.244633,3.112794,sit_stand_sit
2518083,0.38562,-0.86377,-0.27832,7.324221,-10.131836,2.624512,sit_stand_sit
2518099,0.378174,-0.871094,-0.273071,5.126953,-7.629396,2.13623,sit_stand_sit
2518116,0.364014,-0.866577,-0.261353,0.610352,-1.708985,1.525879,sit_stand_sit
2518133,0.363281,-0.857544,-0.259521,-2.868653,5.798342,0.793457,sit_stand_sit
2518149,0.374634,-0.853394,-0.258545,-3.784181,8.789063,0.427246,sit_stand_sit
2518166,0.383911,-0.851196,-0.25647,-4.577637,12.451176,-0.549316,sit_stand_sit
2518183,0.384521,-0.859131,-0.25293,-5.126953,14.28223,-1.159668,sit_stand_sit
2518200,0.388306,-0.85144,-0.242554,-5.615236,14.03809,-1.037598,sit_stand_sit
2518216,0.388062,-0.841553,-0.237305,-5.554201,13.427738,-0.671387,sit_stand_sit
2518233,0.393677,-0.823486,-0.229858,-3.723145,11.291508,0.366211,sit_stand_sit
2518250,0.398315,-0.819458,-0.232056,-0.549316,8.178711,1.098633,sit_stand_sit
2518266,0.393921,-0.824585,-0.234131,1.037598,6.713869,1.220703,sit_stand_sit
2518283,0.379883,-0.834229,-0.227661,3.479005,4.821777,1.403809,sit_stand_sit
2518300,0.367554,-0.823975,-0.2146,4.943848,4.638672,2.197266,sit_stand_sit
2518316,0.369385,-0.814941,-0.20813,6.469728,4.760742,3.051759,sit_stand_sit
2518333,0.380371,-0.831177,-0.205078,10.986328,4.821777,5.187988,sit_stand_sit
2518350,0.38916,-0.872681,-0.205566,13.122562,4.211426,6.774904,sit_stand_sit
2518366,0.374634,-0.869995,-0.196167,12.26807,4.211426,7.690432,sit_stand_sit
2518383,0.366577,-0.853516,-0.190063,12.207035,4.821777,8.178711,sit_stand_sit
2518400,0.370605,-0.832642,-0.179077,14.03809,6.713869,8.850098,sit_stand_sit
2518416,0.376709,-0.845703,-0.169678,16.357422,7.812502,9.033203,sit_stand_sit
2518433,0.380005,-0.853027,-0.164917,16.967773,7.690432,8.850098,sit_stand_sit
2518450,0.375732,-0.849487,-0.164673,17.76123,6.347658,8.178711,sit_stand_sit
2518466,0.375854,-0.835815,-0.162231,19.40918,4.211426,7.629396,sit_stand_sit
2518484,0.379395,-0.838501,-0.158447,21.789551,1.77002,7.812502,sit_stand_sit
2518500,0.374756,-0.854614,-0.15625,22.949226,0.610352,7.812502,sit_stand_sit
2518516,0.363647,-0.875977,-0.150635,22.583015,-0.488281,7.20215,sit_stand_sit
2518533,0.350342,-0.858765,-0.143555,21.42334,0.305176,6.591799,sit_stand_sit
2518550,0.345825,-0.850098,-0.140259,21.484375,1.281738,6.286623,sit_stand_sit
2518566,0.360107,-0.847778,-0.140381,22.583015,2.685547,5.798342,sit_stand_sit
2518583,0.385376,-0.86853,-0.14563,23.132332,1.953125,5.065918,sit_stand_sit
2518600,0.390625,-0.880127,-0.146729,21.057129,0.488281,4.02832,sit_stand_sit
2518616,0.386353,-0.877075,-0.144653,19.592285,-0.061035,3.234864,sit_stand_sit
2518633,0.372803,-0.866577,-0.134766,17.700195,-0.671387,0.610352,sit_stand_sit
2518650,0.358521,-0.874023,-0.12561,16.662598,0.427246,-1.89209,sit_stand_sit
2518666,0.36731,-0.885132,-0.125366,15.93018,1.403809,-2.746582,sit_stand_sit
2518683,0.399902,-0.910156,-0.135376,12.756351,0.488281,-3.479005,sit_stand_sit
2518700,0.398926,-0.910522,-0.15332,8.544922,-2.258301,-4.211426,sit_stand_sit
2518716,0.380737,-0.910278,-0.155518,5.432129,-4.02832,-6.408693,sit_stand_sit
2518733,0.384888,-0.91333,-0.157227,4.02832,-4.943848,-7.507326,sit_stand_sit
2518750,0.404541,-0.926636,-0.162109,0.915528,-7.751467,-8.117676,sit_stand_sit
2518767,0.395874,-0.937256,-0.167114,-3.356935,-6.774904,-8.544922,sit_stand_sit
2518783,0.401733,-0.934082,-0.174927,-5.432129,-5.920412,-8.728027,sit_stand_sit
2518800,0.410034,-0.919434,-0.187134,-8.300781,-4.638672,-9.033203,sit_stand_sit
2518817,0.416382,-0.907593,-0.200806,-9.460449,-4.882813,-8.239746,sit_stand_sit
2518833,0.414917,-0.911743,-0.201172,-9.643555,-6.591799,-7.812502,sit_stand_sit
2518850,0.401367,-0.919556,-0.177734,-11.596684,-10.681152,-8.239746,sit_stand_sit
2518867,0.395386,-0.921021,-0.155273,-14.404301,-12.390141,-8.728027,sit_stand_sit
2518883,0.37793,-0.884399,-0.144775,-14.03809,-12.573246,-12.695316,sit_stand_sit
2518900,0.362671,-0.898804,-0.147827,-17.028809,-9.216309,-9.399414,sit_stand_sit
2518917,0.375366,-0.873047,-0.167969,-18.615723,-4.882813,-8.605957,sit_stand_sit
2518933,0.362671,-0.842651,-0.177612,-16.479492,-0.427246,-11.047363,sit_stand_sit
2518950,0.358154,-0.830811,-0.169312,-14.892582,1.708985,-13.977055,sit_stand_sit
2518967,0.370117,-0.807251,-0.163452,-12.817387,2.807618,-21.362305,sit_stand_sit
2518983,0.409546,-0.81543,-0.178589,-11.901859,-0.915528,-21.606445,sit_stand_sit
2519000,0.453369,-0.851929,-0.215576,-14.343266,-5.187988,-16.784668,sit_stand_sit
2519017,0.463745,-0.858887,-0.227661,-17.272949,-7.446291,-14.28223,sit_stand_sit
2519033,0.470459,-0.825195,-0.241333,-21.54541,-13.488773,-16.967773,sit_stand_sit
2519050,0.51123,-0.831299,-0.252319,-12.817387,-17.272949,-18.188477,sit_stand_sit
2519067,0.534424,-0.900269,-0.253662,-13.854984,-21.240234,-16.296387,sit_stand_sit
2519083,0.522583,-0.916504,-0.276001,-18.066406,-27.343758,-19.836426,sit_stand_sit
2519100,0.518066,-0.910156,-0.280884,-21.606445,-29.113777,-20.141602,sit_stand_sit
2519117,0.526733,-0.907104,-0.28418,-27.954109,-30.883797,-19.104004,sit_stand_sit
2519133,0.538818,-0.87854,-0.305786,-27.526863,-33.203125,-22.27784,sit_stand_sit
2519150,0.614746,-0.949707,-0.336548,-27.099617,-37.29248,-16.113281,sit_stand_sit
2519167,0.61377,-0.982178,-0.322144,-36.132813,-48.278824,-14.343266,sit_stand_sit
2519183,0.584961,-0.94165,-0.311157,-38.696289,-53.222672,-17.944336,sit_stand_sit
2519200,0.553589,-0.869385,-0.296875,-36.437988,-56.213394,-23.620613,sit_stand_sit
2519217,0.613281,-0.956055,-0.294189,-37.963867,-56.213394,-20.446777,sit_stand_sit
2519233,0.629395,-1.012451,-0.285889,-43.334961,-55.542007,-19.226074,sit_stand_sit
2519250,0.585205,-0.970947,-0.270386,-46.81398,-55.725113,-20.812988,sit_stand_sit
2519267,0.479492,-0.876953,-0.275635,-46.325699,-49.011246,-26.672371,sit_stand_sit
2519283,0.495972,-0.840698,-0.341431,-41.442871,-44.494644,-31.555183,sit_stand_sit
2519300,0.52356,-0.845215,-0.390259,-35.095215,-44.494644,-37.109375,sit_stand_sit
2519317,0.552124,-0.930298,-0.421875,-36.865234,-49.743668,-30.151375,sit_stand_sit
2519333,0.500854,-0.870239,-0.448853,-41.19873,-57.373062,-28.808601,sit_stand_sit
2519350,0.487793,-0.822632,-0.465088,-39.0625,-59.814468,-31.738289,sit_stand_sit
2519367,0.549927,-0.824463,-0.495239,-33.874512,-72.143555,-31.127937,sit_stand_sit
2519384,0.501221,-0.859863,-0.512695,-36.865234,-82.519531,-26.062019,sit_stand_sit
2519400,0.394531,-0.856079,-0.532471,-49.194351,-86.791992,-10.681152,sit_stand_sit
2519417,0.316284,-0.80542,-0.558472,-52.185074,-80.993652,-9.887695,sit_stand_sit
2519434,0.319336,-0.738281,-0.5979,-49.011246,-65.185547,-13.122562,sit_stand_sit
2519450,0.330078,-0.742798,-0.619263,-47.973648,-54.74855,-10.986328,sit_stand_sit
2519467,0.321045,-0.732422,-0.629395,-48.584,-49.621597,-9.338379,sit_stand_sit
2519484,0.307617,-0.700317,-0.651978,-49.926773,-36.621094,-3.906251,sit_stand_sit
2519500,0.307373,-0.640869,-0.68457,-50.59816,-24.292,-0.915528,sit_stand_sit
2519517,0.373901,-0.58374,-0.74231,-44.860855,-15.441898,-3.051759,sit_stand_sit
2519534,0.424316,-0.575806,-0.77002,-40.161133,-14.099125,-3.906251,sit_stand_sit
2519550,0.472656,-0.625488,-0.77417,-38.513184,-19.592285,-0.976563,sit_stand_sit
2519567,0.404541,-0.597778,-0.747192,-44.79982,-27.893074,2.563477,sit_stand_sit
2519584,0.352905,-0.552979,-0.734375,-46.997086,-30.21241,3.784181,sit_stand_sit
2519600,0.244141,-0.47998,-0.7146,-47.668472,-28.747566,4.089355,sit_stand_sit
2519617,0.196411,-0.429443,-0.715942,-44.982925,-21.30127,3.723145,sit_stand_sit
2519634,0.237183,-0.418335,-0.739746,-39.367676,-15.075687,6.835939,sit_stand_sit
2519650,0.261597,-0.428467,-0.758057,-36.743164,-14.404301,8.361816,sit_stand_sit
2519667,0.256226,-0.45166,-0.78479,-35.217285,-14.465336,11.596684,sit_stand_sit
2519684,0.215942,-0.431763,-0.817383,-34.973145,-12.817387,12.26807,sit_stand_sit
2519700,0.218262,-0.41333,-0.82959,-33.569336,-12.26807,12.207035,sit_stand_sit
2519717,0.227051,-0.402344,-0.848999,-28.686531,-11.291508,12.756351,sit_stand_sit
2519734,0.283081,-0.435669,-0.87561,-23.925789,-11.413578,13.244633,sit_stand_sit
2519750,0.299683,-0.453125,-0.888184,-21.66748,-13.244633,11.657719,sit_stand_sit
2519767,0.319214,-0.470825,-0.888672,-20.507813,-14.16016,10.559082,sit_stand_sit
2519784,0.322998,-0.450806,-0.868652,-23.010262,-17.822266,6.774904,sit_stand_sit
2519800,0.33252,-0.389282,-0.853516,-25.451668,-22.27784,1.464844,sit_stand_sit
2519817,0.317749,-0.339844,-0.874146,-27.343758,-21.484375,-0.183106,sit_stand_sit
2519834,0.31311,-0.348633,-0.939087,-24.41407,-27.465828,4.211426,sit_stand_sit
2519850,0.275024,-0.371582,-0.981079,-26.000984,-25.939949,5.432129,sit_stand_sit
2519867,0.25293,-0.376587,-0.966187,-26.489265,-25.695808,5.615236,sit_stand_sit
2519884,0.113403,-0.340698,-0.874268,-29.052742,-16.418457,6.713869,sit_stand_sit
2519900,0.141357,-0.26001,-0.808472,-22.460945,-1.403809,5.371094,sit_stand_sit
2519917,0.279297,-0.302124,-0.808594,-14.465336,-1.159668,8.544922,sit_stand_sit
2519934,0.348877,-0.352417,-0.843018,-11.169437,-4.821777,10.437012,sit_stand_sit
2519950,0.326172,-0.469604,-0.855957,-11.962894,-13.488773,18.066406,sit_stand_sit
2519967,0.252808,-0.405273,-0.829834,-16.967773,-14.770512,18.432617,sit_stand_sit
2519984,0.237305,-0.360718,-0.811157,-15.869144,-13.366703,15.380863,sit_stand_sit
2520001,0.27832,-0.318726,-0.823364,-10.986328,-6.774904,7.568361,sit_stand_sit
2520017,0.373413,-0.348145,-0.893677,-9.521484,-8.789063,0.610352,sit_stand_sit
2520034,0.347656,-0.336548,-1.036621,-9.887695,-19.348145,-5.065918,sit_stand_sit
2520051,0.288208,-0.321289,-1.075684,-7.019045,-24.41407,-3.173829,sit_stand_sit
2520067,0.178223,-0.287598,-1.02002,-2.441406,-29.357918,-3.479005,sit_stand_sit
2520084,0.095825,-0.268188,-0.900757,2.01416,-26.062019,-5.065918,sit_stand_sit
2520101,0.078491,-0.268677,-0.867676,4.516602,-24.16993,-5.981447,sit_stand_sit
2520117,0.069092,-0.292603,-0.876709,7.690432,-18.066406,-6.591799,sit_stand_sit
2520134,0.112549,-0.373169,-0.911011,10.742188,-8.361816,-6.286623,sit_stand_sit
2520151,0.120239,-0.419067,-0.923218,7.934572,0.671387,-5.615236,sit_stand_sit
2520167,0.126953,-0.415283,-0.914307,6.225588,4.699707,-5.737307,sit_stand_sit
2520184,0.16394,-0.39978,-0.878296,3.356935,10.009766,-5.004883,sit_stand_sit
2520201,0.199463,-0.392456,-0.863281,1.464844,12.878422,-2.197266,sit_stand_sit
2520217,0.227539,-0.399902,-0.86377,1.037598,13.000492,-0.488281,sit_stand_sit
2520234,0.261353,-0.41687,-0.867065,-0.732422,9.70459,1.89209,sit_stand_sit
2520251,0.245972,-0.4021,-0.855591,-2.13623,6.530764,3.967286,sit_stand_sit
2520267,0.231445,-0.398682,-0.848267,-2.624512,6.225588,4.577637,sit_stand_sit
2520284,0.244141,-0.403809,-0.860474,-2.990724,4.821777,4.516602,sit_stand_sit
2520301,0.254272,-0.408936,-0.896851,-6.042482,-2.502441,5.676271,sit_stand_sit
2520317,0.209595,-0.400513,-0.915161,-8.422852,-6.591799,7.324221,sit_stand_sit
2520334,0.188232,-0.392822,-0.916504,-8.972168,-6.774904,7.995607,sit_stand_sit
2520351,0.156738,-0.387573,-0.920776,-8.911133,-5.126953,7.873537,sit_stand_sit
2520367,0.150024,-0.380737,-0.934204,-8.117676,-2.13623,7.385256,sit_stand_sit
2520384,0.144165,-0.379761,-0.934692,-7.324221,-0.976563,7.08008,sit_stand_sit
2520401,0.147827,-0.37854,-0.921265,-6.774904,3.967286,6.225588,sit_stand_sit
2520417,0.190918,-0.37207,-0.918335,-4.638672,5.615236,5.859377,sit_stand_sit
2520434,0.193604,-0.385742,-0.900391,-3.54004,3.112794,5.065918,sit_stand_sit
2520451,0.20105,-0.381836,-0.89917,-3.051759,2.075195,4.821777,sit_stand_sit
2520467,0.192627,-0.393677,-0.902344,-1.831055,-1.220703,3.845216,sit_stand_sit
2520484,0.174438,-0.39856,-0.900269,-1.464844,-0.915528,2.929688,sit_stand_sit
2520501,0.175171,-0.398804,-0.89624,-1.098633,-0.305176,2.380371,sit_stand_sit
2520517,0.178711,-0.400513,-0.897339,-0.366211,0.488281,1.525879,sit_stand_sit
2520534,0.176636,-0.397583,-0.894165,-0.549316,1.708985,1.037598,sit_stand_sit
2520551,0.184814,-0.381836,-0.89856,-0.610352,2.319336,0.976563,sit_stand_sit
2520568,0.188721,-0.37854,-0.901489,-0.427246,2.319336,0.915528,sit_stand_sit
2520584,0.197388,-0.372314,-0.902222,-0.061035,1.89209,0.915528,sit_stand_sit
2520601,0.200317,-0.373169,-0.902832,0.671387,0.732422,1.159668,sit_stand_sit
2520618,0.199707,-0.379028,-0.901978,0.854492,0.427246,1.281738,sit_stand_sit
2520634,0.199341,-0.373047,-0.907227,0.732422,-0.427246,1.098633,sit_stand_sit
2520651,0.186646,-0.36792,-0.904053,1.403809,-0.183106,0.976563,sit_stand_sit
2520668,0.185791,-0.374146,-0.901978,1.342773,0.183106,0.915528,sit_stand_sit
2520684,0.182373,-0.375122,-0.902954,1.159668,0.488281,0.976563,sit_stand_sit
2520701,0.18103,-0.377441,-0.901245,0.793457,1.159668,1.037598,sit_stand_sit
2520718,0.185913,-0.379395,-0.898071,0.610352,1.403809,0.854492,sit_stand_sit
2520734,0.188965,-0.379395,-0.896118,0.366211,1.281738,0.732422,sit_stand_sit
2520751,0.196167,-0.378418,-0.897705,0.183106,0.732422,0.610352,sit_stand_sit
2520768,0.195923,-0.380127,-0.895996,-0.061035,0.061035,0.610352,sit_stand_sit
2520784,0.194336,-0.379639,-0.896729,-0.366211,-0.488281,0.305176,sit_stand_sit
2520801,0.191284,-0.378052,-0.89917,-0.488281,-0.732422,0.183106,sit_stand_sit
2520818,0.186157,-0.378906,-0.901611,-0.732422,-0.854492,-0.061035,sit_stand_sit
2520834,0.184692,-0.376953,-0.900513,-1.159668,-0.183106,-0.12207,sit_stand_sit
2520851,0.187988,-0.374634,-0.9021,-1.098633,0.0,-0.244141,sit_stand_sit
2520868,0.196045,-0.377075,-0.898804,-0.427246,-0.366211,-0.549316,sit_stand_sit
2520884,0.203003,-0.37915,-0.89563,0.305176,-1.708985,-1.098633,sit_stand_sit
2520901,0.204102,-0.380249,-0.896362,0.976563,-2.868653,-1.464844,sit_stand_sit
2520918,0.194336,-0.384277,-0.897949,1.77002,-4.699707,-2.441406,sit_stand_sit
2520934,0.182129,-0.376953,-0.901489,1.953125,-5.249023,-3.112794,sit_stand_sit
2520951,0.173462,-0.376465,-0.906006,2.380371,-4.577637,-3.295899,sit_stand_sit
2520968,0.171631,-0.376953,-0.907715,2.563477,-3.723145,-3.234864,sit_stand_sit
2520984,0.175659,-0.376831,-0.907104,2.685547,-2.01416,-3.295899,sit_stand_sit
2521001,0.18335,-0.373901,-0.90686,2.990724,-1.220703,-3.479005,sit_stand_sit
2521018,0.184937,-0.373535,-0.904785,3.051759,-1.037598,-3.54004,sit_stand_sit
2521034,0.180786,-0.373413,-0.907471,2.990724,-0.610352,-3.601075,sit_stand_sit
2521051,0.182129,-0.369873,-0.907349,2.929688,0.366211,-3.234864,sit_stand_sit
2521068,0.182861,-0.369141,-0.919678,3.295899,0.976563,-2.990724,sit_stand_sit
2521084,0.179932,-0.372192,-0.92041,3.723145,1.586915,-2.868653,sit_stand_sit
2521101,0.174805,-0.377808,-0.914429,4.333496,3.356935,-2.746582,sit_stand_sit
2521118,0.173828,-0.376099,-0.914429,4.577637,5.371094,-2.563477,sit_stand_sit
2521134,0.172974,-0.375244,-0.914307,5.065918,6.408693,-2.685547,sit_stand_sit
2521151,0.164429,-0.380737,-0.908325,4.882813,9.155273,-2.929688,sit_stand_sit
2521168,0.174805,-0.379639,-0.909058,4.699707,11.779789,-2.868653,sit_stand_sit
2521185,0.188477,-0.391479,-0.901001,5.676271,14.587406,-2.258301,sit_stand_sit
2521201,0.198364,-0.403076,-0.892944,6.042482,15.869144,-2.258301,sit_stand_sit
2521218,0.218506,-0.416504,-0.863281,4.394531,17.700195,-2.01416,sit_stand_sit
2521235,0.24585,-0.400879,-0.849121,3.051759,16.723633,-1.220703,sit_stand_sit
2521251,0.257935,-0.395142,-0.849609,2.929688,14.709476,-0.488281,sit_stand_sit
2521268,0.271973,-0.39624,-0.859253,3.295899,8.972168,0.610352,sit_stand_sit
2521285,0.262695,-0.401367,-0.87793,4.394531,3.784181,0.671387,sit_stand_sit
2521301,0.250244,-0.402222,-0.884521,4.272461,2.01416,0.427246,sit_stand_sit
2521318,0.230957,-0.390503,-0.894165,4.577637,2.13623,0.244141,sit_stand_sit
2521335,0.213989,-0.38269,-0.910278,5.432129,4.02832,-0.12207,sit_stand_sit
2521351,0.200684,-0.377075,-0.915405,5.432129,8.728027,-0.671387,sit_stand_sit
2521368,0.207397,-0.369385,-0.925415,5.554201,10.742188,-1.403809,sit_stand_sit
2521385,0.234741,-0.3573,-0.95105,7.446291,13.061527,-2.868653,sit_stand_sit
2521401,0.269287,-0.365601,-0.944824,9.460449,12.573246,-5.126953,sit_stand_sit
2521418,0.272095,-0.366211,-0.927979,9.521484,11.779789,-6.042482,sit_stand_sit
2521435,0.258545,-0.36853,-0.891602,10.253906,9.094238,-9.521484,sit_stand_sit
2521451,0.266479,-0.357666,-0.880371,10.375977,7.568361,-7.995607,sit_stand_sit
2521468,0.264771,-0.351929,-0.891724,12.084965,4.089355,-8.178711,sit_stand_sit
2521485,0.25708,-0.357056,-0.896973,12.390141,3.784181,-8.117676,sit_stand_sit
2521501,0.256714,-0.362427,-0.90271,12.634281,5.126953,-7.690432,sit_stand_sit
2521518,0.232666,-0.371094,-0.905396,13.244633,8.361816,-7.08008,sit_stand_sit
2521535,0.222046,-0.367676,-0.895752,12.634281,10.986328,-7.751467,sit_stand_sit
2521551,0.162476,-0.297363,-0.81311,8.972168,15.197758,-11.169437,sit_stand_sit
2521568,0.254761,-0.264893,-0.840576,17.028809,25.268562,-9.338379,sit_stand_sit
2521585,0.286743,-0.312256,-0.869263,18.859863,28.686531,-9.399414,sit_stand_sit
2521601,0.334106,-0.338867,-0.887573,21.057129,27.404793,-9.460449,sit_stand_sit
2521618,0.314697,-0.377441,-0.877197,18.005371,25.146492,-7.690432,sit_stand_sit
2521635,0.307007,-0.323364,-0.84082,16.723633,23.925789,-8.605957,sit_stand_sit
2521651,0.315918,-0.307617,-0.825195,18.188477,23.254402,-8.850098,sit_stand_sit
2521668,0.364258,-0.330078,-0.798096,21.66748,18.920898,-8.789063,sit_stand_sit
2521685,0.382324,-0.368286,-0.799927,22.827156,9.155273,-6.896975,sit_stand_sit
2521701,0.352783,-0.398926,-0.813965,21.972656,0.793457,-5.554201,sit_stand_sit
2521718,0.335571,-0.40332,-0.813843,21.240234,-1.77002,-5.432129,sit_stand_sit
2521735,0.31604,-0.405884,-0.803833,20.690918,-4.02832,-5.493164,sit_stand_sit
2521751,0.303955,-0.412842,-0.795288,20.385742,-4.211426,-5.432129,sit_stand_sit
2521768,0.297363,-0.416016,-0.796753,20.324707,-3.356935,-5.615236,sit_stand_sit
2521785,0.287964,-0.428101,-0.805542,20.874023,-0.549316,-5.065918,sit_stand_sit
2521802,0.289429,-0.455933,-0.814209,21.911621,1.953125,-5.310059,sit_stand_sit
2521818,0.289795,-0.463379,-0.811401,21.42334,2.990724,-3.601075,sit_stand_sit
2521835,0.302002,-0.448364,-0.798218,20.751953,3.601075,-9.70459,sit_stand_sit
2521852,0.299805,-0.464722,-0.779785,21.179199,4.516602,-2.563477,sit_stand_sit
2521868,0.336304,-0.462158,-0.797241,23.071297,3.234864,-2.624512,sit_stand_sit
2521885,0.335083,-0.476196,-0.798462,24.047859,2.441406,-2.563477,sit_stand_sit
2521902,0.329346,-0.496094,-0.784058,25.573738,2.502441,-4.943848,sit_stand_sit
2521918,0.295166,-0.505127,-0.762573,24.658211,4.943848,-5.126953,sit_stand_sit
2521935,0.312744,-0.486206,-0.756958,24.658211,6.835939,-5.432129,sit_stand_sit
2521952,0.313232,-0.485107,-0.751099,31.250008,8.117676,-5.187988,sit_stand_sit
2521968,0.275513,-0.556519,-0.713501,34.301758,14.28223,-5.004883,sit_stand_sit
2521985,0.255615,-0.555298,-0.684204,36.621094,24.41407,-3.54004,sit_stand_sit
2522002,0.27063,-0.56897,-0.668091,39.733887,30.578621,-2.563477,sit_stand_sit
2522018,0.272583,-0.619995,-0.615601,42.907715,46.264664,2.502441,sit_stand_sit
2522035,0.331909,-0.617554,-0.611084,45.471207,63.232437,9.399414,sit_stand_sit
2522052,0.384644,-0.621826,-0.626587,48.400894,68.725586,12.634281,sit_stand_sit
2522068,0.468384,-0.665649,-0.666748,52.795425,71.289063,18.554688,sit_stand_sit
2522085,0.509766,-0.726196,-0.661621,54.016129,67.810059,21.972656,sit_stand_sit
2522102,0.490845,-0.743896,-0.61731,51.574722,65.307617,23.132332,sit_stand_sit
2522118,0.483887,-0.735962,-0.598633,50.476089,65.368652,23.498543,sit_stand_sit
2522135,0.546997,-0.697754,-0.593872,53.527847,62.683121,21.606445,sit_stand_sit
2522152,0.590332,-0.736816,-0.590576,60.363785,53.527847,22.39991,sit_stand_sit
2522168,0.592285,-0.769775,-0.589722,61.218277,48.217789,23.437508,sit_stand_sit
2522185,0.567383,-0.7948,-0.568481,63.415543,42.663574,19.714355,sit_stand_sit
2522202,0.553711,-0.810059,-0.489502,63.415543,44.128418,16.601563,sit_stand_sit
2522218,0.582886,-0.783569,-0.425903,63.903824,46.203629,13.977055,sit_stand_sit
2522235,0.634766,-0.786499,-0.404907,66.162109,43.701172,14.343266,sit_stand_sit
2522252,0.70874,-0.874756,-0.358154,69.641113,31.921394,14.587406,sit_stand_sit
2522268,0.720703,-0.93457,-0.31189,65.795898,11.962894,14.892582,sit_stand_sit
2522285,0.679321,-0.938843,-0.305176,62.255875,1.64795,14.221195,sit_stand_sit
2522302,0.56311,-0.917603,-0.31958,57.250992,-12.634281,10.375977,sit_stand_sit
2522318,0.497314,-0.914429,-0.336182,52.917496,-18.676758,7.141115,sit_stand_sit
2522335,0.491333,-0.91394,-0.346436,50.231949,-19.53125,5.737307,sit_stand_sit
2522352,0.463867,-0.915527,-0.358154,45.166031,-16.601563,3.723145,sit_stand_sit
2522369,0.440308,-0.939453,-0.339355,38.757324,-13.183598,4.455566,sit_stand_sit
2522385,0.368774,-0.890259,-0.308105,42.419434,1.403809,-9.094238,sit_stand_sit
2522402,0.463013,-0.975464,-0.268677,39.001465,0.12207,0.305176,sit_stand_sit
2522419,0.382568,-0.951294,-0.244995,26.367195,-1.586915,1.342773,sit_stand_sit
2522435,0.402466,-0.9021,-0.248657,27.954109,7.873537,3.784181,sit_stand_sit
2522452,0.438599,-0.931641,-0.25061,27.954109,11.169437,6.347658,sit_stand_sit
2522469,0.439453,-0.9552,-0.244263,24.41407,17.578125,9.399414,sit_stand_sit
2522485,0.445068,-0.913574,-0.235718,24.047859,21.484375,9.094238,sit_stand_sit
2522502,0.439331,-0.897705,-0.221436,25.329597,19.958496,8.850098,sit_stand_sit
2522519,0.445679,-0.897217,-0.213135,25.756844,17.700195,9.521484,sit_stand_sit
2522535,0.466675,-0.905029,-0.186523,26.672371,11.169437,12.329105,sit_stand_sit
2522552,0.444458,-0.914795,-0.172485,26.42823,7.08008,14.831547,sit_stand_sit
2522569,0.450806,-0.919434,-0.171631,28.07618,4.821777,13.061527,sit_stand_sit
2522585,0.469604,-0.924927,-0.175659,25.451668,-3.479005,13.305668,sit_stand_sit
2522602,0.378052,-0.961304,-0.15979,25.512703,-0.976563,16.418457,sit_stand_sit
2522619,0.460205,-0.977783,-0.172485,23.071297,-6.95801,14.404301,sit_stand_sit
2522635,0.415894,-0.972412,-0.174927,19.836426,-6.835939,17.578125,sit_stand_sit
2522652,0.436035,-0.931763,-0.186035,18.920898,-9.643555,13.000492,sit_stand_sit
2522669,0.420044,-0.94458,-0.182373,15.380863,-8.422852,13.610844,sit_stand_sit
2522685,0.407104,-0.956787,-0.164917,11.840824,-4.333496,16.479492,sit_stand_sit
2522702,0.406006,-0.902344,-0.178467,7.324221,-4.699707,15.93018,sit_stand_sit
2522719,0.38916,-0.89502,-0.212036,7.019045,0.488281,16.723633,sit_stand_sit
2522735,0.420898,-0.92981,-0.229858,3.845216,-1.098633,12.695316,sit_stand_sit
2522752,0.397583,-0.927856,-0.223633,3.112794,-1.89209,12.390141,sit_stand_sit
2522769,0.371948,-0.910278,-0.188477,-4.272461,2.258301,13.305668,sit_stand_sit
2522785,0.311523,-0.849487,-0.156494,-9.399414,9.155273,12.695316,sit_stand_sit
2522802,0.32312,-0.843506,-0.138306,-6.713869,7.20215,12.329105,sit_stand_sit
2522819,0.295166,-0.875244,-0.11377,-6.652834,13.610844,11.718754,sit_stand_sit
2522835,0.354858,-0.890381,-0.107544,-8.728027,12.390141,13.183598,sit_stand_sit
2522852,0.361938,-0.871094,-0.116211,-10.009766,10.009766,15.625004,sit_stand_sit
2522869,0.371582,-0.844971,-0.163452,-7.812502,8.605957,16.113281,sit_stand_sit
2522885,0.397583,-0.877441,-0.176025,-10.192871,1.037598,21.789551,sit_stand_sit
2522902,0.354248,-0.867065,-0.170654,-9.399414,1.220703,20.324707,sit_stand_sit
2522919,0.371582,-0.868774,-0.157227,-8.911133,0.0,20.507813,sit_stand_sit
2522935,0.355103,-0.874878,-0.14624,-9.643555,-3.295899,19.042969,sit_stand_sit
2522952,0.365723,-0.849854,-0.175415,-7.446291,-1.464844,15.258793,sit_stand_sit
2522969,0.370117,-0.85791,-0.190063,-4.577637,-0.183106,13.488773,sit_stand_sit
2522986,0.402588,-0.93457,-0.2229,-2.624512,2.807618,9.887695,sit_stand_sit
2523002,0.395508,-0.982788,-0.224243,-6.530764,6.896975,6.286623,sit_stand_sit
2523019,0.378052,-0.929077,-0.210327,-11.352543,9.643555,3.112794,sit_stand_sit
2523036,0.369019,-0.906372,-0.200195,-11.047363,10.314941,1.525879,sit_stand_sit
2523052,0.359009,-0.91394,-0.185669,-10.742188,10.925293,-1.464844,sit_stand_sit
2523069,0.384888,-0.913574,-0.213867,-12.695316,7.385256,-2.807618,sit_stand_sit
2523086,0.385986,-0.910278,-0.229858,-12.329105,5.676271,-3.41797,sit_stand_sit
2523102,0.363037,-0.916138,-0.235352,-12.512211,3.723145,-3.66211,sit_stand_sit
2523119,0.315186,-0.92627,-0.216553,-14.404301,4.638672,-3.479005,sit_stand_sit
2523136,0.284668,-0.904297,-0.197266,-16.540527,10.559082,-4.02832,sit_stand_sit
2523152,0.281982,-0.894287,-0.196533,-16.357422,14.221195,-4.394531,sit_stand_sit
2523169,0.299438,-0.888672,-0.217896,-15.625004,21.240234,-5.310059,sit_stand_sit
2523186,0.326294,-0.882935,-0.239624,-14.770512,25.695808,-6.347658,sit_stand_sit
2523202,0.334229,-0.878906,-0.238281,-14.221195,26.611336,-6.713869,sit_stand_sit
2523219,0.332764,-0.890991,-0.215088,-12.512211,27.587898,-7.141115,sit_stand_sit
2523236,0.328125,-0.890259,-0.186279,-13.854984,29.113777,-7.751467,sit_stand_sit
2523252,0.339355,-0.872192,-0.184692,-14.465336,29.785164,-7.873537,sit_stand_sit
2523269,0.348877,-0.857544,-0.197876,-13.671879,29.052742,-7.934572,sit_stand_sit
2523286,0.387817,-0.886597,-0.223267,-8.850098,27.771004,-9.70459,sit_stand_sit
2523302,0.413818,-0.92981,-0.220093,-13.122562,18.127441,-3.967286,sit_stand_sit
2523319,0.389282,-0.904419,-0.222168,-15.686039,15.014652,-2.746582,sit_stand_sit
2523336,0.395142,-0.844482,-0.215698,-15.502934,6.103518,-1.831055,sit_stand_sit
2523352,0.388672,-0.826782,-0.219482,-13.854984,-2.624512,-0.549316,sit_stand_sit
2523369,0.393066,-0.828491,-0.23291,-12.634281,-5.859377,0.488281,sit_stand_sit
2523386,0.399292,-0.850952,-0.262207,-10.681152,-9.70459,1.953125,sit_stand_sit
2523402,0.391846,-0.858032,-0.274658,-10.498047,-11.108402,2.197266,sit_stand_sit
2523419,0.379272,-0.83667,-0.27063,-10.375977,-10.559082,1.831055,sit_stand_sit
2523436,0.376953,-0.830688,-0.270142,-9.338379,-10.131836,1.403809,sit_stand_sit
2523452,0.37854,-0.848022,-0.267212,-7.141115,-9.216309,0.793457,sit_stand_sit
2523469,0.387329,-0.855225,-0.273438,-7.568361,-8.544922,0.366211,sit_stand_sit
2523486,0.391846,-0.847656,-0.286743,-7.629396,-8.911133,0.183106,sit_stand_sit
2523502,0.385254,-0.837646,-0.307983,-7.324221,-10.314941,-0.488281,sit_stand_sit
2523519,0.384399,-0.827759,-0.318726,-7.873537,-12.02393,-0.671387,sit_stand_sit
2523536,0.370728,-0.825317,-0.308838,-8.850098,-13.671879,-0.671387,sit_stand_sit
2523553,0.359497,-0.825073,-0.296753,-9.765625,-13.671879,-0.793457,sit_stand_sit
2523569,0.352661,-0.80835,-0.286743,-12.084965,-12.390141,-0.854492,sit_stand_sit
2523586,0.359863,-0.790771,-0.296265,-12.512211,-10.986328,-0.854492,sit_stand_sit
2523603,0.36853,-0.790405,-0.308594,-11.657719,-10.925293,-0.732422,sit_stand_sit
2523619,0.36853,-0.820679,-0.32312,-10.192871,-12.146,-1.037598,sit_stand_sit
2523636,0.362061,-0.830566,-0.326904,-11.230473,-13.610844,-1.64795,sit_stand_sit
2523653,0.342407,-0.824951,-0.317749,-12.329105,-14.221195,-2.13623,sit_stand_sit
2523669,0.337402,-0.815918,-0.316406,-12.573246,-13.488773,-2.01416,sit_stand_sit
2523686,0.341675,-0.799683,-0.330933,-11.718754,-11.474613,-1.77002,sit_stand_sit
2523703,0.343506,-0.807983,-0.345215,-8.789063,-9.94873,-1.586915,sit_stand_sit
2523719,0.340454,-0.824829,-0.342041,-7.507326,-9.033203,-1.403809,sit_stand_sit
2523736,0.32605,-0.853516,-0.325439,-7.812502,-6.408693,-0.427246,sit_stand_sit
2523753,0.329712,-0.84314,-0.323853,-9.033203,-3.54004,1.220703,sit_stand_sit
2523769,0.349854,-0.831055,-0.330444,-7.385256,-1.953125,2.502441,sit_stand_sit
2523786,0.355713,-0.836426,-0.33252,-5.981447,-1.708985,2.746582,sit_stand_sit
2523803,0.360474,-0.853882,-0.333008,-4.211426,-1.77002,2.746582,sit_stand_sit
2523819,0.362061,-0.858521,-0.324097,-3.295899,-2.563477,2.380371,sit_stand_sit
2523836,0.362793,-0.852417,-0.320801,-2.990724,-3.051759,2.13623,sit_stand_sit
2523853,0.374023,-0.835938,-0.32666,-0.793457,-4.272461,2.13623,sit_stand_sit
2523869,0.383789,-0.84436,-0.338501,2.502441,-6.591799,1.831055,sit_stand_sit
2523886,0.383179,-0.851196,-0.342773,3.479005,-7.934572,1.464844,sit_stand_sit
2523903,0.36853,-0.861206,-0.341553,4.516602,-10.131836,0.793457,sit_stand_sit
2523919,0.349487,-0.857422,-0.337036,3.845216,-10.070801,0.549316,sit_stand_sit
2523936,0.348755,-0.842529,-0.336548,4.02832,-7.934572,0.976563,sit_stand_sit
2523953,0.357422,-0.843018,-0.340698,4.699707,-7.20215,1.525879,sit_stand_sit
2523969,0.365479,-0.869385,-0.34729,6.286623,-7.141115,2.13623,sit_stand_sit
2523986,0.361694,-0.891113,-0.355591,5.432129,-7.873537,2.685547,sit_stand_sit
2524003,0.353882,-0.893311,-0.356079,4.821777,-7.995607,2.868653,sit_stand_sit
2524019,0.335205,-0.88501,-0.349365,3.41797,-6.713869,2.746582,sit_stand_sit
2524036,0.329712,-0.867798,-0.342651,3.295899,-4.760742,2.075195,sit_stand_sit
2524053,0.328125,-0.869141,-0.335693,3.295899,-2.868653,1.64795,sit_stand_sit
2524069,0.33606,-0.866943,-0.339233,3.295899,-2.563477,1.708985,sit_stand_sit
2524086,0.34082,-0.870239,-0.346436,3.845216,-3.66211,1.708985,sit_stand_sit
2524103,0.335815,-0.86377,-0.351685,4.089355,-6.103518,1.159668,sit_stand_sit
2524119,0.336304,-0.866455,-0.351074,4.882813,-7.568361,1.281738,sit_stand_sit
2524136,0.327759,-0.88501,-0.339478,4.821777,-9.033203,2.01416,sit_stand_sit
2524153,0.317993,-0.890259,-0.333008,3.601075,-8.789063,3.234864,sit_stand_sit
2524170,0.309204,-0.889038,-0.333008,2.502441,-7.141115,3.784181,sit_stand_sit
2524186,0.309692,-0.889282,-0.334961,2.441406,-6.103518,3.845216,sit_stand_sit
2524203,0.309937,-0.910645,-0.336182,2.807618,-3.967286,3.784181,sit_stand_sit
2524220,0.314453,-0.920288,-0.332764,0.854492,-1.708985,3.54004,sit_stand_sit
2524236,0.318359,-0.911011,-0.333008,0.061035,-0.976563,3.601075,sit_stand_sit
2524253,0.319946,-0.891968,-0.339233,-0.183106,-0.793457,3.41797,sit_stand_sit
2524270,0.327637,-0.885498,-0.348755,1.159668,-2.01416,2.868653,sit_stand_sit
2524286,0.321777,-0.907959,-0.34375,1.525879,-3.54004,2.441406,sit_stand_sit
2524303,0.316284,-0.912354,-0.34082,0.610352,-3.845216,2.319336,sit_stand_sit
2524320,0.301758,-0.903564,-0.339966,-0.976563,-3.295899,2.563477,sit_stand_sit
2524336,0.293701,-0.893799,-0.337769,-1.89209,-1.220703,1.831055,sit_stand_sit
2524353,0.293335,-0.884399,-0.337891,-2.258301,-0.12207,1.403809,sit_stand_sit
2524370,0.297607,-0.869263,-0.345947,-1.831055,1.281738,1.220703,sit_stand_sit
2524386,0.297363,-0.873657,-0.353149,-1.403809,1.64795,1.77002,sit_stand_sit
2524403,0.293945,-0.873535,-0.353638,-1.831055,1.708985,2.13623,sit_stand_sit
2524420,0.295532,-0.859375,-0.354614,-2.13623,1.525879,2.685547,sit_stand_sit
2524436,0.302856,-0.847168,-0.355835,-1.098633,0.915528,3.356935,sit_stand_sit
2524453,0.309082,-0.859131,-0.361938,0.244141,0.244141,3.967286,sit_stand_sit
2524470,0.307617,-0.872314,-0.364746,0.488281,-0.061035,3.967286,sit_stand_sit
2524486,0.30188,-0.890503,-0.365845,-0.427246,0.366211,3.601075,sit_stand_sit
2524503,0.299683,-0.886597,-0.36377,-2.13623,1.831055,3.051759,sit_stand_sit
2524520,0.301025,-0.880249,-0.363159,-2.624512,2.624512,2.868653,sit_stand_sit
2524536,0.30957,-0.875854,-0.359863,-2.441406,3.967286,2.502441,sit_stand_sit
2524553,0.310303,-0.880127,-0.358032,-2.563477,4.455566,1.89209,sit_stand_sit
2524570,0.30957,-0.871338,-0.357178,-3.051759,4.638672,1.281738,sit_stand_sit
2524586,0.309937,-0.861206,-0.359375,-3.295899,4.394531,1.037598,sit_stand_sit
2524603,0.30957,-0.842285,-0.365723,-2.990724,3.845216,0.671387,sit_stand_sit
2524620,0.31665,-0.835938,-0.366821,-2.319336,3.295899,0.732422,sit_stand_sit
2524636,0.317749,-0.840942,-0.366455,-2.01416,3.051759,0.610352,sit_stand_sit
2524653,0.303345,-0.855469,-0.36145,-2.746582,3.295899,-0.183106,sit_stand_sit
2524670,0.300171,-0.853516,-0.35498,-3.479005,4.455566,-1.342773,sit_stand_sit
2524686,0.308716,-0.851074,-0.353027,-2.807618,5.310059,-1.708985,sit_stand_sit
2524703,0.314819,-0.856567,-0.352051,-2.01416,5.065918,-1.77002,sit_stand_sit
2524720,0.320679,-0.870239,-0.352051,-0.12207,3.295899,-1.89209,sit_stand_sit
2524737,0.322876,-0.881714,-0.356934,1.525879,0.366211,-1.64795,sit_stand_sit
2524753,0.322876,-0.883301,-0.3573,2.197266,-1.220703,-1.464844,sit_stand_sit
2524770,0.324341,-0.883423,-0.351563,3.66211,-3.967286,-0.671387,sit_stand_sit
2524787,0.323853,-0.883667,-0.344604,4.699707,-5.737307,0.0,sit_stand_sit
2524803,0.315186,-0.885376,-0.344849,5.493164,-6.652834,-0.061035,sit_stand_sit
2524820,0.309082,-0.888184,-0.347046,5.798342,-6.469728,-0.305176,sit_stand_sit
2524837,0.301636,-0.889526,-0.351929,5.615236,-5.371094,-0.732422,sit_stand_sit
2524853,0.298462,-0.881348,-0.355469,5.126953,-3.66211,-0.549316,sit_stand_sit
2524870,0.297119,-0.877441,-0.354492,4.943848,-2.807618,-0.244141,sit_stand_sit
2524887,0.295776,-0.872925,-0.351196,4.455566,-1.098633,0.671387,sit_stand_sit
2524903,0.29126,-0.86792,-0.346924,3.784181,0.427246,1.403809,sit_stand_sit
2524920,0.288452,-0.864502,-0.348145,3.479005,1.159668,1.708985,sit_stand_sit
2524937,0.287354,-0.857422,-0.348145,3.112794,2.990724,2.685547,sit_stand_sit
2524953,0.296143,-0.850098,-0.34375,3.173829,4.638672,4.333496,sit_stand_sit
2524970,0.298706,-0.855469,-0.341797,3.66211,5.126953,5.615236,sit_stand_sit
2524987,0.300659,-0.861084,-0.343628,3.906251,5.249023,6.042482,sit_stand_sit
2525003,0.304077,-0.875732,-0.347778,4.394531,5.371094,6.469728,sit_stand_sit
2525020,0.306396,-0.881226,-0.341797,3.906251,6.042482,6.713869,sit_stand_sit
2525037,0.30835,-0.881104,-0.337402,3.784181,6.469728,6.835939,sit_stand_sit
2525053,0.321167,-0.885986,-0.338379,4.394531,6.896975,7.08008,sit_stand_sit
2525070,0.334106,-0.903809,-0.343506,4.943848,6.225588,7.019045,sit_stand_sit
2525087,0.337402,-0.9104,-0.34729,4.516602,4.394531,6.286623,sit_stand_sit
2525103,0.335815,-0.905884,-0.347534,4.211426,3.41797,5.798342,sit_stand_sit
2525120,0.329956,-0.896362,-0.342285,3.845216,2.13623,4.394531,sit_stand_sit
2525137,0.323242,-0.881836,-0.336182,3.173829,1.464844,3.112794,sit_stand_sit
2525153,0.319824,-0.877197,-0.333374,3.234864,1.342773,2.502441,sit_stand_sit
2525170,0.314087,-0.88208,-0.327148,3.54004,1.220703,1.464844,sit_stand_sit
2525187,0.305054,-0.880615,-0.330688,2.929688,0.976563,0.671387,sit_stand_sit
2525203,0.304688,-0.871582,-0.335083,2.990724,0.549316,0.671387,sit_stand_sit
2525220,0.30542,-0.869873,-0.335938,3.112794,0.061035,0.854492,sit_stand_sit
2525237,0.302002,-0.868896,-0.329834,3.234864,-0.854492,1.281738,sit_stand_sit
2525253,0.295898,-0.873779,-0.321655,3.356935,-1.220703,1.403809,sit_stand_sit
2525270,0.290894,-0.878174,-0.317627,3.173829,-0.976563,1.281738,sit_stand_sit
2525287,0.283813,-0.877808,-0.31604,2.197266,0.244141,0.793457,sit_stand_sit
2525303,0.282959,-0.858643,-0.318359,1.403809,1.037598,0.427246,sit_stand_sit
2525320,0.284546,-0.815552,-0.32312,2.01416,0.732422,0.183106,sit_stand_sit
2525337,0.286499,-0.835449,-0.32373,2.868653,0.12207,0.244141,sit_stand_sit
2525354,0.281006,-0.855591,-0.318359,4.089355,-0.793457,0.305176,sit_stand_sit
2525370,0.270996,-0.865601,-0.311646,2.868653,-0.549316,0.427246,sit_stand_sit
2525387,0.264404,-0.858398,-0.308228,1.953125,0.0,0.427246,sit_stand_sit
2525404,0.255615,-0.838379,-0.306641,0.671387,2.075195,0.244141,sit_stand_sit
2525420,0.255981,-0.8396,-0.311523,1.159668,3.41797,-0.732422,sit_stand_sit
2525437,0.258057,-0.856079,-0.312012,1.281738,4.02832,-1.342773,sit_stand_sit
2525454,0.262573,-0.879028,-0.30835,-0.793457,6.713869,-2.746582,sit_stand_sit
2525470,0.257324,-0.866455,-0.301636,-3.845216,9.82666,-4.150391,sit_stand_sit
2525487,0.25,-0.852295,-0.298218,-5.493164,13.061527,-5.676271,sit_stand_sit
2525504,0.259277,-0.852905,-0.291382,-5.554201,15.197758,-6.469728,sit_stand_sit
2525520,0.281738,-0.858154,-0.276367,-6.164553,18.066406,-8.178711,sit_stand_sit
2525537,0.290039,-0.862427,-0.289429,-4.821777,18.981934,-9.277344,sit_stand_sit
2525554,0.298218,-0.869263,-0.298462,-4.150391,19.40918,-10.009766,sit_stand_sit
2525570,0.325806,-0.869385,-0.306519,-3.601075,18.127441,-10.620117,sit_stand_sit
2525587,0.345947,-0.863525,-0.310059,-1.708985,13.977055,-10.253906,sit_stand_sit
2525604,0.360229,-0.875854,-0.30249,0.0,9.521484,-9.82666,sit_stand_sit
2525620,0.364014,-0.871948,-0.296143,-0.488281,7.751467,-9.460449,sit_stand_sit
2525637,0.37207,-0.84082,-0.288696,-0.12207,3.906251,-8.300781,sit_stand_sit
2525654,0.361938,-0.829468,-0.29126,2.746582,0.854492,-8.544922,sit_stand_sit
2525670,0.362793,-0.838379,-0.298218,4.516602,-0.183106,-9.277344,sit_stand_sit
2525687,0.360474,-0.854492,-0.30957,5.126953,-1.953125,-11.230473,sit_stand_sit
2525704,0.354248,-0.835693,-0.300903,4.02832,-2.563477,-12.329105,sit_stand_sit
2525720,0.345093,-0.813721,-0.282104,4.150391,-1.525879,-13.366703,sit_stand_sit
2525737,0.342651,-0.813354,-0.274292,4.455566,-0.854492,-13.610844,sit_stand_sit
2525754,0.345459,-0.812622,-0.273926,3.784181,0.12207,-13.610844,sit_stand_sit
2525770,0.3573,-0.802002,-0.28833,3.66211,-0.305176,-13.122562,sit_stand_sit
2525787,0.354736,-0.803955,-0.294922,3.784181,-0.427246,-13.122562,sit_stand_sit
2525804,0.346802,-0.79834,-0.296387,3.112794,-0.183106,-13.488773,sit_stand_sit
2525820,0.333374,-0.790161,-0.27771,2.868653,0.793457,-13.061527,sit_stand_sit
2525837,0.367188,-0.790649,-0.277588,3.356935,1.89209,-11.901859,sit_stand_sit
2525854,0.358032,-0.797485,-0.287842,3.41797,1.831055,-11.169437,sit_stand_sit
2525870,0.376221,-0.820435,-0.315552,4.516602,0.305176,-9.460449,sit_stand_sit
2525887,0.339355,-0.877441,-0.318481,4.211426,0.488281,-8.789063,sit_stand_sit
2525904,0.323486,-0.897949,-0.312256,4.272461,2.075195,-11.413578,sit_stand_sit
2525920,0.318237,-0.916382,-0.293457,-4.882813,5.676271,-7.568361,sit_stand_sit
2525937,0.323608,-0.848145,-0.298462,-7.141115,13.305668,-7.812502,sit_stand_sit
2525954,0.346558,-0.838867,-0.306641,-4.821777,15.808109,-9.70459,sit_stand_sit
2525971,0.36853,-0.902954,-0.320068,-4.333496,14.831547,-11.657719,sit_stand_sit
2525987,0.351563,-0.901855,-0.331543,-10.559082,13.671879,-14.099125,sit_stand_sit
2526004,0.366455,-0.84082,-0.317139,-12.390141,16.052246,-15.075687,sit_stand_sit
2526021,0.393311,-0.82251,-0.30957,-11.169437,16.357422,-13.610844,sit_stand_sit
2526037,0.442505,-0.834839,-0.329956,-3.173829,13.366703,-14.16016,sit_stand_sit
2526054,0.471802,-0.919556,-0.382813,-7.20215,6.103518,-9.155273,sit_stand_sit
2526071,0.461792,-0.902588,-0.394165,-8.605957,4.638672,-11.352543,sit_stand_sit
2526087,0.508301,-0.851807,-0.369873,-9.033203,0.610352,-10.253906,sit_stand_sit
2526104,0.55127,-0.844238,-0.353394,-3.66211,-8.789063,-8.544922,sit_stand_sit
2526121,0.569702,-0.878906,-0.375977,-1.403809,-18.432617,-9.521484,sit_stand_sit
2526137,0.59082,-0.911621,-0.388794,-0.793457,-22.949226,-6.95801,sit_stand_sit
2526154,0.587158,-0.96228,-0.388916,-9.70459,-35.827637,-2.746582,sit_stand_sit
2526171,0.56604,-0.874878,-0.375366,-13.793949,-49.438492,-3.845216,sit_stand_sit
2526187,0.605469,-0.851685,-0.366089,-11.169437,-59.997574,-3.784181,sit_stand_sit
2526204,0.642212,-0.902588,-0.350098,-6.835939,-87.70752,-3.234864,sit_stand_sit
2526221,0.54187,-1.006226,-0.370728,-12.390141,-102.172882,1.77002,sit_stand_sit
2526237,0.409302,-0.994019,-0.378052,-26.977547,-96.313507,2.990724,sit_stand_sit
2526254,0.363159,-0.93042,-0.380005,-29.479988,-88.195801,-1.586915,sit_stand_sit
2526271,0.367188,-0.932373,-0.379639,-28.503426,-70.007324,-0.854492,sit_stand_sit
2526287,0.375,-0.939209,-0.412354,-34.301758,-52.063004,-3.112794,sit_stand_sit
2526304,0.394287,-0.906128,-0.437378,-30.517586,-45.288101,-9.887695,sit_stand_sit
2526321,0.420776,-0.982788,-0.433105,-37.658691,-37.353516,-0.061035,sit_stand_sit
2526337,0.362305,-0.859863,-0.450562,-44.860855,-29.541023,-2.441406,sit_stand_sit
2526354,0.355591,-0.80188,-0.472168,-36.376953,-20.080566,-9.887695,sit_stand_sit
2526371,0.341064,-0.818726,-0.492798,-33.569336,-15.136723,-11.718754,sit_stand_sit
2526387,0.370239,-0.828369,-0.482056,-34.851074,-10.314941,-11.413578,sit_stand_sit
2526404,0.389893,-0.756958,-0.492188,-34.606934,-13.061527,-10.314941,sit_stand_sit
2526421,0.378052,-0.736084,-0.496948,-33.38623,-14.831547,-10.437012,sit_stand_sit
2526437,0.349854,-0.691772,-0.516235,-30.151375,-15.625004,-14.709476,sit_stand_sit
2526454,0.364136,-0.71228,-0.529175,-24.780281,-18.676758,-14.221195,sit_stand_sit
2526471,0.321533,-0.734009,-0.526001,-24.475105,-17.578125,-15.869144,sit_stand_sit
2526487,0.30188,-0.734131,-0.533569,-21.728516,-10.314941,-19.53125,sit_stand_sit
2526504,0.344116,-0.75415,-0.57373,-19.042969,-4.638672,-21.54541,sit_stand_sit
2526521,0.44873,-0.798218,-0.649292,-16.662598,-2.624512,-17.700195,sit_stand_sit
2526538,0.515991,-0.842285,-0.686157,-13.793949,-4.882813,-16.601563,sit_stand_sit
2526554,0.540649,-0.897949,-0.681763,-15.808109,-11.596684,-19.165039,sit_stand_sit
2526571,0.536377,-0.85376,-0.59729,-17.028809,-29.174812,-23.132332,sit_stand_sit
2526588,0.510986,-0.896851,-0.551025,-24.475105,-34.118652,-8.483887,sit_stand_sit
2526604,0.459473,-0.849976,-0.547729,-42.785645,-37.963867,0.610352,sit_stand_sit
2526621,0.420776,-0.777222,-0.611328,-41.442871,-31.616219,-1.953125,sit_stand_sit
2526638,0.401978,-0.769531,-0.62915,-36.315918,-23.681648,-10.070801,sit_stand_sit
2526654,0.383911,-0.766968,-0.628296,-37.841797,-19.348145,-8.422852,sit_stand_sit
2526671,0.368774,-0.731567,-0.621338,-43.884277,-14.404301,-2.13623,sit_stand_sit
2526688,0.351318,-0.65564,-0.630371,-46.020523,-15.258793,-0.244141,sit_stand_sit
2526704,0.33374,-0.626465,-0.63623,-44.982925,-16.235352,-1.220703,sit_stand_sit
2526721,0.284912,-0.587036,-0.643311,-42.236328,-17.76123,-4.699707,sit_stand_sit
2526738,0.244019,-0.563354,-0.661133,-42.602539,-15.502934,-7.019045,sit_stand_sit
2526754,0.258911,-0.527222,-0.705566,-41.992188,-11.962894,-6.042482,sit_stand_sit
2526771,0.269043,-0.528931,-0.733154,-41.503906,-11.291508,-3.906251,sit_stand_sit
2526788,0.265625,-0.542847,-0.773804,-42.785645,-9.643555,-0.305176,sit_stand_sit
2526804,0.258911,-0.525635,-0.776611,-44.860855,-7.629396,0.427246,sit_stand_sit
2526821,0.259766,-0.508911,-0.767944,-45.654312,-7.08008,0.305176,sit_stand_sit
2526838,0.271973,-0.481445,-0.755371,-46.203629,-8.178711,3.845216,sit_stand_sit
2526854,0.309326,-0.469971,-0.766479,-44.555679,-13.122562,7.995607,sit_stand_sit
2526871,0.312744,-0.471558,-0.777222,-42.96875,-17.944336,10.314941,sit_stand_sit
2526888,0.28479,-0.465454,-0.793823,-44.555679,-17.150879,12.817387,sit_stand_sit
2526904,0.240479,-0.435791,-0.794312,-41.320801,-19.40918,14.526371,sit_stand_sit
2526921,0.197021,-0.401001,-0.765503,-39.489746,-14.831547,18.371582,sit_stand_sit
2526938,0.178345,-0.374146,-0.74585,-37.902832,-12.634281,19.226074,sit_stand_sit
2526954,0.110962,-0.322632,-0.715088,-35.217285,-5.493164,21.789551,sit_stand_sit
2526971,0.054443,-0.257202,-0.713623,-29.785164,9.155273,23.498543,sit_stand_sit
2526988,0.056152,-0.235107,-0.729126,-25.085457,17.63916,24.047859,sit_stand_sit
2527004,0.095459,-0.237671,-0.761963,-15.747074,33.447266,25.268562,sit_stand_sit
2527021,0.168457,-0.196411,-0.803955,-12.451176,48.034683,21.484375,sit_stand_sit
2527038,0.244019,-0.157959,-0.868286,-6.469728,50.8423,21.54541,sit_stand_sit
2527054,0.311279,-0.158081,-0.911499,-0.976563,50.354019,21.972656,sit_stand_sit
2527071,0.528931,-0.245117,-0.980713,7.934572,27.954109,22.39991,sit_stand_sit
2527088,0.667358,-0.352539,-1.042358,4.577637,-9.033203,21.850586,sit_stand_sit
2527104,0.715698,-0.374878,-1.075684,0.12207,-27.832039,19.65332,sit_stand_sit
2527121,0.592651,-0.403809,-1.090576,-5.187988,-58.044449,16.357422,sit_stand_sit
2527138,0.358398,-0.44519,-1.033203,-10.681152,-61.950699,13.732914,sit_stand_sit
2527155,0.185303,-0.430786,-0.966309,-13.793949,-51.513687,10.742188,sit_stand_sit
2527171,0.150269,-0.423706,-0.946533,-13.549809,-44.067383,10.314941,sit_stand_sit
2527188,0.150635,-0.445068,-0.927368,-10.925293,-33.38623,8.239746,sit_stand_sit
2527205,0.142456,-0.479614,-0.941772,-9.521484,-30.21241,9.216309,sit_stand_sit
2527221,0.10376,-0.487183,-0.937378,-10.437012,-26.367195,9.277344,sit_stand_sit
2527238,0.098877,-0.447754,-0.931763,-11.047363,-15.197758,6.103518,sit_stand_sit
2527255,0.126465,-0.417603,-0.911377,-9.399414,-11.901859,4.821777,sit_stand_sit
2527271,0.137695,-0.409424,-0.891602,-7.690432,-16.784668,4.943848,sit_stand_sit
2527288,0.140381,-0.422974,-0.879761,-6.95801,-20.568848,6.103518,sit_stand_sit
2527305,0.059204,-0.447632,-0.844971,-10.559082,-27.954109,10.192871,sit_stand_sit
2527321,0.062866,-0.383179,-0.823853,-10.681152,-22.27784,11.474613,sit_stand_sit
2527338,0.085693,-0.376221,-0.821533,-8.666992,-21.54541,13.122562,sit_stand_sit
2527355,0.095703,-0.390137,-0.821167,-6.286623,-19.897461,15.686039,sit_stand_sit
2527371,0.06604,-0.379395,-0.825073,-4.943848,-11.474613,14.526371,sit_stand_sit
2527388,0.073364,-0.369995,-0.821045,-2.990724,2.990724,10.131836,sit_stand_sit
2527405,0.099731,-0.369141,-0.79895,1.037598,12.02393,7.20215,sit_stand_sit
2527421,0.138672,-0.365723,-0.800049,5.432129,29.174812,1.464844,sit_stand_sit
2527438,0.208252,-0.383179,-0.839111,9.70459,39.672852,-3.112794,sit_stand_sit
2527455,0.274414,-0.411987,-0.877563,10.253906,40.466309,-4.211426,sit_stand_sit
2527471,0.400513,-0.508179,-1.001343,4.333496,26.18409,-2.258301,sit_stand_sit
2527488,0.265991,-0.483398,-1.031738,-5.493164,10.009766,2.319336,sit_stand_sit
2527505,0.198486,-0.444702,-0.997803,-6.835939,9.094238,2.075195,sit_stand_sit
2527521,0.159302,-0.406982,-0.914917,-5.310059,8.300781,1.403809,sit_stand_sit
2527538,0.156494,-0.415161,-0.875488,-3.112794,10.925293,2.258301,sit_stand_sit
2527555,0.187744,-0.442749,-0.869141,-1.64795,12.451176,1.77002,sit_stand_sit
2527571,0.187134,-0.452881,-0.871338,-2.13623,13.427738,2.258301,sit_stand_sit
2527588,0.185547,-0.452148,-0.875488,-2.868653,17.211914,2.319336,sit_stand_sit
2527605,0.213623,-0.452637,-0.859741,-2.075195,17.578125,1.037598,sit_stand_sit
2527621,0.232056,-0.454102,-0.854004,-1.89209,15.869144,0.732422,sit_stand_sit
2527638,0.245361,-0.446411,-0.853882,-2.380371,12.207035,-0.244141,sit_stand_sit
2527655,0.257446,-0.425415,-0.862671,-3.051759,8.239746,-0.793457,sit_stand_sit
2527671,0.254639,-0.407227,-0.881226,-3.845216,5.004883,-0.488281,sit_stand_sit
2527688,0.241699,-0.398804,-0.892944,-4.02832,4.333496,-0.427246,sit_stand_sit
2527705,0.226685,-0.387451,-0.901123,-3.784181,4.455566,-0.610352,sit_stand_sit
2527722,0.224365,-0.383911,-0.894775,-3.54004,5.249023,0.0,sit_stand_sit
2527738,0.228027,-0.384766,-0.893188,-3.356935,5.310059,0.427246,sit_stand_sit
2527755,0.233521,-0.390259,-0.891113,-2.990724,4.577637,0.732422,sit_stand_sit
2527772,0.240845,-0.390137,-0.891235,-1.77002,2.685547,0.549316,sit_stand_sit
2527788,0.219116,-0.402588,-0.888916,-1.037598,3.54004,0.610352,sit_stand_sit
2527805,0.207153,-0.405273,-0.888184,-1.098633,5.371094,0.610352,sit_stand_sit
2527822,0.182983,-0.408813,-0.883057,-1.403809,11.962894,0.12207,sit_stand_sit
2527838,0.170654,-0.410645,-0.88269,-2.502441,21.911621,-0.854492,sit_stand_sit
2527855,0.189819,-0.400513,-0.888306,-2.13623,25.329597,-1.281738,sit_stand_sit
2527872,0.276245,-0.386841,-0.889404,1.953125,22.583015,-1.159668,sit_stand_sit
2527888,0.317505,-0.403564,-0.866455,3.41797,14.343266,-0.305176,sit_stand_sit
2527905,0.327026,-0.40271,-0.863281,3.479005,9.643555,-0.854492,sit_stand_sit
2527922,0.326172,-0.406006,-0.858276,3.845216,1.159668,-1.037598,sit_stand_sit
2527938,0.305298,-0.410522,-0.857422,3.356935,-5.004883,-1.037598,sit_stand_sit
2527955,0.26709,-0.4104,-0.864136,2.807618,-6.408693,-0.244141,sit_stand_sit
2527972,0.255981,-0.410156,-0.867676,2.624512,-5.920412,0.061035,sit_stand_sit
2527988,0.246338,-0.413818,-0.863892,2.197266,-3.479005,0.732422,sit_stand_sit
2528005,0.24646,-0.404907,-0.865356,0.732422,0.244141,1.037598,sit_stand_sit
2528022,0.252319,-0.397949,-0.871948,0.549316,1.586915,1.098633,sit_stand_sit
2528038,0.258301,-0.397705,-0.880127,0.671387,3.051759,1.220703,sit_stand_sit
2528055,0.256836,-0.402588,-0.878784,0.549316,3.845216,1.281738,sit_stand_sit
2528072,0.268311,-0.402954,-0.875488,0.488281,3.54004,1.464844,sit_stand_sit
2528088,0.271851,-0.402222,-0.872192,0.183106,3.173829,1.64795,sit_stand_sit
2528105,0.2771,-0.393555,-0.885376,0.366211,2.197266,1.831055,sit_stand_sit
2528122,0.291504,-0.38916,-0.902588,1.037598,0.671387,1.403809,sit_stand_sit
2528138,0.311035,-0.388184,-0.901978,2.441406,-1.708985,0.366211,sit_stand_sit
2528155,0.289063,-0.397827,-0.900635,2.502441,-6.225588,0.488281,sit_stand_sit
2528172,0.273315,-0.370483,-0.9021,3.234864,-7.690432,-1.403809,sit_stand_sit
2528188,0.273682,-0.367676,-0.907104,5.187988,-7.08008,-2.197266,sit_stand_sit
2528205,0.251099,-0.383667,-0.922607,6.530764,-7.934572,-2.990724,sit_stand_sit
2528222,0.229858,-0.408447,-0.922974,3.967286,-2.868653,-4.760742,sit_stand_sit
2528238,0.167358,-0.350708,-0.843628,-3.66211,3.967286,-8.666992,sit_stand_sit
2528255,0.234863,-0.279785,-0.859497,-3.051759,4.272461,-7.812502,sit_stand_sit
2528272,0.224487,-0.287964,-0.874023,2.624512,5.859377,-2.075195,sit_stand_sit
2528288,0.302368,-0.341797,-0.900024,4.394531,9.216309,-5.187988,sit_stand_sit
2528305,0.26001,-0.348267,-0.878906,1.77002,9.82666,-2.01416,sit_stand_sit
2528322,0.259766,-0.321289,-0.87085,1.464844,11.535648,-3.173829,sit_stand_sit
2528339,0.293213,-0.296631,-0.868774,4.150391,12.084965,-3.051759,sit_stand_sit
2528355,0.325195,-0.319214,-0.900269,7.446291,10.498047,-4.150391,sit_stand_sit
2528372,0.318481,-0.331665,-0.905884,7.873537,10.559082,-5.126953,sit_stand_sit
2528389,0.289063,-0.318848,-0.892334,7.629396,13.916019,-7.324221,sit_stand_sit
2528405,0.295532,-0.284668,-0.86438,10.742188,17.944336,-11.047363,sit_stand_sit
2528422,0.317627,-0.286133,-0.853271,13.183598,19.042969,-12.878422,sit_stand_sit
2528439,0.340332,-0.294434,-0.834351,16.967773,19.104004,-16.418457,sit_stand_sit
2528455,0.339355,-0.289185,-0.814209,20.812988,19.958496,-18.432617,sit_stand_sit
2528472,0.360474,-0.279175,-0.80249,26.367195,21.362305,-20.568848,sit_stand_sit
2528489,0.373901,-0.285522,-0.795776,30.273445,21.42334,-21.484375,sit_stand_sit
2528505,0.388062,-0.327148,-0.769409,38.574219,19.53125,-20.385742,sit_stand_sit
2528522,0.375854,-0.353271,-0.743286,40.83252,16.723633,-21.850586,sit_stand_sit
2528539,0.37085,-0.347046,-0.737915,42.541504,15.441898,-22.827156,sit_stand_sit
2528555,0.35144,-0.361694,-0.718994,48.278824,13.366703,-23.376472,sit_stand_sit
2528572,0.34375,-0.427734,-0.705322,55.053726,12.329105,-22.827156,sit_stand_sit
2528589,0.346069,-0.491577,-0.718994,57.434097,9.765625,-20.812988,sit_stand_sit
2528605,0.315674,-0.505737,-0.739014,57.495132,8.422852,-19.40918,sit_stand_sit
2528622,0.241089,-0.50769,-0.772217,57.556168,11.047363,-16.235352,sit_stand_sit
2528639,0.178467,-0.547974,-0.775269,59.021011,19.958496,-14.343266,sit_stand_sit
2528655,0.185669,-0.599243,-0.761597,59.082047,26.855476,-14.648441,sit_stand_sit
2528672,0.203979,-0.660767,-0.790527,48.400894,38.146973,-9.82666,sit_stand_sit
2528689,0.194458,-0.612549,-0.841675,41.19873,47.302261,-2.746582,sit_stand_sit
2528705,0.195313,-0.591675,-0.838623,37.780762,52.551285,3.967286,sit_stand_sit
2528722,0.216919,-0.567627,-0.819702,37.17041,55.786148,6.774904,sit_stand_sit
2528739,0.305298,-0.55481,-0.764648,40.649414,56.335464,10.559082,sit_stand_sit
2528755,0.314331,-0.570801,-0.718384,42.84668,55.114761,16.601563,sit_stand_sit
2528772,0.314087,-0.569824,-0.69519,44.79982,55.175797,19.287109,sit_stand_sit
2528789,0.332764,-0.585571,-0.636963,48.339859,53.649918,22.52198,sit_stand_sit
2528805,0.365356,-0.56665,-0.597046,51.940933,54.74855,21.66748,sit_stand_sit
2528822,0.414551,-0.607422,-0.548828,56.579605,55.786148,37.841797,sit_stand_sit
2528839,0.432495,-0.627808,-0.529053,58.593765,55.725113,42.053223,sit_stand_sit
2528855,0.53772,-0.677124,-0.495239,64.208984,49.987808,45.837418,sit_stand_sit
2528872,0.631592,-0.747925,-0.474487,65.429688,37.231445,53.466812,sit_stand_sit
2528889,0.642212,-0.779419,-0.454712,65.063477,30.517586,56.213394,sit_stand_sit
2528906,0.588989,-0.827637,-0.397949,62.805191,22.460945,57.556168,sit_stand_sit
2528922,0.560669,-0.847534,-0.328003,58.898941,21.362305,56.152359,sit_stand_sit
2528939,0.533813,-0.823364,-0.30542,60.974136,24.230965,49.377457,sit_stand_sit
2528956,0.650024,-0.90564,-0.272461,68.725586,24.719246,53.588882,sit_stand_sit
2528972,0.660889,-1.047729,-0.249634,69.946289,14.28223,46.447769,sit_stand_sit
2528989,0.586426,-1.081055,-0.250977,62.377945,3.967286,41.931152,sit_stand_sit
2529006,0.543945,-1.076172,-0.243774,61.096207,1.525879,38.818359,sit_stand_sit
2529022,0.463501,-1.083496,-0.208008,59.509293,5.981447,31.311043,sit_stand_sit
2529039,0.444214,-1.052612,-0.169067,58.41066,17.944336,23.498543,sit_stand_sit
2529056,0.453369,-1.036011,-0.160034,58.837906,23.254402,20.935059,sit_stand_sit
2529072,0.472046,-1.049072,-0.133301,60.058609,33.38623,17.272949,sit_stand_sit
2529089,0.461304,-1.043823,-0.118408,55.480972,36.804199,14.892582,sit_stand_sit
2529106,0.451904,-0.985962,-0.103027,53.222672,35.15625,12.695316,sit_stand_sit
2529122,0.437988,-0.971069,-0.089844,53.039566,33.02002,12.329105,sit_stand_sit
2529139,0.375977,-0.925659,-0.082153,50.048843,24.963387,10.192871,sit_stand_sit
2529156,0.405884,-0.97229,-0.057983,61.340347,22.094727,9.338379,sit_stand_sit
2529172,0.399658,-1.040161,-0.041626,49.743668,20.141602,17.028809,sit_stand_sit
2529189,0.312744,-0.896484,-0.060181,41.748047,20.080566,14.28223,sit_stand_sit
2529206,0.312988,-0.880249,-0.039551,46.386734,23.376472,23.010262,sit_stand_sit
2529222,0.276855,-0.920776,-0.010742,46.752945,21.42334,25.817879,sit_stand_sit
2529239,0.253052,-0.918945,-0.006348,49.743668,21.240234,23.376472,sit_stand_sit
2529256,0.253906,-0.986694,0.031128,46.508804,21.42334,32.409668,sit_stand_sit
2529272,0.224243,-0.951294,0.052124,41.992188,19.40918,35.461426,sit_stand_sit
2529289,0.217285,-0.933838,0.058594,41.992188,20.019531,38.085938,sit_stand_sit
2529306,0.225098,-0.945313,0.074829,42.602539,22.338875,42.297363,sit_stand_sit
2529322,0.236694,-0.978882,0.074463,43.029785,24.963387,45.654312,sit_stand_sit
2529339,0.263916,-1.031372,0.053955,42.907715,24.658211,49.316422,sit_stand_sit
2529356,0.29187,-1.05127,0.039063,41.19873,22.949226,50.292984,sit_stand_sit
2529372,0.362061,-1.061768,0.018188,43.029785,15.380863,47.607437,sit_stand_sit
2529389,0.405762,-1.182739,0.033691,45.043961,5.004883,48.70607,sit_stand_sit
2529406,0.36084,-1.249634,0.042847,39.18457,4.333496,46.630875,sit_stand_sit
2529422,0.234985,-1.261963,0.005249,22.766121,28.808601,38.085938,sit_stand_sit
2529439,0.262207,-1.193604,-0.009277,13.122562,46.020523,28.991707,sit_stand_sit
2529456,0.266357,-1.180054,-0.011841,10.742188,48.034683,23.620613,sit_stand_sit
2529472,0.245239,-1.17981,-0.006592,5.737307,46.264664,15.563969,sit_stand_sit
2529489,0.279541,-1.131226,0.004517,1.708985,41.992188,2.624512,sit_stand_sit
2529506,0.255981,-1.090088,0.031616,-6.164553,39.123535,0.549316,sit_stand_sit
2529523,0.251587,-1.050659,0.035767,-6.469728,38.635254,-4.272461,sit_stand_sit
2529539,0.221313,-1.060181,0.049316,-10.559082,38.696289,-2.746582,sit_stand_sit
2529556,0.212646,-1.038696,0.064941,-10.620117,41.320801,-7.629396,sit_stand_sit
2529573,0.218994,-1.043457,0.079956,-13.732914,40.222168,-6.530764,sit_stand_sit
2529589,0.146484,-0.979248,0.087769,-16.052246,43.945313,-9.277344,sit_stand_sit
2529606,0.182007,-0.982056,0.110596,-14.221195,46.875015,-10.009766,sit_stand_sit
2529623,0.160645,-1.004272,0.125488,-17.578125,48.889175,-9.643555,sit_stand_sit
2529639,0.16272,-0.987427,0.122437,-16.540527,46.081558,-13.977055,sit_stand_sit
2529656,0.248291,-1.005249,0.145508,-19.836426,42.236328,-12.817387,sit_stand_sit
2529673,0.254395,-0.915283,0.161011,-17.51709,33.447266,-15.808109,sit_stand_sit
2529689,0.267822,-0.915771,0.168335,-15.075687,33.203125,-15.258793,sit_stand_sit
2529706,0.352539,-0.954712,0.171875,-12.939457,9.277344,-17.150879,sit_stand_sit
2529723,0.190796,-0.965698,0.15332,-18.859863,7.263186,-12.817387,sit_stand_sit
2529739,0.262451,-0.945679,0.125977,-17.272949,2.990724,-15.075687,sit_stand_sit
2529756,0.226196,-0.934814,0.111328,-16.906738,-0.976563,-17.700195,sit_stand_sit
2529773,0.18689,-0.889038,0.085571,-13.305668,1.403809,-22.338875,sit_stand_sit
2529789,0.190308,-0.877808,0.0896,-11.108402,2.13623,-24.53614,sit_stand_sit
2529806,0.188477,-0.881104,0.093506,-10.803223,1.953125,-24.841316,sit_stand_sit
2529823,0.189697,-0.877686,0.086792,-13.610844,0.061035,-23.132332,sit_stand_sit
2529839,0.169678,-0.833984,0.047974,-11.169437,-1.953125,-24.658211,sit_stand_sit
2529856,0.212158,-0.866211,0.030884,-9.643555,0.915528,-23.132332,sit_stand_sit
2529873,0.288818,-0.874756,0.023926,-7.08008,-10.009766,-22.949226,sit_stand_sit
2529889,0.228882,-0.914551,0.013794,-10.498047,-13.610844,-17.089844,sit_stand_sit
2529906,0.267578,-0.932861,0.011108,-12.26807,-16.540527,-15.686039,sit_stand_sit
2529923,0.26709,-0.948364,0.009521,-15.93018,-19.897461,-11.718754,sit_stand_sit
2529939,0.23584,-0.879517,-0.019897,-13.977055,-18.981934,-18.615723,sit_stand_sit
2529956,0.283936,-0.938721,-0.012817,-12.390141,-20.141602,-15.502934,sit_stand_sit
2529973,0.278809,-0.965698,-0.022217,-16.784668,-21.728516,-11.962894,sit_stand_sit
2529989,0.290527,-0.970825,-0.027588,-27.587898,-25.146492,-2.807618,sit_stand_sit
2530006,0.264404,-0.898071,-0.045166,-26.855476,-28.381355,-2.441406,sit_stand_sit
2530023,0.259521,-0.915649,-0.039307,-28.19825,-27.832039,-1.586915,sit_stand_sit
2530039,0.249634,-0.904419,-0.041138,-28.503426,-26.733406,-4.333496,sit_stand_sit
2530056,0.239624,-0.871582,-0.043701,-26.794441,-22.644051,-9.155273,sit_stand_sit
2530073,0.240479,-0.844116,-0.046021,-23.010262,-17.578125,-13.549809,sit_stand_sit
2530089,0.246582,-0.835449,-0.050659,-20.263672,-15.075687,-15.441898,sit_stand_sit
2530106,0.264771,-0.8396,-0.064819,-15.625004,-11.047363,-17.51709,sit_stand_sit
2530123,0.286621,-0.842896,-0.072876,-13.916019,-9.94873,-17.089844,sit_stand_sit
2530140,0.280762,-0.861938,-0.066895,-12.451176,-9.887695,-15.747074,sit_stand_sit
2530156,0.276123,-0.87439,-0.063965,-13.061527,-9.094238,-15.014652,sit_stand_sit
2530173,0.279053,-0.876709,-0.073608,-14.953617,-7.141115,-13.610844,sit_stand_sit
2530190,0.292236,-0.865845,-0.10376,-15.747074,-4.638672,-11.596684,sit_stand_sit
2530206,0.305176,-0.866699,-0.112549,-15.380863,-3.051759,-10.314941,sit_stand_sit
2530223,0.31665,-0.883789,-0.105835,-15.319828,0.427246,-8.178711,sit_stand_sit
2530240,0.32666,-0.883423,-0.098755,-16.052246,3.967286,-6.347658,sit_stand_sit
2530256,0.3302,-0.881348,-0.096924,-14.953617,6.286623,-4.699707,sit_stand_sit
2530273,0.337158,-0.879272,-0.10144,-14.343266,6.835939,-4.272461,sit_stand_sit
2530290,0.369263,-0.871826,-0.125732,-11.474613,6.042482,-2.990724,sit_stand_sit
2530306,0.406982,-0.885986,-0.141479,-6.469728,1.159668,-1.89209,sit_stand_sit
2530323,0.416748,-0.899902,-0.141968,-4.211426,-2.624512,-1.64795,sit_stand_sit
2530340,0.421753,-0.924316,-0.135864,-1.464844,-11.779789,-1.525879,sit_stand_sit
2530356,0.404663,-0.928467,-0.145752,-0.427246,-20.935059,-1.586915,sit_stand_sit
2530373,0.39978,-0.925659,-0.158691,0.976563,-29.052742,-2.319336,sit_stand_sit
2530390,0.400391,-0.928345,-0.160889,1.953125,-32.775879,-3.051759,sit_stand_sit
2530406,0.37854,-0.941406,-0.159058,2.868653,-38.818359,-4.638672,sit_stand_sit
2530423,0.338989,-0.954712,-0.152588,1.708985,-41.931152,-6.042482,sit_stand_sit
2530440,0.323608,-0.957397,-0.151367,0.427246,-42.96875,-6.347658,sit_stand_sit
2530456,0.301636,-0.950195,-0.146362,-1.464844,-44.616714,-6.408693,sit_stand_sit
2530473,0.284424,-0.947144,-0.142334,-2.13623,-43.273926,-6.347658,sit_stand_sit
2530490,0.28064,-0.947266,-0.140259,-2.685547,-41.748047,-5.981447,sit_stand_sit
2530506,0.269775,-0.945679,-0.144043,-3.723145,-36.437988,-4.638672,sit_stand_sit
2530523,0.26355,-0.946045,-0.148315,-4.638672,-29.418953,-3.112794,sit_stand_sit
2530540,0.262939,-0.932983,-0.15564,-5.187988,-22.338875,-2.319336,sit_stand_sit
2530556,0.265991,-0.925781,-0.161499,-4.699707,-18.981934,-1.953125,sit_stand_sit
2530573,0.278442,-0.922241,-0.161011,-3.234864,-12.756351,-1.098633,sit_stand_sit
2530590,0.293335,-0.926636,-0.158325,-2.380371,-8.300781,-0.061035,sit_stand_sit
2530606,0.300537,-0.926514,-0.158813,-2.197266,-6.713869,0.12207,sit_stand_sit
2530623,0.321533,-0.917236,-0.167603,-1.77002,-5.981447,0.488281,sit_stand_sit
2530640,0.338745,-0.901855,-0.181641,-0.976563,-8.422852,1.098633,sit_stand_sit
2530656,0.33667,-0.901367,-0.190186,0.244141,-11.718754,1.831055,sit_stand_sit
2530673,0.334595,-0.905273,-0.191895,0.366211,-13.061527,1.953125,sit_stand_sit
2530690,0.325684,-0.912109,-0.190308,-0.366211,-14.28223,2.197266,sit_stand_sit
2530707,0.313354,-0.905273,-0.193848,-2.197266,-13.549809,2.685547,sit_stand_sit
2530723,0.308594,-0.895874,-0.199097,-2.929688,-12.390141,2.746582,sit_stand_sit
2530740,0.312622,-0.880859,-0.209717,-3.234864,-9.277344,2.563477,sit_stand_sit
2530757,0.320068,-0.883667,-0.209229,-3.112794,-6.652834,2.319336,sit_stand_sit
2530773,0.324829,-0.891357,-0.202271,-4.089355,-4.760742,1.953125,sit_stand_sit
2530790,0.326294,-0.890991,-0.200195,-4.394531,-4.211426,1.77002,sit_stand_sit
2530807,0.335205,-0.891602,-0.202637,-4.272461,-3.601075,1.403809,sit_stand_sit
2530823,0.342773,-0.902344,-0.210815,-3.41797,-3.295899,0.671387,sit_stand_sit
2530840,0.343506,-0.911499,-0.21521,-2.868653,-3.112794,0.366211,sit_stand_sit
2530857,0.341675,-0.930664,-0.217163,-2.807618,-2.624512,-0.305176,sit_stand_sit
2530873,0.33313,-0.935547,-0.213257,-3.356935,-1.403809,-1.525879,sit_stand_sit
2530890,0.329834,-0.922852,-0.214722,-3.845216,0.488281,-2.380371,sit_stand_sit
2530907,0.334229,-0.916138,-0.219604,-3.41797,0.976563,-2.685547,sit_stand_sit
2530923,0.343018,-0.913696,-0.23291,-2.258301,0.366211,-3.112794,sit_stand_sit
2530940,0.337769,-0.918457,-0.238037,-1.525879,-1.64795,-3.41797,sit_stand_sit
2530957,0.32959,-0.920654,-0.238159,-1.281738,-2.502441,-3.41797,sit_stand_sit
2530973,0.316528,-0.924561,-0.236938,-1.64795,-2.746582,-3.66211,sit_stand_sit
2530990,0.311401,-0.915771,-0.239868,-2.441406,-1.525879,-3.54004,sit_stand_sit
2531007,0.311523,-0.908691,-0.240967,-2.685547,-0.732422,-3.41797,sit_stand_sit
2531023,0.314453,-0.89624,-0.24353,-2.563477,0.427246,-3.234864,sit_stand_sit
2531040,0.31311,-0.893433,-0.244507,-2.13623,0.915528,-3.051759,sit_stand_sit
2531057,0.30835,-0.900146,-0.240601,-2.13623,1.586915,-3.234864,sit_stand_sit
2531073,0.309937,-0.900269,-0.238281,-2.563477,2.01416,-3.295899,sit_stand_sit
2531090,0.319824,-0.887085,-0.236206,-2.929688,2.624512,-2.868653,sit_stand_sit
2531107,0.333496,-0.885742,-0.234863,-2.01416,1.953125,-1.953125,sit_stand_sit
2531123,0.33374,-0.891113,-0.235229,-1.64795,1.403809,-1.586915,sit_stand_sit
2531140,0.331543,-0.909058,-0.239258,-1.525879,0.183106,-1.220703,sit_stand_sit
2531157,0.332275,-0.922119,-0.242065,-3.112794,0.183106,-1.831055,sit_stand_sit
2531173,0.334473,-0.90979,-0.243652,-5.004883,1.281738,-2.502441,sit_stand_sit
2531190,0.339355,-0.900391,-0.242554,-5.493164,1.953125,-2.685547,sit_stand_sit
2531207,0.350952,-0.889526,-0.236938,-5.126953,3.051759,-2.258301,sit_stand_sit
2531223,0.350952,-0.905273,-0.22876,-4.455566,4.089355,-1.708985,sit_stand_sit
2531240,0.3479,-0.911621,-0.226074,-4.760742,4.699707,-1.64795,sit_stand_sit
2531257,0.347534,-0.905029,-0.228394,-5.371094,5.676271,-1.281738,sit_stand_sit
2531273,0.34314,-0.890137,-0.229614,-5.310059,5.737307,-1.159668,sit_stand_sit
2531290,0.345459,-0.875366,-0.223389,-4.150391,5.432129,-1.098633,sit_stand_sit
2531307,0.343384,-0.876099,-0.216309,-3.112794,5.371094,-1.037598,sit_stand_sit
2531324,0.334229,-0.888428,-0.202148,-2.075195,6.042482,-1.037598,sit_stand_sit
2531340,0.332397,-0.882935,-0.198853,-1.64795,7.141115,-1.037598,sit_stand_sit
2531357,0.332031,-0.876587,-0.200073,-1.159668,7.507326,-1.098633,sit_stand_sit
2531374,0.336548,-0.866577,-0.206177,0.854492,7.385256,-0.976563,sit_stand_sit
2531390,0.341187,-0.876099,-0.209717,3.356935,5.981447,-0.793457,sit_stand_sit
2531407,0.341187,-0.88623,-0.203857,4.455566,4.089355,-0.488281,sit_stand_sit
2531424,0.338501,-0.882446,-0.200684,4.638672,3.173829,-0.061035,sit_stand_sit
2531440,0.33313,-0.870483,-0.202393,6.164553,1.525879,1.342773,sit_stand_sit
2531457,0.331787,-0.886963,-0.210693,8.972168,0.244141,2.807618,sit_stand_sit
2531474,0.330933,-0.899414,-0.212769,9.338379,-0.183106,3.356935,sit_stand_sit
2531490,0.331543,-0.89563,-0.211304,9.033203,-0.793457,4.272461,sit_stand_sit
2531507,0.328003,-0.874023,-0.204346,9.460449,-1.64795,4.699707,sit_stand_sit
2531524,0.328003,-0.867065,-0.204712,10.192871,-2.075195,4.882813,sit_stand_sit
2531540,0.333252,-0.873047,-0.209473,12.390141,-2.319336,5.187988,sit_stand_sit
2531557,0.334106,-0.900879,-0.214355,12.634281,-2.441406,4.943848,sit_stand_sit
2531574,0.331055,-0.898682,-0.215698,11.108402,-2.807618,3.356935,sit_stand_sit
