timestamp_ms,ax,ay,az,gx,gy,gz,activity
356441,0.312012,-0.539673,-0.778564,0.366211,0.366211,-0.732422,sitting_seg1
356458,0.304077,-0.536499,-0.77832,0.610352,-0.366211,-0.610352,sitting_seg1
356475,0.300415,-0.539307,-0.779053,0.854492,-0.305176,-0.366211,sitting_seg1
356491,0.295898,-0.543091,-0.783569,0.793457,0.488281,-0.061035,sitting_seg1
356508,0.302368,-0.539185,-0.786011,0.732422,0.732422,0.244141,sitting_seg1
356525,0.307007,-0.535767,-0.7854,0.793457,0.366211,0.366211,sitting_seg1
356541,0.315186,-0.533203,-0.780884,1.403809,-1.281738,0.488281,sitting_seg1
356558,0.308838,-0.539795,-0.77417,1.281738,-2.319336,0.488281,sitting_seg1
356575,0.293457,-0.544189,-0.770752,0.732422,-1.342773,0.366211,sitting_seg1
356591,0.289917,-0.546265,-0.770752,0.427246,-0.488281,0.244141,sitting_seg1
356608,0.295288,-0.548218,-0.774536,-0.12207,0.488281,0.12207,sitting_seg1
356625,0.296265,-0.548462,-0.775513,-0.671387,0.549316,-0.061035,sitting_seg1
356641,0.297119,-0.547729,-0.775757,-0.732422,0.183106,-0.244141,sitting_seg1
356658,0.295776,-0.549561,-0.773193,-1.159668,0.183106,-0.244141,sitting_seg1
356675,0.291504,-0.548828,-0.776001,-1.525879,0.671387,-0.366211,sitting_seg1
356691,0.289429,-0.547119,-0.778687,-1.525879,1.037598,-0.488281,sitting_seg1
356708,0.289063,-0.541382,-0.782959,-1.525879,1.708985,-0.732422,sitting_seg1
356725,0.301636,-0.537476,-0.786133,-1.037598,0.976563,-0.854492,sitting_seg1
356741,0.30188,-0.534302,-0.78418,-0.610352,0.244141,-0.915528,sitting_seg1
356758,0.300903,-0.53418,-0.783569,-0.305176,0.244141,-0.854492,sitting_seg1
356775,0.30188,-0.535156,-0.783447,0.061035,0.793457,-0.732422,sitting_seg1
356791,0.309814,-0.53125,-0.784668,0.671387,0.549316,-0.732422,sitting_seg1
356808,0.31189,-0.529907,-0.785278,0.854492,0.366211,-0.549316,sitting_seg1
356825,0.312134,-0.526367,-0.787964,1.525879,-0.488281,-0.366211,sitting_seg1
356841,0.310425,-0.530396,-0.784424,1.89209,-1.525879,-0.061035,sitting_seg1
356858,0.303955,-0.534302,-0.781128,1.831055,-1.525879,0.0,sitting_seg1
356875,0.300659,-0.536499,-0.777222,1.64795,-1.037598,0.0,sitting_seg1
356891,0.300415,-0.536011,-0.770508,1.098633,-0.183106,0.0,sitting_seg1
356908,0.306641,-0.53894,-0.770996,0.976563,-0.305176,0.183106,sitting_seg1
356925,0.308105,-0.542847,-0.772095,0.915528,-0.793457,0.183106,sitting_seg1
356941,0.301147,-0.54895,-0.774048,0.610352,-1.098633,0.12207,sitting_seg1
356958,0.293213,-0.552612,-0.775391,-0.061035,-0.427246,0.061035,sitting_seg1
356975,0.287964,-0.552246,-0.777954,-0.732422,1.037598,0.061035,sitting_seg1
356992,0.290894,-0.54895,-0.778931,-0.854492,1.64795,0.061035,sitting_seg1
357008,0.303345,-0.542236,-0.776733,-0.915528,1.89209,0.183106,sitting_seg1
357025,0.315308,-0.532349,-0.771851,-0.244141,0.671387,0.549316,sitting_seg1
357042,0.314087,-0.531738,-0.776611,0.244141,0.061035,0.671387,sitting_seg1
357058,0.302368,-0.535645,-0.791626,0.915528,-0.549316,0.610352,sitting_seg1
357075,0.297607,-0.533203,-0.794434,1.586915,-0.854492,0.427246,sitting_seg1
357092,0.294312,-0.534912,-0.788086,1.89209,-0.610352,0.427246,sitting_seg1
357108,0.296021,-0.535278,-0.784546,2.075195,-0.488281,0.366211,sitting_seg1
357125,0.303101,-0.539307,-0.776855,2.075195,-0.793457,0.183106,sitting_seg1
357142,0.305176,-0.543091,-0.77124,1.831055,-1.403809,0.12207,sitting_seg1
357158,0.303711,-0.543945,-0.771851,1.64795,-1.464844,0.12207,sitting_seg1
357175,0.2948,-0.545776,-0.777344,0.854492,-0.793457,0.0,sitting_seg1
357192,0.293457,-0.545288,-0.781128,0.183106,0.061035,-0.12207,sitting_seg1
357208,0.294678,-0.546021,-0.781372,-0.12207,0.488281,-0.183106,sitting_seg1
357225,0.297485,-0.545654,-0.77832,-0.610352,0.610352,-0.244141,sitting_seg1
357242,0.298584,-0.545532,-0.773926,-1.037598,0.732422,-0.244141,sitting_seg1
357258,0.299316,-0.543945,-0.772949,-1.586915,1.220703,-0.183106,sitting_seg1
357275,0.301147,-0.540771,-0.77417,-1.708985,1.464844,-0.183106,sitting_seg1
357292,0.30481,-0.540039,-0.778076,-1.525879,1.403809,-0.305176,sitting_seg1
357308,0.306519,-0.541748,-0.781006,-1.464844,0.732422,-0.427246,sitting_seg1
357325,0.30481,-0.539551,-0.782959,-1.403809,0.488281,-0.427246,sitting_seg1
357342,0.306152,-0.535278,-0.780884,-1.037598,0.12207,-0.549316,sitting_seg1
357358,0.29895,-0.532959,-0.781372,-1.037598,0.244141,-0.793457,sitting_seg1
357375,0.296509,-0.53064,-0.781982,-0.793457,0.854492,-0.915528,sitting_seg1
357392,0.298462,-0.531372,-0.782471,-0.671387,0.976563,-0.915528,sitting_seg1
357408,0.307373,-0.532593,-0.786133,-0.12207,0.427246,-0.976563,sitting_seg1
357425,0.310181,-0.534058,-0.785278,0.12207,-0.061035,-0.915528,sitting_seg1
357442,0.309937,-0.535034,-0.783081,0.183106,-0.366211,-0.854492,sitting_seg1
357458,0.302734,-0.53418,-0.779419,0.12207,-0.305176,-0.732422,sitting_seg1
357475,0.300049,-0.536743,-0.780273,0.061035,0.183106,-0.610352,sitting_seg1
357492,0.302124,-0.537598,-0.782349,-0.305176,0.671387,-0.488281,sitting_seg1
357508,0.303955,-0.536865,-0.78418,-0.366211,0.854492,-0.427246,sitting_seg1
357525,0.312012,-0.534058,-0.783325,-0.244141,0.488281,-0.366211,sitting_seg1
357542,0.308716,-0.536621,-0.778564,-0.366211,0.12207,-0.366211,sitting_seg1
357559,0.305176,-0.53772,-0.77771,-0.488281,0.244141,-0.427246,sitting_seg1
357575,0.299805,-0.539429,-0.77832,-0.854492,0.915528,-0.366211,sitting_seg1
357592,0.302856,-0.538574,-0.779297,-0.976563,1.342773,-0.488281,sitting_seg1
357609,0.306885,-0.53772,-0.783081,-0.915528,0.854492,-0.488281,sitting_seg1
357625,0.304932,-0.536743,-0.784058,-0.976563,0.793457,-0.427246,sitting_seg1
357642,0.302612,-0.533081,-0.785156,-0.915528,0.671387,-0.488281,sitting_seg1
357659,0.30896,-0.530884,-0.782349,-0.793457,0.427246,-0.427246,sitting_seg1
357675,0.308105,-0.529297,-0.780884,-0.732422,0.305176,-0.427246,sitting_seg1
357692,0.307251,-0.530518,-0.779419,-0.732422,0.305176,-0.366211,sitting_seg1
357709,0.307739,-0.531494,-0.784058,-0.610352,0.366211,-0.244141,sitting_seg1
357725,0.309326,-0.532227,-0.7854,-0.549316,0.12207,-0.244141,sitting_seg1
357742,0.309326,-0.529175,-0.784912,-0.610352,0.12207,-0.244141,sitting_seg1
357759,0.306519,-0.526367,-0.782715,-0.610352,0.671387,-0.244141,sitting_seg1
357775,0.31189,-0.522949,-0.781128,-0.427246,0.671387,-0.183106,sitting_seg1
357792,0.315308,-0.525146,-0.782227,-0.305176,0.488281,-0.244141,sitting_seg1
357809,0.313354,-0.528687,-0.784058,-0.488281,0.366211,-0.305176,sitting_seg1
357825,0.310913,-0.528809,-0.784546,-0.427246,0.244141,-0.366211,sitting_seg1
357842,0.310669,-0.529663,-0.783691,-0.427246,0.244141,-0.366211,sitting_seg1
357859,0.309326,-0.528076,-0.783691,-0.305176,-0.061035,-0.366211,sitting_seg1
357875,0.303833,-0.529175,-0.784546,0.061035,-0.12207,-0.244141,sitting_seg1
357892,0.305664,-0.53186,-0.787231,0.244141,-0.183106,-0.12207,sitting_seg1
357909,0.307129,-0.532959,-0.787354,0.183106,-0.244141,-0.12207,sitting_seg1
357925,0.309326,-0.532471,-0.786743,0.244141,-0.305176,-0.12207,sitting_seg1
357942,0.310913,-0.530396,-0.785034,0.305176,-0.305176,-0.183106,sitting_seg1
357959,0.311646,-0.529297,-0.782349,0.305176,-0.366211,-0.183106,sitting_seg1
357975,0.310181,-0.528076,-0.779907,0.427246,-0.366211,-0.061035,sitting_seg1
357992,0.310303,-0.527466,-0.781616,0.488281,-0.366211,0.0,sitting_seg1
358009,0.31311,-0.525879,-0.783936,0.671387,-0.671387,0.12207,sitting_seg1
358025,0.311646,-0.526123,-0.783569,0.610352,-0.671387,0.183106,sitting_seg1
358042,0.311279,-0.528198,-0.784668,0.427246,-0.488281,0.244141,sitting_seg1
358059,0.308716,-0.526489,-0.784668,0.366211,-0.12207,0.244141,sitting_seg1
358075,0.30957,-0.526733,-0.783081,0.427246,-0.305176,0.244141,sitting_seg1
358092,0.306274,-0.527954,-0.782837,0.366211,-0.488281,0.12207,sitting_seg1
358109,0.301636,-0.525757,-0.783813,0.366211,0.0,0.061035,sitting_seg1
358125,0.310669,-0.525635,-0.784424,0.549316,-0.183106,0.244141,sitting_seg1
358142,0.310791,-0.526245,-0.784424,0.488281,-0.183106,0.305176,sitting_seg1
358159,0.307251,-0.526855,-0.789673,0.671387,-0.183106,0.244141,sitting_seg1
358176,0.306152,-0.529175,-0.78772,0.549316,0.244141,0.183106,sitting_seg1
358192,0.306641,-0.52771,-0.786011,0.610352,0.244141,0.061035,sitting_seg1
358209,0.31189,-0.527466,-0.782349,0.793457,-0.12207,0.183106,sitting_seg1
358226,0.311401,-0.529053,-0.783447,0.915528,-0.488281,0.305176,sitting_seg1
358242,0.30957,-0.529541,-0.788574,0.854492,-0.549316,0.366211,sitting_seg1
358259,0.306396,-0.527344,-0.788818,0.793457,-0.427246,0.366211,sitting_seg1
358276,0.303589,-0.528931,-0.78479,0.671387,-0.12207,0.305176,sitting_seg1
358292,0.303955,-0.527954,-0.780273,0.610352,0.305176,0.305176,sitting_seg1
358309,0.307983,-0.529175,-0.780029,0.732422,0.12207,0.305176,sitting_seg1
358326,0.311401,-0.533447,-0.781616,0.793457,-0.549316,0.305176,sitting_seg1
358342,0.307739,-0.535645,-0.785034,0.793457,-0.854492,0.244141,sitting_seg1
358359,0.303711,-0.535156,-0.784668,0.549316,-0.610352,0.305176,sitting_seg1
358376,0.299927,-0.533569,-0.782837,0.183106,0.366211,0.12207,sitting_seg1
358392,0.305542,-0.53064,-0.781128,0.061035,0.671387,0.061035,sitting_seg1
358409,0.311157,-0.529541,-0.781128,0.366211,-0.12207,0.0,sitting_seg1
358426,0.311401,-0.531128,-0.780273,0.244141,-0.366211,-0.061035,sitting_seg1
358442,0.305298,-0.529663,-0.781738,0.183106,-0.305176,-0.061035,sitting_seg1
358459,0.30481,-0.529053,-0.785767,0.0,0.305176,0.061035,sitting_seg1
358476,0.305664,-0.528076,-0.785522,-0.061035,0.488281,0.061035,sitting_seg1
358492,0.308228,-0.528931,-0.786865,0.061035,0.549316,0.061035,sitting_seg1
358509,0.309082,-0.527832,-0.7854,0.12207,0.244141,0.0,sitting_seg1
358526,0.308472,-0.526611,-0.783813,0.244141,-0.183106,-0.061035,sitting_seg1
358542,0.305298,-0.526123,-0.783936,0.244141,0.0,-0.12207,sitting_seg1
358559,0.30481,-0.524658,-0.788208,0.427246,0.305176,-0.061035,sitting_seg1
358576,0.307373,-0.526733,-0.788452,0.366211,0.549316,0.0,sitting_seg1
358592,0.309937,-0.527954,-0.788452,0.366211,0.488281,-0.061035,sitting_seg1
358609,0.311157,-0.528931,-0.7854,0.488281,0.0,-0.061035,sitting_seg1
358626,0.309692,-0.532837,-0.780273,0.488281,-0.549316,-0.061035,sitting_seg1
358642,0.304321,-0.534668,-0.777344,0.244141,-0.12207,-0.061035,sitting_seg1
358659,0.303955,-0.534424,-0.777588,0.244141,0.305176,-0.061035,sitting_seg1
358676,0.303223,-0.532349,-0.781494,0.061035,0.976563,0.061035,sitting_seg1
358692,0.30957,-0.527466,-0.786987,0.244141,0.854492,0.0,sitting_seg1
358709,0.311768,-0.526489,-0.788452,0.427246,0.366211,0.0,sitting_seg1
358726,0.312866,-0.525391,-0.787842,0.793457,-0.305176,-0.061035,sitting_seg1
358742,0.308472,-0.527832,-0.782837,0.793457,-0.427246,-0.061035,sitting_seg1
358759,0.306519,-0.530518,-0.781494,0.610352,0.244141,-0.12207,sitting_seg1
358776,0.306763,-0.531616,-0.78186,0.427246,0.549316,-0.12207,sitting_seg1
358793,0.309692,-0.529297,-0.785278,0.366211,0.488281,-0.12207,sitting_seg1
358809,0.312012,-0.528198,-0.78479,0.427246,0.12207,-0.061035,sitting_seg1
358826,0.3125,-0.526855,-0.785156,0.549316,-0.12207,-0.12207,sitting_seg1
358843,0.308594,-0.528931,-0.782593,0.610352,-0.244141,0.0,sitting_seg1
358859,0.305664,-0.529297,-0.784424,0.366211,0.305176,-0.061035,sitting_seg1
358876,0.306519,-0.529907,-0.785156,0.366211,0.427246,-0.061035,sitting_seg1
358893,0.312378,-0.530151,-0.786255,0.366211,0.366211,0.0,sitting_seg1
358909,0.31665,-0.528198,-0.785645,0.732422,-0.549316,0.183106,sitting_seg1
358926,0.311157,-0.528564,-0.785034,0.915528,-1.098633,0.244141,sitting_seg1
358943,0.307739,-0.528809,-0.784546,0.915528,-1.037598,0.244141,sitting_seg1
358959,0.300537,-0.530884,-0.784668,0.793457,-0.244141,0.305176,sitting_seg1
358976,0.303955,-0.531128,-0.78479,0.549316,0.488281,0.427246,sitting_seg1
358993,0.307983,-0.530884,-0.782959,0.549316,0.488281,0.427246,sitting_seg1
359009,0.317749,-0.531494,-0.779297,0.610352,-0.183106,0.488281,sitting_seg1
359026,0.312134,-0.531128,-0.777832,0.366211,-0.488281,0.427246,sitting_seg1
359043,0.30542,-0.532837,-0.779785,0.366211,-0.12207,0.183106,sitting_seg1
359059,0.305054,-0.533081,-0.781006,0.244141,0.183106,0.061035,sitting_seg1
359076,0.304565,-0.531982,-0.782715,0.12207,0.610352,-0.061035,sitting_seg1
359093,0.307495,-0.530396,-0.781494,0.0,0.671387,-0.12207,sitting_seg1
359109,0.310791,-0.527832,-0.781982,0.183106,0.488281,-0.183106,sitting_seg1
359126,0.3125,-0.528564,-0.782715,0.610352,-0.427246,-0.183106,sitting_seg1
359143,0.306885,-0.531982,-0.783936,0.915528,-0.915528,-0.305176,sitting_seg1
359159,0.29895,-0.534424,-0.785645,0.732422,-0.244141,-0.305176,sitting_seg1
359176,0.29895,-0.533691,-0.786865,0.610352,0.305176,-0.305176,sitting_seg1
359193,0.309204,-0.530151,-0.787842,0.549316,0.488281,-0.12207,sitting_seg1
359209,0.314453,-0.523193,-0.786499,0.610352,-0.061035,0.0,sitting_seg1
359226,0.316406,-0.522095,-0.78479,0.854492,-0.488281,0.061035,sitting_seg1
359243,0.311523,-0.523438,-0.782959,0.915528,-0.976563,0.0,sitting_seg1
359259,0.304688,-0.527588,-0.783813,0.732422,-0.305176,0.0,sitting_seg1
359276,0.306152,-0.532227,-0.785645,0.427246,0.732422,0.0,sitting_seg1
359293,0.310303,-0.532593,-0.785522,0.305176,0.732422,0.061035,sitting_seg1
359309,0.314819,-0.531494,-0.782104,0.427246,0.183106,0.12207,sitting_seg1
359326,0.310425,-0.532837,-0.779541,0.366211,-0.061035,0.0,sitting_seg1
359343,0.30603,-0.532837,-0.778442,0.244141,0.12207,0.0,sitting_seg1
359360,0.302734,-0.534302,-0.778442,-0.061035,0.793457,0.0,sitting_seg1
359376,0.305542,-0.533447,-0.780151,0.0,1.037598,0.0,sitting_seg1
359393,0.306396,-0.534302,-0.780273,-0.061035,1.098633,0.12207,sitting_seg1
359410,0.311035,-0.533325,-0.782837,-0.183106,1.037598,0.183106,sitting_seg1
359426,0.311646,-0.532593,-0.783691,-0.183106,0.488281,0.244141,sitting_seg1
359443,0.310303,-0.531006,-0.78064,-0.305176,0.183106,0.061035,sitting_seg1
359460,0.306885,-0.530396,-0.779541,-0.366211,0.366211,0.061035,sitting_seg1
359476,0.306152,-0.529663,-0.779175,-0.427246,0.854492,0.0,sitting_seg1
359493,0.311523,-0.527466,-0.783081,-0.244141,0.854492,-0.061035,sitting_seg1
359510,0.315796,-0.527344,-0.785156,0.0,0.488281,-0.061035,sitting_seg1
359526,0.317017,-0.525513,-0.788818,0.12207,0.061035,-0.12207,sitting_seg1
359543,0.310791,-0.523682,-0.786133,0.244141,-0.061035,-0.12207,sitting_seg1
359560,0.307495,-0.524292,-0.784058,0.183106,0.366211,-0.183106,sitting_seg1
359576,0.309692,-0.523682,-0.783325,0.183106,0.488281,-0.12207,sitting_seg1
359593,0.316895,-0.526367,-0.782837,0.427246,0.12207,0.0,sitting_seg1
359610,0.316162,-0.529175,-0.786621,0.427246,-0.366211,0.0,sitting_seg1
359626,0.313477,-0.529785,-0.786621,0.427246,-0.427246,0.0,sitting_seg1
359643,0.309448,-0.530396,-0.782227,0.366211,-0.244141,0.0,sitting_seg1
359660,0.306274,-0.528564,-0.781372,0.12207,0.183106,0.0,sitting_seg1
359676,0.313843,-0.529053,-0.780518,0.244141,0.12207,0.0,sitting_seg1
359693,0.316284,-0.529175,-0.780518,0.305176,-0.183106,-0.061035,sitting_seg1
359710,0.316772,-0.531006,-0.782959,0.549316,-0.671387,-0.183106,sitting_seg1
359726,0.309326,-0.532593,-0.783081,0.366211,-0.427246,-0.305176,sitting_seg1
359743,0.307861,-0.53064,-0.783569,0.366211,-0.12207,-0.305176,sitting_seg1
359760,0.307129,-0.528809,-0.782837,0.12207,0.366211,-0.244141,sitting_seg1
359776,0.312378,-0.526001,-0.781616,0.366211,0.0,-0.183106,sitting_seg1
359793,0.314453,-0.528809,-0.780518,0.366211,-0.671387,-0.12207,sitting_seg1
359810,0.311646,-0.529663,-0.78064,0.366211,-0.854492,-0.12207,sitting_seg1
359826,0.307373,-0.529297,-0.783447,0.366211,-0.549316,-0.12207,sitting_seg1
359843,0.307007,-0.527954,-0.788086,0.366211,-0.061035,-0.12207,sitting_seg1
359860,0.307373,-0.526611,-0.787964,0.305176,0.12207,-0.183106,sitting_seg1
359876,0.307617,-0.52417,-0.788574,0.366211,0.244141,-0.12207,sitting_seg1
359893,0.315063,-0.524902,-0.785278,0.549316,-0.305176,-0.061035,sitting_seg1
359910,0.316406,-0.52478,-0.783691,0.671387,-0.793457,0.0,sitting_seg1
359926,0.315186,-0.526001,-0.786377,0.793457,-0.854492,0.12207,sitting_seg1
359943,0.310791,-0.526123,-0.787842,0.854492,-0.793457,0.12207,sitting_seg1
359960,0.309204,-0.528931,-0.783691,0.610352,-0.244141,0.061035,sitting_seg1
359977,0.309082,-0.529541,-0.781616,0.427246,0.0,0.061035,sitting_seg1
359993,0.3125,-0.531616,-0.779297,0.244141,-0.061035,0.12207,sitting_seg1
360010,0.314697,-0.531738,-0.779663,-0.061035,-0.061035,0.12207,sitting_seg1
360027,0.314819,-0.531982,-0.78064,-0.12207,-0.12207,0.183106,sitting_seg1
360043,0.313599,-0.53064,-0.781494,-0.183106,-0.305176,0.183106,sitting_seg1
360060,0.30957,-0.531006,-0.779663,-0.366211,-0.183106,0.061035,sitting_seg1
360077,0.303711,-0.530518,-0.781006,-0.366211,0.183106,0.061035,sitting_seg1
360093,0.304199,-0.529785,-0.781372,-0.305176,0.12207,0.061035,sitting_seg1
360110,0.307373,-0.53186,-0.785278,-0.12207,-0.305176,0.0,sitting_seg1
360127,0.309082,-0.529541,-0.788208,-0.12207,-0.793457,0.0,sitting_seg1
360143,0.309448,-0.527222,-0.78894,0.061035,-0.915528,0.0,sitting_seg1
360160,0.302979,-0.526367,-0.786865,0.0,-0.427246,0.061035,sitting_seg1
360177,0.303955,-0.522949,-0.785645,0.12207,0.366211,0.12207,sitting_seg1
360193,0.311157,-0.522217,-0.786987,0.183106,0.488281,0.12207,sitting_seg1
360210,0.314331,-0.52063,-0.788208,0.366211,0.183106,0.061035,sitting_seg1
360227,0.313965,-0.522217,-0.788818,0.549316,-0.488281,0.0,sitting_seg1
360243,0.310547,-0.524658,-0.786621,0.427246,-0.366211,0.0,sitting_seg1
360260,0.30957,-0.525635,-0.785522,0.366211,0.0,0.0,sitting_seg1
360277,0.310181,-0.526367,-0.782959,0.183106,0.427246,-0.183106,sitting_seg1
360293,0.314087,-0.525269,-0.782715,0.366211,-0.061035,-0.183106,sitting_seg1
360310,0.314209,-0.528198,-0.784302,0.671387,-0.610352,-0.12207,sitting_seg1
360327,0.312012,-0.528687,-0.785278,0.610352,-0.549316,-0.12207,sitting_seg1
360343,0.307861,-0.529419,-0.783691,0.549316,-0.061035,-0.12207,sitting_seg1
360360,0.309448,-0.529175,-0.782227,0.427246,0.061035,-0.061035,sitting_seg1
360377,0.311279,-0.529053,-0.781128,0.427246,-0.183106,0.0,sitting_seg1
360393,0.311157,-0.530884,-0.781616,0.244141,-0.427246,0.0,sitting_seg1
360410,0.305786,-0.52832,-0.78418,0.0,-0.427246,0.12207,sitting_seg1
360427,0.30481,-0.52832,-0.785767,-0.061035,0.0,0.244141,sitting_seg1
360443,0.305054,-0.528076,-0.787842,-0.12207,0.183106,0.244141,sitting_seg1
360460,0.309448,-0.525391,-0.790405,0.0,0.183106,0.366211,sitting_seg1
360477,0.310425,-0.523315,-0.787598,0.183106,-0.305176,0.305176,sitting_seg1
360493,0.309937,-0.523926,-0.786133,0.305176,-0.549316,0.305176,sitting_seg1
360510,0.30603,-0.526123,-0.784424,0.183106,-0.12207,0.183106,sitting_seg1
360527,0.307251,-0.526611,-0.78418,0.061035,0.610352,0.061035,sitting_seg1
360544,0.310425,-0.525024,-0.784912,0.12207,0.610352,0.061035,sitting_seg1
360560,0.314575,-0.522827,-0.786133,0.488281,-0.12207,0.12207,sitting_seg1
360577,0.308105,-0.523315,-0.786987,0.671387,-0.366211,-0.061035,sitting_seg1
360594,0.305298,-0.526245,-0.784912,0.549316,-0.183106,-0.12207,sitting_seg1
360610,0.306396,-0.526733,-0.783325,0.488281,0.061035,-0.183106,sitting_seg1
360627,0.30896,-0.529663,-0.78186,0.488281,0.183106,-0.12207,sitting_seg1
360644,0.311035,-0.530273,-0.786133,0.244141,0.183106,-0.12207,sitting_seg1
360660,0.310547,-0.527588,-0.78772,0.305176,0.061035,-0.061035,sitting_seg1
360677,0.310547,-0.525513,-0.789185,0.366211,-0.366211,0.0,sitting_seg1
360694,0.306152,-0.525146,-0.786255,0.12207,0.0,0.061035,sitting_seg1
360710,0.30603,-0.530518,-0.783569,-0.061035,0.671387,0.183106,sitting_seg1
360727,0.30835,-0.530151,-0.783936,-0.244141,0.976563,0.183106,sitting_seg1
360744,0.316528,-0.524414,-0.785522,-0.061035,0.610352,0.183106,sitting_seg1
360760,0.31665,-0.524536,-0.783936,0.305176,-0.244141,0.183106,sitting_seg1
360777,0.314453,-0.52478,-0.783813,0.427246,-0.610352,0.183106,sitting_seg1
360794,0.306763,-0.526489,-0.784546,0.244141,-0.366211,0.183106,sitting_seg1
360810,0.302979,-0.527344,-0.783691,0.183106,0.305176,0.183106,sitting_seg1
360827,0.307617,-0.528809,-0.7854,0.0,0.915528,0.244141,sitting_seg1
360844,0.310425,-0.526855,-0.786743,0.061035,0.671387,0.183106,sitting_seg1
360860,0.31311,-0.524902,-0.786621,0.183106,0.12207,0.183106,sitting_seg1
360877,0.313599,-0.522217,-0.786377,0.610352,-0.732422,0.183106,sitting_seg1
360894,0.311279,-0.523071,-0.786011,0.610352,-0.854492,0.12207,sitting_seg1
360910,0.305298,-0.524536,-0.783569,0.488281,-0.488281,0.0,sitting_seg1
360927,0.301392,-0.524414,-0.785034,0.12207,0.610352,0.0,sitting_seg1
360944,0.311035,-0.523682,-0.787109,0.183106,0.732422,0.061035,sitting_seg1
360960,0.316162,-0.52417,-0.788086,0.244141,0.366211,0.061035,sitting_seg1
360977,0.314453,-0.522461,-0.787964,0.427246,-0.183106,-0.061035,sitting_seg1
360994,0.311523,-0.524658,-0.786377,0.549316,-0.366211,0.061035,sitting_seg1
361010,0.308716,-0.525024,-0.786621,0.488281,-0.244141,0.061035,sitting_seg1
361027,0.308838,-0.525757,-0.78418,0.549316,0.061035,0.0,sitting_seg1
361044,0.307007,-0.526123,-0.78418,0.366211,0.244141,0.061035,sitting_seg1
361060,0.307861,-0.525757,-0.78479,0.427246,0.305176,0.061035,sitting_seg1
361077,0.312378,-0.52771,-0.784912,0.549316,-0.305176,0.12207,sitting_seg1
361094,0.309937,-0.528076,-0.782837,0.427246,-0.305176,0.12207,sitting_seg1
361110,0.306274,-0.529663,-0.784058,0.244141,0.305176,0.061035,sitting_seg1
361127,0.306152,-0.528687,-0.782715,0.12207,0.610352,0.12207,sitting_seg1
361144,0.310181,-0.527222,-0.78418,0.0,0.671387,0.0,sitting_seg1
361161,0.312012,-0.523926,-0.784424,0.0,0.305176,0.061035,sitting_seg1
361177,0.311157,-0.523926,-0.785645,0.061035,0.183106,0.0,sitting_seg1
361194,0.312744,-0.524292,-0.788086,0.244141,-0.183106,0.12207,sitting_seg1
361211,0.311401,-0.524658,-0.786499,0.183106,0.0,0.12207,sitting_seg1
361227,0.30835,-0.525757,-0.786255,0.061035,0.427246,0.061035,sitting_seg1
361244,0.308716,-0.526367,-0.786133,0.061035,0.549316,0.12207,sitting_seg1
361261,0.312134,-0.525757,-0.785278,0.183106,0.061035,0.12207,sitting_seg1
361277,0.30957,-0.524414,-0.784668,0.183106,-0.305176,0.061035,sitting_seg1
361294,0.307739,-0.524414,-0.785522,0.183106,-0.305176,0.061035,sitting_seg1
361311,0.307617,-0.525391,-0.787964,0.183106,0.183106,0.061035,sitting_seg1
361327,0.309204,-0.525635,-0.787354,0.12207,0.488281,0.0,sitting_seg1
361344,0.312012,-0.523926,-0.785034,0.183106,0.488281,0.0,sitting_seg1
361361,0.314331,-0.522949,-0.784546,0.305176,0.183106,0.0,sitting_seg1
361377,0.314697,-0.52356,-0.785034,0.427246,-0.427246,-0.061035,sitting_seg1
361394,0.310425,-0.522705,-0.788086,0.488281,-0.549316,0.0,sitting_seg1
361411,0.308105,-0.52356,-0.789063,0.427246,-0.305176,0.0,sitting_seg1
361427,0.309204,-0.525024,-0.789307,0.183106,0.183106,0.0,sitting_seg1
361444,0.309326,-0.525635,-0.785278,0.061035,0.366211,0.061035,sitting_seg1
361461,0.312134,-0.526001,-0.783325,0.12207,0.244141,0.12207,sitting_seg1
361477,0.314331,-0.525269,-0.782837,0.183106,0.0,0.12207,sitting_seg1
361494,0.313599,-0.525635,-0.782837,0.244141,-0.305176,0.061035,sitting_seg1
361511,0.308228,-0.526611,-0.784424,0.244141,0.0,0.12207,sitting_seg1
361527,0.306885,-0.527344,-0.785522,0.183106,0.183106,0.12207,sitting_seg1
361544,0.308594,-0.525146,-0.787109,0.183106,0.549316,0.12207,sitting_seg1
361561,0.313232,-0.523682,-0.787231,0.366211,0.12207,0.12207,sitting_seg1
361577,0.311768,-0.523804,-0.787231,0.305176,0.0,0.12207,sitting_seg1
361594,0.310425,-0.523682,-0.786499,0.427246,-0.244141,0.061035,sitting_seg1
361611,0.310425,-0.524536,-0.785522,0.488281,-0.12207,0.061035,sitting_seg1
361627,0.30896,-0.523804,-0.786377,0.366211,0.305176,0.12207,sitting_seg1
361644,0.310669,-0.523193,-0.786865,0.305176,0.427246,0.12207,sitting_seg1
361661,0.312134,-0.520874,-0.786987,0.366211,0.305176,0.061035,sitting_seg1
361677,0.313354,-0.520508,-0.786011,0.610352,-0.183106,0.0,sitting_seg1
361694,0.31311,-0.523315,-0.784302,0.549316,-0.244141,0.0,sitting_seg1
361711,0.313354,-0.525635,-0.786377,0.427246,-0.183106,0.0,sitting_seg1
361728,0.310303,-0.526733,-0.788452,0.488281,-0.061035,0.061035,sitting_seg1
361744,0.30896,-0.525269,-0.790039,0.427246,0.183106,0.0,sitting_seg1
361761,0.309204,-0.523926,-0.78894,0.427246,0.244141,0.0,sitting_seg1
361778,0.310303,-0.524902,-0.785645,0.427246,0.061035,0.0,sitting_seg1
361794,0.312134,-0.526245,-0.782593,0.427246,0.061035,0.12207,sitting_seg1
361811,0.3125,-0.527344,-0.783325,0.488281,0.0,0.12207,sitting_seg1
361828,0.312744,-0.52832,-0.783447,0.427246,0.0,0.061035,sitting_seg1
361844,0.312378,-0.526489,-0.785522,0.427246,-0.183106,0.12207,sitting_seg1
361861,0.3125,-0.522827,-0.787109,0.427246,-0.244141,0.12207,sitting_seg1
361878,0.311401,-0.522827,-0.786621,0.366211,-0.244141,0.061035,sitting_seg1
361894,0.309326,-0.523682,-0.786133,0.305176,-0.061035,0.12207,sitting_seg1
361911,0.311279,-0.524536,-0.783813,0.244141,0.305176,0.061035,sitting_seg1
361928,0.311523,-0.524902,-0.783691,0.183106,0.305176,0.12207,sitting_seg1
361944,0.314941,-0.522705,-0.786377,0.183106,0.0,0.183106,sitting_seg1
361961,0.314697,-0.523438,-0.787598,0.244141,-0.488281,0.183106,sitting_seg1
361978,0.308472,-0.52356,-0.788452,0.244141,-0.366211,0.061035,sitting_seg1
361994,0.306641,-0.524658,-0.786987,0.183106,-0.12207,0.0,sitting_seg1
362011,0.307007,-0.525879,-0.786133,-0.061035,0.366211,-0.061035,sitting_seg1
362028,0.310425,-0.523926,-0.790405,-0.061035,0.366211,0.0,sitting_seg1
362044,0.312378,-0.524048,-0.790039,-0.061035,0.244141,0.061035,sitting_seg1
362061,0.315186,-0.524048,-0.789185,-0.061035,0.305176,0.244141,sitting_seg1
362078,0.316162,-0.523193,-0.781006,-0.305176,0.549316,0.366211,sitting_seg1
362094,0.315918,-0.522705,-0.778076,-0.427246,0.488281,0.427246,sitting_seg1
362111,0.316406,-0.525024,-0.778076,-0.427246,0.183106,0.549316,sitting_seg1
362128,0.310791,-0.526001,-0.784302,-0.488281,-0.061035,0.488281,sitting_seg1
362144,0.305786,-0.527954,-0.789551,-0.671387,0.244141,0.671387,sitting_seg1
362161,0.306641,-0.52771,-0.79126,-0.793457,0.549316,0.732422,sitting_seg1
362178,0.310913,-0.524536,-0.791138,-0.915528,0.610352,0.610352,sitting_seg1
362194,0.313599,-0.522217,-0.788452,-0.793457,0.12207,0.427246,sitting_seg1
362211,0.3125,-0.520508,-0.787231,-0.732422,-0.12207,0.427246,sitting_seg1
362228,0.306641,-0.517822,-0.786011,-0.549316,-0.366211,0.244141,sitting_seg1
362244,0.306274,-0.518433,-0.785278,-0.183106,-0.427246,0.061035,sitting_seg1
362261,0.308716,-0.520996,-0.784912,-0.061035,-0.366211,-0.061035,sitting_seg1
362278,0.31311,-0.520996,-0.786133,0.244141,-0.488281,-0.12207,sitting_seg1
362294,0.315186,-0.521729,-0.788208,0.549316,-0.915528,-0.244141,sitting_seg1
362311,0.312012,-0.521729,-0.789673,0.610352,-1.037598,-0.244141,sitting_seg1
362328,0.30957,-0.520752,-0.78894,0.549316,-0.793457,-0.305176,sitting_seg1
362345,0.308228,-0.518555,-0.786499,0.366211,-0.061035,-0.305176,sitting_seg1
362361,0.312378,-0.515747,-0.787109,0.427246,0.12207,-0.12207,sitting_seg1
362378,0.31543,-0.515503,-0.788696,0.427246,-0.488281,0.061035,sitting_seg1
362395,0.313721,-0.515869,-0.789185,0.427246,-0.549316,0.0,sitting_seg1
362411,0.308838,-0.519165,-0.789673,0.244141,-0.244141,0.183106,sitting_seg1
362428,0.310913,-0.520752,-0.790405,0.244141,0.061035,0.305176,sitting_seg1
362445,0.312622,-0.520508,-0.79187,0.427246,-0.183106,0.366211,sitting_seg1
362461,0.310425,-0.520386,-0.790771,0.305176,-0.488281,0.366211,sitting_seg1
362478,0.303101,-0.52063,-0.788574,0.061035,-0.183106,0.244141,sitting_seg1
362495,0.30603,-0.520386,-0.785156,0.12207,0.183106,0.244141,sitting_seg1
362511,0.308838,-0.521729,-0.784668,0.12207,0.244141,0.244141,sitting_seg1
362528,0.312622,-0.52356,-0.786987,0.183106,0.305176,0.244141,sitting_seg1
362545,0.312744,-0.522583,-0.789429,0.305176,-0.061035,0.183106,sitting_seg1
362561,0.312256,-0.522339,-0.789551,0.549316,-0.366211,0.12207,sitting_seg1
362578,0.307983,-0.52478,-0.786865,0.610352,-0.427246,-0.061035,sitting_seg1
362595,0.304932,-0.525635,-0.786133,0.488281,0.0,-0.183106,sitting_seg1
362611,0.303955,-0.525024,-0.786743,0.366211,0.610352,-0.244141,sitting_seg1
362628,0.308594,-0.521729,-0.789429,0.427246,0.549316,-0.244141,sitting_seg1
362645,0.31189,-0.520264,-0.790039,0.427246,0.305176,-0.183106,sitting_seg1
362661,0.31543,-0.521118,-0.787476,0.488281,-0.183106,-0.061035,sitting_seg1
362678,0.312988,-0.521973,-0.787109,0.488281,-0.305176,-0.061035,sitting_seg1
362695,0.308228,-0.522461,-0.787964,0.366211,-0.244141,0.0,sitting_seg1
362711,0.305908,-0.522217,-0.789551,0.061035,0.305176,0.0,sitting_seg1
362728,0.306885,-0.52002,-0.790161,0.0,0.488281,0.0,sitting_seg1
362745,0.313599,-0.519287,-0.789795,0.183106,0.244141,0.061035,sitting_seg1
362761,0.317139,-0.518921,-0.787231,0.366211,-0.244141,0.12207,sitting_seg1
362778,0.313354,-0.52002,-0.78772,0.488281,-0.610352,0.183106,sitting_seg1
362795,0.310425,-0.519775,-0.787964,0.549316,-0.488281,0.12207,sitting_seg1
362811,0.306519,-0.522095,-0.787964,0.366211,0.061035,0.061035,sitting_seg1
362828,0.308716,-0.52063,-0.787964,0.488281,0.366211,0.12207,sitting_seg1
362845,0.312866,-0.520996,-0.788086,0.549316,0.12207,0.12207,sitting_seg1
362861,0.309937,-0.519653,-0.788452,0.366211,-0.183106,0.061035,sitting_seg1
362878,0.310303,-0.519531,-0.787964,0.488281,-0.244141,0.12207,sitting_seg1
362895,0.309692,-0.519043,-0.789307,0.244141,0.12207,0.183106,sitting_seg1
362911,0.309448,-0.518555,-0.790771,0.244141,0.183106,0.12207,sitting_seg1
362928,0.30896,-0.520752,-0.793091,0.183106,0.183106,0.061035,sitting_seg1
362945,0.309326,-0.52124,-0.793213,0.12207,0.12207,0.061035,sitting_seg1
362962,0.309082,-0.522095,-0.791992,0.244141,0.0,0.061035,sitting_seg1
362978,0.310791,-0.522217,-0.788818,0.244141,0.12207,0.061035,sitting_seg1
362995,0.314575,-0.521118,-0.785889,0.488281,-0.183106,0.12207,sitting_seg1
363012,0.31311,-0.519165,-0.786011,0.671387,-0.671387,0.244141,sitting_seg1
363028,0.311401,-0.52063,-0.787109,0.732422,-0.793457,0.183106,sitting_seg1
363045,0.307861,-0.52417,-0.788574,0.854492,-0.610352,0.244141,sitting_seg1
363062,0.306519,-0.524902,-0.788208,0.610352,-0.12207,0.244141,sitting_seg1
363078,0.307251,-0.525757,-0.787598,0.549316,0.061035,0.183106,sitting_seg1
363095,0.309937,-0.524658,-0.785522,0.366211,0.061035,0.12207,sitting_seg1
363112,0.313232,-0.521118,-0.784546,0.427246,-0.366211,0.12207,sitting_seg1
363128,0.312012,-0.521973,-0.786255,0.366211,-0.549316,0.12207,sitting_seg1
363145,0.308472,-0.520752,-0.78772,0.244141,-0.488281,0.183106,sitting_seg1
363162,0.305908,-0.518921,-0.791138,0.12207,0.061035,0.183106,sitting_seg1
363178,0.310425,-0.516235,-0.792236,0.244141,-0.12207,0.305176,sitting_seg1
363195,0.313477,-0.51709,-0.791382,0.366211,-0.488281,0.366211,sitting_seg1
363212,0.312134,-0.519653,-0.791504,0.488281,-0.732422,0.305176,sitting_seg1
363228,0.30896,-0.520386,-0.78772,0.366211,-0.244141,0.183106,sitting_seg1
363245,0.306885,-0.520264,-0.786865,0.305176,0.061035,0.12207,sitting_seg1
363262,0.307129,-0.518799,-0.786621,0.244141,0.549316,0.12207,sitting_seg1
363278,0.307739,-0.518921,-0.78833,0.244141,0.854492,0.12207,sitting_seg1
363295,0.312744,-0.516357,-0.792358,0.671387,0.244141,0.12207,sitting_seg1
363312,0.31604,-0.517944,-0.79248,0.915528,-0.427246,0.12207,sitting_seg1
363328,0.309326,-0.522095,-0.789063,0.915528,-0.915528,0.061035,sitting_seg1
363345,0.30127,-0.524658,-0.784912,0.732422,-0.366211,0.0,sitting_seg1
363362,0.300781,-0.524536,-0.785156,0.610352,0.0,0.0,sitting_seg1
363378,0.303467,-0.524414,-0.788452,0.610352,0.366211,-0.061035,sitting_seg1
363395,0.308105,-0.522827,-0.790405,0.610352,0.244141,-0.061035,sitting_seg1
363412,0.310547,-0.522095,-0.790039,0.732422,-0.061035,-0.12207,sitting_seg1
363428,0.30957,-0.522095,-0.789551,0.793457,-0.183106,-0.183106,sitting_seg1
363445,0.306641,-0.522339,-0.78833,0.732422,0.061035,-0.183106,sitting_seg1
363462,0.307495,-0.521729,-0.789795,0.549316,0.732422,-0.183106,sitting_seg1
363478,0.309326,-0.520874,-0.790405,0.549316,0.854492,-0.12207,sitting_seg1
363495,0.315674,-0.52002,-0.790283,0.793457,0.244141,-0.183106,sitting_seg1
363512,0.314697,-0.52124,-0.786865,0.976563,-0.488281,-0.061035,sitting_seg1
363529,0.307251,-0.521606,-0.785645,0.793457,-0.244141,0.0,sitting_seg1
363545,0.306763,-0.522339,-0.785156,0.732422,0.061035,0.0,sitting_seg1
363562,0.307983,-0.524048,-0.786499,0.610352,0.488281,0.0,sitting_seg1
363579,0.307617,-0.522461,-0.78894,0.732422,0.671387,-0.061035,sitting_seg1
363595,0.308838,-0.521484,-0.791016,0.854492,0.732422,-0.12207,sitting_seg1
363612,0.313477,-0.520264,-0.789795,1.098633,0.305176,-0.12207,sitting_seg1
363629,0.315674,-0.521118,-0.785645,1.159668,-0.305176,-0.12207,sitting_seg1
363645,0.311523,-0.521729,-0.7854,1.037598,-0.244141,0.0,sitting_seg1
363662,0.308594,-0.522095,-0.785278,0.915528,0.0,-0.061035,sitting_seg1
363679,0.308838,-0.523438,-0.786743,0.793457,0.244141,0.061035,sitting_seg1
363695,0.312622,-0.527222,-0.788452,0.610352,-0.061035,0.061035,sitting_seg1
363712,0.312744,-0.52771,-0.78833,0.549316,-0.366211,0.12207,sitting_seg1
363729,0.307983,-0.528564,-0.786987,0.305176,-0.061035,0.12207,sitting_seg1
363745,0.306152,-0.526489,-0.783203,0.12207,0.366211,0.061035,sitting_seg1
363762,0.307007,-0.525879,-0.783203,0.12207,0.549316,0.0,sitting_seg1
363779,0.30835,-0.525635,-0.78479,0.366211,0.610352,0.0,sitting_seg1
363795,0.311523,-0.525024,-0.787231,0.366211,0.549316,-0.061035,sitting_seg1
363812,0.312622,-0.521118,-0.785889,0.488281,0.061035,-0.061035,sitting_seg1
363829,0.313599,-0.520752,-0.786133,0.549316,0.0,0.0,sitting_seg1
363845,0.312988,-0.520386,-0.786865,0.671387,0.0,0.061035,sitting_seg1
363862,0.310791,-0.521606,-0.787354,0.549316,0.183106,0.0,sitting_seg1
363879,0.309326,-0.522095,-0.78833,0.549316,0.366211,-0.12207,sitting_seg1
363895,0.310669,-0.520752,-0.786987,0.732422,0.427246,-0.183106,sitting_seg1
363912,0.31604,-0.518433,-0.786865,1.098633,-0.244141,-0.12207,sitting_seg1
363929,0.313599,-0.521118,-0.787598,1.220703,-0.488281,-0.12207,sitting_seg1
363945,0.310181,-0.522217,-0.78772,1.098633,-0.366211,-0.12207,sitting_seg1
363962,0.308716,-0.521973,-0.789795,1.037598,0.183106,-0.12207,sitting_seg1
363979,0.312134,-0.525391,-0.786865,0.854492,0.244141,-0.12207,sitting_seg1
363995,0.314575,-0.525024,-0.78479,0.976563,0.061035,-0.12207,sitting_seg1
364012,0.313599,-0.527344,-0.782349,0.976563,-0.366211,0.0,sitting_seg1
364029,0.311401,-0.526978,-0.784058,0.915528,-0.427246,0.061035,sitting_seg1
364045,0.309326,-0.528809,-0.784668,0.793457,-0.183106,0.12207,sitting_seg1
364062,0.308105,-0.528687,-0.78479,0.610352,0.0,0.12207,sitting_seg1
364079,0.307983,-0.528687,-0.785034,0.488281,0.305176,0.244141,sitting_seg1
364095,0.310303,-0.529419,-0.783081,0.488281,-0.12207,0.244141,sitting_seg1
364112,0.311401,-0.529175,-0.782471,0.427246,-0.244141,0.183106,sitting_seg1
364129,0.311646,-0.526489,-0.784302,0.366211,-0.427246,0.12207,sitting_seg1
364146,0.311279,-0.522827,-0.785156,0.244141,-0.12207,0.12207,sitting_seg1
364162,0.312988,-0.522095,-0.785889,0.12207,0.12207,0.12207,sitting_seg1
364179,0.314453,-0.52124,-0.786133,0.12207,0.0,0.12207,sitting_seg1
364196,0.315186,-0.523438,-0.785767,0.0,-0.061035,0.183106,sitting_seg1
364212,0.31543,-0.523682,-0.78418,0.061035,-0.366211,0.244141,sitting_seg1
364229,0.314697,-0.523926,-0.785156,0.061035,-0.366211,0.244141,sitting_seg1
364246,0.312256,-0.522339,-0.788208,0.061035,-0.366211,0.244141,sitting_seg1
364262,0.309326,-0.52356,-0.789307,0.12207,-0.12207,0.183106,sitting_seg1
364279,0.307373,-0.524048,-0.789429,0.061035,-0.061035,0.183106,sitting_seg1
364296,0.304199,-0.52124,-0.790649,0.549316,-0.061035,0.183106,sitting_seg1
364312,0.311768,-0.527832,-0.788452,0.793457,-0.549316,0.061035,sitting_seg1
364329,0.312012,-0.525879,-0.783447,0.427246,-0.976563,-0.061035,sitting_seg1
364346,0.307007,-0.52356,-0.781982,0.671387,-1.159668,-0.12207,sitting_seg1
364362,0.301636,-0.528076,-0.777222,0.0,-0.183106,0.183106,sitting_seg1
364379,0.311646,-0.528564,-0.776367,-0.427246,0.12207,0.183106,sitting_seg1
364396,0.315674,-0.530273,-0.777832,-0.610352,0.061035,0.244141,sitting_seg1
364412,0.314941,-0.528198,-0.781738,-0.976563,-0.671387,0.183106,sitting_seg1
364429,0.302979,-0.525879,-0.788696,-1.403809,-0.305176,-0.061035,sitting_seg1
364446,0.297119,-0.525146,-0.793091,-1.77002,0.671387,-0.061035,sitting_seg1
364462,0.298462,-0.52356,-0.793457,-1.89209,1.159668,-0.061035,sitting_seg1
364479,0.311523,-0.517212,-0.790771,-1.403809,1.220703,-0.061035,sitting_seg1
364496,0.320068,-0.516602,-0.790649,-0.610352,0.366211,-0.12207,sitting_seg1
364512,0.318481,-0.516113,-0.790771,-0.305176,0.0,-0.305176,sitting_seg1
364529,0.311768,-0.515747,-0.792236,0.12207,0.061035,-0.610352,sitting_seg1
364546,0.309448,-0.516235,-0.789673,0.244141,0.610352,-0.671387,sitting_seg1
364562,0.313843,-0.51709,-0.78772,0.427246,0.915528,-0.366211,sitting_seg1
364579,0.318848,-0.518921,-0.788208,0.427246,0.671387,-0.244141,sitting_seg1
364596,0.320923,-0.516602,-0.790771,0.488281,-0.183106,-0.061035,sitting_seg1
364612,0.315308,-0.518311,-0.790649,0.793457,-0.854492,0.12207,sitting_seg1
364629,0.311523,-0.520386,-0.789673,0.732422,-0.854492,0.183106,sitting_seg1
364646,0.305298,-0.523193,-0.785278,0.549316,-0.244141,0.183106,sitting_seg1
364662,0.30481,-0.525513,-0.782593,0.244141,0.366211,0.366211,sitting_seg1
364679,0.312256,-0.526123,-0.788086,0.427246,0.244141,0.549316,sitting_seg1
364696,0.314209,-0.526245,-0.789429,0.427246,-0.061035,0.488281,sitting_seg1
364712,0.312866,-0.52002,-0.78894,0.549316,-0.427246,0.305176,sitting_seg1
364729,0.309082,-0.520142,-0.787109,0.732422,-0.366211,0.183106,sitting_seg1
364746,0.308716,-0.522095,-0.78772,0.732422,-0.244141,0.183106,sitting_seg1
364763,0.310913,-0.525391,-0.788818,0.610352,0.061035,0.244141,sitting_seg1
364779,0.312256,-0.523193,-0.788452,0.427246,-0.061035,0.305176,sitting_seg1
364796,0.313843,-0.520752,-0.78833,0.488281,-0.549316,0.366211,sitting_seg1
364813,0.311401,-0.521118,-0.787964,0.305176,-1.220703,0.305176,sitting_seg1
364829,0.300171,-0.522461,-0.78772,0.0,-0.854492,0.061035,sitting_seg1
364846,0.29895,-0.525024,-0.788086,-0.366211,0.183106,-0.183106,sitting_seg1
364863,0.30127,-0.528442,-0.786011,-0.549316,0.732422,-0.305176,sitting_seg1
364879,0.311035,-0.524536,-0.7854,-0.671387,1.098633,-0.305176,sitting_seg1
364896,0.32251,-0.515869,-0.787231,-0.305176,0.183106,-0.183106,sitting_seg1
364913,0.324707,-0.510986,-0.790161,0.0,-0.610352,-0.061035,sitting_seg1
364929,0.318359,-0.51062,-0.79248,0.610352,-1.342773,-0.12207,sitting_seg1
364946,0.309937,-0.518311,-0.790527,0.671387,-0.793457,-0.183106,sitting_seg1
364963,0.308594,-0.521362,-0.789673,0.671387,-0.12207,-0.183106,sitting_seg1
364979,0.310547,-0.520752,-0.789063,0.671387,-0.061035,-0.12207,sitting_seg1
364996,0.310791,-0.520752,-0.788452,0.610352,-0.244141,-0.061035,sitting_seg1
365013,0.307129,-0.517334,-0.786743,0.366211,-0.305176,-0.12207,sitting_seg1
365029,0.30542,-0.515869,-0.786621,0.305176,-0.061035,-0.12207,sitting_seg1
365046,0.305786,-0.517822,-0.789795,0.244141,0.12207,-0.061035,sitting_seg1
365063,0.307861,-0.520874,-0.792358,0.183106,0.183106,-0.12207,sitting_seg1
365079,0.307373,-0.524658,-0.793091,0.0,0.427246,-0.12207,sitting_seg1
365096,0.307007,-0.523926,-0.79248,-0.183106,0.549316,-0.061035,sitting_seg1
365113,0.310303,-0.522339,-0.790161,-0.366211,0.976563,0.061035,sitting_seg1
365129,0.311768,-0.520874,-0.788452,-0.244141,1.037598,0.061035,sitting_seg1
365146,0.313965,-0.519653,-0.78772,-0.12207,0.854492,0.061035,sitting_seg1
365163,0.31604,-0.520508,-0.787231,0.12207,0.183106,-0.061035,sitting_seg1
365179,0.310425,-0.523804,-0.788818,0.183106,0.0,-0.061035,sitting_seg1
365196,0.306519,-0.522949,-0.790894,-0.061035,0.549316,-0.12207,sitting_seg1
365213,0.308716,-0.521118,-0.790527,0.061035,0.793457,-0.12207,sitting_seg1
365229,0.316895,-0.516357,-0.789917,0.305176,0.488281,0.061035,sitting_seg1
365246,0.321289,-0.515625,-0.787354,0.610352,-0.366211,0.183106,sitting_seg1
365263,0.321167,-0.517578,-0.788452,0.732422,-0.793457,0.183106,sitting_seg1
365279,0.314331,-0.517822,-0.791504,0.854492,-1.281738,0.244141,sitting_seg1
365296,0.307861,-0.519653,-0.793579,0.915528,-1.037598,0.305176,sitting_seg1
365313,0.307251,-0.519531,-0.792847,0.732422,-0.549316,0.366211,sitting_seg1
365330,0.305542,-0.522095,-0.787964,0.549316,-0.305176,0.244141,sitting_seg1
365346,0.307739,-0.520874,-0.781006,0.183106,0.12207,0.0,sitting_seg1
365363,0.313843,-0.52063,-0.779541,0.061035,0.0,0.061035,sitting_seg1
365380,0.315552,-0.521362,-0.783203,-0.061035,-0.183106,0.12207,sitting_seg1
365396,0.310913,-0.522461,-0.792114,-0.305176,-0.244141,0.183106,sitting_seg1
365413,0.306274,-0.521484,-0.793457,-0.671387,0.244141,0.305176,sitting_seg1
365430,0.304932,-0.520996,-0.791382,-0.915528,0.549316,0.427246,sitting_seg1
365446,0.311401,-0.519287,-0.784302,-1.159668,0.793457,0.610352,sitting_seg1
365463,0.311646,-0.518311,-0.782959,-1.281738,0.549316,0.610352,sitting_seg1
365480,0.309692,-0.518311,-0.788696,-1.220703,0.488281,0.488281,sitting_seg1
365496,0.30957,-0.517578,-0.791382,-1.037598,0.488281,0.427246,sitting_seg1
365513,0.311401,-0.515015,-0.798584,-0.610352,0.427246,0.366211,sitting_seg1
365530,0.313599,-0.513916,-0.800659,-0.12207,0.366211,0.305176,sitting_seg1
365546,0.314941,-0.510864,-0.798218,0.061035,0.12207,0.244141,sitting_seg1
365563,0.315063,-0.508057,-0.792969,0.427246,-0.488281,0.183106,sitting_seg1
365580,0.311035,-0.511353,-0.790771,0.793457,-0.671387,0.183106,sitting_seg1
365596,0.312012,-0.516968,-0.791504,1.159668,-1.159668,0.183106,sitting_seg1
365613,0.309082,-0.518799,-0.791382,1.098633,-1.281738,0.244141,sitting_seg1
365630,0.307739,-0.520508,-0.792603,1.037598,-1.159668,0.183106,sitting_seg1
365646,0.305176,-0.521484,-0.790649,0.610352,-0.610352,0.12207,sitting_seg1
365663,0.305786,-0.521362,-0.788086,0.549316,-0.305176,0.061035,sitting_seg1
365680,0.308228,-0.522339,-0.78479,0.305176,0.061035,0.061035,sitting_seg1
365696,0.312012,-0.520264,-0.784546,0.244141,-0.061035,0.061035,sitting_seg1
365713,0.312256,-0.518311,-0.788208,0.244141,-0.488281,0.0,sitting_seg1
365730,0.309692,-0.518066,-0.790405,0.244141,-0.549316,0.0,sitting_seg1
365746,0.305786,-0.516602,-0.793091,0.305176,-0.427246,-0.12207,sitting_seg1
365763,0.306274,-0.517456,-0.793091,0.183106,-0.061035,-0.061035,sitting_seg1
365780,0.308228,-0.515137,-0.791992,0.244141,0.061035,-0.061035,sitting_seg1
365796,0.311646,-0.512451,-0.791016,0.305176,0.12207,-0.061035,sitting_seg1
365813,0.315796,-0.508789,-0.793701,0.427246,-0.183106,0.12207,sitting_seg1
365830,0.316162,-0.509888,-0.794189,0.427246,-0.488281,0.183106,sitting_seg1
365846,0.310547,-0.513672,-0.794189,0.366211,-0.427246,0.12207,sitting_seg1
365863,0.305298,-0.517944,-0.793213,0.305176,0.0,0.12207,sitting_seg1
365880,0.307617,-0.520874,-0.790405,0.305176,-0.061035,0.183106,sitting_seg1
365896,0.307739,-0.522583,-0.790283,0.244141,-0.12207,0.12207,sitting_seg1
365913,0.306641,-0.522339,-0.791016,-0.061035,-0.305176,0.183106,sitting_seg1
365930,0.306152,-0.520752,-0.790283,-0.183106,-0.366211,0.183106,sitting_seg1
365947,0.306396,-0.519897,-0.789795,-0.183106,-0.244141,0.12207,sitting_seg1
365963,0.307007,-0.519287,-0.78833,-0.12207,0.244141,0.12207,sitting_seg1
365980,0.308716,-0.518311,-0.788818,-0.061035,0.427246,0.061035,sitting_seg1
365997,0.311523,-0.517578,-0.791382,0.061035,0.366211,0.12207,sitting_seg1
366013,0.31189,-0.515991,-0.791626,0.183106,0.12207,0.12207,sitting_seg1
366030,0.311523,-0.515503,-0.791138,0.366211,0.183106,0.061035,sitting_seg1
366047,0.30957,-0.517822,-0.791016,0.427246,0.12207,0.061035,sitting_seg1
366063,0.308105,-0.518677,-0.790894,0.366211,0.12207,-0.061035,sitting_seg1
366080,0.305542,-0.517334,-0.788086,0.244141,0.244141,-0.244141,sitting_seg1
366097,0.30896,-0.515747,-0.787476,0.244141,0.12207,-0.305176,sitting_seg1
366113,0.311279,-0.514771,-0.791016,0.244141,-0.305176,-0.305176,sitting_seg1
366130,0.311768,-0.512573,-0.795654,0.305176,-0.610352,-0.305176,sitting_seg1
366147,0.308716,-0.510742,-0.802368,0.549316,-0.732422,-0.12207,sitting_seg1
366163,0.30835,-0.509277,-0.801147,0.610352,-0.610352,0.061035,sitting_seg1
366180,0.307983,-0.509033,-0.797607,0.488281,-0.366211,0.061035,sitting_seg1
366197,0.309326,-0.509277,-0.790405,0.366211,0.183106,0.12207,sitting_seg1
366213,0.312744,-0.516235,-0.787354,0.12207,0.427246,0.305176,sitting_seg1
366230,0.313599,-0.52124,-0.78772,0.061035,0.12207,0.244141,sitting_seg1
366247,0.312012,-0.524048,-0.788696,0.0,-0.061035,0.244141,sitting_seg1
366263,0.307251,-0.52417,-0.789063,-0.12207,-0.061035,0.244141,sitting_seg1
366280,0.304321,-0.52124,-0.792847,-0.12207,0.244141,0.183106,sitting_seg1
366297,0.305908,-0.520142,-0.793823,0.061035,0.305176,0.12207,sitting_seg1
366313,0.305786,-0.518311,-0.791504,0.244141,0.244141,-0.12207,sitting_seg1
366330,0.308105,-0.5177,-0.791626,0.549316,-0.183106,-0.183106,sitting_seg1
366347,0.307617,-0.516724,-0.790527,0.610352,-0.366211,-0.183106,sitting_seg1
366363,0.307861,-0.515381,-0.791992,0.610352,-0.488281,-0.12207,sitting_seg1
366380,0.306152,-0.513916,-0.795044,0.488281,-0.366211,-0.183106,sitting_seg1
366397,0.309937,-0.511963,-0.795532,0.671387,-0.366211,-0.183106,sitting_seg1
366413,0.309692,-0.511963,-0.792847,0.610352,-0.244141,-0.183106,sitting_seg1
366430,0.309814,-0.515015,-0.792114,0.671387,-0.061035,-0.244141,sitting_seg1
366447,0.308594,-0.514771,-0.793579,0.488281,0.183106,-0.305176,sitting_seg1
366463,0.30957,-0.512695,-0.793579,0.488281,0.183106,-0.305176,sitting_seg1
366480,0.308838,-0.512207,-0.795288,0.366211,0.12207,-0.305176,sitting_seg1
366497,0.311157,-0.511719,-0.796387,0.549316,0.0,-0.183106,sitting_seg1
366514,0.311523,-0.514404,-0.79126,0.671387,-0.12207,-0.183106,sitting_seg1
366530,0.30957,-0.518799,-0.787354,0.610352,0.0,-0.244141,sitting_seg1
366547,0.307129,-0.523804,-0.782837,0.488281,0.244141,-0.183106,sitting_seg1
366564,0.313477,-0.525146,-0.783325,0.305176,0.183106,0.0,sitting_seg1
366580,0.317139,-0.520874,-0.786621,0.244141,-0.366211,0.12207,sitting_seg1
366597,0.314331,-0.514038,-0.797974,0.610352,-1.342773,0.183106,sitting_seg1
366614,0.305176,-0.510376,-0.80188,0.793457,-1.64795,0.12207,sitting_seg1
366630,0.29895,-0.514404,-0.800903,0.854492,-0.732422,0.244141,sitting_seg1
366647,0.302124,-0.516113,-0.797607,0.488281,-0.12207,0.183106,sitting_seg1
366664,0.310669,-0.516602,-0.790283,0.305176,0.488281,0.366211,sitting_seg1
366680,0.319214,-0.518433,-0.783936,0.183106,0.12207,0.488281,sitting_seg1
366697,0.319946,-0.516357,-0.782593,0.244141,-0.305176,0.549316,sitting_seg1
366714,0.314941,-0.516235,-0.786621,0.366211,-0.976563,0.488281,sitting_seg1
366730,0.306152,-0.518188,-0.795776,0.671387,-1.281738,0.427246,sitting_seg1
366747,0.299927,-0.517578,-0.798706,0.793457,-0.976563,0.366211,sitting_seg1
366764,0.297852,-0.516602,-0.798828,0.732422,-0.610352,0.366211,sitting_seg1
366780,0.30249,-0.516479,-0.794678,0.915528,-0.244141,0.427246,sitting_seg1
366797,0.306519,-0.518433,-0.789673,1.037598,-0.488281,0.488281,sitting_seg1
366814,0.308838,-0.518799,-0.78833,1.098633,-0.854492,0.488281,sitting_seg1
366830,0.308105,-0.521118,-0.78894,1.159668,-1.281738,0.427246,sitting_seg1
366847,0.303589,-0.52002,-0.789429,1.037598,-1.159668,0.244141,sitting_seg1
366864,0.301514,-0.519531,-0.791504,0.732422,-0.549316,0.061035,sitting_seg1
366880,0.301636,-0.518555,-0.792603,0.488281,-0.12207,0.0,sitting_seg1
366897,0.305542,-0.514771,-0.791748,0.366211,0.061035,-0.061035,sitting_seg1
366914,0.305908,-0.514038,-0.793457,0.183106,0.305176,-0.183106,sitting_seg1
366930,0.306396,-0.513306,-0.794189,0.244141,0.244141,-0.244141,sitting_seg1
366947,0.307251,-0.514771,-0.796387,0.488281,0.12207,-0.244141,sitting_seg1
366964,0.307495,-0.51355,-0.798584,0.732422,-0.183106,-0.183106,sitting_seg1
366980,0.305542,-0.515137,-0.796265,0.854492,-0.427246,-0.061035,sitting_seg1
366997,0.302002,-0.518555,-0.79248,0.610352,-0.061035,-0.061035,sitting_seg1
367014,0.30127,-0.519287,-0.790649,0.488281,0.488281,0.061035,sitting_seg1
367030,0.30957,-0.517822,-0.790405,0.549316,0.305176,0.061035,sitting_seg1
367047,0.311768,-0.518799,-0.789673,0.610352,0.0,0.061035,sitting_seg1
367064,0.309082,-0.520264,-0.788574,0.610352,-0.366211,-0.061035,sitting_seg1
367080,0.304565,-0.520752,-0.789673,0.549316,0.0,-0.12207,sitting_seg1
367097,0.303467,-0.520264,-0.790161,0.488281,0.305176,-0.183106,sitting_seg1
367114,0.304199,-0.517578,-0.791382,0.366211,0.671387,-0.305176,sitting_seg1
367131,0.308228,-0.516357,-0.792358,0.610352,0.427246,-0.366211,sitting_seg1
367147,0.310181,-0.519653,-0.791504,0.671387,0.061035,-0.305176,sitting_seg1
367164,0.308594,-0.519165,-0.790894,0.671387,0.0,-0.244141,sitting_seg1
367181,0.306885,-0.519531,-0.791138,0.671387,-0.061035,-0.183106,sitting_seg1
367197,0.303223,-0.516968,-0.792725,0.549316,0.244141,-0.061035,sitting_seg1
367214,0.304077,-0.517212,-0.793823,0.671387,0.183106,-0.061035,sitting_seg1
367231,0.306519,-0.516113,-0.795166,0.793457,-0.12207,0.061035,sitting_seg1
367247,0.307617,-0.517212,-0.794556,1.037598,-0.427246,0.061035,sitting_seg1
367264,0.306396,-0.518311,-0.793091,1.159668,-0.305176,-0.12207,sitting_seg1
367281,0.305908,-0.519409,-0.79126,1.098633,-0.12207,-0.183106,sitting_seg1
367297,0.305542,-0.519043,-0.788818,0.915528,0.427246,-0.244141,sitting_seg1
367314,0.309204,-0.517944,-0.787964,0.732422,0.549316,-0.244141,sitting_seg1
367331,0.311401,-0.517456,-0.789185,0.793457,0.366211,-0.183106,sitting_seg1
367347,0.312378,-0.519653,-0.791016,0.915528,-0.183106,-0.12207,sitting_seg1
367364,0.308228,-0.521362,-0.789185,0.610352,-0.183106,-0.061035,sitting_seg1
367381,0.303223,-0.524292,-0.789185,0.183106,0.305176,0.0,sitting_seg1
367397,0.303467,-0.524414,-0.789917,0.0,0.488281,0.0,sitting_seg1
367414,0.30542,-0.522949,-0.78833,-0.183106,0.732422,0.061035,sitting_seg1
367431,0.307617,-0.521851,-0.78894,-0.244141,0.549316,0.0,sitting_seg1
367447,0.308594,-0.520386,-0.788818,-0.12207,0.366211,-0.061035,sitting_seg1
367464,0.307251,-0.519531,-0.790649,0.061035,0.427246,-0.12207,sitting_seg1
367481,0.308716,-0.516968,-0.793579,0.305176,0.488281,-0.061035,sitting_seg1
367497,0.30835,-0.515259,-0.793457,0.366211,0.427246,0.0,sitting_seg1
367514,0.311035,-0.514648,-0.79541,0.610352,0.244141,0.0,sitting_seg1
367531,0.3125,-0.513184,-0.795044,0.915528,-0.244141,0.061035,sitting_seg1
367547,0.312134,-0.517578,-0.789795,1.159668,-0.610352,0.0,sitting_seg1
367564,0.30957,-0.518799,-0.788574,1.159668,-0.671387,0.0,sitting_seg1
367581,0.30603,-0.520264,-0.790161,1.159668,-0.488281,0.061035,sitting_seg1
367597,0.303467,-0.517212,-0.789917,1.098633,-0.061035,0.061035,sitting_seg1
367614,0.306396,-0.516479,-0.790283,1.220703,-0.183106,0.12207,sitting_seg1
367631,0.310303,-0.520996,-0.790283,1.159668,-0.427246,0.183106,sitting_seg1
367647,0.305908,-0.520386,-0.790283,0.976563,-0.366211,0.12207,sitting_seg1
367664,0.306152,-0.520874,-0.789917,0.671387,0.12207,0.183106,sitting_seg1
367681,0.306519,-0.520264,-0.790161,0.671387,0.061035,0.244141,sitting_seg1
367698,0.308594,-0.522461,-0.788696,0.549316,0.0,0.244141,sitting_seg1
367714,0.308105,-0.522827,-0.788208,0.244141,0.12207,0.244141,sitting_seg1
367731,0.307495,-0.521362,-0.787476,0.183106,0.244141,0.305176,sitting_seg1
367748,0.309326,-0.52063,-0.789551,0.366211,0.12207,0.244141,sitting_seg1
367764,0.306152,-0.522461,-0.790649,0.244141,0.183106,0.183106,sitting_seg1
367781,0.305054,-0.521362,-0.789063,0.366211,-0.061035,0.244141,sitting_seg1
367798,0.307373,-0.521362,-0.78894,0.366211,-0.12207,0.305176,sitting_seg1
367814,0.30835,-0.52124,-0.789917,0.427246,-0.12207,0.183106,sitting_seg1
367831,0.30542,-0.521362,-0.789917,0.366211,-0.061035,0.12207,sitting_seg1
367848,0.304321,-0.521851,-0.789917,0.366211,0.183106,0.0,sitting_seg1
367864,0.307739,-0.519531,-0.788818,0.427246,0.183106,0.0,sitting_seg1
367881,0.311401,-0.518188,-0.787842,0.488281,0.0,0.0,sitting_seg1
367898,0.310913,-0.517944,-0.787842,0.427246,-0.183106,0.0,sitting_seg1
367914,0.310059,-0.518066,-0.78894,0.427246,-0.183106,0.0,sitting_seg1
367931,0.310303,-0.519775,-0.790161,0.366211,-0.061035,0.0,sitting_seg1
367948,0.306396,-0.519287,-0.790649,0.183106,0.183106,0.061035,sitting_seg1
367964,0.305908,-0.519287,-0.790527,0.12207,0.305176,0.0,sitting_seg1
367981,0.307617,-0.520752,-0.789429,0.061035,0.305176,0.061035,sitting_seg1
367998,0.307007,-0.521484,-0.787842,0.0,0.061035,0.0,sitting_seg1
368014,0.306152,-0.521851,-0.787476,-0.061035,0.061035,0.12207,sitting_seg1
368031,0.307495,-0.520996,-0.790527,0.0,0.12207,0.183106,sitting_seg1
368048,0.307373,-0.519653,-0.793457,0.061035,0.0,0.244141,sitting_seg1
368064,0.307251,-0.520264,-0.794067,0.12207,-0.061035,0.183106,sitting_seg1
368081,0.307861,-0.520142,-0.791626,0.12207,0.0,0.183106,sitting_seg1
368098,0.307617,-0.520996,-0.789185,0.0,0.061035,0.12207,sitting_seg1
368114,0.308594,-0.518677,-0.788818,0.0,0.12207,0.12207,sitting_seg1
368131,0.310669,-0.517212,-0.788574,0.12207,0.061035,0.061035,sitting_seg1
368148,0.309937,-0.519775,-0.790527,0.427246,-0.244141,0.061035,sitting_seg1
368164,0.307739,-0.521973,-0.790405,0.366211,-0.244141,0.0,sitting_seg1
368181,0.30542,-0.521484,-0.789551,0.427246,-0.305176,0.061035,sitting_seg1
368198,0.305786,-0.521118,-0.789673,0.366211,-0.244141,0.061035,sitting_seg1
368214,0.305054,-0.520264,-0.789063,0.244141,-0.12207,0.12207,sitting_seg1
368231,0.304688,-0.520264,-0.788818,0.061035,0.183106,0.12207,sitting_seg1
368248,0.305664,-0.52002,-0.788452,0.061035,0.244141,0.12207,sitting_seg1
368264,0.310669,-0.521484,-0.788086,0.061035,0.12207,0.183106,sitting_seg1
368281,0.311401,-0.518066,-0.790527,0.12207,-0.061035,0.061035,sitting_seg1
368298,0.308716,-0.516357,-0.792358,0.12207,-0.183106,0.061035,sitting_seg1
368315,0.307983,-0.514893,-0.792603,0.12207,-0.12207,0.061035,sitting_seg1
368331,0.307495,-0.514404,-0.793701,0.183106,0.061035,0.183106,sitting_seg1
368348,0.310425,-0.515503,-0.793701,0.12207,0.0,0.12207,sitting_seg1
368365,0.309937,-0.516602,-0.793213,0.183106,-0.12207,0.183106,sitting_seg1
368381,0.30896,-0.518433,-0.791016,0.244141,-0.366211,0.12207,sitting_seg1
368398,0.306763,-0.520142,-0.790649,0.244141,-0.12207,0.183106,sitting_seg1
368415,0.304443,-0.521484,-0.789673,0.061035,0.0,0.244141,sitting_seg1
368431,0.303589,-0.521118,-0.790161,0.0,0.061035,0.244141,sitting_seg1
368448,0.306641,-0.519775,-0.790405,0.12207,-0.061035,0.244141,sitting_seg1
368465,0.307739,-0.520874,-0.789917,0.244141,-0.183106,0.244141,sitting_seg1
368481,0.308228,-0.52124,-0.789917,0.244141,-0.244141,0.183106,sitting_seg1
368498,0.304565,-0.520264,-0.790894,0.183106,0.0,0.183106,sitting_seg1
368515,0.307251,-0.52002,-0.790039,0.183106,0.244141,0.12207,sitting_seg1
368531,0.306885,-0.519653,-0.790405,0.0,0.427246,0.061035,sitting_seg1
368548,0.310547,-0.517578,-0.790283,0.061035,0.244141,0.183106,sitting_seg1
368565,0.313721,-0.516479,-0.791382,0.244141,-0.244141,0.183106,sitting_seg1
368581,0.309082,-0.517456,-0.794067,0.366211,-0.732422,0.183106,sitting_seg1
368598,0.30481,-0.516968,-0.794678,0.366211,-0.549316,0.183106,sitting_seg1
368615,0.30188,-0.515625,-0.794434,0.244141,0.061035,0.183106,sitting_seg1
368631,0.30542,-0.515625,-0.793335,0.244141,0.366211,0.183106,sitting_seg1
368648,0.308228,-0.516113,-0.791016,0.244141,0.366211,0.183106,sitting_seg1
368665,0.310913,-0.517212,-0.789063,0.305176,-0.183106,0.183106,sitting_seg1
368681,0.307373,-0.519287,-0.78894,0.183106,-0.366211,0.12207,sitting_seg1
368698,0.30249,-0.520752,-0.79187,-0.061035,0.244141,0.12207,sitting_seg1
368715,0.302979,-0.520264,-0.79248,-0.061035,0.610352,0.12207,sitting_seg1
368731,0.307129,-0.519043,-0.792847,-0.061035,0.732422,0.183106,sitting_seg1
368748,0.311768,-0.519531,-0.79187,0.183106,0.0,0.12207,sitting_seg1
368765,0.311401,-0.520142,-0.791626,0.183106,-0.305176,0.12207,sitting_seg1
368781,0.30603,-0.5177,-0.795532,0.305176,-0.488281,0.12207,sitting_seg1
368798,0.302856,-0.514038,-0.798218,0.488281,-0.12207,0.12207,sitting_seg1
368815,0.306519,-0.51416,-0.79541,0.671387,0.244141,0.12207,sitting_seg1
368831,0.310059,-0.514038,-0.79248,0.793457,0.061035,0.183106,sitting_seg1
368848,0.313599,-0.518799,-0.787842,0.793457,-0.549316,0.183106,sitting_seg1
368865,0.309082,-0.52063,-0.787109,0.671387,-0.793457,0.061035,sitting_seg1
368881,0.305664,-0.521118,-0.788574,0.488281,-0.610352,0.0,sitting_seg1
368898,0.30127,-0.521729,-0.791138,0.061035,0.183106,0.061035,sitting_seg1
368915,0.303955,-0.520386,-0.79126,-0.061035,0.610352,0.0,sitting_seg1
368932,0.307495,-0.52124,-0.78833,-0.12207,0.488281,0.0,sitting_seg1
368948,0.308105,-0.521851,-0.787354,-0.061035,0.305176,0.0,sitting_seg1
368965,0.308105,-0.52063,-0.788086,-0.183106,0.183106,0.0,sitting_seg1
368982,0.30835,-0.517578,-0.79126,-0.244141,0.183106,0.061035,sitting_seg1
368998,0.307373,-0.516357,-0.793091,-0.183106,0.183106,0.12207,sitting_seg1
369015,0.307861,-0.51416,-0.796631,-0.061035,0.183106,0.244141,sitting_seg1
369032,0.310791,-0.513672,-0.794556,0.061035,-0.12207,0.244141,sitting_seg1
369048,0.309692,-0.513916,-0.794189,0.061035,-0.305176,0.244141,sitting_seg1
369065,0.30896,-0.513428,-0.794312,0.183106,-0.427246,0.244141,sitting_seg1
369082,0.307495,-0.513306,-0.796387,0.12207,-0.549316,0.183106,sitting_seg1
369098,0.302612,-0.515015,-0.795044,0.183106,-0.305176,0.183106,sitting_seg1
369115,0.302612,-0.515625,-0.794067,0.12207,0.0,0.12207,sitting_seg1
369132,0.306274,-0.515381,-0.79248,0.183106,0.427246,0.12207,sitting_seg1
369148,0.311401,-0.516235,-0.78894,0.366211,0.061035,0.12207,sitting_seg1
369165,0.310791,-0.517456,-0.78894,0.427246,-0.12207,0.12207,sitting_seg1
369182,0.306274,-0.519775,-0.791382,0.427246,-0.183106,0.061035,sitting_seg1
369198,0.303345,-0.520142,-0.792114,0.488281,0.061035,0.0,sitting_seg1
369215,0.305054,-0.519531,-0.792236,0.488281,0.305176,0.061035,sitting_seg1
369232,0.307129,-0.519653,-0.792358,0.488281,0.305176,0.061035,sitting_seg1
369248,0.30896,-0.518433,-0.793457,0.549316,0.12207,0.12207,sitting_seg1
369265,0.306274,-0.516602,-0.793945,0.671387,-0.183106,0.061035,sitting_seg1
369282,0.304565,-0.516479,-0.794556,0.732422,-0.183106,0.061035,sitting_seg1
369298,0.304077,-0.515625,-0.793335,0.671387,0.061035,0.0,sitting_seg1
369315,0.304565,-0.515747,-0.793213,0.549316,0.366211,0.0,sitting_seg1
369332,0.308105,-0.514526,-0.7948,0.610352,0.427246,0.0,sitting_seg1
369348,0.310303,-0.513916,-0.796387,0.793457,0.366211,-0.061035,sitting_seg1
369365,0.312134,-0.512451,-0.794312,1.159668,-0.244141,-0.061035,sitting_seg1
369382,0.311279,-0.514526,-0.792114,1.281738,-0.549316,0.0,sitting_seg1
369398,0.308228,-0.516113,-0.79187,1.281738,-0.549316,-0.061035,sitting_seg1
369415,0.304199,-0.518921,-0.791992,1.342773,-0.12207,-0.061035,sitting_seg1
369432,0.304565,-0.519287,-0.790894,1.281738,0.0,-0.12207,sitting_seg1
369448,0.30835,-0.519531,-0.789917,1.098633,-0.12207,0.0,sitting_seg1
369465,0.308228,-0.518555,-0.790894,1.098633,-0.12207,0.0,sitting_seg1
369482,0.307007,-0.517212,-0.795532,0.976563,0.061035,0.061035,sitting_seg1
369499,0.30835,-0.518188,-0.793823,0.915528,0.366211,0.12207,sitting_seg1
369515,0.311401,-0.517456,-0.791992,0.915528,0.244141,0.183106,sitting_seg1
369532,0.315186,-0.518799,-0.786987,0.915528,-0.061035,0.244141,sitting_seg1
369549,0.309326,-0.520264,-0.785278,0.793457,-0.366211,0.183106,sitting_seg1
369565,0.302368,-0.523315,-0.788452,0.610352,-0.061035,0.061035,sitting_seg1
369582,0.303101,-0.522095,-0.791138,0.610352,-0.061035,0.12207,sitting_seg1
369599,0.305908,-0.523438,-0.794189,0.915528,-0.427246,0.183106,sitting_seg1
369615,0.303833,-0.522949,-0.793335,0.976563,-0.671387,0.12207,sitting_seg1
369632,0.305664,-0.522461,-0.792847,1.098633,-0.854492,0.12207,sitting_seg1
369649,0.302979,-0.518677,-0.78894,1.281738,-1.037598,-0.244141,sitting_seg1
369665,0.306519,-0.52124,-0.787109,1.403809,-1.464844,0.183106,sitting_seg1
369682,0.311279,-0.52002,-0.787598,1.64795,-2.13623,0.244141,sitting_seg1
369699,0.316284,-0.524658,-0.784912,2.197266,-4.272461,0.305176,sitting_seg1
369715,0.295532,-0.529297,-0.783325,0.610352,-3.41797,0.549316,sitting_seg1
369732,0.284302,-0.519531,-0.788208,-0.915528,-0.305176,0.488281,sitting_seg1
369749,0.287842,-0.516724,-0.79187,-1.281738,0.976563,0.610352,sitting_seg1
369765,0.310425,-0.516968,-0.793823,-1.342773,1.342773,0.732422,sitting_seg1
369782,0.322021,-0.520386,-0.789185,-1.098633,-0.244141,0.671387,sitting_seg1
369799,0.317749,-0.520996,-0.78894,-1.159668,-0.549316,0.488281,sitting_seg1
369815,0.300293,-0.518677,-0.792358,-1.159668,0.183106,0.183106,sitting_seg1
369832,0.297241,-0.515503,-0.796631,-0.854492,1.159668,0.183106,sitting_seg1
369849,0.300537,-0.513428,-0.800659,-0.305176,1.159668,0.12207,sitting_seg1
369865,0.302612,-0.516357,-0.799438,0.0,0.976563,0.183106,sitting_seg1
369882,0.310547,-0.518433,-0.794678,0.610352,-0.183106,0.183106,sitting_seg1
369899,0.307373,-0.523438,-0.789917,1.037598,-1.098633,-0.12207,sitting_seg1
369915,0.300537,-0.523926,-0.789917,0.976563,-1.037598,-0.183106,sitting_seg1
369932,0.290161,-0.522705,-0.791504,0.732422,-0.244141,-0.183106,sitting_seg1
369949,0.293213,-0.522339,-0.792847,0.488281,0.854492,0.0,sitting_seg1
369965,0.303223,-0.523438,-0.789673,0.488281,0.671387,0.12207,sitting_seg1
369982,0.305908,-0.523926,-0.78833,0.366211,0.488281,0.0,sitting_seg1
369999,0.309326,-0.519165,-0.788452,0.244141,0.0,0.0,sitting_seg1
370015,0.307861,-0.516113,-0.790527,0.12207,-0.244141,0.061035,sitting_seg1
370032,0.306763,-0.514526,-0.792969,0.061035,0.061035,0.12207,sitting_seg1
370049,0.307983,-0.512085,-0.795776,0.061035,0.549316,0.12207,sitting_seg1
370065,0.312134,-0.510254,-0.793823,0.305176,0.366211,0.061035,sitting_seg1
370082,0.312256,-0.51355,-0.794189,0.732422,-0.305176,0.12207,sitting_seg1
370099,0.310547,-0.516113,-0.795288,0.854492,-0.671387,0.12207,sitting_seg1
370116,0.302734,-0.518188,-0.796509,0.976563,-0.915528,0.061035,sitting_seg1
370132,0.299072,-0.522217,-0.795654,0.915528,-0.549316,0.12207,sitting_seg1
370149,0.297852,-0.525879,-0.793823,0.732422,-0.12207,0.183106,sitting_seg1
370166,0.298828,-0.530151,-0.787598,0.183106,0.488281,0.244141,sitting_seg1
370182,0.301392,-0.528687,-0.78418,-0.12207,0.671387,0.244141,sitting_seg1
370199,0.303101,-0.527344,-0.783813,-0.244141,0.488281,0.305176,sitting_seg1
370216,0.299927,-0.523315,-0.786255,-0.488281,0.488281,0.244141,sitting_seg1
370232,0.297119,-0.5177,-0.792603,-0.793457,1.159668,0.366211,sitting_seg1
370249,0.30249,-0.512085,-0.796875,-0.549316,1.342773,0.427246,sitting_seg1
370266,0.306152,-0.511963,-0.797974,-0.427246,1.098633,0.427246,sitting_seg1
370282,0.310669,-0.511963,-0.798584,0.0,0.427246,0.244141,sitting_seg1
370299,0.308472,-0.512451,-0.795044,0.427246,-0.244141,-0.061035,sitting_seg1
370316,0.307861,-0.513672,-0.792236,0.610352,-0.427246,-0.12207,sitting_seg1
370332,0.307373,-0.515503,-0.790039,0.793457,-0.610352,-0.244141,sitting_seg1
370349,0.304199,-0.517334,-0.790161,0.793457,-0.183106,-0.366211,sitting_seg1
370366,0.304932,-0.517944,-0.79187,0.732422,-0.183106,-0.488281,sitting_seg1
370382,0.304688,-0.517822,-0.791504,0.671387,0.0,-0.549316,sitting_seg1
370399,0.305542,-0.519165,-0.792847,0.671387,-0.12207,-0.488281,sitting_seg1
370416,0.305176,-0.52124,-0.791748,0.488281,-0.12207,-0.488281,sitting_seg1
370432,0.303955,-0.521851,-0.791992,0.427246,-0.12207,-0.427246,sitting_seg1
370449,0.301758,-0.523438,-0.793579,0.12207,0.244141,-0.183106,sitting_seg1
370466,0.30481,-0.521118,-0.793823,0.061035,0.366211,0.061035,sitting_seg1
370482,0.305054,-0.518311,-0.791748,-0.183106,0.488281,0.244141,sitting_seg1
370499,0.304321,-0.516724,-0.790894,-0.305176,0.671387,0.183106,sitting_seg1
370516,0.305054,-0.516357,-0.792114,-0.305176,0.854492,0.244141,sitting_seg1
370532,0.307983,-0.516113,-0.793335,-0.12207,0.732422,0.12207,sitting_seg1
370549,0.307861,-0.516113,-0.794678,0.0,0.549316,0.12207,sitting_seg1
370566,0.310059,-0.513306,-0.794434,0.305176,0.12207,0.183106,sitting_seg1
370582,0.30957,-0.513916,-0.793213,0.366211,0.0,0.061035,sitting_seg1
370599,0.307617,-0.514648,-0.792358,0.549316,0.12207,-0.061035,sitting_seg1
370616,0.308105,-0.516113,-0.791382,0.610352,0.183106,-0.061035,sitting_seg1
370632,0.306763,-0.520264,-0.789551,0.610352,0.12207,-0.061035,sitting_seg1
370649,0.30542,-0.519775,-0.790771,0.732422,-0.244141,0.0,sitting_seg1
370666,0.30481,-0.52124,-0.790649,0.671387,-0.305176,0.0,sitting_seg1
370683,0.301514,-0.519409,-0.793213,0.610352,-0.244141,0.061035,sitting_seg1
370699,0.303833,-0.521362,-0.794556,0.549316,0.0,0.061035,sitting_seg1
370716,0.304565,-0.520508,-0.7948,0.427246,0.0,0.061035,sitting_seg1
370733,0.306274,-0.519897,-0.793823,0.427246,-0.061035,0.061035,sitting_seg1
370749,0.307007,-0.517944,-0.791992,0.427246,-0.12207,0.12207,sitting_seg1
370766,0.306763,-0.516479,-0.79126,0.427246,-0.12207,0.12207,sitting_seg1
370783,0.306763,-0.516479,-0.791016,0.427246,-0.183106,0.12207,sitting_seg1
370799,0.30896,-0.517212,-0.792358,0.549316,-0.183106,0.061035,sitting_seg1
370816,0.308105,-0.519653,-0.792236,0.549316,-0.488281,0.0,sitting_seg1
370833,0.307129,-0.520386,-0.791504,0.488281,-0.427246,0.0,sitting_seg1
370849,0.304199,-0.521851,-0.791504,0.12207,-0.12207,-0.061035,sitting_seg1
370866,0.302368,-0.520386,-0.791138,-0.244141,0.244141,0.061035,sitting_seg1
370883,0.305054,-0.515747,-0.791016,-0.427246,0.488281,0.12207,sitting_seg1
370899,0.305542,-0.515137,-0.791504,-0.549316,0.549316,0.183106,sitting_seg1
370916,0.307617,-0.513672,-0.793823,-0.244141,0.488281,0.183106,sitting_seg1
370933,0.307861,-0.516357,-0.791016,-0.12207,0.12207,0.244141,sitting_seg1
370949,0.305908,-0.516968,-0.790771,-0.183106,0.12207,0.244141,sitting_seg1
370966,0.305664,-0.515991,-0.793823,-0.12207,0.366211,0.244141,sitting_seg1
370983,0.306641,-0.515259,-0.794189,-0.061035,0.427246,0.12207,sitting_seg1
370999,0.307373,-0.515503,-0.793091,0.0,0.305176,0.061035,sitting_seg1
371016,0.305542,-0.516113,-0.792603,-0.061035,0.366211,0.0,sitting_seg1
371033,0.305664,-0.517822,-0.789795,0.12207,0.183106,-0.061035,sitting_seg1
371049,0.305298,-0.519409,-0.790894,0.12207,0.061035,-0.12207,sitting_seg1
371066,0.304932,-0.518188,-0.792114,0.183106,0.061035,-0.061035,sitting_seg1
371083,0.302856,-0.517334,-0.793457,0.061035,0.183106,-0.061035,sitting_seg1
371099,0.303467,-0.515503,-0.7948,0.061035,0.488281,-0.12207,sitting_seg1
371116,0.305298,-0.51709,-0.794922,-0.061035,0.671387,-0.12207,sitting_seg1
371133,0.307617,-0.515137,-0.794067,-0.12207,0.671387,-0.061035,sitting_seg1
371149,0.309692,-0.515015,-0.793579,0.0,0.366211,0.0,sitting_seg1
371166,0.310303,-0.511475,-0.795898,0.12207,0.244141,0.061035,sitting_seg1
371183,0.310547,-0.511475,-0.796265,0.12207,0.183106,0.061035,sitting_seg1
371199,0.311157,-0.511475,-0.795654,0.305176,0.12207,0.061035,sitting_seg1
371216,0.310669,-0.512939,-0.794556,0.549316,0.0,0.183106,sitting_seg1
371233,0.310791,-0.514282,-0.792725,0.793457,-0.12207,0.244141,sitting_seg1
371249,0.308594,-0.516724,-0.792236,0.732422,-0.183106,0.244141,sitting_seg1
371266,0.305908,-0.515381,-0.792358,0.732422,-0.061035,0.244141,sitting_seg1
371283,0.303833,-0.516113,-0.792358,0.793457,0.061035,0.183106,sitting_seg1
371300,0.304199,-0.517456,-0.79187,0.732422,0.183106,0.183106,sitting_seg1
371316,0.307739,-0.519043,-0.790771,0.610352,0.244141,0.183106,sitting_seg1
371333,0.309082,-0.521362,-0.789307,0.427246,-0.061035,0.183106,sitting_seg1
371350,0.306641,-0.521606,-0.788452,0.366211,-0.061035,0.183106,sitting_seg1
371366,0.305542,-0.519043,-0.789795,0.244141,0.12207,0.12207,sitting_seg1
371383,0.307495,-0.516846,-0.793091,0.12207,0.183106,0.061035,sitting_seg1
371400,0.307617,-0.516602,-0.795654,0.061035,0.061035,0.0,sitting_seg1
371416,0.306763,-0.517212,-0.796265,0.061035,0.183106,-0.061035,sitting_seg1
371433,0.305298,-0.5177,-0.79541,-0.061035,0.488281,-0.12207,sitting_seg1
371450,0.306885,-0.516724,-0.793579,0.0,0.610352,-0.12207,sitting_seg1
371466,0.308838,-0.516357,-0.791992,0.061035,0.488281,-0.061035,sitting_seg1
371483,0.311035,-0.512817,-0.792725,0.305176,0.0,0.061035,sitting_seg1
371500,0.312012,-0.512695,-0.794189,0.427246,-0.305176,0.183106,sitting_seg1
371516,0.311157,-0.513916,-0.794922,0.610352,-0.427246,0.183106,sitting_seg1
371533,0.310303,-0.515137,-0.794678,0.610352,-0.427246,0.183106,sitting_seg1
371550,0.309082,-0.513306,-0.791992,0.610352,-0.427246,0.12207,sitting_seg1
371566,0.308105,-0.514404,-0.791504,0.549316,-0.610352,0.12207,sitting_seg1
371583,0.306641,-0.515869,-0.792358,0.549316,-0.610352,0.12207,sitting_seg1
371600,0.304443,-0.516602,-0.793213,0.305176,-0.183106,0.183106,sitting_seg1
371616,0.305298,-0.518066,-0.793579,0.0,0.12207,0.12207,sitting_seg1
371633,0.309326,-0.517334,-0.79187,-0.12207,0.061035,0.244141,sitting_seg1
371650,0.309692,-0.517944,-0.791016,-0.244141,-0.061035,0.244141,sitting_seg1
371666,0.307739,-0.516113,-0.790161,-0.244141,-0.061035,0.183106,sitting_seg1
371683,0.304688,-0.515991,-0.792114,-0.183106,0.183106,0.183106,sitting_seg1
371700,0.30481,-0.515625,-0.793701,-0.244141,0.427246,0.183106,sitting_seg1
371716,0.307617,-0.513916,-0.795288,-0.061035,0.366211,0.12207,sitting_seg1
371733,0.307007,-0.514648,-0.794312,0.061035,0.183106,0.061035,sitting_seg1
371750,0.306763,-0.515259,-0.793701,0.12207,0.12207,0.12207,sitting_seg1
371766,0.306152,-0.516846,-0.792847,0.061035,0.12207,0.12207,sitting_seg1
371783,0.304688,-0.51709,-0.79248,-0.061035,0.366211,0.0,sitting_seg1
371800,0.306763,-0.513916,-0.792969,-0.061035,0.549316,0.0,sitting_seg1
371816,0.308472,-0.511719,-0.793701,0.0,0.488281,0.061035,sitting_seg1
371833,0.314575,-0.508301,-0.796753,0.366211,-0.061035,0.12207,sitting_seg1
371850,0.312988,-0.507202,-0.796021,0.549316,-0.549316,0.12207,sitting_seg1
371866,0.31189,-0.508911,-0.795532,0.610352,-0.549316,0.183106,sitting_seg1
371883,0.307983,-0.512939,-0.796021,0.549316,-0.305176,0.183106,sitting_seg1
371900,0.307983,-0.51416,-0.7948,0.549316,-0.183106,0.244141,sitting_seg1
371917,0.30835,-0.516479,-0.792847,0.366211,-0.305176,0.244141,sitting_seg1
371933,0.30835,-0.517334,-0.792725,0.244141,-0.244141,0.244141,sitting_seg1
371950,0.307007,-0.518555,-0.792847,0.244141,-0.183106,0.244141,sitting_seg1
371967,0.303833,-0.518921,-0.792358,-0.061035,-0.061035,0.183106,sitting_seg1
371983,0.302612,-0.518555,-0.79187,-0.244141,0.0,0.244141,sitting_seg1
372000,0.303345,-0.515747,-0.791748,-0.427246,0.244141,0.305176,sitting_seg1
372017,0.307495,-0.515991,-0.79248,-0.244141,0.0,0.427246,sitting_seg1
372033,0.310303,-0.515259,-0.793945,-0.061035,-0.305176,0.366211,sitting_seg1
372050,0.304565,-0.513062,-0.797241,0.0,-0.427246,0.427246,sitting_seg1
372067,0.310425,-0.51416,-0.797241,0.244141,-0.12207,0.183106,sitting_seg1
372083,0.302734,-0.510498,-0.793213,0.183106,-0.183106,0.183106,sitting_seg1
372100,0.302368,-0.510864,-0.793335,0.305176,0.244141,0.0,sitting_seg1
372117,0.306396,-0.512695,-0.793457,0.488281,0.183106,0.0,sitting_seg1
372133,0.310547,-0.513184,-0.792114,0.610352,-0.183106,-0.183106,sitting_seg1
372150,0.307983,-0.512817,-0.795532,0.671387,-0.488281,-0.244141,sitting_seg1
372167,0.305542,-0.512207,-0.796265,0.671387,-0.366211,-0.244141,sitting_seg1
372183,0.305298,-0.51123,-0.797119,0.549316,-0.183106,-0.183106,sitting_seg1
372200,0.306152,-0.511841,-0.796753,0.488281,-0.061035,-0.12207,sitting_seg1
372217,0.306396,-0.514648,-0.794922,0.427246,0.061035,-0.061035,sitting_seg1
372233,0.307251,-0.516113,-0.791748,0.183106,0.305176,-0.061035,sitting_seg1
372250,0.310181,-0.513672,-0.789917,0.183106,0.061035,0.0,sitting_seg1
372267,0.309204,-0.511841,-0.793091,0.183106,-0.12207,0.0,sitting_seg1
372283,0.307617,-0.51123,-0.795532,0.305176,-0.244141,0.0,sitting_seg1
372300,0.305054,-0.512085,-0.799316,0.488281,-0.305176,0.061035,sitting_seg1
372317,0.307739,-0.512329,-0.801392,0.671387,-0.183106,0.12207,sitting_seg1
372333,0.309814,-0.511841,-0.800415,0.671387,-0.12207,0.183106,sitting_seg1
372350,0.313965,-0.510376,-0.7948,0.793457,-0.305176,0.244141,sitting_seg1
372367,0.312744,-0.513306,-0.792358,0.732422,-0.610352,0.305176,sitting_seg1
372383,0.30957,-0.515381,-0.791748,0.671387,-0.610352,0.305176,sitting_seg1
372400,0.306274,-0.514771,-0.793823,0.549316,-0.427246,0.366211,sitting_seg1
372417,0.306885,-0.517578,-0.793579,0.793457,-0.915528,0.366211,sitting_seg1
372433,0.303345,-0.52002,-0.793091,0.549316,-1.037598,0.305176,sitting_seg1
372450,0.301025,-0.519043,-0.793335,0.244141,-0.854492,0.366211,sitting_seg1
372467,0.302368,-0.511719,-0.795654,0.305176,-0.488281,0.366211,sitting_seg1
372484,0.306763,-0.510742,-0.795898,0.793457,-0.427246,0.366211,sitting_seg1
372500,0.306885,-0.512085,-0.796143,0.976563,-0.488281,0.366211,sitting_seg1
372517,0.303223,-0.517334,-0.796265,0.915528,-0.488281,0.244141,sitting_seg1
372534,0.302246,-0.516602,-0.794434,0.854492,-0.427246,0.183106,sitting_seg1
372550,0.303589,-0.516968,-0.793579,0.854492,-0.427246,0.12207,sitting_seg1
372567,0.302612,-0.517212,-0.793701,0.854492,-0.305176,0.0,sitting_seg1
372584,0.300903,-0.517456,-0.792847,0.610352,0.12207,-0.061035,sitting_seg1
372600,0.303833,-0.512207,-0.796143,0.671387,0.12207,-0.183106,sitting_seg1
372617,0.303955,-0.511719,-0.798096,0.732422,0.0,-0.12207,sitting_seg1
372634,0.303345,-0.510986,-0.797241,0.854492,-0.244141,-0.12207,sitting_seg1
372650,0.302856,-0.512451,-0.795166,0.854492,0.0,-0.12207,sitting_seg1
372667,0.306396,-0.516602,-0.793213,0.854492,0.183106,-0.12207,sitting_seg1
372684,0.306519,-0.520264,-0.791382,0.732422,0.244141,-0.12207,sitting_seg1
372700,0.308228,-0.521484,-0.791748,0.732422,0.061035,-0.061035,sitting_seg1
372717,0.307251,-0.520874,-0.792969,0.549316,-0.305176,0.12207,sitting_seg1
372734,0.30542,-0.518188,-0.794678,0.366211,-0.305176,0.183106,sitting_seg1
372750,0.302368,-0.510986,-0.798584,0.427246,-0.061035,0.183106,sitting_seg1
372767,0.303833,-0.509399,-0.797852,0.183106,0.610352,0.183106,sitting_seg1
372784,0.30603,-0.506714,-0.796753,0.427246,0.610352,0.12207,sitting_seg1
372800,0.307861,-0.51001,-0.796265,0.488281,0.427246,0.12207,sitting_seg1
372817,0.307861,-0.51416,-0.795288,0.549316,0.12207,0.0,sitting_seg1
372834,0.302124,-0.515259,-0.794189,0.549316,0.244141,-0.183106,sitting_seg1
372850,0.30188,-0.516113,-0.791992,0.549316,0.366211,-0.244141,sitting_seg1
372867,0.305786,-0.517578,-0.789429,0.366211,0.488281,-0.12207,sitting_seg1
372884,0.308594,-0.52124,-0.790527,0.427246,0.244141,-0.061035,sitting_seg1
372900,0.306152,-0.521729,-0.790527,0.366211,0.183106,-0.061035,sitting_seg1
372917,0.30542,-0.519165,-0.792236,0.549316,0.0,-0.12207,sitting_seg1
372934,0.30188,-0.517944,-0.79248,0.854492,-0.061035,-0.244141,sitting_seg1
372950,0.30481,-0.515991,-0.793213,1.159668,-0.244141,-0.305176,sitting_seg1
372967,0.304199,-0.516357,-0.793335,1.220703,-0.244141,-0.244141,sitting_seg1
372984,0.305054,-0.516602,-0.79541,1.342773,-0.488281,-0.305176,sitting_seg1
373000,0.302368,-0.516724,-0.795654,1.159668,-0.366211,-0.366211,sitting_seg1
373017,0.302612,-0.515015,-0.794067,1.098633,-0.244141,-0.366211,sitting_seg1
373034,0.306519,-0.511963,-0.79248,1.037598,-0.12207,-0.305176,sitting_seg1
373050,0.309448,-0.514404,-0.79248,1.037598,-0.427246,-0.305176,sitting_seg1
373067,0.307495,-0.514893,-0.794556,0.915528,-0.366211,-0.183106,sitting_seg1
373084,0.307373,-0.514893,-0.794922,0.976563,-0.305176,-0.244141,sitting_seg1
373101,0.309082,-0.513916,-0.793945,0.854492,-0.427246,-0.183106,sitting_seg1
373117,0.304688,-0.516357,-0.791138,0.671387,-0.183106,-0.12207,sitting_seg1
373134,0.303589,-0.515991,-0.79187,0.610352,0.0,0.0,sitting_seg1
373151,0.307007,-0.51709,-0.793457,0.671387,0.12207,0.12207,sitting_seg1
373167,0.308472,-0.52002,-0.792358,0.732422,-0.12207,0.061035,sitting_seg1
373184,0.307617,-0.524292,-0.788086,0.610352,-0.305176,0.12207,sitting_seg1
373201,0.305908,-0.524902,-0.787964,0.427246,-0.12207,0.183106,sitting_seg1
373217,0.300781,-0.520508,-0.79126,0.244141,0.305176,-0.061035,sitting_seg1
373234,0.30188,-0.518433,-0.79541,0.427246,0.488281,0.061035,sitting_seg1
373251,0.302734,-0.516968,-0.796509,0.488281,0.305176,0.061035,sitting_seg1
373267,0.30542,-0.515137,-0.794067,0.854492,-0.183106,0.0,sitting_seg1
373284,0.30542,-0.515503,-0.795044,0.976563,-0.366211,0.0,sitting_seg1
373301,0.304077,-0.515747,-0.79541,1.159668,-0.244141,0.061035,sitting_seg1
373317,0.304443,-0.516968,-0.794556,1.159668,-0.244141,0.0,sitting_seg1
373334,0.304565,-0.518066,-0.790894,1.098633,-0.366211,0.0,sitting_seg1
373351,0.304321,-0.519409,-0.786987,0.793457,-0.12207,0.0,sitting_seg1
373367,0.306641,-0.518555,-0.786743,0.732422,-0.183106,0.0,sitting_seg1
373384,0.306396,-0.518433,-0.79126,0.671387,-0.366211,-0.12207,sitting_seg1
373401,0.30603,-0.519531,-0.792114,0.488281,-0.305176,0.0,sitting_seg1
373417,0.304077,-0.520508,-0.790161,0.366211,0.061035,0.061035,sitting_seg1
373434,0.304077,-0.521851,-0.788696,0.244141,0.12207,0.12207,sitting_seg1
373451,0.307617,-0.522583,-0.786865,0.061035,0.0,0.183106,sitting_seg1
373467,0.307983,-0.523315,-0.788574,-0.12207,-0.366211,0.183106,sitting_seg1
373484,0.306519,-0.522217,-0.790405,-0.183106,-0.366211,0.244141,sitting_seg1
373501,0.302368,-0.519653,-0.794434,-0.305176,0.0,0.305176,sitting_seg1
373517,0.303711,-0.517822,-0.792236,-0.488281,0.610352,0.305176,sitting_seg1
373534,0.30542,-0.516357,-0.791504,-0.488281,0.732422,0.305176,sitting_seg1
373551,0.310303,-0.513184,-0.793945,-0.305176,0.549316,0.427246,sitting_seg1
373567,0.30896,-0.511597,-0.796387,-0.183106,0.244141,0.305176,sitting_seg1
373584,0.304688,-0.51062,-0.799927,0.061035,0.0,0.183106,sitting_seg1
373601,0.302368,-0.512207,-0.799194,0.12207,0.12207,0.183106,sitting_seg1
373617,0.299561,-0.514038,-0.797974,0.183106,0.427246,0.12207,sitting_seg1
373634,0.304443,-0.515625,-0.7948,0.427246,0.12207,0.12207,sitting_seg1
373651,0.305786,-0.516602,-0.793213,0.610352,-0.183106,0.061035,sitting_seg1
373667,0.30481,-0.520142,-0.790283,0.854492,-0.610352,0.12207,sitting_seg1
373684,0.302612,-0.522827,-0.789917,0.854492,-0.549316,0.12207,sitting_seg1
373701,0.304443,-0.523438,-0.790039,0.915528,-0.488281,0.061035,sitting_seg1
373718,0.30249,-0.523438,-0.790161,0.793457,-0.305176,0.0,sitting_seg1
373734,0.301758,-0.522095,-0.790649,0.671387,-0.061035,0.0,sitting_seg1
373751,0.303955,-0.520264,-0.790649,0.488281,0.183106,-0.061035,sitting_seg1
373768,0.307007,-0.518188,-0.790283,0.488281,0.244141,-0.12207,sitting_seg1
373784,0.30957,-0.515991,-0.789551,0.366211,0.12207,-0.061035,sitting_seg1
373801,0.310181,-0.514038,-0.79187,0.12207,0.244141,0.061035,sitting_seg1
373818,0.310181,-0.513428,-0.7948,0.061035,0.061035,0.12207,sitting_seg1
373834,0.308472,-0.514038,-0.795044,-0.061035,0.061035,0.183106,sitting_seg1
373851,0.304565,-0.513428,-0.796265,0.0,0.183106,0.366211,sitting_seg1
373868,0.304565,-0.515991,-0.797974,0.12207,0.0,0.427246,sitting_seg1
373884,0.306641,-0.515137,-0.798096,0.244141,-0.12207,0.427246,sitting_seg1
373901,0.306885,-0.516602,-0.794556,0.488281,-0.488281,0.366211,sitting_seg1
373918,0.300903,-0.522095,-0.791748,0.366211,-0.427246,0.366211,sitting_seg1
373934,0.298584,-0.524658,-0.787476,0.12207,0.244141,0.183106,sitting_seg1
373951,0.302368,-0.523438,-0.787598,0.061035,0.427246,0.244141,sitting_seg1
373968,0.307861,-0.52063,-0.789551,0.183106,0.12207,0.244141,sitting_seg1
373984,0.30603,-0.518555,-0.789795,0.427246,-0.671387,0.061035,sitting_seg1
374001,0.302979,-0.518066,-0.789551,0.366211,-0.854492,0.0,sitting_seg1
374018,0.295776,-0.517578,-0.792114,0.244141,-0.427246,0.0,sitting_seg1
374034,0.297607,-0.516479,-0.796509,0.183106,0.305176,0.061035,sitting_seg1
374051,0.30188,-0.516479,-0.798584,0.244141,0.488281,0.12207,sitting_seg1
374068,0.309937,-0.512329,-0.797241,0.549316,-0.061035,0.12207,sitting_seg1
374084,0.312256,-0.513428,-0.793213,0.610352,-0.610352,0.061035,sitting_seg1
374101,0.307983,-0.513916,-0.792236,0.732422,-0.610352,0.061035,sitting_seg1
374118,0.306519,-0.513794,-0.791504,0.732422,-0.549316,0.12207,sitting_seg1
374134,0.306274,-0.513672,-0.793579,0.732422,-0.427246,0.183106,sitting_seg1
374151,0.307739,-0.516846,-0.794434,0.732422,-0.427246,0.305176,sitting_seg1
374168,0.308472,-0.518433,-0.794189,0.671387,-0.671387,0.305176,sitting_seg1
374184,0.30835,-0.519775,-0.792603,0.610352,-0.915528,0.305176,sitting_seg1
374201,0.30249,-0.52063,-0.791138,0.366211,-0.793457,0.366211,sitting_seg1
374218,0.299683,-0.522827,-0.790771,0.183106,-0.549316,0.427246,sitting_seg1
374234,0.297241,-0.522461,-0.792114,0.061035,-0.305176,0.366211,sitting_seg1
374251,0.297119,-0.525757,-0.79248,0.0,-0.244141,0.549316,sitting_seg1
374268,0.296143,-0.524902,-0.78833,-0.366211,-0.061035,0.610352,sitting_seg1
374285,0.294556,-0.522461,-0.787231,-0.671387,0.366211,0.671387,sitting_seg1
374301,0.301636,-0.517456,-0.79248,-0.305176,0.854492,0.610352,sitting_seg1
374318,0.308105,-0.514771,-0.796021,-0.12207,0.305176,0.488281,sitting_seg1
374335,0.304321,-0.512817,-0.798828,0.12207,0.12207,0.305176,sitting_seg1
374351,0.30127,-0.510986,-0.800537,0.183106,0.183106,0.244141,sitting_seg1
374368,0.30127,-0.508301,-0.800049,0.244141,0.488281,0.183106,sitting_seg1
374385,0.304443,-0.509644,-0.796753,0.488281,0.305176,0.0,sitting_seg1
374401,0.306274,-0.510376,-0.794067,0.549316,0.061035,-0.061035,sitting_seg1
374418,0.305176,-0.514404,-0.789673,0.488281,-0.061035,-0.12207,sitting_seg1
374435,0.302246,-0.516235,-0.790405,0.488281,-0.061035,-0.244141,sitting_seg1
374451,0.299927,-0.518188,-0.792114,0.549316,0.183106,-0.366211,sitting_seg1
374468,0.299683,-0.517334,-0.793213,0.549316,0.305176,-0.305176,sitting_seg1
374485,0.304565,-0.519775,-0.794067,0.732422,0.183106,-0.305176,sitting_seg1
374501,0.304443,-0.519897,-0.792603,0.732422,0.0,-0.366211,sitting_seg1
374518,0.304321,-0.519897,-0.793335,0.732422,0.0,-0.305176,sitting_seg1
374535,0.304443,-0.52002,-0.791382,0.732422,0.0,-0.305176,sitting_seg1
374551,0.305176,-0.519043,-0.793457,0.671387,0.0,-0.183106,sitting_seg1
374568,0.304565,-0.520752,-0.794556,0.732422,-0.061035,-0.12207,sitting_seg1
374585,0.305786,-0.520874,-0.795776,0.793457,-0.488281,0.061035,sitting_seg1
374601,0.302979,-0.521973,-0.79187,0.488281,-0.549316,0.183106,sitting_seg1
374618,0.302246,-0.523315,-0.789795,0.061035,-0.061035,0.183106,sitting_seg1
374635,0.302124,-0.523071,-0.790161,-0.183106,0.244141,0.183106,sitting_seg1
374651,0.30481,-0.518555,-0.793457,-0.427246,0.366211,0.366211,sitting_seg1
374668,0.305664,-0.512207,-0.795288,-0.427246,0.12207,0.427246,sitting_seg1
374685,0.304688,-0.51062,-0.796631,-0.427246,0.061035,0.488281,sitting_seg1
374701,0.304565,-0.509766,-0.796509,-0.244141,0.244141,0.549316,sitting_seg1
374718,0.303955,-0.512695,-0.794678,-0.12207,0.488281,0.671387,sitting_seg1
374735,0.306641,-0.511841,-0.795166,0.244141,0.305176,0.610352,sitting_seg1
374751,0.309204,-0.512451,-0.795288,0.427246,0.0,0.671387,sitting_seg1
374768,0.30603,-0.516357,-0.796265,0.671387,-0.488281,0.549316,sitting_seg1
374785,0.298584,-0.519043,-0.793091,0.732422,-0.488281,0.366211,sitting_seg1
374801,0.296143,-0.521729,-0.791504,0.732422,-0.366211,0.305176,sitting_seg1
374818,0.293335,-0.526489,-0.789429,0.488281,0.549316,0.244141,sitting_seg1
374835,0.299194,-0.523926,-0.794922,0.366211,0.854492,0.244141,sitting_seg1
374851,0.30127,-0.519287,-0.796387,0.305176,0.488281,0.183106,sitting_seg1
374868,0.300659,-0.517456,-0.796143,0.244141,0.488281,0.183106,sitting_seg1
374885,0.300049,-0.517334,-0.792603,0.061035,0.915528,0.183106,sitting_seg1
374902,0.308594,-0.5177,-0.791138,-0.12207,0.976563,0.244141,sitting_seg1
374918,0.311523,-0.518188,-0.791138,-0.12207,0.610352,0.305176,sitting_seg1
374935,0.311157,-0.515869,-0.794312,-0.061035,-0.244141,0.305176,sitting_seg1
374952,0.305176,-0.512573,-0.796997,0.12207,-0.671387,0.305176,sitting_seg1
374968,0.300781,-0.51355,-0.796509,0.305176,-0.427246,0.183106,sitting_seg1
374985,0.299194,-0.512695,-0.797119,0.427246,-0.305176,0.12207,sitting_seg1
375002,0.303345,-0.51355,-0.796875,0.793457,-0.427246,0.0,sitting_seg1
375018,0.305298,-0.513794,-0.793091,1.098633,-0.854492,-0.12207,sitting_seg1
375035,0.30481,-0.515747,-0.79248,1.159668,-0.915528,-0.183106,sitting_seg1
375052,0.30249,-0.520264,-0.789429,0.976563,-0.549316,-0.183106,sitting_seg1
375068,0.303833,-0.522217,-0.789429,0.549316,-0.12207,-0.061035,sitting_seg1
375085,0.303345,-0.519165,-0.790283,0.244141,0.0,0.0,sitting_seg1
375102,0.30188,-0.514282,-0.795288,0.061035,0.061035,0.183106,sitting_seg1
375118,0.302368,-0.512573,-0.797607,0.12207,-0.061035,0.427246,sitting_seg1
375135,0.30188,-0.516724,-0.795532,0.12207,0.183106,0.549316,sitting_seg1
375152,0.301758,-0.5177,-0.795288,0.12207,0.244141,0.610352,sitting_seg1
375168,0.302856,-0.518555,-0.792847,0.183106,0.305176,0.610352,sitting_seg1
375185,0.302124,-0.519653,-0.789795,0.244141,0.305176,0.488281,sitting_seg1
375202,0.301147,-0.520142,-0.789429,0.244141,0.305176,0.427246,sitting_seg1
375218,0.297852,-0.52063,-0.789917,0.12207,0.854492,0.366211,sitting_seg1
375235,0.30127,-0.517334,-0.796021,0.183106,1.342773,0.183106,sitting_seg1
375252,0.309326,-0.514038,-0.798218,0.427246,0.854492,0.183106,sitting_seg1
375268,0.310547,-0.513306,-0.797485,0.488281,0.488281,0.183106,sitting_seg1
375285,0.30603,-0.512329,-0.793823,0.427246,0.12207,0.183106,sitting_seg1
375302,0.303345,-0.514526,-0.793213,0.366211,0.12207,0.183106,sitting_seg1
375318,0.303101,-0.516479,-0.793091,0.366211,0.183106,0.183106,sitting_seg1
375335,0.305664,-0.519287,-0.795166,0.366211,-0.12207,0.061035,sitting_seg1
375352,0.304688,-0.520264,-0.794678,0.183106,-0.366211,0.0,sitting_seg1
375368,0.299072,-0.518799,-0.793945,0.061035,-0.183106,0.0,sitting_seg1
375385,0.29895,-0.517822,-0.794189,0.12207,0.12207,-0.061035,sitting_seg1
375402,0.304932,-0.516724,-0.794556,0.244141,0.305176,0.061035,sitting_seg1
375418,0.306885,-0.514648,-0.794678,0.305176,-0.061035,0.061035,sitting_seg1
375435,0.307251,-0.514526,-0.794067,0.488281,-0.305176,0.061035,sitting_seg1
375452,0.307251,-0.516479,-0.793335,0.549316,-0.671387,0.12207,sitting_seg1
375469,0.302002,-0.519775,-0.792969,0.549316,-0.549316,0.12207,sitting_seg1
375485,0.302368,-0.520508,-0.792603,0.427246,-0.244141,0.244141,sitting_seg1
375502,0.302979,-0.519043,-0.791992,0.427246,-0.12207,0.305176,sitting_seg1
375519,0.305908,-0.515747,-0.792114,0.549316,-0.366211,0.305176,sitting_seg1
375535,0.303345,-0.514404,-0.793823,0.671387,-0.549316,0.183106,sitting_seg1
375552,0.302856,-0.515503,-0.793701,0.793457,-0.732422,0.12207,sitting_seg1
375569,0.302124,-0.518066,-0.794434,0.732422,-0.610352,0.12207,sitting_seg1
375585,0.301392,-0.519043,-0.793701,0.671387,-0.488281,0.183106,sitting_seg1
375602,0.301025,-0.518799,-0.792358,0.488281,-0.305176,0.244141,sitting_seg1
375619,0.300781,-0.513672,-0.792847,0.244141,-0.061035,0.305176,sitting_seg1
375635,0.302368,-0.51416,-0.794678,0.12207,-0.12207,0.366211,sitting_seg1
375652,0.301147,-0.516235,-0.795288,0.0,-0.061035,0.305176,sitting_seg1
375669,0.299927,-0.516724,-0.795776,0.0,0.12207,0.244141,sitting_seg1
375685,0.300659,-0.518921,-0.795532,-0.061035,0.305176,0.183106,sitting_seg1
375702,0.30188,-0.518921,-0.794556,0.0,0.244141,0.061035,sitting_seg1
375719,0.302612,-0.518311,-0.793579,0.061035,0.12207,0.0,sitting_seg1
375735,0.301514,-0.516479,-0.792358,0.061035,0.061035,-0.061035,sitting_seg1
375752,0.299438,-0.515259,-0.793579,0.061035,0.0,-0.061035,sitting_seg1
375769,0.301758,-0.516113,-0.797852,0.305176,-0.183106,-0.061035,sitting_seg1
375785,0.301147,-0.51709,-0.797485,0.305176,-0.183106,-0.061035,sitting_seg1
375802,0.299683,-0.515747,-0.794312,0.366211,0.12207,-0.183106,sitting_seg1
375819,0.305542,-0.515259,-0.79126,0.488281,0.061035,-0.12207,sitting_seg1
375835,0.307739,-0.515381,-0.791626,0.549316,-0.183106,-0.061035,sitting_seg1
375852,0.303955,-0.516235,-0.792358,0.488281,-0.610352,-0.061035,sitting_seg1
375869,0.300049,-0.517822,-0.793579,0.244141,-0.183106,-0.12207,sitting_seg1
375885,0.300171,-0.516846,-0.79541,-0.061035,0.488281,-0.061035,sitting_seg1
375902,0.302734,-0.516968,-0.795166,-0.12207,0.671387,0.0,sitting_seg1
375919,0.307373,-0.518433,-0.793579,-0.12207,0.427246,0.061035,sitting_seg1
375935,0.305664,-0.517578,-0.792236,-0.12207,0.12207,0.183106,sitting_seg1
375952,0.303223,-0.516235,-0.794067,-0.12207,0.0,0.244141,sitting_seg1
375969,0.30188,-0.512817,-0.799316,-0.061035,0.12207,0.244141,sitting_seg1
375985,0.299438,-0.510498,-0.801758,0.061035,0.244141,0.183106,sitting_seg1
376002,0.299561,-0.514893,-0.796265,0.183106,0.427246,0.183106,sitting_seg1
376019,0.299805,-0.517212,-0.793579,0.183106,0.488281,0.305176,sitting_seg1
376035,0.302979,-0.520142,-0.792358,0.183106,0.183106,0.366211,sitting_seg1
376052,0.301392,-0.518921,-0.795166,0.183106,0.0,0.244141,sitting_seg1
376069,0.301025,-0.517456,-0.796875,0.183106,-0.061035,0.183106,sitting_seg1
376086,0.302124,-0.517822,-0.795288,0.183106,-0.183106,0.12207,sitting_seg1
376102,0.303833,-0.51709,-0.792847,0.0,-0.061035,0.061035,sitting_seg1
376119,0.304932,-0.515747,-0.792847,0.0,-0.12207,0.0,sitting_seg1
376136,0.306396,-0.515381,-0.791626,-0.061035,-0.183106,-0.061035,sitting_seg1
376152,0.302734,-0.511353,-0.794922,0.12207,-0.244141,-0.061035,sitting_seg1
376169,0.30127,-0.51062,-0.797363,0.366211,-0.12207,-0.061035,sitting_seg1
376186,0.299683,-0.510742,-0.798218,0.366211,0.061035,-0.061035,sitting_seg1
376202,0.303345,-0.511963,-0.799683,0.610352,0.305176,0.0,sitting_seg1
376219,0.309814,-0.513062,-0.797241,0.854492,-0.183106,0.061035,sitting_seg1
376236,0.310303,-0.514038,-0.795166,0.854492,-0.488281,-0.061035,sitting_seg1
376252,0.305176,-0.515869,-0.79248,0.793457,-0.854492,-0.061035,sitting_seg1
376269,0.300903,-0.518311,-0.791504,0.488281,-0.671387,-0.061035,sitting_seg1
376286,0.299438,-0.518921,-0.792358,0.183106,-0.366211,-0.12207,sitting_seg1
376302,0.297729,-0.519043,-0.792236,0.0,-0.244141,-0.12207,sitting_seg1
376319,0.298218,-0.519897,-0.792358,-0.244141,0.0,0.0,sitting_seg1
376336,0.295166,-0.518311,-0.795898,-0.549316,0.488281,0.0,sitting_seg1
376352,0.297119,-0.517944,-0.796509,-0.671387,0.732422,0.061035,sitting_seg1
376369,0.302246,-0.514648,-0.795166,-0.732422,0.793457,0.061035,sitting_seg1
376386,0.307861,-0.513672,-0.795166,-0.610352,0.549316,0.12207,sitting_seg1
376402,0.307495,-0.509888,-0.796997,-0.427246,0.366211,0.12207,sitting_seg1
376419,0.305908,-0.508057,-0.79895,-0.305176,0.366211,0.12207,sitting_seg1
376436,0.304688,-0.507446,-0.799683,0.061035,0.183106,0.12207,sitting_seg1
376452,0.303711,-0.509033,-0.79834,0.427246,0.0,0.12207,sitting_seg1
376469,0.303833,-0.510742,-0.798218,0.488281,-0.061035,0.12207,sitting_seg1
376486,0.303467,-0.51355,-0.796631,0.549316,-0.183106,0.12207,sitting_seg1
376502,0.302979,-0.514648,-0.796631,0.732422,-0.427246,-0.061035,sitting_seg1
376519,0.300049,-0.515137,-0.79541,0.610352,-0.12207,-0.12207,sitting_seg1
376536,0.299927,-0.515259,-0.7948,0.610352,-0.061035,-0.12207,sitting_seg1
376552,0.301758,-0.514648,-0.795166,0.549316,0.183106,-0.061035,sitting_seg1
376569,0.305054,-0.514771,-0.795166,0.610352,0.0,0.0,sitting_seg1
376586,0.307007,-0.515503,-0.794312,0.610352,-0.183106,0.061035,sitting_seg1
376602,0.304199,-0.515015,-0.794067,0.488281,-0.244141,0.061035,sitting_seg1
376619,0.301025,-0.514038,-0.796509,0.671387,-0.12207,0.061035,sitting_seg1
376636,0.303101,-0.512817,-0.797729,0.915528,0.0,0.061035,sitting_seg1
376652,0.305786,-0.512207,-0.80127,1.037598,0.0,0.061035,sitting_seg1
376669,0.308228,-0.51355,-0.803711,1.464844,-0.12207,0.0,sitting_seg1
376686,0.312012,-0.51355,-0.798218,1.586915,-0.305176,0.0,sitting_seg1
376703,0.314087,-0.512817,-0.794922,1.708985,-0.671387,0.061035,sitting_seg1
376719,0.30188,-0.51355,-0.791138,1.77002,-1.220703,0.061035,sitting_seg1
376736,0.290405,-0.517456,-0.794922,1.708985,-0.671387,0.0,sitting_seg1
376753,0.285278,-0.520752,-0.792969,1.525879,0.0,0.12207,sitting_seg1
376769,0.301392,-0.515503,-0.796509,1.586915,0.061035,0.549316,sitting_seg1
376786,0.308716,-0.518921,-0.798584,1.64795,-0.488281,0.732422,sitting_seg1
376803,0.304688,-0.518188,-0.799194,1.77002,-1.220703,0.488281,sitting_seg1
376819,0.301147,-0.517212,-0.799072,1.708985,-1.342773,0.427246,sitting_seg1
376836,0.293091,-0.513428,-0.799316,1.464844,-0.732422,0.183106,sitting_seg1
376853,0.295532,-0.505981,-0.797974,1.525879,0.183106,0.0,sitting_seg1
376869,0.302612,-0.505981,-0.795166,1.77002,0.183106,0.12207,sitting_seg1
376886,0.310059,-0.508911,-0.790405,1.953125,-0.244141,0.12207,sitting_seg1
376903,0.308594,-0.517578,-0.785522,2.01416,-0.610352,-0.061035,sitting_seg1
376919,0.301758,-0.529663,-0.781616,1.708985,-0.793457,-0.244141,sitting_seg1
376936,0.300415,-0.533691,-0.781006,1.586915,-0.854492,-0.366211,sitting_seg1
376953,0.296021,-0.537842,-0.783936,1.037598,-0.915528,-0.183106,sitting_seg1
376969,0.291138,-0.534912,-0.787842,0.12207,-0.183106,-0.061035,sitting_seg1
376986,0.291138,-0.53064,-0.789429,-0.244141,0.244141,0.0,sitting_seg1
377003,0.296997,-0.524658,-0.789795,-0.732422,0.671387,0.061035,sitting_seg1
377019,0.302368,-0.521362,-0.790527,-0.976563,0.793457,0.305176,sitting_seg1
377036,0.304077,-0.518066,-0.791626,-1.159668,0.976563,0.366211,sitting_seg1
377053,0.30542,-0.515991,-0.793335,-1.098633,0.915528,0.366211,sitting_seg1
377069,0.308105,-0.510864,-0.796753,-1.159668,0.488281,0.305176,sitting_seg1
377086,0.305786,-0.508301,-0.797729,-0.854492,0.061035,0.305176,sitting_seg1
377103,0.303223,-0.509033,-0.798584,-0.732422,0.061035,0.366211,sitting_seg1
377119,0.300293,-0.511963,-0.802368,-0.549316,0.366211,0.183106,sitting_seg1
377136,0.300537,-0.51355,-0.799072,-0.244141,0.610352,0.0,sitting_seg1
377153,0.303711,-0.51123,-0.794556,0.12207,0.427246,-0.12207,sitting_seg1
377169,0.303955,-0.511353,-0.792847,0.305176,0.183106,-0.061035,sitting_seg1
377186,0.302246,-0.517212,-0.793213,0.610352,-0.244141,0.0,sitting_seg1
377203,0.300171,-0.519287,-0.800171,0.915528,-0.671387,0.12207,sitting_seg1
377219,0.299805,-0.519531,-0.802124,1.037598,-0.854492,0.183106,sitting_seg1
377236,0.297852,-0.518921,-0.800537,1.220703,-1.098633,0.244141,sitting_seg1
377253,0.296875,-0.518799,-0.794189,1.159668,-0.976563,0.244141,sitting_seg1
377270,0.297729,-0.520142,-0.791504,1.159668,-0.793457,0.183106,sitting_seg1
377286,0.298462,-0.523438,-0.788696,0.915528,-0.305176,0.0,sitting_seg1
377303,0.299805,-0.524536,-0.786255,0.671387,0.061035,-0.183106,sitting_seg1
377320,0.303589,-0.52356,-0.785522,0.366211,0.244141,-0.244141,sitting_seg1
377336,0.305176,-0.520508,-0.786987,0.12207,0.366211,-0.244141,sitting_seg1
377353,0.304688,-0.515259,-0.792358,-0.183106,0.488281,-0.183106,sitting_seg1
377370,0.302002,-0.513916,-0.796997,-0.427246,0.793457,-0.061035,sitting_seg1
377386,0.301636,-0.514526,-0.796265,-0.610352,0.915528,0.12207,sitting_seg1
377403,0.301025,-0.51709,-0.794922,-0.732422,1.220703,0.12207,sitting_seg1
377420,0.302612,-0.515625,-0.792847,-0.793457,1.159668,0.183106,sitting_seg1
377436,0.302246,-0.51416,-0.797363,-0.549316,0.671387,0.183106,sitting_seg1
377453,0.301147,-0.512817,-0.800293,-0.305176,0.488281,0.12207,sitting_seg1
377470,0.300171,-0.513794,-0.804565,0.183106,0.244141,0.061035,sitting_seg1
377486,0.304932,-0.515137,-0.801636,0.793457,-0.244141,-0.12207,sitting_seg1
377503,0.306641,-0.516235,-0.797607,0.854492,-0.549316,-0.12207,sitting_seg1
377520,0.304565,-0.518677,-0.79187,0.915528,-0.976563,-0.12207,sitting_seg1
377536,0.300781,-0.520264,-0.791382,0.793457,-0.976563,0.061035,sitting_seg1
377553,0.299805,-0.520752,-0.793579,0.793457,-0.671387,0.0,sitting_seg1
377570,0.301758,-0.52002,-0.79187,0.793457,-0.610352,-0.061035,sitting_seg1
377586,0.300415,-0.521118,-0.788086,0.549316,-0.549316,-0.183106,sitting_seg1
377603,0.299072,-0.521606,-0.789063,0.366211,-0.366211,-0.183106,sitting_seg1
377620,0.297241,-0.520996,-0.791626,0.12207,-0.12207,-0.183106,sitting_seg1
377636,0.298828,-0.519043,-0.794189,-0.183106,0.610352,-0.12207,sitting_seg1
377653,0.304565,-0.516235,-0.793579,-0.427246,0.854492,0.0,sitting_seg1
377670,0.30957,-0.512207,-0.792358,-0.244141,0.305176,0.12207,sitting_seg1
377686,0.309204,-0.511719,-0.793823,-0.183106,0.12207,0.183106,sitting_seg1
377703,0.304321,-0.51062,-0.797241,-0.12207,0.061035,0.244141,sitting_seg1
377720,0.299072,-0.508667,-0.805298,0.0,0.244141,0.366211,sitting_seg1
377736,0.302246,-0.508667,-0.807007,0.244141,0.12207,0.488281,sitting_seg1
377753,0.303223,-0.510986,-0.802734,0.671387,-0.305176,0.488281,sitting_seg1
377770,0.299316,-0.514526,-0.7948,0.793457,-0.427246,0.366211,sitting_seg1
377786,0.298706,-0.516724,-0.79126,0.793457,-0.366211,0.305176,sitting_seg1
377803,0.298706,-0.518799,-0.789063,0.610352,-0.061035,0.183106,sitting_seg1
377820,0.300537,-0.520386,-0.791504,0.549316,-0.061035,0.183106,sitting_seg1
377836,0.303467,-0.522095,-0.79248,0.427246,-0.183106,0.061035,sitting_seg1
377853,0.302856,-0.520386,-0.793091,0.427246,-0.183106,0.0,sitting_seg1
377870,0.300537,-0.517944,-0.792603,0.427246,-0.061035,-0.061035,sitting_seg1
377887,0.299072,-0.516846,-0.7948,0.244141,0.244141,-0.12207,sitting_seg1
377903,0.298828,-0.515869,-0.796265,0.244141,0.366211,-0.12207,sitting_seg1
377920,0.301514,-0.514893,-0.796265,0.427246,0.12207,-0.12207,sitting_seg1
377937,0.304443,-0.518433,-0.793335,0.488281,-0.366211,0.0,sitting_seg1
377953,0.300781,-0.519653,-0.794922,0.305176,-0.183106,0.061035,sitting_seg1
377970,0.300781,-0.519409,-0.795288,0.244141,0.0,0.061035,sitting_seg1
377987,0.301514,-0.516479,-0.795776,0.061035,0.305176,0.12207,sitting_seg1
378003,0.302856,-0.513428,-0.796631,0.0,0.12207,0.183106,sitting_seg1
378020,0.302856,-0.513428,-0.79541,-0.061035,0.061035,0.183106,sitting_seg1
378037,0.304321,-0.513306,-0.793701,0.12207,-0.244141,0.244141,sitting_seg1
378053,0.302979,-0.515381,-0.795288,0.0,-0.061035,0.244141,sitting_seg1
378070,0.300415,-0.515259,-0.79541,-0.061035,0.244141,0.305176,sitting_seg1
378087,0.300049,-0.516235,-0.795776,-0.12207,0.305176,0.366211,sitting_seg1
378103,0.303345,-0.51355,-0.796631,0.061035,0.12207,0.305176,sitting_seg1
378120,0.302612,-0.515625,-0.793091,0.0,0.12207,0.244141,sitting_seg1
378137,0.301758,-0.515381,-0.793213,0.0,0.183106,0.183106,sitting_seg1
378153,0.300537,-0.516846,-0.793091,-0.12207,0.427246,0.0,sitting_seg1
378170,0.302368,-0.515137,-0.796875,-0.061035,0.244141,0.0,sitting_seg1
378187,0.302002,-0.514893,-0.800659,0.0,-0.061035,0.061035,sitting_seg1
378203,0.299683,-0.514404,-0.800903,0.12207,0.0,0.0,sitting_seg1
378220,0.296631,-0.515381,-0.79895,-0.061035,0.305176,0.0,sitting_seg1
378237,0.299072,-0.516724,-0.796265,-0.061035,0.671387,-0.061035,sitting_seg1
378253,0.30188,-0.51709,-0.796631,-0.061035,0.732422,0.0,sitting_seg1
378270,0.303955,-0.512817,-0.797729,0.12207,0.610352,-0.061035,sitting_seg1
378287,0.304321,-0.508911,-0.798706,0.671387,0.183106,-0.061035,sitting_seg1
378303,0.304321,-0.508789,-0.797852,0.793457,0.12207,-0.12207,sitting_seg1
378320,0.305054,-0.508179,-0.796631,1.159668,-0.061035,-0.061035,sitting_seg1
378337,0.306274,-0.509644,-0.796265,1.464844,-0.488281,-0.061035,sitting_seg1
378353,0.305664,-0.514893,-0.795044,1.525879,-0.976563,-0.183106,sitting_seg1
378370,0.306152,-0.518066,-0.793091,1.403809,-1.098633,-0.244141,sitting_seg1
378387,0.30127,-0.522217,-0.790161,1.098633,-0.976563,-0.183106,sitting_seg1
378403,0.297485,-0.524048,-0.78833,0.732422,-0.427246,-0.061035,sitting_seg1
378420,0.297729,-0.524048,-0.788208,0.549316,-0.244141,-0.061035,sitting_seg1
378437,0.30127,-0.52002,-0.789185,0.305176,-0.183106,0.061035,sitting_seg1
378454,0.301392,-0.518433,-0.793823,0.183106,0.061035,0.12207,sitting_seg1
378470,0.304077,-0.515259,-0.798828,-0.061035,0.427246,0.183106,sitting_seg1
378487,0.305664,-0.514526,-0.800171,-0.12207,0.427246,0.305176,sitting_seg1
378504,0.307495,-0.511719,-0.797363,-0.244141,0.610352,0.488281,sitting_seg1
378520,0.30542,-0.511353,-0.795776,-0.244141,0.244141,0.610352,sitting_seg1
378537,0.303833,-0.512085,-0.796265,-0.12207,0.0,0.610352,sitting_seg1
378554,0.297363,-0.512207,-0.799072,-0.183106,-0.061035,0.488281,sitting_seg1
378570,0.296509,-0.509644,-0.800049,-0.244141,0.671387,0.427246,sitting_seg1
378587,0.30188,-0.509521,-0.795898,-0.183106,1.098633,0.366211,sitting_seg1
378604,0.306274,-0.510254,-0.792969,0.0,1.037598,0.305176,sitting_seg1
378620,0.310425,-0.51355,-0.791382,0.366211,0.183106,0.244141,sitting_seg1
378637,0.306274,-0.515259,-0.791626,0.732422,-0.671387,0.183106,sitting_seg1
378654,0.303345,-0.516968,-0.793945,0.854492,-0.793457,0.061035,sitting_seg1
378670,0.297119,-0.518188,-0.799194,0.854492,-0.610352,0.0,sitting_seg1
378687,0.29541,-0.518799,-0.801147,0.793457,0.061035,-0.12207,sitting_seg1
378704,0.297852,-0.518311,-0.799438,0.854492,0.061035,-0.183106,sitting_seg1
378720,0.301025,-0.5177,-0.799316,0.976563,-0.12207,-0.244141,sitting_seg1
378737,0.300659,-0.520752,-0.792847,0.854492,-0.305176,-0.305176,sitting_seg1
378754,0.300537,-0.511963,-0.792847,0.671387,-0.183106,-0.305176,sitting_seg1
378770,0.300293,-0.513428,-0.792969,0.671387,0.12207,-0.244141,sitting_seg1
378787,0.307373,-0.514038,-0.792969,0.610352,0.244141,-0.061035,sitting_seg1
378804,0.30957,-0.518188,-0.791382,0.427246,0.12207,0.061035,sitting_seg1
378820,0.309814,-0.517578,-0.792358,0.305176,0.0,0.12207,sitting_seg1
378837,0.306519,-0.515747,-0.79248,0.12207,0.0,0.183106,sitting_seg1
378854,0.301758,-0.51355,-0.794556,0.0,0.12207,0.183106,sitting_seg1
378870,0.300049,-0.512329,-0.796753,-0.061035,0.488281,0.183106,sitting_seg1
378887,0.30127,-0.512451,-0.797974,0.0,0.549316,0.183106,sitting_seg1
378904,0.305786,-0.514771,-0.799561,0.061035,0.244141,0.244141,sitting_seg1
378920,0.305298,-0.516846,-0.79895,0.183106,-0.244141,0.183106,sitting_seg1
378937,0.303711,-0.516235,-0.795898,0.12207,-0.305176,0.183106,sitting_seg1
378954,0.29895,-0.515991,-0.791626,-0.061035,-0.12207,0.366211,sitting_seg1
378970,0.298584,-0.515259,-0.793701,-0.183106,0.366211,0.427246,sitting_seg1
378987,0.303101,-0.514404,-0.797241,0.0,0.244141,0.427246,sitting_seg1
379004,0.30542,-0.51355,-0.796997,0.183106,-0.061035,0.427246,sitting_seg1
379020,0.304688,-0.513184,-0.795898,0.427246,-0.671387,0.183106,sitting_seg1
379037,0.298828,-0.515137,-0.796387,0.610352,-0.610352,0.061035,sitting_seg1
379054,0.298096,-0.515625,-0.79834,0.549316,-0.305176,0.0,sitting_seg1
379071,0.298828,-0.516724,-0.797485,0.427246,0.183106,-0.061035,sitting_seg1
379087,0.303955,-0.51416,-0.794434,0.610352,0.305176,0.0,sitting_seg1
379104,0.307129,-0.515137,-0.791138,0.671387,-0.183106,0.0,sitting_seg1
379121,0.305298,-0.515625,-0.790771,0.671387,-0.488281,-0.061035,sitting_seg1
379137,0.298096,-0.514893,-0.79248,0.427246,-0.305176,-0.061035,sitting_seg1
379154,0.296753,-0.512695,-0.796631,0.0,0.488281,0.061035,sitting_seg1
379171,0.29834,-0.510498,-0.798584,-0.183106,0.793457,0.12207,sitting_seg1
379187,0.309448,-0.51001,-0.798828,0.0,0.427246,0.244141,sitting_seg1
379204,0.312866,-0.510864,-0.797729,0.061035,-0.183106,0.244141,sitting_seg1
379221,0.306152,-0.512817,-0.793823,0.12207,-0.366211,0.183106,sitting_seg1
379237,0.301636,-0.514038,-0.793091,-0.061035,-0.183106,0.12207,sitting_seg1
379254,0.296875,-0.514771,-0.793823,0.0,0.305176,0.183106,sitting_seg1
379271,0.301025,-0.516357,-0.792847,0.061035,0.488281,0.183106,sitting_seg1
379287,0.302612,-0.516724,-0.792847,0.061035,0.427246,0.183106,sitting_seg1
379304,0.303589,-0.515503,-0.796143,0.12207,0.305176,0.061035,sitting_seg1
379321,0.30542,-0.513672,-0.798706,0.488281,-0.061035,0.0,sitting_seg1
379337,0.305664,-0.514648,-0.799194,0.549316,-0.366211,0.061035,sitting_seg1
379354,0.301025,-0.518066,-0.797485,0.488281,-0.305176,0.183106,sitting_seg1
379371,0.299438,-0.519043,-0.794922,0.305176,0.0,0.244141,sitting_seg1
379387,0.300537,-0.518677,-0.796509,0.305176,-0.244141,0.305176,sitting_seg1
379404,0.300659,-0.517944,-0.797729,0.305176,-0.305176,0.305176,sitting_seg1
379421,0.299072,-0.512695,-0.798584,0.427246,-0.305176,0.12207,sitting_seg1
379437,0.301392,-0.511108,-0.796509,0.549316,0.0,0.061035,sitting_seg1
379454,0.303955,-0.510742,-0.796143,0.488281,0.183106,0.0,sitting_seg1
379471,0.30835,-0.510254,-0.794556,0.610352,0.305176,-0.061035,sitting_seg1
379487,0.311523,-0.509033,-0.794922,0.488281,0.12207,-0.12207,sitting_seg1
379504,0.310913,-0.505249,-0.796265,0.610352,-0.366211,-0.12207,sitting_seg1
379521,0.308838,-0.507202,-0.796997,0.671387,-0.549316,-0.12207,sitting_seg1
379537,0.301758,-0.512329,-0.796875,0.671387,-0.549316,-0.183106,sitting_seg1
379554,0.296875,-0.517944,-0.793823,0.488281,-0.183106,-0.183106,sitting_seg1
379571,0.296387,-0.519653,-0.793335,0.366211,-0.061035,-0.12207,sitting_seg1
379587,0.296997,-0.523193,-0.791138,0.244141,0.12207,0.061035,sitting_seg1
379604,0.299683,-0.519775,-0.796143,0.12207,0.366211,0.12207,sitting_seg1
379621,0.307373,-0.513428,-0.803223,0.305176,-0.183106,0.183106,sitting_seg1
379638,0.306885,-0.513062,-0.804199,0.427246,-0.549316,0.244141,sitting_seg1
379654,0.302124,-0.511841,-0.800659,0.427246,-0.549316,0.183106,sitting_seg1
379671,0.300537,-0.509399,-0.797485,0.244141,0.061035,0.427246,sitting_seg1
379688,0.302002,-0.507935,-0.796021,0.12207,0.305176,0.488281,sitting_seg1
379704,0.309326,-0.507446,-0.794678,0.305176,-0.183106,0.488281,sitting_seg1
379721,0.306152,-0.515625,-0.792114,0.305176,-0.549316,0.488281,sitting_seg1
379738,0.296753,-0.519409,-0.789307,-0.183106,-0.061035,0.366211,sitting_seg1
379754,0.29541,-0.520874,-0.790527,-0.244141,0.366211,0.305176,sitting_seg1
379771,0.300415,-0.520996,-0.792725,-0.366211,0.488281,0.305176,sitting_seg1
379788,0.299316,-0.518799,-0.796143,-0.366211,0.061035,0.12207,sitting_seg1
379804,0.297241,-0.516968,-0.796997,-0.366211,0.12207,0.0,sitting_seg1
379821,0.298584,-0.513794,-0.799438,-0.183106,0.244141,-0.12207,sitting_seg1
379838,0.304688,-0.509766,-0.800537,0.12207,-0.12207,-0.12207,sitting_seg1
379854,0.307861,-0.509033,-0.797363,0.244141,-0.488281,0.0,sitting_seg1
379871,0.307251,-0.508545,-0.796143,0.183106,-0.610352,0.061035,sitting_seg1
379888,0.304321,-0.510864,-0.794678,-0.061035,-0.305176,0.183106,sitting_seg1
379904,0.30188,-0.51355,-0.793945,-0.244141,0.183106,0.305176,sitting_seg1
379921,0.303467,-0.513184,-0.795776,-0.244141,0.305176,0.305176,sitting_seg1
379938,0.309448,-0.511719,-0.798096,-0.12207,-0.305176,0.427246,sitting_seg1
379954,0.307007,-0.509277,-0.798218,0.061035,-1.037598,0.305176,sitting_seg1
379971,0.302002,-0.51062,-0.797729,0.183106,-1.037598,0.244141,sitting_seg1
379988,0.29541,-0.509155,-0.799194,0.183106,-0.610352,0.183106,sitting_seg1
380004,0.29541,-0.508179,-0.802124,0.427246,-0.183106,0.244141,sitting_seg1
380021,0.295898,-0.510254,-0.804199,0.732422,-0.12207,0.183106,sitting_seg1
380038,0.299683,-0.51062,-0.80481,0.976563,-0.305176,0.244141,sitting_seg1
380054,0.304321,-0.511475,-0.800659,1.403809,-0.793457,0.305176,sitting_seg1
380071,0.302124,-0.515869,-0.796387,1.64795,-1.281738,0.366211,sitting_seg1
380088,0.300049,-0.517456,-0.794678,1.64795,-1.342773,0.366211,sitting_seg1
380104,0.296509,-0.520874,-0.792358,1.281738,-1.281738,0.366211,sitting_seg1
380121,0.291504,-0.519775,-0.790894,0.732422,-0.366211,0.305176,sitting_seg1
380138,0.296021,-0.517212,-0.792969,0.305176,0.366211,0.244141,sitting_seg1
380154,0.300415,-0.514893,-0.795166,0.244141,0.183106,0.305176,sitting_seg1
380171,0.30249,-0.510864,-0.800293,0.12207,-0.061035,0.183106,sitting_seg1
380188,0.300781,-0.509766,-0.800293,-0.12207,-0.061035,0.061035,sitting_seg1
380204,0.298584,-0.510132,-0.799072,-0.183106,0.305176,0.061035,sitting_seg1
380221,0.300293,-0.513428,-0.797485,-0.061035,1.037598,0.12207,sitting_seg1
380238,0.305664,-0.516357,-0.792725,0.183106,0.793457,0.183106,sitting_seg1
380255,0.30542,-0.515259,-0.792603,0.549316,-0.366211,0.061035,sitting_seg1
380271,0.303467,-0.511963,-0.794067,0.793457,-0.854492,0.0,sitting_seg1
380288,0.296387,-0.506958,-0.803955,1.403809,-1.525879,-0.183106,sitting_seg1
380305,0.28772,-0.509277,-0.810547,1.708985,-1.037598,-0.305176,sitting_seg1
380321,0.287964,-0.51062,-0.810181,1.708985,-0.549316,-0.305176,sitting_seg1
380338,0.296021,-0.51123,-0.803833,1.464844,-0.061035,-0.183106,sitting_seg1
380355,0.302246,-0.513184,-0.795532,1.403809,-0.549316,-0.061035,sitting_seg1
380371,0.300171,-0.514771,-0.791748,0.976563,-0.610352,-0.061035,sitting_seg1
380388,0.299805,-0.514771,-0.790527,0.732422,-0.366211,-0.061035,sitting_seg1
380405,0.301636,-0.518066,-0.790039,0.305176,0.183106,-0.061035,sitting_seg1
380421,0.301636,-0.525269,-0.789185,-0.244141,0.549316,0.061035,sitting_seg1
380438,0.300171,-0.526855,-0.78894,-0.549316,0.793457,0.061035,sitting_seg1
380455,0.294678,-0.522217,-0.789917,-0.915528,1.464844,0.0,sitting_seg1
380471,0.298828,-0.517456,-0.794067,-0.732422,1.342773,-0.12207,sitting_seg1
380488,0.299194,-0.514893,-0.797485,-0.549316,1.037598,-0.183106,sitting_seg1
380505,0.297974,-0.509155,-0.803833,0.183106,0.427246,-0.488281,sitting_seg1
380521,0.295898,-0.507568,-0.804077,0.732422,0.366211,-0.549316,sitting_seg1
380538,0.297729,-0.503662,-0.80127,1.220703,0.427246,-0.610352,sitting_seg1
380555,0.29895,-0.504028,-0.799805,1.403809,0.549316,-0.610352,sitting_seg1
380571,0.300903,-0.505615,-0.800171,1.586915,0.976563,-0.488281,sitting_seg1
380588,0.309814,-0.509766,-0.802734,1.77002,0.793457,-0.183106,sitting_seg1
380605,0.317871,-0.510498,-0.80249,1.77002,0.061035,-0.061035,sitting_seg1
380621,0.315796,-0.510132,-0.798462,1.64795,-1.464844,0.12207,sitting_seg1
380638,0.298462,-0.514404,-0.793335,1.159668,-1.159668,0.244141,sitting_seg1
380655,0.291382,-0.518311,-0.790527,0.427246,0.366211,0.427246,sitting_seg1
380671,0.295166,-0.521362,-0.790039,0.183106,0.854492,0.488281,sitting_seg1
380688,0.303833,-0.526978,-0.786133,-0.12207,0.915528,0.488281,sitting_seg1
380705,0.302246,-0.530273,-0.783081,-0.366211,0.610352,0.12207,sitting_seg1
380721,0.297485,-0.530273,-0.783813,-0.427246,0.610352,0.0,sitting_seg1
380738,0.291382,-0.528564,-0.786743,-0.610352,0.915528,-0.183106,sitting_seg1
380755,0.290894,-0.525024,-0.793579,-0.549316,1.403809,-0.427246,sitting_seg1
380771,0.295898,-0.517212,-0.802246,-0.488281,1.831055,-0.366211,sitting_seg1
380788,0.300537,-0.513062,-0.805298,-0.366211,1.77002,-0.305176,sitting_seg1
380805,0.311646,-0.505737,-0.804199,0.305176,0.915528,-0.244141,sitting_seg1
380821,0.316162,-0.498901,-0.800293,0.976563,-0.610352,-0.183106,sitting_seg1
380838,0.315674,-0.498901,-0.798096,1.403809,-1.281738,-0.12207,sitting_seg1
380855,0.308594,-0.50293,-0.797729,1.77002,-1.77002,0.0,sitting_seg1
380872,0.301147,-0.507935,-0.800537,1.953125,-1.64795,-0.183106,sitting_seg1
380888,0.299927,-0.510254,-0.800537,1.831055,-1.037598,-0.366211,sitting_seg1
380905,0.302734,-0.511108,-0.798218,1.89209,-1.037598,-0.366211,sitting_seg1
380922,0.303223,-0.516235,-0.793701,1.464844,-0.610352,-0.183106,sitting_seg1
380938,0.301636,-0.518921,-0.787964,1.037598,0.0,-0.12207,sitting_seg1
380955,0.303711,-0.520752,-0.786377,0.732422,0.183106,-0.061035,sitting_seg1
380972,0.305786,-0.520996,-0.785889,0.610352,-0.183106,0.183106,sitting_seg1
380988,0.302979,-0.52356,-0.79248,0.427246,-0.671387,0.366211,sitting_seg1
381005,0.29895,-0.524536,-0.794922,0.366211,-0.671387,0.366211,sitting_seg1
381022,0.290894,-0.524902,-0.795044,-0.12207,0.183106,0.366211,sitting_seg1
381038,0.294922,-0.520996,-0.79541,-0.366211,0.976563,0.366211,sitting_seg1
381055,0.303101,-0.517456,-0.797119,-0.244141,0.793457,0.427246,sitting_seg1
381072,0.306152,-0.515137,-0.798828,-0.061035,0.427246,0.427246,sitting_seg1
381088,0.306763,-0.513672,-0.800171,0.366211,-0.305176,0.366211,sitting_seg1
381105,0.301636,-0.512817,-0.799438,0.610352,-0.244141,0.366211,sitting_seg1
381122,0.299194,-0.513428,-0.79834,0.610352,0.0,0.244141,sitting_seg1
381138,0.300903,-0.51062,-0.794434,0.732422,0.427246,0.12207,sitting_seg1
381155,0.309692,-0.508545,-0.793579,1.220703,-0.427246,0.305176,sitting_seg1
381172,0.312622,-0.512329,-0.796143,1.586915,-1.708985,0.366211,sitting_seg1
381188,0.308105,-0.514893,-0.797607,1.586915,-2.075195,0.366211,sitting_seg1
381205,0.296143,-0.518921,-0.794922,1.220703,-1.464844,0.305176,sitting_seg1
381222,0.29541,-0.519531,-0.788086,0.793457,-0.488281,0.305176,sitting_seg1
381238,0.297729,-0.519653,-0.786743,0.549316,-0.183106,0.305176,sitting_seg1
381255,0.304199,-0.518433,-0.787231,0.244141,-0.183106,0.427246,sitting_seg1
381272,0.299561,-0.519897,-0.789551,-0.12207,-0.244141,0.244141,sitting_seg1
381288,0.294922,-0.520142,-0.791992,-0.427246,0.244141,0.061035,sitting_seg1
381305,0.295654,-0.520874,-0.793091,-0.610352,0.732422,0.0,sitting_seg1
381322,0.297363,-0.519165,-0.795166,-0.976563,1.281738,-0.061035,sitting_seg1
381338,0.303223,-0.515991,-0.800659,-0.854492,1.159668,-0.12207,sitting_seg1
381355,0.305542,-0.515747,-0.80127,-0.549316,0.671387,-0.244141,sitting_seg1
381372,0.300903,-0.518066,-0.797607,-0.549316,-0.12207,-0.305176,sitting_seg1
381388,0.292236,-0.516113,-0.797729,-0.244141,0.061035,-0.305176,sitting_seg1
381405,0.294556,-0.514526,-0.798706,-0.244141,0.549316,-0.183106,sitting_seg1
381422,0.297729,-0.513428,-0.799561,-0.12207,0.549316,-0.12207,sitting_seg1
381439,0.302734,-0.515381,-0.798218,0.183106,0.305176,-0.061035,sitting_seg1
381455,0.304443,-0.515137,-0.795166,0.366211,0.0,-0.061035,sitting_seg1
381472,0.30542,-0.515259,-0.792969,0.488281,-0.183106,-0.061035,sitting_seg1
381489,0.306885,-0.514526,-0.792847,0.427246,-0.305176,0.0,sitting_seg1
381505,0.304077,-0.513062,-0.7948,0.12207,0.061035,0.061035,sitting_seg1
381522,0.304077,-0.511475,-0.79541,0.061035,0.12207,0.12207,sitting_seg1
381539,0.304688,-0.510376,-0.795166,-0.061035,0.244141,0.12207,sitting_seg1
381555,0.304443,-0.512817,-0.795288,0.0,0.244141,0.061035,sitting_seg1
381572,0.301636,-0.515991,-0.794678,-0.183106,0.244141,0.12207,sitting_seg1
381589,0.30127,-0.516235,-0.794067,-0.183106,0.366211,0.061035,sitting_seg1
381605,0.30127,-0.515015,-0.794189,-0.183106,0.366211,0.183106,sitting_seg1
381622,0.299438,-0.514404,-0.796387,-0.366211,0.488281,0.183106,sitting_seg1
381639,0.29895,-0.513794,-0.796875,-0.427246,0.671387,0.183106,sitting_seg1
381655,0.299194,-0.51416,-0.796875,-0.427246,0.793457,0.12207,sitting_seg1
381672,0.30249,-0.512207,-0.797852,-0.366211,0.732422,0.183106,sitting_seg1
381689,0.305298,-0.509888,-0.800415,0.0,0.12207,0.183106,sitting_seg1
381705,0.304321,-0.509766,-0.801147,0.061035,-0.183106,0.061035,sitting_seg1
381722,0.301758,-0.512451,-0.800903,0.305176,-0.366211,-0.061035,sitting_seg1
381739,0.299683,-0.514282,-0.797119,0.244141,-0.061035,-0.12207,sitting_seg1
381755,0.301147,-0.514771,-0.796387,0.244141,0.12207,-0.12207,sitting_seg1
381772,0.301636,-0.514038,-0.795166,0.183106,0.244141,-0.244141,sitting_seg1
381789,0.306274,-0.512817,-0.791748,0.366211,-0.183106,-0.244141,sitting_seg1
381805,0.303223,-0.516357,-0.791382,0.305176,-0.12207,-0.183106,sitting_seg1
381822,0.303101,-0.518311,-0.791992,0.244141,0.0,-0.183106,sitting_seg1
381839,0.302124,-0.51709,-0.793945,0.0,0.305176,-0.183106,sitting_seg1
381855,0.302368,-0.512451,-0.79895,0.0,0.183106,-0.12207,sitting_seg1
381872,0.302979,-0.511353,-0.799561,-0.061035,0.12207,-0.12207,sitting_seg1
381889,0.302124,-0.509644,-0.798828,0.0,0.305176,-0.183106,sitting_seg1
381905,0.302734,-0.512451,-0.7948,-0.12207,0.549316,-0.244141,sitting_seg1
381922,0.305786,-0.507935,-0.794678,-0.061035,0.488281,-0.244141,sitting_seg1
381939,0.307861,-0.508057,-0.79541,0.061035,0.305176,-0.183106,sitting_seg1
381955,0.308594,-0.507446,-0.798218,0.244141,-0.183106,-0.12207,sitting_seg1
381972,0.306763,-0.508301,-0.798584,0.366211,-0.427246,-0.12207,sitting_seg1
381989,0.302734,-0.509277,-0.797852,0.305176,-0.244141,-0.183106,sitting_seg1
382005,0.302246,-0.511597,-0.796509,0.244141,0.305176,-0.183106,sitting_seg1
382022,0.308594,-0.511719,-0.797485,0.549316,0.061035,-0.12207,sitting_seg1
382039,0.309326,-0.513062,-0.799072,0.732422,-0.732422,-0.061035,sitting_seg1
382056,0.305786,-0.511963,-0.800171,0.793457,-0.915528,-0.061035,sitting_seg1
382072,0.297241,-0.513794,-0.797119,0.671387,-0.549316,-0.061035,sitting_seg1
382089,0.297363,-0.51355,-0.795532,0.549316,0.183106,-0.061035,sitting_seg1
382106,0.300537,-0.514038,-0.795776,0.427246,0.427246,0.061035,sitting_seg1
382122,0.308228,-0.514648,-0.796265,0.427246,-0.183106,0.183106,sitting_seg1
382139,0.302124,-0.514526,-0.796875,0.183106,-0.305176,0.12207,sitting_seg1
382156,0.300781,-0.51355,-0.797363,0.061035,-0.12207,0.12207,sitting_seg1
382172,0.300903,-0.512085,-0.796509,-0.061035,0.427246,0.12207,sitting_seg1
382189,0.302734,-0.51001,-0.797852,-0.12207,0.793457,0.12207,sitting_seg1
382206,0.307495,-0.509033,-0.79834,0.0,0.427246,0.183106,sitting_seg1
382222,0.309326,-0.508301,-0.798462,0.12207,0.061035,0.244141,sitting_seg1
382239,0.30835,-0.508545,-0.797241,0.183106,-0.244141,0.244141,sitting_seg1
382256,0.305054,-0.508545,-0.794556,0.427246,-0.183106,0.183106,sitting_seg1
382272,0.303833,-0.509155,-0.794922,0.488281,-0.061035,0.183106,sitting_seg1
382289,0.30835,-0.509888,-0.796265,0.793457,-0.12207,0.183106,sitting_seg1
382306,0.309814,-0.509888,-0.799194,1.098633,-0.976563,0.183106,sitting_seg1
382322,0.305298,-0.510132,-0.798706,1.220703,-1.342773,0.061035,sitting_seg1
382339,0.301025,-0.509644,-0.796875,1.220703,-1.281738,0.12207,sitting_seg1
382356,0.294556,-0.51001,-0.797241,1.098633,-0.488281,0.12207,sitting_seg1
382372,0.298828,-0.511597,-0.798462,0.915528,0.0,0.244141,sitting_seg1
382389,0.300659,-0.510986,-0.799316,0.915528,0.0,0.305176,sitting_seg1
382406,0.303467,-0.513306,-0.798828,0.854492,-0.244141,0.305176,sitting_seg1
382422,0.304688,-0.516357,-0.793945,0.671387,-0.488281,0.305176,sitting_seg1
382439,0.303467,-0.519531,-0.792725,0.244141,-0.244141,0.305176,sitting_seg1
382456,0.302246,-0.519897,-0.794312,0.061035,0.0,0.244141,sitting_seg1
382472,0.299316,-0.516602,-0.796997,-0.244141,0.549316,0.244141,sitting_seg1
382489,0.303711,-0.511597,-0.796997,0.0,0.488281,0.183106,sitting_seg1
382506,0.305542,-0.51123,-0.796509,0.183106,0.305176,0.183106,sitting_seg1
382522,0.303345,-0.510132,-0.797119,0.427246,-0.12207,0.183106,sitting_seg1
382539,0.301636,-0.512695,-0.796509,0.671387,-0.366211,0.12207,sitting_seg1
382556,0.300659,-0.513306,-0.796875,0.793457,-0.366211,0.12207,sitting_seg1
382572,0.302734,-0.516846,-0.795776,0.793457,-0.549316,0.12207,sitting_seg1
382589,0.300781,-0.514771,-0.793945,0.488281,-0.305176,0.0,sitting_seg1
382606,0.303955,-0.510986,-0.794556,0.427246,-0.305176,0.0,sitting_seg1
382623,0.30481,-0.510254,-0.795898,0.427246,-0.305176,0.0,sitting_seg1
382639,0.305054,-0.505493,-0.799927,0.732422,-0.427246,-0.061035,sitting_seg1
382656,0.303101,-0.50769,-0.799438,0.732422,-0.305176,-0.061035,sitting_seg1
382673,0.303711,-0.508545,-0.799316,0.732422,-0.244141,-0.061035,sitting_seg1
382689,0.304077,-0.512573,-0.798462,0.610352,-0.244141,0.061035,sitting_seg1
382706,0.303711,-0.51416,-0.799683,0.366211,-0.244141,0.183106,sitting_seg1
382723,0.299316,-0.513184,-0.795776,0.183106,0.061035,0.244141,sitting_seg1
382739,0.299561,-0.512939,-0.794189,0.183106,0.183106,0.305176,sitting_seg1
382756,0.300903,-0.513428,-0.794556,0.305176,0.244141,0.305176,sitting_seg1
382773,0.301636,-0.515869,-0.794678,0.549316,-0.244141,0.366211,sitting_seg1
382789,0.300415,-0.516846,-0.795288,0.549316,-0.305176,0.366211,sitting_seg1
382806,0.297241,-0.516602,-0.795898,0.305176,-0.244141,0.427246,sitting_seg1
382823,0.298584,-0.516357,-0.796631,0.427246,0.0,0.427246,sitting_seg1
382839,0.30188,-0.512939,-0.796631,0.244141,0.12207,0.244141,sitting_seg1
382856,0.302246,-0.512329,-0.797485,0.305176,0.183106,0.244141,sitting_seg1
382873,0.302368,-0.510254,-0.798828,0.488281,0.061035,0.12207,sitting_seg1
382889,0.301758,-0.51001,-0.797729,0.671387,-0.183106,0.061035,sitting_seg1
382906,0.30127,-0.510132,-0.797485,0.671387,-0.12207,0.061035,sitting_seg1
382923,0.300781,-0.51062,-0.795532,0.549316,0.12207,0.0,sitting_seg1
382939,0.302856,-0.512085,-0.797485,0.671387,0.061035,0.0,sitting_seg1
382956,0.304199,-0.51416,-0.797729,0.610352,-0.244141,0.0,sitting_seg1
382973,0.301514,-0.514893,-0.798096,0.549316,-0.12207,-0.061035,sitting_seg1
382989,0.295776,-0.515137,-0.798096,0.549316,0.244141,-0.183106,sitting_seg1
383006,0.299805,-0.514526,-0.795776,0.610352,0.610352,-0.183106,sitting_seg1
383023,0.301636,-0.51416,-0.795166,0.610352,0.488281,-0.12207,sitting_seg1
383039,0.303711,-0.514771,-0.7948,0.732422,-0.12207,-0.12207,sitting_seg1
383056,0.30188,-0.51709,-0.793335,0.671387,-0.244141,-0.061035,sitting_seg1
383073,0.299927,-0.517212,-0.794434,0.610352,0.0,0.061035,sitting_seg1
383089,0.299683,-0.516724,-0.796631,0.549316,0.244141,0.061035,sitting_seg1
383106,0.301636,-0.514404,-0.799805,0.244141,0.610352,0.061035,sitting_seg1
383123,0.306763,-0.511841,-0.800903,0.305176,0.183106,0.244141,sitting_seg1
383139,0.307617,-0.511841,-0.799561,0.305176,-0.061035,0.244141,sitting_seg1
383156,0.305054,-0.511475,-0.796021,0.427246,-0.305176,0.244141,sitting_seg1
383173,0.304077,-0.510742,-0.793823,0.549316,0.0,0.305176,sitting_seg1
383189,0.303467,-0.51062,-0.793945,0.610352,0.244141,0.244141,sitting_seg1
383206,0.296143,-0.507568,-0.797363,0.732422,0.671387,0.183106,sitting_seg1
383223,0.306152,-0.51062,-0.799438,1.403809,-0.061035,0.305176,sitting_seg1
383240,0.303467,-0.515259,-0.798218,1.342773,-0.488281,0.183106,sitting_seg1
383256,0.299194,-0.5177,-0.796997,1.403809,-0.488281,0.12207,sitting_seg1
383273,0.2948,-0.519653,-0.794678,1.159668,0.061035,0.061035,sitting_seg1
383290,0.300903,-0.518433,-0.792847,1.159668,-0.061035,0.061035,sitting_seg1
383306,0.303101,-0.517456,-0.792114,1.037598,-0.244141,0.061035,sitting_seg1
383323,0.301392,-0.515991,-0.79248,0.915528,-0.305176,0.0,sitting_seg1
383340,0.300049,-0.514526,-0.794312,0.854492,-0.061035,0.0,sitting_seg1
383356,0.300537,-0.515137,-0.796509,0.671387,0.12207,0.12207,sitting_seg1
383373,0.301147,-0.515625,-0.796387,0.610352,0.244141,0.183106,sitting_seg1
383390,0.300537,-0.513794,-0.795898,0.427246,0.488281,0.244141,sitting_seg1
383406,0.304688,-0.512573,-0.794189,0.427246,0.366211,0.244141,sitting_seg1
383423,0.305664,-0.512939,-0.794067,0.488281,0.183106,0.244141,sitting_seg1
383440,0.30249,-0.518066,-0.794556,0.183106,0.183106,0.183106,sitting_seg1
383456,0.300415,-0.516602,-0.796631,0.183106,0.427246,0.061035,sitting_seg1
383473,0.301636,-0.515259,-0.795532,0.427246,0.244141,0.061035,sitting_seg1
383490,0.300293,-0.515625,-0.79541,0.427246,0.183106,0.061035,sitting_seg1
383506,0.299194,-0.51709,-0.794312,0.610352,0.366211,0.0,sitting_seg1
383523,0.302368,-0.518066,-0.793091,0.671387,0.488281,0.061035,sitting_seg1
383540,0.305664,-0.51709,-0.793823,0.732422,0.244141,0.0,sitting_seg1
383556,0.307007,-0.515991,-0.793701,0.976563,-0.366211,-0.061035,sitting_seg1
383573,0.303711,-0.516113,-0.795044,1.037598,-0.549316,0.061035,sitting_seg1
383590,0.301636,-0.516846,-0.796387,0.976563,-0.366211,0.244141,sitting_seg1
383606,0.299927,-0.517578,-0.796997,0.976563,-0.244141,0.305176,sitting_seg1
383623,0.301758,-0.515869,-0.795776,0.915528,-0.12207,0.366211,sitting_seg1
383640,0.301636,-0.514771,-0.79187,0.976563,-0.427246,0.366211,sitting_seg1
383656,0.302734,-0.512329,-0.792358,1.037598,-0.488281,0.366211,sitting_seg1
383673,0.302734,-0.517456,-0.793213,1.403809,-0.793457,0.305176,sitting_seg1
383690,0.30127,-0.518188,-0.793945,1.037598,-0.488281,0.0,sitting_seg1
383706,0.29895,-0.517944,-0.793335,0.915528,-0.061035,-0.061035,sitting_seg1
383723,0.299438,-0.51709,-0.791138,0.671387,0.366211,-0.061035,sitting_seg1
383740,0.307617,-0.514526,-0.789551,0.610352,-0.183106,0.12207,sitting_seg1
383756,0.307373,-0.516113,-0.789673,0.610352,-0.915528,0.244141,sitting_seg1
383773,0.303467,-0.517944,-0.79187,0.610352,-1.098633,0.183106,sitting_seg1
383790,0.296753,-0.521851,-0.79541,0.366211,-0.366211,0.183106,sitting_seg1
383806,0.298462,-0.521118,-0.795898,0.0,0.366211,0.244141,sitting_seg1
383823,0.300293,-0.521484,-0.795288,-0.061035,0.488281,0.244141,sitting_seg1
383840,0.30603,-0.519287,-0.793945,0.061035,-0.12207,0.305176,sitting_seg1
383857,0.304199,-0.519043,-0.795044,0.244141,-0.793457,0.305176,sitting_seg1
383873,0.297852,-0.518311,-0.797729,0.488281,-0.854492,0.244141,sitting_seg1
383890,0.296021,-0.518677,-0.798828,0.549316,-0.732422,0.244141,sitting_seg1
383907,0.298462,-0.517456,-0.797607,0.793457,-0.610352,0.305176,sitting_seg1
383923,0.296875,-0.515381,-0.795654,1.098633,-0.915528,0.183106,sitting_seg1
383940,0.298706,-0.516113,-0.793945,1.281738,-1.037598,0.305176,sitting_seg1
383957,0.30188,-0.517822,-0.792725,1.159668,-1.159668,0.366211,sitting_seg1
383973,0.300659,-0.518921,-0.790527,1.098633,-1.220703,0.244141,sitting_seg1
383990,0.295288,-0.519775,-0.788574,0.854492,-0.732422,0.183106,sitting_seg1
384007,0.295532,-0.52002,-0.789673,0.793457,-0.488281,0.12207,sitting_seg1
384023,0.299561,-0.518433,-0.791626,0.671387,-0.427246,0.183106,sitting_seg1
384040,0.297974,-0.517456,-0.794556,0.366211,-0.183106,0.183106,sitting_seg1
384057,0.297974,-0.516357,-0.797119,0.549316,-0.12207,0.12207,sitting_seg1
384073,0.298462,-0.520752,-0.795776,0.244141,0.305176,0.0,sitting_seg1
384090,0.297729,-0.519287,-0.794312,0.183106,0.366211,0.0,sitting_seg1
384107,0.299316,-0.516968,-0.794678,0.305176,0.061035,0.0,sitting_seg1
384123,0.300659,-0.515869,-0.794434,0.488281,-0.244141,0.12207,sitting_seg1
384140,0.299561,-0.518433,-0.793335,0.549316,-0.427246,0.244141,sitting_seg1
384157,0.296265,-0.519653,-0.793213,0.549316,-0.12207,0.183106,sitting_seg1
384173,0.296021,-0.519531,-0.794678,0.488281,0.0,0.244141,sitting_seg1
384190,0.298584,-0.518066,-0.797241,0.488281,0.12207,0.305176,sitting_seg1
384207,0.299683,-0.518188,-0.797119,0.732422,-0.244141,0.244141,sitting_seg1
384223,0.299927,-0.518677,-0.796753,0.732422,-0.366211,0.244141,sitting_seg1
384240,0.298828,-0.521118,-0.791382,0.671387,-0.488281,0.183106,sitting_seg1
384257,0.294312,-0.522827,-0.789307,0.366211,0.0,0.12207,sitting_seg1
384273,0.296265,-0.522339,-0.790527,0.12207,0.488281,0.12207,sitting_seg1
384290,0.297729,-0.521973,-0.791138,0.0,0.488281,0.12207,sitting_seg1
384307,0.299316,-0.520142,-0.793457,-0.12207,0.305176,0.061035,sitting_seg1
384323,0.296265,-0.52002,-0.793457,-0.183106,0.12207,0.061035,sitting_seg1
384340,0.29541,-0.520386,-0.794189,-0.244141,0.244141,0.061035,sitting_seg1
384357,0.294678,-0.520508,-0.795898,-0.305176,0.549316,0.12207,sitting_seg1
384373,0.294922,-0.518066,-0.796509,-0.244141,0.488281,0.061035,sitting_seg1
384390,0.296143,-0.517822,-0.795654,0.12207,0.183106,0.0,sitting_seg1
384407,0.298096,-0.519165,-0.794067,0.244141,0.061035,0.0,sitting_seg1
384424,0.299927,-0.518311,-0.793213,0.244141,0.061035,-0.061035,sitting_seg1
384440,0.298584,-0.515137,-0.794189,0.244141,0.488281,-0.183106,sitting_seg1
384457,0.298462,-0.51355,-0.794434,0.183106,0.732422,-0.183106,sitting_seg1
384474,0.304077,-0.511597,-0.795654,0.244141,0.793457,-0.183106,sitting_seg1
384490,0.308594,-0.515747,-0.796265,0.549316,0.0,0.0,sitting_seg1
384507,0.306396,-0.517456,-0.7948,0.305176,-0.427246,-0.061035,sitting_seg1
384524,0.301392,-0.518066,-0.7948,0.183106,-0.427246,0.0,sitting_seg1
384540,0.296753,-0.519287,-0.794434,-0.244141,0.12207,0.0,sitting_seg1
384557,0.297852,-0.51709,-0.796509,-0.183106,0.305176,0.12207,sitting_seg1
384574,0.300049,-0.517212,-0.796021,-0.061035,0.12207,0.183106,sitting_seg1
384590,0.300049,-0.520874,-0.792969,0.0,-0.183106,0.183106,sitting_seg1
384607,0.298706,-0.520996,-0.792847,0.061035,-0.061035,0.12207,sitting_seg1
384624,0.299927,-0.521973,-0.792603,0.12207,0.0,0.183106,sitting_seg1
384640,0.299438,-0.520386,-0.793335,0.12207,0.0,0.244141,sitting_seg1
384657,0.297119,-0.520508,-0.795654,0.183106,0.0,0.244141,sitting_seg1
384674,0.296875,-0.519165,-0.796265,0.12207,-0.061035,0.244141,sitting_seg1
384690,0.297363,-0.517822,-0.795532,0.12207,-0.183106,0.244141,sitting_seg1
384707,0.300903,-0.516235,-0.794189,0.244141,-0.244141,0.12207,sitting_seg1
384724,0.30127,-0.516235,-0.794678,0.244141,-0.244141,0.061035,sitting_seg1
384740,0.301025,-0.515137,-0.794922,0.244141,0.061035,0.0,sitting_seg1
384757,0.300415,-0.513184,-0.795044,0.244141,0.183106,-0.061035,sitting_seg1
384774,0.299805,-0.51123,-0.797485,0.244141,0.244141,0.061035,sitting_seg1
384790,0.301025,-0.512939,-0.797729,0.305176,-0.183106,0.12207,sitting_seg1
384807,0.300537,-0.515137,-0.797974,0.305176,-0.305176,0.183106,sitting_seg1
384824,0.296631,-0.516113,-0.798096,0.12207,-0.244141,0.244141,sitting_seg1
384840,0.296021,-0.517212,-0.796997,0.12207,0.183106,0.183106,sitting_seg1
384857,0.296509,-0.517822,-0.797119,0.12207,0.305176,0.244141,sitting_seg1
384874,0.300781,-0.515747,-0.796875,0.366211,0.0,0.305176,sitting_seg1
384890,0.300293,-0.517456,-0.795044,0.549316,-0.549316,0.183106,sitting_seg1
384907,0.295288,-0.5177,-0.793579,0.610352,-0.549316,0.061035,sitting_seg1
384924,0.294312,-0.519165,-0.793579,0.610352,-0.244141,0.061035,sitting_seg1
384940,0.294434,-0.519531,-0.793457,0.427246,0.305176,0.061035,sitting_seg1
384957,0.300659,-0.517578,-0.795898,0.488281,0.305176,0.061035,sitting_seg1
384974,0.302734,-0.517944,-0.795654,0.488281,0.0,0.12207,sitting_seg1
384990,0.302246,-0.516724,-0.794189,0.427246,-0.183106,0.061035,sitting_seg1
385007,0.29834,-0.515503,-0.795166,0.305176,0.061035,0.0,sitting_seg1
385024,0.298706,-0.516846,-0.795044,0.244141,0.366211,0.0,sitting_seg1
385041,0.300781,-0.516357,-0.796387,0.305176,0.366211,0.061035,sitting_seg1
385057,0.304443,-0.517212,-0.79541,0.488281,-0.183106,0.061035,sitting_seg1
385074,0.301758,-0.517334,-0.795654,0.488281,-0.549316,0.061035,sitting_seg1
385091,0.299072,-0.518677,-0.795044,0.427246,-0.488281,0.061035,sitting_seg1
385107,0.296509,-0.518066,-0.795288,0.183106,0.0,0.061035,sitting_seg1
385124,0.294434,-0.514282,-0.797607,0.061035,0.366211,0.183106,sitting_seg1
385141,0.29895,-0.512695,-0.796753,0.305176,0.244141,0.183106,sitting_seg1
385157,0.300781,-0.514282,-0.795654,0.366211,0.0,0.244141,sitting_seg1
385174,0.302124,-0.517578,-0.794434,0.305176,-0.183106,0.183106,sitting_seg1
385191,0.297729,-0.517944,-0.794678,0.305176,-0.183106,0.12207,sitting_seg1
385207,0.296021,-0.517456,-0.795532,0.244141,-0.061035,0.12207,sitting_seg1
385224,0.296509,-0.515869,-0.797485,0.366211,0.12207,0.061035,sitting_seg1
385241,0.298218,-0.515991,-0.798218,0.549316,-0.183106,0.061035,sitting_seg1
385257,0.29895,-0.517456,-0.798218,0.488281,-0.244141,0.061035,sitting_seg1
385274,0.297119,-0.518555,-0.796875,0.366211,-0.305176,0.061035,sitting_seg1
385291,0.296997,-0.519409,-0.794556,0.244141,-0.183106,0.12207,sitting_seg1
385307,0.299194,-0.516357,-0.794189,0.244141,0.061035,0.0,sitting_seg1
385324,0.300293,-0.515503,-0.794922,0.244141,0.183106,0.0,sitting_seg1
385341,0.301636,-0.513062,-0.7948,0.427246,0.12207,-0.061035,sitting_seg1
385357,0.302856,-0.514771,-0.795044,0.610352,-0.427246,-0.061035,sitting_seg1
385374,0.300659,-0.516235,-0.795532,0.610352,-0.549316,-0.061035,sitting_seg1
385391,0.295898,-0.519531,-0.794189,0.610352,-0.427246,0.061035,sitting_seg1
385407,0.295654,-0.519287,-0.795654,0.366211,0.061035,0.183106,sitting_seg1
385424,0.29834,-0.517212,-0.79541,0.305176,0.12207,0.12207,sitting_seg1
385441,0.299194,-0.515381,-0.795532,0.366211,0.0,0.12207,sitting_seg1
385457,0.299683,-0.516113,-0.794556,0.488281,-0.305176,0.061035,sitting_seg1
385474,0.297241,-0.51709,-0.795532,0.610352,-0.183106,0.12207,sitting_seg1
385491,0.295166,-0.5177,-0.794189,0.549316,-0.061035,0.12207,sitting_seg1
385507,0.295776,-0.516724,-0.79541,0.366211,0.244141,0.12207,sitting_seg1
385524,0.298096,-0.515869,-0.796997,0.244141,0.366211,0.183106,sitting_seg1
385541,0.302979,-0.513916,-0.798096,0.427246,-0.061035,0.12207,sitting_seg1
385557,0.303223,-0.514648,-0.797729,0.427246,-0.305176,0.061035,sitting_seg1
385574,0.300049,-0.514648,-0.796631,0.488281,-0.366211,0.0,sitting_seg1
385591,0.298096,-0.515503,-0.795654,0.305176,0.061035,0.0,sitting_seg1
385608,0.297363,-0.515137,-0.796387,0.244141,0.305176,0.0,sitting_seg1
385624,0.297607,-0.515137,-0.797974,0.366211,0.427246,0.12207,sitting_seg1
385641,0.298096,-0.515503,-0.797974,0.610352,0.0,0.244141,sitting_seg1
385658,0.299194,-0.52124,-0.794067,0.732422,-0.366211,0.244141,sitting_seg1
385674,0.297974,-0.521973,-0.792236,0.671387,-0.366211,0.183106,sitting_seg1
385691,0.295898,-0.522949,-0.790771,0.610352,-0.12207,0.183106,sitting_seg1
385708,0.295776,-0.520874,-0.793335,0.427246,0.366211,0.183106,sitting_seg1
385724,0.29541,-0.518799,-0.795532,0.305176,0.427246,0.183106,sitting_seg1
385741,0.300171,-0.515015,-0.798096,0.488281,0.183106,0.183106,sitting_seg1
385758,0.302856,-0.515259,-0.796265,0.549316,-0.427246,0.061035,sitting_seg1
385774,0.299561,-0.516113,-0.794922,0.549316,-0.427246,0.061035,sitting_seg1
385791,0.297729,-0.51709,-0.795288,0.366211,-0.305176,0.0,sitting_seg1
385808,0.298462,-0.515625,-0.796753,0.366211,-0.061035,0.0,sitting_seg1
385824,0.300781,-0.516846,-0.798096,0.366211,-0.061035,0.061035,sitting_seg1
385841,0.301147,-0.515869,-0.797607,0.427246,-0.12207,0.0,sitting_seg1
385858,0.299194,-0.517822,-0.793823,0.488281,-0.183106,0.0,sitting_seg1
385874,0.295288,-0.52002,-0.793823,0.244141,-0.12207,0.061035,sitting_seg1
385891,0.293579,-0.519775,-0.795044,0.244141,0.061035,0.12207,sitting_seg1
385908,0.294434,-0.515991,-0.797119,0.305176,0.427246,0.244141,sitting_seg1
385924,0.297852,-0.515503,-0.796509,0.305176,0.488281,0.12207,sitting_seg1
385941,0.30127,-0.51416,-0.796265,0.610352,0.0,0.061035,sitting_seg1
385958,0.302246,-0.514526,-0.795898,0.732422,-0.244141,0.0,sitting_seg1
385974,0.299683,-0.515991,-0.797485,0.854492,-0.427246,0.061035,sitting_seg1
385991,0.295654,-0.514893,-0.799438,0.793457,-0.305176,0.0,sitting_seg1
386008,0.295654,-0.515259,-0.799683,0.793457,-0.12207,-0.061035,sitting_seg1
386024,0.299072,-0.516113,-0.798462,0.793457,-0.12207,-0.061035,sitting_seg1
386041,0.29895,-0.518433,-0.796631,0.854492,-0.183106,0.0,sitting_seg1
386058,0.300415,-0.517944,-0.793701,0.915528,-0.366211,0.0,sitting_seg1
386074,0.300781,-0.518188,-0.791382,0.915528,-0.488281,0.0,sitting_seg1
386091,0.297119,-0.519531,-0.788818,0.732422,-0.244141,-0.061035,sitting_seg1
386108,0.295898,-0.518799,-0.789673,0.610352,0.12207,-0.061035,sitting_seg1
386124,0.296265,-0.518921,-0.790649,0.610352,0.305176,-0.061035,sitting_seg1
386141,0.297729,-0.515137,-0.796143,0.610352,0.305176,0.0,sitting_seg1
386158,0.29895,-0.515991,-0.799072,0.793457,0.0,0.0,sitting_seg1
386174,0.295654,-0.515625,-0.799194,0.793457,-0.12207,-0.12207,sitting_seg1
386191,0.294678,-0.516357,-0.796265,0.793457,0.061035,-0.183106,sitting_seg1
386208,0.295532,-0.518677,-0.792114,0.671387,0.732422,-0.244141,sitting_seg1
386225,0.301636,-0.519409,-0.791382,0.671387,0.793457,-0.244141,sitting_seg1
386241,0.303711,-0.519409,-0.791992,0.732422,0.488281,-0.244141,sitting_seg1
386258,0.302734,-0.520874,-0.794189,0.671387,0.0,-0.305176,sitting_seg1
386275,0.298218,-0.521484,-0.796265,0.610352,0.0,-0.183106,sitting_seg1
386291,0.295532,-0.520264,-0.79834,0.427246,0.488281,-0.183106,sitting_seg1
386308,0.296997,-0.519287,-0.798706,0.488281,0.793457,-0.12207,sitting_seg1
386325,0.302612,-0.517212,-0.797119,0.793457,0.366211,-0.061035,sitting_seg1
386341,0.305786,-0.519043,-0.795044,1.037598,-0.427246,-0.061035,sitting_seg1
386358,0.304077,-0.520874,-0.791626,1.037598,-0.732422,0.0,sitting_seg1
386375,0.296021,-0.524414,-0.789673,0.854492,-0.549316,0.0,sitting_seg1
386391,0.292236,-0.523926,-0.790405,0.305176,0.549316,0.12207,sitting_seg1
386408,0.293701,-0.522217,-0.792114,0.183106,0.915528,0.12207,sitting_seg1
386425,0.301392,-0.517944,-0.794189,0.183106,0.854492,0.12207,sitting_seg1
386441,0.308228,-0.515625,-0.792236,0.488281,0.12207,0.12207,sitting_seg1
386458,0.303833,-0.518188,-0.794678,0.671387,-0.305176,0.0,sitting_seg1
386475,0.300171,-0.518677,-0.794556,0.610352,-0.244141,-0.061035,sitting_seg1
386491,0.296265,-0.516602,-0.796265,0.549316,0.244141,-0.061035,sitting_seg1
386508,0.299438,-0.515747,-0.797119,0.671387,0.305176,0.0,sitting_seg1
386525,0.302368,-0.515503,-0.795776,0.915528,0.061035,0.061035,sitting_seg1
386541,0.30542,-0.517212,-0.793701,1.281738,-0.610352,0.061035,sitting_seg1
386558,0.302734,-0.519897,-0.79187,1.464844,-1.098633,0.0,sitting_seg1
386575,0.296753,-0.522339,-0.792358,1.342773,-0.732422,-0.12207,sitting_seg1
386591,0.294312,-0.523682,-0.793701,1.281738,-0.427246,-0.12207,sitting_seg1
386608,0.294312,-0.523315,-0.793457,1.098633,0.12207,-0.061035,sitting_seg1
386625,0.300171,-0.521484,-0.791748,1.037598,-0.061035,0.061035,sitting_seg1
386641,0.302002,-0.521362,-0.791382,1.037598,-0.305176,0.061035,sitting_seg1
386658,0.300659,-0.520996,-0.790527,0.854492,-0.427246,0.12207,sitting_seg1
386675,0.296265,-0.522217,-0.790527,0.610352,0.0,0.061035,sitting_seg1
386691,0.296021,-0.520752,-0.792236,0.427246,0.366211,0.183106,sitting_seg1
386708,0.300171,-0.520386,-0.793213,0.427246,0.244141,0.244141,sitting_seg1
386725,0.302979,-0.520874,-0.793091,0.427246,-0.244141,0.244141,sitting_seg1
386741,0.300415,-0.522339,-0.792847,0.427246,-0.305176,0.183106,sitting_seg1
386758,0.29834,-0.524048,-0.792603,0.366211,-0.305176,0.12207,sitting_seg1
386775,0.294922,-0.523193,-0.791382,0.0,0.305176,0.061035,sitting_seg1
386791,0.29834,-0.521484,-0.79187,-0.12207,0.488281,0.061035,sitting_seg1
386808,0.302979,-0.519775,-0.791626,0.061035,0.0,0.183106,sitting_seg1
386825,0.303345,-0.520264,-0.792236,0.061035,-0.183106,0.12207,sitting_seg1
386842,0.299805,-0.520386,-0.791626,0.12207,-0.12207,0.061035,sitting_seg1
386858,0.297485,-0.521484,-0.790894,0.0,0.12207,0.12207,sitting_seg1
386875,0.297729,-0.520386,-0.792358,0.061035,0.12207,0.12207,sitting_seg1
386892,0.299438,-0.522095,-0.792603,0.183106,-0.061035,0.244141,sitting_seg1
386908,0.298218,-0.521484,-0.795166,0.061035,-0.244141,0.183106,sitting_seg1
386925,0.297607,-0.520874,-0.795044,0.183106,-0.305176,0.183106,sitting_seg1
386942,0.297241,-0.519653,-0.792969,0.061035,0.12207,0.061035,sitting_seg1
386958,0.299194,-0.519409,-0.792114,0.0,0.427246,0.061035,sitting_seg1
386975,0.30188,-0.518433,-0.793335,0.061035,0.183106,0.12207,sitting_seg1
386992,0.302734,-0.5177,-0.794312,0.061035,0.0,0.12207,sitting_seg1
387008,0.301147,-0.516968,-0.794189,0.061035,-0.366211,0.183106,sitting_seg1
387025,0.297241,-0.518677,-0.794556,0.0,-0.183106,0.183106,sitting_seg1
387042,0.296875,-0.518799,-0.7948,-0.12207,0.183106,0.183106,sitting_seg1
387058,0.296631,-0.519043,-0.794189,-0.305176,0.488281,0.244141,sitting_seg1
387075,0.300415,-0.519897,-0.793823,-0.244141,0.366211,0.244141,sitting_seg1
387092,0.301758,-0.522705,-0.79248,-0.12207,0.061035,0.183106,sitting_seg1
387108,0.301636,-0.522461,-0.791992,-0.12207,-0.061035,0.12207,sitting_seg1
387125,0.297974,-0.521118,-0.791382,-0.061035,-0.12207,0.183106,sitting_seg1
387142,0.297852,-0.519287,-0.7948,0.0,0.0,0.244141,sitting_seg1
387158,0.297974,-0.518799,-0.795776,0.0,0.061035,0.244141,sitting_seg1
387175,0.298828,-0.516846,-0.796631,0.061035,0.305176,0.244141,sitting_seg1
387192,0.303223,-0.515747,-0.795776,0.244141,0.0,0.183106,sitting_seg1
387208,0.304443,-0.517334,-0.793579,0.549316,-0.610352,0.183106,sitting_seg1
387225,0.302612,-0.518433,-0.791992,0.549316,-0.732422,0.183106,sitting_seg1
387242,0.298706,-0.518677,-0.791992,0.427246,-0.549316,0.183106,sitting_seg1
387258,0.296143,-0.518188,-0.794678,0.244141,-0.12207,0.244141,sitting_seg1
387275,0.29541,-0.516602,-0.796509,0.244141,0.0,0.244141,sitting_seg1
387292,0.30127,-0.515747,-0.797241,0.549316,-0.610352,0.305176,sitting_seg1
387308,0.299194,-0.520752,-0.792725,0.244141,-0.610352,0.244141,sitting_seg1
387325,0.2948,-0.521362,-0.791382,-0.12207,0.0,0.244141,sitting_seg1
387342,0.2948,-0.521729,-0.790894,-0.305176,0.305176,0.244141,sitting_seg1
387358,0.295044,-0.521851,-0.792236,-0.549316,0.671387,0.244141,sitting_seg1
387375,0.293335,-0.521606,-0.792236,-0.854492,1.037598,0.244141,sitting_seg1
387392,0.292603,-0.520142,-0.793091,-1.037598,1.220703,0.305176,sitting_seg1
387409,0.297485,-0.513672,-0.796631,-0.976563,1.281738,0.305176,sitting_seg1
387425,0.301636,-0.51123,-0.798462,-0.915528,1.220703,0.427246,sitting_seg1
387442,0.303955,-0.511353,-0.799927,-0.732422,1.037598,0.366211,sitting_seg1
387459,0.305054,-0.510986,-0.800049,-0.366211,0.549316,0.244141,sitting_seg1
387475,0.304443,-0.511719,-0.798828,-0.061035,-0.061035,0.12207,sitting_seg1
387492,0.300903,-0.516235,-0.796631,0.244141,-0.488281,-0.12207,sitting_seg1
387509,0.296875,-0.518799,-0.795044,0.183106,-0.427246,-0.183106,sitting_seg1
387525,0.295532,-0.519043,-0.796387,0.183106,0.061035,-0.366211,sitting_seg1
387542,0.300415,-0.516968,-0.794312,0.732422,-0.12207,-0.488281,sitting_seg1
387559,0.303955,-0.517334,-0.794678,0.976563,-0.427246,-0.549316,sitting_seg1
387575,0.301392,-0.52002,-0.792603,0.793457,-0.671387,-0.610352,sitting_seg1
387592,0.299438,-0.519409,-0.792603,0.671387,-0.366211,-0.427246,sitting_seg1
387609,0.299316,-0.519043,-0.795166,0.305176,-0.183106,-0.183106,sitting_seg1
387625,0.300903,-0.517944,-0.796753,0.183106,-0.12207,0.0,sitting_seg1
387642,0.299561,-0.514771,-0.79895,0.0,0.061035,0.183106,sitting_seg1
387659,0.300049,-0.512451,-0.795898,-0.061035,0.244141,0.244141,sitting_seg1
387675,0.300415,-0.514038,-0.7948,-0.12207,0.366211,0.244141,sitting_seg1
387692,0.302979,-0.513184,-0.79541,0.0,0.305176,0.305176,sitting_seg1
387709,0.304077,-0.514526,-0.7948,0.061035,0.12207,0.305176,sitting_seg1
387725,0.300659,-0.513916,-0.795654,0.061035,0.183106,0.183106,sitting_seg1
387742,0.300293,-0.514282,-0.795776,0.0,0.244141,0.183106,sitting_seg1
387759,0.300293,-0.512817,-0.796631,0.061035,0.244141,0.183106,sitting_seg1
387775,0.30249,-0.512451,-0.796631,0.183106,0.12207,0.183106,sitting_seg1
387792,0.30127,-0.513794,-0.795654,0.244141,0.061035,0.244141,sitting_seg1
387809,0.299805,-0.516357,-0.795044,0.305176,-0.061035,0.244141,sitting_seg1
387825,0.295776,-0.518921,-0.795654,0.244141,0.183106,0.183106,sitting_seg1
387842,0.297485,-0.515747,-0.797363,0.366211,0.061035,0.12207,sitting_seg1
387859,0.298218,-0.515503,-0.798096,0.427246,0.12207,0.12207,sitting_seg1
387875,0.299927,-0.51416,-0.799316,0.549316,-0.061035,0.0,sitting_seg1
387892,0.300171,-0.514893,-0.796753,0.610352,-0.183106,-0.061035,sitting_seg1
387909,0.300171,-0.515625,-0.795288,0.671387,-0.12207,-0.061035,sitting_seg1
387925,0.299927,-0.516357,-0.79541,0.610352,0.061035,-0.061035,sitting_seg1
387942,0.301514,-0.515625,-0.796143,0.549316,0.061035,-0.061035,sitting_seg1
387959,0.301392,-0.514038,-0.795776,0.549316,-0.061035,-0.061035,sitting_seg1
387976,0.300781,-0.51416,-0.795654,0.488281,0.0,0.0,sitting_seg1
387992,0.301025,-0.516846,-0.795044,0.427246,0.183106,0.0,sitting_seg1
388009,0.301758,-0.519897,-0.793701,0.305176,0.183106,0.0,sitting_seg1
388027,0.301514,-0.520874,-0.793945,0.183106,0.12207,0.061035,sitting_seg1
388042,0.300415,-0.517212,-0.795288,0.061035,0.244141,0.12207,sitting_seg1
388059,0.300903,-0.511719,-0.797607,0.061035,0.183106,0.183106,sitting_seg1
388076,0.301758,-0.51001,-0.798218,0.183106,0.061035,0.183106,sitting_seg1
388092,0.301636,-0.511108,-0.79895,0.366211,-0.061035,0.183106,sitting_seg1
388109,0.30188,-0.514038,-0.795166,0.549316,-0.12207,0.183106,sitting_seg1
388126,0.302856,-0.516846,-0.793823,0.427246,0.061035,0.12207,sitting_seg1
388142,0.302246,-0.516846,-0.793579,0.366211,-0.061035,0.12207,sitting_seg1
388159,0.301758,-0.513916,-0.795166,0.366211,-0.183106,0.061035,sitting_seg1
388176,0.302246,-0.513428,-0.797119,0.549316,-0.244141,0.061035,sitting_seg1
388192,0.300903,-0.515259,-0.798218,0.488281,-0.183106,0.061035,sitting_seg1
388209,0.300415,-0.515869,-0.798096,0.427246,-0.061035,0.0,sitting_seg1
388226,0.300415,-0.518677,-0.796021,0.183106,-0.12207,0.061035,sitting_seg1
388242,0.297485,-0.518311,-0.795044,0.061035,-0.244141,0.183106,sitting_seg1
388259,0.296021,-0.517456,-0.794678,0.0,-0.12207,0.183106,sitting_seg1
388276,0.297974,-0.516113,-0.79541,0.061035,0.12207,0.183106,sitting_seg1
388292,0.300415,-0.517944,-0.795532,0.0,0.183106,0.183106,sitting_seg1
388309,0.300781,-0.517334,-0.795776,0.0,0.305176,0.12207,sitting_seg1
388326,0.30188,-0.513672,-0.795044,0.061035,0.244141,0.183106,sitting_seg1
388342,0.300781,-0.51123,-0.795654,0.061035,0.0,0.183106,sitting_seg1
388359,0.300537,-0.51062,-0.79895,0.244141,-0.061035,0.12207,sitting_seg1
388376,0.302002,-0.510254,-0.79834,0.366211,-0.12207,0.12207,sitting_seg1
388392,0.301147,-0.514526,-0.795044,0.488281,-0.12207,-0.061035,sitting_seg1
388409,0.300781,-0.515015,-0.792114,0.366211,0.061035,-0.12207,sitting_seg1
388426,0.301392,-0.513062,-0.793335,0.366211,0.0,-0.061035,sitting_seg1
388442,0.303589,-0.509644,-0.797729,0.610352,-0.427246,-0.061035,sitting_seg1
388459,0.300903,-0.512451,-0.798584,0.732422,-0.610352,-0.12207,sitting_seg1
388476,0.297852,-0.514648,-0.799438,0.488281,-0.061035,-0.061035,sitting_seg1
388492,0.296387,-0.516357,-0.799561,0.366211,0.244141,0.0,sitting_seg1
388509,0.30249,-0.513916,-0.797852,0.305176,0.305176,0.12207,sitting_seg1
388526,0.304565,-0.512329,-0.796021,0.366211,-0.12207,0.183106,sitting_seg1
388542,0.302856,-0.511719,-0.795044,0.427246,-0.183106,0.183106,sitting_seg1
388559,0.300171,-0.514404,-0.794434,0.366211,-0.12207,0.183106,sitting_seg1
388576,0.300537,-0.517456,-0.796143,0.305176,0.061035,0.183106,sitting_seg1
388593,0.300049,-0.518921,-0.796143,0.305176,0.305176,0.183106,sitting_seg1
388609,0.300659,-0.515503,-0.797119,0.305176,0.305176,0.12207,sitting_seg1
388626,0.300415,-0.51355,-0.796631,0.427246,0.061035,0.0,sitting_seg1
388643,0.299683,-0.514648,-0.796753,0.732422,-0.183106,0.0,sitting_seg1
388659,0.300049,-0.514404,-0.796997,0.732422,-0.061035,0.0,sitting_seg1
388676,0.297729,-0.516113,-0.796387,0.671387,0.061035,-0.061035,sitting_seg1
388693,0.299438,-0.515869,-0.796021,0.549316,0.12207,0.0,sitting_seg1
388709,0.30249,-0.514893,-0.796265,0.732422,-0.183106,0.061035,sitting_seg1
388726,0.301147,-0.515869,-0.795288,0.793457,-0.488281,0.061035,sitting_seg1
388743,0.296143,-0.513916,-0.798218,0.671387,-0.305176,-0.061035,sitting_seg1
388759,0.296753,-0.51416,-0.797974,0.671387,0.12207,-0.12207,sitting_seg1
388776,0.29895,-0.514893,-0.797363,0.671387,0.305176,-0.12207,sitting_seg1
388793,0.304321,-0.514404,-0.797119,0.793457,0.061035,-0.061035,sitting_seg1
388809,0.305664,-0.513672,-0.794189,0.854492,-0.427246,-0.061035,sitting_seg1
388826,0.303589,-0.513794,-0.794189,0.976563,-0.610352,0.0,sitting_seg1
388843,0.299805,-0.515503,-0.795532,1.037598,-0.427246,0.0,sitting_seg1
388859,0.296997,-0.516968,-0.795654,0.732422,0.183106,-0.061035,sitting_seg1
388876,0.300537,-0.517578,-0.794067,0.488281,0.366211,0.0,sitting_seg1
388893,0.303223,-0.518066,-0.792725,0.549316,0.12207,0.061035,sitting_seg1
388909,0.304443,-0.518311,-0.792114,0.549316,-0.305176,0.183106,sitting_seg1
388926,0.300293,-0.515503,-0.796143,0.488281,-0.366211,0.183106,sitting_seg1
388943,0.297119,-0.515137,-0.798218,0.488281,-0.183106,0.12207,sitting_seg1
388959,0.296631,-0.515625,-0.799072,0.427246,0.244141,0.12207,sitting_seg1
388976,0.300659,-0.516357,-0.795898,0.488281,0.12207,0.244141,sitting_seg1
388993,0.302124,-0.515747,-0.795654,0.488281,-0.12207,0.244141,sitting_seg1
389009,0.302734,-0.515503,-0.795166,0.671387,-0.366211,0.183106,sitting_seg1
389026,0.302246,-0.515259,-0.794556,0.976563,-0.671387,0.061035,sitting_seg1
389043,0.299927,-0.517822,-0.793701,0.915528,-0.366211,-0.061035,sitting_seg1
389059,0.297363,-0.517456,-0.793701,0.793457,-0.244141,-0.061035,sitting_seg1
389076,0.297852,-0.515015,-0.796997,0.793457,0.0,-0.061035,sitting_seg1
389093,0.302002,-0.516235,-0.798096,0.793457,-0.12207,0.061035,sitting_seg1
389109,0.30188,-0.516479,-0.797485,0.732422,-0.366211,0.061035,sitting_seg1
389126,0.297974,-0.517944,-0.792969,0.549316,-0.183106,0.0,sitting_seg1
389143,0.297974,-0.51709,-0.791504,0.427246,0.305176,0.0,sitting_seg1
389159,0.301514,-0.517578,-0.793701,0.244141,0.366211,0.12207,sitting_seg1
389176,0.302856,-0.516602,-0.795166,0.305176,0.183106,0.12207,sitting_seg1
389193,0.30249,-0.515747,-0.796509,0.366211,-0.183106,0.183106,sitting_seg1
389210,0.297974,-0.515625,-0.796631,0.366211,-0.061035,0.12207,sitting_seg1
389226,0.297119,-0.514526,-0.796509,0.488281,0.061035,0.061035,sitting_seg1
389243,0.300903,-0.516479,-0.79541,0.488281,0.12207,0.12207,sitting_seg1
389260,0.300781,-0.5177,-0.796509,0.427246,0.12207,0.061035,sitting_seg1
389276,0.301758,-0.515259,-0.796631,0.488281,0.12207,0.061035,sitting_seg1
389293,0.30249,-0.515137,-0.794556,0.549316,0.061035,0.061035,sitting_seg1
389310,0.300781,-0.515503,-0.794067,0.610352,-0.183106,0.0,sitting_seg1
389326,0.298462,-0.515991,-0.795044,0.671387,-0.183106,-0.061035,sitting_seg1
389343,0.29834,-0.51709,-0.794312,0.671387,0.0,0.0,sitting_seg1
389360,0.299438,-0.518799,-0.7948,0.549316,0.183106,0.061035,sitting_seg1
389376,0.301636,-0.519897,-0.794922,0.610352,0.061035,0.061035,sitting_seg1
389393,0.299683,-0.52002,-0.79541,0.610352,-0.183106,0.0,sitting_seg1
389410,0.298706,-0.518799,-0.795532,0.610352,-0.244141,0.0,sitting_seg1
389426,0.298096,-0.518677,-0.795044,0.610352,-0.12207,0.061035,sitting_seg1
389443,0.299438,-0.519897,-0.793091,0.549316,0.061035,0.061035,sitting_seg1
389460,0.299927,-0.520386,-0.792236,0.488281,0.183106,0.0,sitting_seg1
389476,0.300293,-0.516602,-0.793457,0.366211,0.12207,0.061035,sitting_seg1
389493,0.302979,-0.515747,-0.794067,0.366211,0.061035,0.061035,sitting_seg1
389510,0.302856,-0.514038,-0.795166,0.366211,-0.061035,0.0,sitting_seg1
389526,0.302124,-0.515137,-0.795532,0.366211,-0.061035,0.0,sitting_seg1
389543,0.298706,-0.515137,-0.795532,0.183106,0.244141,0.0,sitting_seg1
389560,0.299072,-0.514526,-0.794678,0.12207,0.488281,0.12207,sitting_seg1
389576,0.300537,-0.514771,-0.794922,0.183106,0.305176,0.061035,sitting_seg1
389593,0.302246,-0.516724,-0.793091,0.427246,-0.366211,0.12207,sitting_seg1
389610,0.299683,-0.519409,-0.792969,0.427246,-0.549316,0.12207,sitting_seg1
389626,0.300049,-0.518799,-0.793823,0.488281,-0.427246,0.12207,sitting_seg1
389643,0.299438,-0.518433,-0.796631,0.427246,-0.366211,0.061035,sitting_seg1
389660,0.298706,-0.520142,-0.796509,0.305176,-0.12207,0.061035,sitting_seg1
389676,0.299683,-0.519775,-0.794434,0.061035,0.061035,0.12207,sitting_seg1
389693,0.30188,-0.519165,-0.793701,0.0,0.061035,0.183106,sitting_seg1
389710,0.301147,-0.517578,-0.791992,-0.061035,0.0,0.183106,sitting_seg1
389726,0.299683,-0.517334,-0.793091,-0.061035,0.061035,0.183106,sitting_seg1
389743,0.29834,-0.518066,-0.794434,-0.061035,0.244141,0.183106,sitting_seg1
389760,0.300171,-0.516479,-0.796387,-0.12207,0.366211,0.12207,sitting_seg1
389777,0.300293,-0.516235,-0.795532,0.061035,0.244141,0.12207,sitting_seg1
