timestamp_ms,ax,ay,az,gx,gy,gz,activity
3030619,0.290405,-1.366089,-0.137573,9.277344,-1.831055,33.26416,stair_down
3030636,0.341064,-1.36792,-0.091675,0.610352,21.057129,45.715347,stair_down
3030653,0.389893,-1.286865,-0.090088,-11.352543,39.306641,45.898453,stair_down
3030669,0.41748,-1.212402,-0.107422,-12.756351,40.893555,40.710449,stair_down
3030686,0.426392,-1.100464,-0.141968,-10.986328,33.508301,28.015144,stair_down
3030703,0.381958,-1.015137,-0.154419,-15.319828,23.376472,16.113281,stair_down
3030719,0.354248,-0.953247,-0.152832,-20.507813,19.53125,11.169437,stair_down
3030736,0.297607,-0.776489,-0.1521,-28.503426,13.183598,-0.793457,stair_down
3030753,0.254883,-0.605957,-0.166016,-23.376472,8.911133,-19.226074,stair_down
3030769,0.24585,-0.558228,-0.169189,-11.474613,7.446291,-33.874512,stair_down
3030786,0.237061,-0.554932,-0.166504,-8.178711,7.812502,-36.682129,stair_down
3030803,0.221924,-0.5625,-0.161499,-6.95801,10.009766,-38.574219,stair_down
3030819,0.224243,-0.535889,-0.161743,-5.920412,9.94873,-37.902832,stair_down
3030836,0.227417,-0.521851,-0.160278,-4.760742,8.605957,-36.499023,stair_down
3030853,0.240479,-0.515381,-0.167236,0.366211,3.356935,-31.188972,stair_down
3030869,0.255493,-0.564087,-0.173706,5.371094,-4.02832,-21.179199,stair_down
3030886,0.256592,-0.592407,-0.177979,6.286623,-7.141115,-15.014652,stair_down
3030903,0.244751,-0.634033,-0.169067,3.41797,-9.643555,-0.061035,stair_down
3030919,0.231079,-0.645142,-0.150879,-2.13623,-4.577637,15.808109,stair_down
3030936,0.212036,-0.672485,-0.127808,-5.187988,4.150391,28.991707,stair_down
3030953,0.187134,-0.699341,-0.116821,-7.629396,10.498047,33.447266,stair_down
3030969,0.148193,-0.72876,-0.106567,-16.235352,30.578621,40.039063,stair_down
3030986,0.151855,-0.781494,-0.10022,-18.615723,53.649918,44.189453,stair_down
3031003,0.15271,-0.841064,-0.10083,-18.920898,65.307617,45.593277,stair_down
3031019,0.157104,-0.981323,-0.101563,-23.193367,93.261749,46.630875,stair_down
3031036,0.194092,-1.094238,-0.076904,-33.26416,128.295898,44.372574,stair_down
3031053,0.266235,-1.101807,-0.060181,-42.663574,161.560059,35.522461,stair_down
3031069,0.307373,-1.071289,-0.067261,-44.860855,174.865723,29.846199,stair_down
3031086,0.394043,-1.015625,-0.121704,-43.823242,191.467346,17.822266,stair_down
3031103,0.490112,-0.979736,-0.22168,-38.696289,190.429749,2.685547,stair_down
3031119,0.526245,-0.962769,-0.26062,-34.851074,181.457581,-4.577637,stair_down
3031136,0.565308,-0.937744,-0.259033,-28.44239,150.146484,-15.136723,stair_down
3031153,0.621948,-0.913818,-0.223999,-18.615723,104.126007,-15.808109,stair_down
3031170,0.64502,-0.990967,-0.213013,-5.493164,53.466812,-9.765625,stair_down
3031186,0.651367,-1.049194,-0.229614,-1.098633,30.09034,-5.310059,stair_down
3031203,0.635132,-1.158691,-0.272583,2.746582,-6.042482,8.361816,stair_down
3031220,0.627441,-1.259888,-0.310303,8.239746,-33.325195,28.32032,stair_down
3031236,0.636841,-1.3125,-0.356812,12.146,-43.823242,38.391113,stair_down
3031253,0.647095,-1.398071,-0.484375,18.554688,-56.701675,52.61232,stair_down
3031270,0.593994,-1.333374,-0.545044,15.258793,-61.462418,55.969254,stair_down
3031286,0.47876,-1.234131,-0.526978,5.065918,-56.884781,50.537125,stair_down
3031303,0.445313,-1.014038,-0.523071,2.13623,-49.255386,44.128418,stair_down
3031320,0.421875,-0.903931,-0.534424,2.380371,-27.343758,26.000984,stair_down
3031336,0.475708,-0.91687,-0.552124,6.835939,-13.244633,4.150391,stair_down
3031353,0.509888,-0.950439,-0.553223,7.812502,-14.03809,-4.760742,stair_down
3031370,0.526733,-0.999268,-0.542358,5.737307,-26.18409,-15.808109,stair_down
3031386,0.508301,-1.01001,-0.491577,2.13623,-46.142593,-22.155769,stair_down
3031403,0.474976,-1.008301,-0.4552,-1.525879,-54.260269,-23.681648,stair_down
3031420,0.395142,-0.957275,-0.389893,-11.169437,-63.171402,-26.30616,stair_down
3031436,0.306763,-0.870728,-0.344971,-18.981934,-59.631363,-29.418953,stair_down
3031453,0.238892,-0.80188,-0.31311,-22.216805,-42.114258,-34.729004,stair_down
3031470,0.224365,-0.777832,-0.297852,-22.39991,-30.578621,-37.597656,stair_down
3031486,0.237183,-0.751831,-0.276855,-20.629883,-10.131836,-42.480469,stair_down
3031503,0.259521,-0.743164,-0.245483,-17.63916,2.01416,-45.043961,stair_down
3031520,0.27002,-0.740234,-0.22876,-17.211914,5.615236,-44.006348,stair_down
3031536,0.301147,-0.713623,-0.216431,-15.563969,4.699707,-39.733887,stair_down
3031553,0.317383,-0.677246,-0.219604,-10.620117,-3.479005,-34.240723,stair_down
3031570,0.329956,-0.657227,-0.239258,-2.807618,-14.648441,-28.32032,stair_down
3031586,0.333252,-0.658691,-0.24939,1.525879,-21.728516,-25.634773,stair_down
3031603,0.324585,-0.660156,-0.244019,8.422852,-35.949707,-21.179199,stair_down
3031620,0.310547,-0.654175,-0.239502,13.427738,-46.142593,-16.906738,stair_down
3031636,0.312622,-0.654053,-0.245605,15.380863,-50.59816,-15.441898,stair_down
3031653,0.302979,-0.647461,-0.266846,18.798828,-59.265152,-15.197758,stair_down
3031670,0.281982,-0.632202,-0.283936,19.65332,-65.368652,-17.39502,stair_down
3031686,0.259033,-0.605225,-0.296753,19.470215,-69.152832,-22.216805,stair_down
3031703,0.247314,-0.596313,-0.294067,20.080566,-70.43457,-25.390633,stair_down
3031720,0.223022,-0.615845,-0.261108,21.66748,-70.800781,-29.296883,stair_down
3031737,0.202026,-0.671509,-0.233765,21.30127,-68.237305,-29.968269,stair_down
3031753,0.197876,-0.695801,-0.229736,22.155769,-67.382813,-30.944832,stair_down
3031770,0.191406,-0.770508,-0.22937,25.634773,-64.63623,-29.663094,stair_down
3031787,0.188721,-0.864014,-0.244995,24.353035,-59.997574,-23.315437,stair_down
3031803,0.200439,-0.918091,-0.301147,20.385742,-56.030289,-16.235352,stair_down
3031820,0.202393,-0.930054,-0.324707,18.066406,-54.565445,-13.427738,stair_down
3031837,0.194336,-0.907349,-0.34375,12.26807,-48.767105,-10.437012,stair_down
3031853,0.19104,-0.863892,-0.332275,9.338379,-40.95459,-11.535648,stair_down
3031870,0.183105,-0.851074,-0.325195,8.666992,-36.987305,-13.122562,stair_down
3031887,0.167847,-0.865112,-0.308594,9.155273,-28.503426,-16.357422,stair_down
3031903,0.187378,-0.952271,-0.299316,12.451176,-21.850586,-18.005371,stair_down
3031920,0.206421,-1.010742,-0.298218,14.099125,-20.263672,-18.249512,stair_down
3031937,0.271729,-1.137085,-0.293701,19.165039,-23.437508,-16.906738,stair_down
3031953,0.313721,-1.285645,-0.279053,26.550301,-32.592773,-12.084965,stair_down
3031970,0.340698,-1.500977,-0.280029,34.362793,-40.222168,3.845216,stair_down
3031987,0.338013,-1.613647,-0.269165,35.522461,-42.114258,13.061527,stair_down
3032003,0.349976,-1.747437,-0.260742,30.395515,-39.306641,29.541023,stair_down
3032020,0.369019,-1.55481,-0.274292,13.244633,-30.151375,40.893555,stair_down
3032037,0.371216,-1.400879,-0.270386,11.657719,-26.489265,43.273926,stair_down
3032053,0.36145,-1.289185,-0.209106,4.943848,-12.26807,57.800308,stair_down
3032070,0.318604,-1.208008,-0.19043,-6.347658,13.732914,57.739273,stair_down
3032087,0.341187,-1.102173,-0.208984,-2.807618,30.029305,39.611816,stair_down
3032103,0.328247,-1.083862,-0.223022,0.610352,33.691406,29.846199,stair_down
3032120,0.287964,-1.05249,-0.248779,0.976563,37.536621,11.779789,stair_down
3032137,0.298096,-0.952759,-0.248901,-6.591799,37.902832,2.258301,stair_down
3032153,0.318115,-0.880981,-0.238892,-9.521484,35.949707,-0.671387,stair_down
3032170,0.313232,-0.746582,-0.212646,-12.695316,29.968269,-4.821777,stair_down
3032187,0.265747,-0.596436,-0.213623,-5.554201,23.193367,-18.493652,stair_down
3032203,0.260498,-0.559814,-0.210815,6.164553,15.502934,-23.254402,stair_down
3032220,0.247192,-0.577759,-0.211914,8.544922,13.122562,-21.484375,stair_down
3032237,0.2323,-0.610962,-0.216431,9.033203,10.314941,-13.977055,stair_down
3032253,0.219238,-0.608521,-0.217651,9.58252,8.178711,-7.507326,stair_down
3032270,0.225708,-0.611816,-0.223267,11.657719,6.103518,-4.455566,stair_down
3032287,0.240601,-0.671997,-0.222412,16.235352,0.549316,4.943848,stair_down
3032303,0.224731,-0.732544,-0.209717,17.76123,0.915528,14.648441,stair_down
3032320,0.22937,-0.79834,-0.193115,17.028809,7.20215,28.137215,stair_down
3032337,0.229858,-0.836792,-0.186157,15.380863,11.230473,34.729004,stair_down
3032354,0.22522,-0.893433,-0.182617,10.742188,21.850586,45.715347,stair_down
3032370,0.234375,-0.932861,-0.187988,6.408693,34.729004,51.940933,stair_down
3032387,0.234497,-0.954346,-0.194946,3.295899,41.19873,53.100601,stair_down
3032404,0.235474,-0.961426,-0.182983,-6.530764,55.542007,51.879898,stair_down
3032420,0.215454,-0.893921,-0.145874,-18.859863,73.730469,47.058121,stair_down
3032437,0.209351,-0.845093,-0.138672,-24.353035,84.289551,43.334961,stair_down
3032454,0.227661,-0.748901,-0.165649,-30.395515,101.989777,32.348633,stair_down
3032470,0.241333,-0.684204,-0.205322,-28.015144,111.755402,18.066406,stair_down
3032487,0.25708,-0.689697,-0.208618,-21.240234,113.891632,4.699707,stair_down
3032504,0.282349,-0.707642,-0.205444,-18.310547,112.121613,-0.305176,stair_down
3032520,0.352661,-0.742188,-0.209839,-13.122562,100.585968,-3.784181,stair_down
3032537,0.404907,-0.769043,-0.231445,-7.019045,78.857422,0.244141,stair_down
3032554,0.427979,-0.793213,-0.244629,-4.333496,65.734863,4.699707,stair_down
3032570,0.452881,-0.843994,-0.272217,-0.915528,36.987305,14.587406,stair_down
3032587,0.423218,-0.866699,-0.266113,0.305176,10.803223,23.498543,stair_down
3032604,0.375732,-0.874756,-0.25415,1.037598,-5.371094,31.555183,stair_down
3032620,0.354614,-0.883545,-0.250854,1.220703,-9.155273,34.484863,stair_down
3032637,0.316528,-0.916382,-0.256104,-0.183106,-7.995607,38.574219,stair_down
3032654,0.290039,-0.944214,-0.266724,-2.807618,1.342773,39.0625,stair_down
3032670,0.288208,-0.960327,-0.27417,-2.685547,7.568361,37.902832,stair_down
3032687,0.303467,-1.023926,-0.296875,-0.854492,18.676758,32.958984,stair_down
3032704,0.338013,-1.109863,-0.329956,1.586915,25.817879,26.489265,stair_down
3032720,0.366211,-1.207153,-0.345093,2.868653,28.137215,20.751953,stair_down
3032737,0.381104,-1.253784,-0.342529,4.577637,29.602058,18.554688,stair_down
3032754,0.453857,-1.400024,-0.342651,14.16016,28.137215,16.113281,stair_down
3032770,0.528687,-1.631348,-0.382324,24.41407,15.075687,10.620117,stair_down
3032787,0.530029,-1.727905,-0.379395,23.193367,6.164553,5.126953,stair_down
3032804,0.460449,-1.642578,-0.343506,0.549316,-6.95801,-8.178711,stair_down
3032820,0.378662,-1.289551,-0.366577,-12.26807,-17.700195,-19.165039,stair_down
3032837,0.337158,-1.118042,-0.404297,-8.728027,-27.038582,-34.179688,stair_down
3032854,0.325195,-1.086304,-0.410522,-7.019045,-30.944832,-42.541504,stair_down
3032870,0.306396,-1.058594,-0.415527,-5.249023,-40.344238,-55.786148,stair_down
3032887,0.265015,-1.042236,-0.40979,-6.164553,-46.997086,-61.157242,stair_down
3032904,0.254028,-1.02771,-0.400635,-7.568361,-50.292984,-62.377945,stair_down
3032921,0.226318,-0.9729,-0.368286,-14.648441,-54.50441,-60.058609,stair_down
3032937,0.171509,-0.875732,-0.311646,-23.742683,-55.358902,-53.344742,stair_down
3032954,0.108398,-0.828125,-0.307373,-28.747566,-52.73439,-49.377457,stair_down
3032971,0.015991,-0.750977,-0.318237,-31.066902,-39.489746,-42.602539,stair_down
3032987,0.036743,-0.748901,-0.306396,-30.639656,-20.874023,-43.457031,stair_down
3033004,0.041626,-0.718506,-0.277466,-29.235847,-1.037598,-39.245605,stair_down
3033021,0.057861,-0.7052,-0.270874,-26.733406,7.20215,-38.269043,stair_down
3033037,0.135498,-0.715576,-0.270752,-18.127441,17.883301,-34.545898,stair_down
3033054,0.207275,-0.746948,-0.272095,-10.681152,17.028809,-27.343758,stair_down
3033071,0.229736,-0.765625,-0.278198,-6.896975,12.329105,-22.460945,stair_down
3033087,0.276611,-0.806885,-0.284912,-0.488281,-2.563477,-14.892582,stair_down
3033104,0.291138,-0.81958,-0.285522,3.479005,-22.460945,-6.774904,stair_down
3033121,0.247559,-0.804688,-0.277832,5.432129,-40.283203,-0.488281,stair_down
3033137,0.227173,-0.793457,-0.27478,6.774904,-46.203629,0.549316,stair_down
3033154,0.199219,-0.775635,-0.269653,8.300781,-52.917496,0.793457,stair_down
3033171,0.152222,-0.766113,-0.269165,9.094238,-53.894058,-0.488281,stair_down
3033187,0.129883,-0.769409,-0.265503,9.399414,-52.429214,-1.037598,stair_down
3033204,0.096069,-0.795044,-0.257568,9.521484,-45.654312,-1.89209,stair_down
3033221,0.088501,-0.838379,-0.260376,9.82666,-34.729004,-2.01416,stair_down
3033237,0.091919,-0.881714,-0.255005,6.103518,-21.118164,-0.366211,stair_down
3033254,0.0896,-0.872192,-0.248535,2.807618,-14.28223,-0.061035,stair_down
3033271,0.084595,-0.816528,-0.234253,-0.854492,0.976563,3.41797,stair_down
3033287,0.112061,-0.802124,-0.221802,0.183106,15.808109,6.408693,stair_down
3033304,0.133545,-0.809082,-0.22583,0.976563,22.216805,7.507326,stair_down
3033321,0.177124,-0.814087,-0.247437,1.77002,31.250008,8.239746,stair_down
3033337,0.205566,-0.78479,-0.273682,3.112794,33.508301,7.568361,stair_down
3033354,0.226685,-0.736572,-0.274902,5.493164,29.418953,6.164553,stair_down
3033371,0.240723,-0.714478,-0.270996,7.263186,26.123055,5.920412,stair_down
3033387,0.271729,-0.700439,-0.268188,12.939457,17.39502,6.469728,stair_down
3033404,0.289551,-0.74353,-0.275879,18.005371,7.873537,8.483887,stair_down
3033421,0.290039,-0.766235,-0.283325,19.104004,3.66211,8.911133,stair_down
3033437,0.273071,-0.786621,-0.300537,19.836426,-2.441406,9.58252,stair_down
3033454,0.255127,-0.784546,-0.313843,19.470215,-3.601075,11.047363,stair_down
3033471,0.254517,-0.781494,-0.318726,19.287109,-0.854492,12.390141,stair_down
3033487,0.261475,-0.786499,-0.32666,18.493652,0.915528,12.451176,stair_down
3033504,0.27356,-0.799072,-0.335571,17.578125,4.272461,11.596684,stair_down
3033521,0.282715,-0.821289,-0.331177,16.784668,5.737307,10.253906,stair_down
3033538,0.286499,-0.838623,-0.325317,16.662598,5.981447,10.070801,stair_down
3033554,0.304932,-0.897949,-0.33667,17.883301,4.02832,10.559082,stair_down
3033571,0.332031,-0.994873,-0.353149,21.179199,-1.342773,11.779789,stair_down
3033588,0.342896,-1.05127,-0.346069,23.620613,-5.310059,12.573246,stair_down
3033604,0.362061,-1.211914,-0.320801,33.325195,-14.28223,17.822266,stair_down
3033621,0.384155,-1.526611,-0.306396,45.593277,-23.132332,29.418953,stair_down
3033638,0.371582,-1.780884,-0.26001,33.26416,-27.221687,35.27832,stair_down
3033654,0.355103,-1.766235,-0.245483,21.728516,-26.42823,35.400391,stair_down
3033671,0.32605,-1.520752,-0.222046,1.831055,-20.019531,36.071777,stair_down
3033688,0.285767,-1.37085,-0.159912,-6.591799,-4.699707,39.672852,stair_down
3033704,0.265137,-1.323242,-0.139893,-10.192871,6.286623,36.743164,stair_down
3033721,0.292847,-1.212891,-0.146851,-6.835939,19.592285,19.897461,stair_down
3033738,0.296997,-1.185547,-0.19751,2.319336,18.981934,4.943848,stair_down
3033754,0.286377,-1.180054,-0.256714,2.929688,15.136723,-5.249023,stair_down
3033771,0.298828,-1.140137,-0.275024,0.549316,12.451176,-8.972168,stair_down
3033788,0.336304,-1.004272,-0.263794,-3.601075,3.41797,-13.854984,stair_down
3033804,0.326416,-0.856689,-0.228027,-6.652834,-7.873537,-17.272949,stair_down
3033821,0.302856,-0.781006,-0.220825,-6.103518,-13.366703,-20.507813,stair_down
3033838,0.264526,-0.65625,-0.221924,3.845216,-23.498543,-31.677254,stair_down
3033854,0.234497,-0.680298,-0.213135,8.605957,-27.587898,-30.029305,stair_down
3033871,0.197144,-0.689209,-0.215698,4.821777,-25.756844,-26.489265,stair_down
3033888,0.1875,-0.674805,-0.220215,3.051759,-23.681648,-24.230965,stair_down
3033904,0.172241,-0.65564,-0.22998,2.563477,-17.883301,-20.385742,stair_down
3033921,0.182739,-0.679565,-0.229248,4.516602,-13.000492,-16.662598,stair_down
3033938,0.188599,-0.701294,-0.224487,4.455566,-11.047363,-13.977055,stair_down
3033954,0.191162,-0.737549,-0.210083,2.807618,-4.943848,-5.676271,stair_down
3033971,0.191406,-0.769653,-0.188843,-0.488281,4.150391,4.333496,stair_down
3033988,0.188599,-0.785278,-0.177002,-5.249023,15.197758,12.939457,stair_down
3034004,0.179077,-0.81189,-0.158691,-7.995607,20.751953,15.991215,stair_down
3034021,0.173462,-0.830444,-0.149048,-13.061527,33.996582,19.53125,stair_down
3034038,0.184082,-0.861816,-0.136108,-17.700195,49.804703,20.935059,stair_down
3034054,0.19043,-0.875732,-0.126831,-21.179199,58.105484,21.118164,stair_down
3034071,0.213013,-0.867798,-0.117432,-27.099617,72.265625,18.981934,stair_down
3034088,0.236572,-0.84729,-0.113159,-28.930672,81.542969,14.343266,stair_down
3034105,0.250122,-0.840088,-0.116333,-29.418953,84.16748,11.718754,stair_down
3034121,0.282593,-0.820679,-0.146118,-28.44239,83.679199,5.676271,stair_down
3034138,0.292603,-0.813477,-0.17041,-24.841316,78.00293,0.061035,stair_down
3034155,0.297974,-0.803345,-0.178345,-22.155769,70.861816,-3.784181,stair_down
3034171,0.303223,-0.791626,-0.175903,-20.507813,67.260742,-4.516602,stair_down
3034188,0.311035,-0.764038,-0.174805,-15.808109,59.814468,-4.394531,stair_down
3034205,0.320313,-0.754883,-0.186157,-9.94873,51.025406,-2.319336,stair_down
3034221,0.328613,-0.759033,-0.200806,-7.263186,45.349136,-0.366211,stair_down
3034238,0.334473,-0.779785,-0.218994,-2.563477,32.531738,5.859377,stair_down
3034255,0.338013,-0.792725,-0.231934,0.183106,21.179199,14.16016,stair_down
3034271,0.341675,-0.812744,-0.249023,3.906251,11.413578,22.155769,stair_down
3034288,0.347046,-0.840942,-0.26355,7.263186,6.835939,26.062019,stair_down
3034305,0.35437,-0.93689,-0.281494,12.26807,-0.549316,33.813477,stair_down
3034321,0.358887,-1.037842,-0.287231,15.625004,-6.896975,40.649414,stair_down
3034338,0.361816,-1.093018,-0.290161,17.211914,-10.009766,43.334961,stair_down
3034355,0.358643,-1.225098,-0.315552,19.714355,-15.380863,47.119156,stair_down
3034371,0.324463,-1.347778,-0.293335,17.333984,-13.671879,46.997086,stair_down
3034388,0.30957,-1.437134,-0.281006,17.456055,-3.66211,42.96875,stair_down
3034405,0.318115,-1.50061,-0.299072,19.226074,1.464844,39.306641,stair_down
3034421,0.319702,-1.619629,-0.3479,14.28223,10.986328,26.672371,stair_down
3034438,0.275635,-1.52063,-0.358887,-3.41797,20.874023,9.094238,stair_down
3034455,0.252197,-1.385864,-0.352173,-11.291508,25.329597,0.183106,stair_down
3034471,0.262207,-1.133911,-0.342773,-15.075687,25.695808,-17.456055,stair_down
3034488,0.309082,-1.012939,-0.348267,-8.483887,13.000492,-32.775879,stair_down
3034505,0.321411,-1.003174,-0.354126,-2.075195,-5.432129,-40.83252,stair_down
3034521,0.309204,-1.036133,-0.3479,-1.403809,-14.709476,-41.992188,stair_down
3034538,0.266113,-1.054077,-0.346313,-4.699707,-30.029305,-39.978027,stair_down
3034555,0.20752,-1.037109,-0.338867,-10.864258,-36.254883,-35.095215,stair_down
3034571,0.184204,-1.013062,-0.327759,-15.014652,-35.949707,-32.287598,stair_down
3034588,0.122681,-0.930786,-0.298828,-23.498543,-28.625496,-27.954109,stair_down
3034605,0.060547,-0.83667,-0.267456,-27.648933,-9.521484,-24.230965,stair_down
3034621,0.051514,-0.801758,-0.256226,-28.015144,2.197266,-22.888191,stair_down
3034638,0.083496,-0.757324,-0.248291,-24.902351,21.850586,-22.216805,stair_down
3034655,0.136475,-0.748413,-0.241821,-19.53125,32.836914,-22.705086,stair_down
3034671,0.199341,-0.750366,-0.245239,-13.916019,32.226563,-20.507813,stair_down
3034688,0.22583,-0.755615,-0.251831,-10.681152,27.709969,-17.944336,stair_down
3034705,0.272827,-0.785034,-0.272217,-2.624512,12.26807,-11.230473,stair_down
3034722,0.305786,-0.826416,-0.288086,5.371094,-7.995607,-4.516602,stair_down
3034738,0.313232,-0.846924,-0.290527,8.361816,-18.798828,-1.159668,stair_down
3034755,0.27478,-0.865845,-0.275879,10.620117,-35.644531,5.004883,stair_down
3034772,0.237793,-0.846191,-0.264404,11.657719,-43.762207,8.972168,stair_down
3034788,0.210449,-0.840332,-0.262207,12.512211,-43.518066,9.82666,stair_down
3034805,0.197144,-0.838745,-0.265381,12.451176,-40.771484,8.789063,stair_down
3034822,0.169922,-0.83606,-0.269653,12.695316,-32.714844,4.394531,stair_down
3034838,0.151123,-0.837891,-0.269043,11.840824,-22.705086,-0.244141,stair_down
3034855,0.149292,-0.835205,-0.270264,10.742188,-17.76123,-2.441406,stair_down
3034872,0.165527,-0.818604,-0.278687,8.117676,-10.070801,-5.187988,stair_down
3034888,0.18396,-0.792358,-0.294189,5.126953,-6.042482,-5.737307,stair_down
3034905,0.18396,-0.743652,-0.308838,3.051759,-3.906251,-8.483887,stair_down
3034922,0.181519,-0.716919,-0.309448,2.868653,-3.479005,-10.131836,stair_down
3034938,0.17688,-0.681885,-0.296875,2.807618,-3.295899,-11.291508,stair_down
3034955,0.177979,-0.67395,-0.287109,2.746582,-2.807618,-9.82666,stair_down
3034972,0.18335,-0.680664,-0.285034,3.173829,-2.746582,-8.666992,stair_down
3034988,0.197388,-0.710815,-0.287476,5.126953,-4.089355,-6.347658,stair_down
3035005,0.212158,-0.769897,-0.289917,8.911133,-7.263186,-2.868653,stair_down
3035022,0.216797,-0.857788,-0.298584,11.169437,-10.375977,1.586915,stair_down
3035038,0.218262,-0.898438,-0.306274,10.620117,-11.474613,3.54004,stair_down
3035055,0.21228,-0.944092,-0.312744,5.676271,-11.657719,7.385256,stair_down
3035072,0.200317,-0.916016,-0.31189,-0.183106,-8.850098,9.70459,stair_down
3035088,0.19397,-0.89563,-0.317261,-2.01416,-6.591799,9.70459,stair_down
3035105,0.185425,-0.866333,-0.326416,-4.150391,0.549316,7.019045,stair_down
3035122,0.184082,-0.861816,-0.326172,-5.920412,8.117676,2.624512,stair_down
3035138,0.187378,-0.855713,-0.324951,-7.385256,11.596684,0.183106,stair_down
3035155,0.206909,-0.829224,-0.328003,-9.338379,14.831547,-4.272461,stair_down
3035172,0.232788,-0.853638,-0.349121,-6.103518,11.962894,-6.835939,stair_down
3035188,0.248535,-0.928223,-0.358276,-3.601075,6.408693,-6.774904,stair_down
3035205,0.253052,-0.973877,-0.355591,-2.01416,3.173829,-5.798342,stair_down
3035222,0.256348,-1.076904,-0.337646,0.305176,-3.845216,-1.037598,stair_down
3035238,0.258667,-1.180298,-0.322266,3.601075,-10.070801,4.638672,stair_down
3035255,0.259766,-1.23877,-0.312622,5.126953,-12.02393,7.934572,stair_down
3035272,0.256958,-1.329956,-0.292358,2.807618,-12.634281,14.221195,stair_down
3035289,0.255005,-1.328247,-0.280273,-2.319336,-9.765625,18.859863,stair_down
3035305,0.25415,-1.297852,-0.258423,-4.150391,-6.591799,20.812988,stair_down
3035322,0.254761,-1.285034,-0.240723,-4.699707,-5.187988,20.080566,stair_down
3035339,0.256714,-1.274414,-0.204834,-8.239746,0.549316,22.460945,stair_down
3035355,0.265259,-1.241211,-0.191772,-11.779789,6.164553,23.315437,stair_down
3035372,0.269653,-1.217285,-0.191772,-11.230473,8.666992,22.27784,stair_down
3035389,0.291016,-1.192139,-0.181396,-9.70459,12.329105,21.54541,stair_down
3035405,0.301758,-1.14624,-0.181152,-9.70459,13.183598,20.507813,stair_down
3035422,0.309937,-1.071289,-0.185181,-9.94873,12.207035,19.165039,stair_down
3035439,0.31311,-1.026245,-0.186157,-9.82666,10.864258,17.822266,stair_down
3035455,0.310059,-0.935669,-0.187378,-8.666992,8.300781,15.319828,stair_down
3035472,0.292969,-0.858765,-0.188965,-7.568361,7.385256,12.207035,stair_down
3035489,0.278564,-0.813599,-0.188354,-7.019045,7.446291,9.82666,stair_down
3035505,0.263184,-0.7229,-0.200195,-3.845216,8.728027,4.577637,stair_down
3035522,0.264282,-0.672119,-0.216309,1.403809,9.277344,0.793457,stair_down
3035539,0.268311,-0.655029,-0.222046,4.150391,7.995607,-1.831055,stair_down
3035555,0.270142,-0.643188,-0.226318,4.516602,6.225588,-2.685547,stair_down
3035572,0.263916,-0.617432,-0.230347,4.211426,1.403809,-3.234864,stair_down
3035589,0.238892,-0.602783,-0.224976,2.929688,-0.549316,-3.54004,stair_down
3035605,0.22168,-0.598389,-0.219604,1.831055,0.793457,-3.723145,stair_down
3035622,0.194946,-0.60791,-0.203735,0.732422,7.995607,-3.906251,stair_down
3035639,0.182251,-0.640991,-0.193237,-0.976563,19.226074,-3.784181,stair_down
3035655,0.178101,-0.662109,-0.194946,-2.197266,25.573738,-3.479005,stair_down
3035672,0.180542,-0.699463,-0.200439,-4.760742,37.597656,-3.234864,stair_down
3035689,0.195435,-0.728149,-0.200195,-5.981447,47.424332,-2.563477,stair_down
3035705,0.212769,-0.779053,-0.187378,-7.446291,55.847183,-0.488281,stair_down
3035722,0.21582,-0.807373,-0.19043,-8.850098,59.631363,0.915528,stair_down
3035739,0.222534,-0.848633,-0.19043,-12.939457,66.772461,2.868653,stair_down
3035755,0.225708,-0.858276,-0.185791,-15.991215,73.181152,4.089355,stair_down
3035772,0.22937,-0.857666,-0.185791,-16.723633,76.293945,4.455566,stair_down
3035789,0.246582,-0.871826,-0.206665,-15.502934,81.970215,5.920412,stair_down
3035805,0.270752,-0.905151,-0.24353,-15.502934,84.960938,7.629396,stair_down
3035822,0.285767,-0.89856,-0.276733,-15.869144,82.519531,7.629396,stair_down
3035839,0.292236,-0.883057,-0.284912,-15.441898,79.772949,7.446291,stair_down
3035855,0.316528,-0.869873,-0.291504,-11.169437,71.350098,8.544922,stair_down
3035872,0.337769,-0.963013,-0.301758,-3.356935,60.180679,13.061527,stair_down
3035889,0.345093,-1.032715,-0.306396,-0.427246,54.382339,15.747074,stair_down
3035906,0.346436,-1.171143,-0.300049,4.821777,43.640137,21.30127,stair_down
3035922,0.34314,-1.304199,-0.294312,8.789063,35.400391,27.587898,stair_down
3035939,0.339966,-1.39563,-0.302124,9.460449,30.456551,34.423828,stair_down
3035956,0.338257,-1.427124,-0.313232,10.192871,29.846199,38.085938,stair_down
3035972,0.317505,-1.482544,-0.311523,10.437012,33.447266,41.564941,stair_down
3035989,0.306519,-1.471802,-0.311035,5.859377,41.625977,37.780762,stair_down
3036006,0.308838,-1.430176,-0.310669,2.807618,46.447769,33.874512,stair_down
3036022,0.331665,-1.313232,-0.311646,-1.708985,54.565445,22.888191,stair_down
3036039,0.384644,-1.192749,-0.323608,-1.525879,49.987808,8.178711,stair_down
3036056,0.397339,-1.128296,-0.339966,3.051759,30.395515,-6.713869,stair_down
3036072,0.395264,-1.123657,-0.33667,4.150391,17.272949,-12.817387,stair_down
3036089,0.365234,-1.122314,-0.318848,1.64795,-7.324221,-20.935059,stair_down
3036106,0.298828,-1.095093,-0.299561,-5.493164,-19.897461,-24.963387,stair_down
3036122,0.270386,-1.061523,-0.29248,-9.887695,-21.728516,-26.000984,stair_down
3036139,0.209351,-0.977173,-0.295898,-16.662598,-18.127441,-28.381355,stair_down
3036156,0.150024,-0.900391,-0.315063,-20.690918,-6.713869,-31.677254,stair_down
3036172,0.128906,-0.872437,-0.317017,-21.789551,0.732422,-33.14209,stair_down
3036189,0.110596,-0.828003,-0.297729,-24.353035,16.357422,-35.888672,stair_down
3036206,0.128784,-0.785889,-0.276733,-25.634773,28.503426,-37.536621,stair_down
3036222,0.147827,-0.761719,-0.262329,-24.53614,34.362793,-36.804199,stair_down
3036239,0.157471,-0.755493,-0.263306,-23.376472,34.912109,-35.461426,stair_down
3036256,0.175049,-0.746582,-0.280029,-19.165039,31.372078,-30.883797,stair_down
3036272,0.199707,-0.758545,-0.300049,-13.122562,22.583015,-23.071297,stair_down
3036289,0.208252,-0.771362,-0.305786,-10.314941,17.150879,-18.188477,stair_down
3036322,0.192993,-0.815186,-0.31543,-1.037598,-1.342773,1.64795,stair_down
3036339,0.174927,-0.830688,-0.312256,2.319336,-5.065918,10.986328,stair_down
3036356,0.166504,-0.841797,-0.314087,4.02832,-5.798342,14.587406,stair_down
3036372,0.149414,-0.874512,-0.323975,6.774904,-4.272461,18.920898,stair_down
3036389,0.137085,-0.9021,-0.319458,5.676271,1.281738,20.019531,stair_down
3036406,0.134766,-0.898193,-0.310547,4.333496,4.760742,20.080566,stair_down
3036422,0.128906,-0.874634,-0.297485,2.319336,12.02393,20.080566,stair_down
3036439,0.135254,-0.86084,-0.296387,1.464844,20.324707,19.592285,stair_down
3036456,0.165894,-0.862549,-0.31189,1.831055,27.954109,18.920898,stair_down
3036472,0.173584,-0.873535,-0.321655,2.502441,31.127937,18.676758,stair_down
3036489,0.189087,-0.89502,-0.331055,2.01416,36.987305,18.981934,stair_down
3036506,0.209595,-0.883057,-0.32605,0.244141,41.259766,20.324707,stair_down
3036523,0.217651,-0.871582,-0.32019,0.244141,43.09082,21.118164,stair_down
3036539,0.247681,-0.873535,-0.308594,2.746582,45.532242,22.39991,stair_down
3036556,0.282959,-0.922241,-0.297974,6.164553,44.128418,25.146492,stair_down
3036573,0.310181,-0.986328,-0.291504,9.155273,40.405273,29.968269,stair_down
3036589,0.325317,-1.022095,-0.290283,11.596684,37.536621,32.958984,stair_down
3036606,0.361694,-1.123291,-0.292969,17.39502,29.357918,40.710449,stair_down
3036623,0.392334,-1.236816,-0.30188,20.446777,18.371582,48.339859,stair_down
3036639,0.395996,-1.28418,-0.301514,18.615723,12.573246,50.8423,stair_down
3036656,0.366211,-1.251465,-0.296631,6.530764,5.493164,49.926773,stair_down
3036673,0.339722,-1.089355,-0.270386,-3.173829,2.746582,41.870117,stair_down
3036689,0.328613,-1.015503,-0.245972,-7.446291,2.502441,32.287598,stair_down
3036706,0.302734,-0.878296,-0.202881,-13.000492,2.258301,25.817879,stair_down
3036723,0.283691,-0.819214,-0.182007,-8.605957,-1.525879,11.413578,stair_down
3036739,0.27063,-0.897095,-0.173462,-2.563477,-6.591799,-3.173829,stair_down
3036756,0.28125,-0.954346,-0.173584,-1.525879,-9.155273,-9.338379,stair_down
3036773,0.289307,-1.060181,-0.157959,-2.075195,-16.174316,-15.625004,stair_down
3036789,0.260864,-1.138794,-0.123047,-12.451176,-18.432617,-13.610844,stair_down
3036806,0.242065,-1.140137,-0.10437,-19.40918,-16.174316,-12.390141,stair_down
3036823,0.196289,-1.100342,-0.066895,-31.860359,-4.516602,-9.643555,stair_down
3036839,0.144653,-1.035156,-0.034058,-42.419434,16.052246,-9.399414,stair_down
3036856,0.125854,-0.974243,-0.020142,-46.630875,42.785645,-13.977055,stair_down
3036873,0.136108,-0.96521,-0.0177,-47.180191,55.175797,-16.723633,stair_down
3036889,0.163208,-0.971436,-0.009766,-51.147476,75.561523,-19.226074,stair_down
3036906,0.185181,-0.948853,-0.012207,-54.62648,92.529327,-19.958496,stair_down
3036923,0.206299,-0.935547,-0.013306,-55.175797,97.839386,-20.629883,stair_down
3036939,0.245483,-0.910645,-0.016357,-54.382339,101.44046,-21.362305,stair_down
3036956,0.268433,-0.891235,-0.023682,-51.208511,98.388702,-21.057129,stair_down
3036973,0.276489,-0.871582,-0.033081,-46.752945,91.247589,-21.179199,stair_down
3036989,0.280762,-0.862061,-0.042847,-43.212891,86.425781,-20.568848,stair_down
3037006,0.276489,-0.868164,-0.057251,-37.475586,75.744629,-17.272949,stair_down
3037023,0.262695,-0.856323,-0.062622,-33.691406,66.833496,-11.047363,stair_down
3037039,0.255005,-0.841553,-0.064087,-31.616219,63.415543,-7.812502,stair_down
3037056,0.249756,-0.810791,-0.081665,-24.780281,58.776871,-0.732422,stair_down
3037073,0.262695,-0.811523,-0.109497,-17.150879,56.152359,7.20215,stair_down
3037090,0.283081,-0.814331,-0.134644,-11.596684,54.260269,14.953617,stair_down
3037106,0.2854,-0.810181,-0.144409,-9.399414,52.551285,18.920898,stair_down
3037123,0.289307,-0.802979,-0.160645,-5.920412,48.70607,26.245125,stair_down
3037140,0.300781,-0.798706,-0.167847,-4.455566,46.325699,32.043457,stair_down
3037156,0.305542,-0.793091,-0.174072,-4.455566,45.654312,34.240723,stair_down
3037173,0.307373,-0.772949,-0.187134,-5.187988,46.447769,36.987305,stair_down
3037190,0.308228,-0.756226,-0.191772,-6.774904,48.339859,38.085938,stair_down
3037206,0.307983,-0.749634,-0.189087,-10.681152,50.537125,37.29248,stair_down
3037223,0.316528,-0.729248,-0.186646,-12.451176,51.818863,36.437988,stair_down
3037240,0.320923,-0.72168,-0.176147,-15.808109,54.809586,34.240723,stair_down
3037256,0.32312,-0.728271,-0.16394,-19.226074,59.082047,31.799324,stair_down
3037273,0.327637,-0.734131,-0.162354,-20.874023,62.194839,30.517586,stair_down
3037290,0.342896,-0.750854,-0.165649,-23.986824,69.702148,28.137215,stair_down
3037306,0.361816,-0.767212,-0.171631,-27.160652,77.148438,26.18409,stair_down
3037323,0.372803,-0.774902,-0.171997,-28.381355,80.444336,26.123055,stair_down
3037340,0.390991,-0.812988,-0.171143,-30.395515,87.524414,27.771004,stair_down
3037356,0.407471,-0.855835,-0.158936,-35.27832,95.886261,29.724129,stair_down
3037373,0.414917,-0.843262,-0.148804,-41.931152,103.759796,31.311043,stair_down
3037390,0.418945,-0.830566,-0.150269,-44.128418,107.849152,32.165527,stair_down
3037406,0.435547,-0.834839,-0.173096,-47.424332,117.126495,33.38623,stair_down
3037423,0.481689,-0.863281,-0.205688,-51.269547,125.671417,33.569336,stair_down
3037440,0.503784,-0.884399,-0.211914,-53.100601,128.540039,33.02002,stair_down
3037456,0.527222,-0.933105,-0.196533,-56.152359,132.263184,31.555183,stair_down
3037473,0.549194,-0.998901,-0.164185,-55.969254,135.009766,31.616219,stair_down
3037490,0.596924,-1.097778,-0.176147,-53.833023,137.207031,32.165527,stair_down
3037506,0.624634,-1.140137,-0.189331,-52.49025,137.023926,31.555183,stair_down
3037523,0.654663,-1.183105,-0.189697,-49.743668,133.239746,31.799324,stair_down
3037540,0.672974,-1.199585,-0.208496,-41.137695,125.610382,32.226563,stair_down
3037556,0.689697,-1.220825,-0.222046,-35.03418,120.239288,32.348633,stair_down
3037573,0.704102,-1.265625,-0.257202,-26.123055,106.506378,29.541023,stair_down
3037590,0.667114,-1.192993,-0.313721,-23.010262,89.233429,22.644051,stair_down
3037606,0.629639,-1.046753,-0.374878,-11.840824,67.321777,14.221195,stair_down
3037623,0.615234,-1.006836,-0.39917,-3.601075,53.649918,9.70459,stair_down
3037640,0.588623,-0.970581,-0.43042,11.535648,23.498543,-0.12207,stair_down
3037656,0.554688,-0.936523,-0.478882,21.54541,-9.94873,-7.08008,stair_down
3037673,0.532593,-0.922363,-0.503662,24.780281,-27.832039,-7.629396,stair_down
3037690,0.4823,-0.905762,-0.526489,25.817879,-59.753433,-3.479005,stair_down
3037707,0.380737,-0.871216,-0.469482,20.202637,-77.575684,2.319336,stair_down
3037723,0.250488,-0.849854,-0.386963,10.070801,-74.279785,7.934572,stair_down
3037740,0.199341,-0.812378,-0.372559,4.394531,-66.162109,10.009766,stair_down
3037757,0.139282,-0.78479,-0.408203,-6.713869,-40.466309,11.657719,stair_down
3037773,0.145874,-0.756592,-0.476807,-14.28223,-9.460449,11.840824,stair_down
3037790,0.164795,-0.744751,-0.500977,-16.540527,5.493164,11.108402,stair_down
3037807,0.226929,-0.731323,-0.508057,-17.456055,27.954109,7.568361,stair_down
3037823,0.269409,-0.754272,-0.476563,-16.723633,42.114258,4.211426,stair_down
3037840,0.295166,-0.774536,-0.454346,-17.150879,47.241226,2.929688,stair_down
3037857,0.368896,-0.802979,-0.426758,-17.456055,50.292984,0.427246,stair_down
3037873,0.429443,-0.810913,-0.408813,-16.662598,46.386734,-2.746582,stair_down
3037890,0.455078,-0.787598,-0.388672,-16.906738,36.92627,-6.774904,stair_down
3037907,0.459351,-0.760742,-0.380859,-17.39502,30.395515,-8.972168,stair_down
3037923,0.444092,-0.698853,-0.359985,-17.944336,17.272949,-14.404301,stair_down
3037940,0.423218,-0.648315,-0.335938,-17.150879,4.821777,-21.057129,stair_down
3037957,0.412231,-0.636963,-0.323608,-16.540527,-1.586915,-24.16993,stair_down
3037973,0.379639,-0.642944,-0.300415,-15.686039,-13.854984,-28.686531,stair_down
3037990,0.336914,-0.655273,-0.286743,-16.784668,-21.789551,-31.188972,stair_down
3038007,0.30603,-0.667114,-0.284546,-15.869144,-26.18409,-31.555183,stair_down
3038023,0.290405,-0.685913,-0.281738,-14.343266,-27.160652,-30.761726,stair_down
3038040,0.266724,-0.746826,-0.274902,-10.864258,-25.268562,-27.526863,stair_down
3038057,0.26355,-0.821655,-0.261475,-8.422852,-18.432617,-22.033691,stair_down
3038073,0.264526,-0.85083,-0.256592,-8.666992,-13.916019,-19.042969,stair_down
3038090,0.263184,-0.866455,-0.261108,-10.131836,-4.821777,-13.549809,stair_down
3038108,0.2677,-0.838257,-0.289307,-11.718754,4.577637,-8.911133,stair_down
3038123,0.292114,-0.804077,-0.314697,-13.305668,12.390141,-5.310059,stair_down
3038140,0.306885,-0.787598,-0.317993,-14.770512,15.441898,-4.089355,stair_down
3038157,0.31311,-0.744629,-0.302856,-16.906738,20.202637,-3.845216,stair_down
3038173,0.313721,-0.702271,-0.282593,-15.808109,23.193367,-6.347658,stair_down
3038190,0.320435,-0.69519,-0.284668,-14.16016,23.986824,-7.873537,stair_down
3038207,0.353027,-0.705566,-0.320801,-10.925293,23.925789,-10.498047,stair_down
3038223,0.392822,-0.716064,-0.365356,-8.850098,18.615723,-11.352543,stair_down
3038240,0.404785,-0.72876,-0.376709,-5.432129,8.361816,-10.437012,stair_down
3038257,0.402222,-0.748657,-0.371094,-2.502441,3.601075,-9.460449,stair_down
3038273,0.414917,-0.834717,-0.347046,3.723145,-3.051759,-5.187988,stair_down
3038290,0.42688,-0.948608,-0.325317,6.774904,-4.211426,2.502441,stair_down
3038307,0.429443,-1.008179,-0.320557,7.08008,-2.13623,6.835939,stair_down
3038324,0.443359,-1.103271,-0.325562,4.943848,5.676271,15.075687,stair_down
3038340,0.481323,-1.165161,-0.335938,7.019045,14.709476,20.629883,stair_down
3038357,0.499878,-1.212769,-0.329224,8.911133,19.53125,23.437508,stair_down
3038374,0.533813,-1.309082,-0.300049,7.812502,25.878914,27.832039,stair_down
3038390,0.541138,-1.315796,-0.285889,1.708985,27.709969,31.188972,stair_down
3038407,0.534058,-1.255737,-0.29248,0.915528,28.686531,32.287598,stair_down
3038424,0.542725,-1.234009,-0.293823,2.990724,27.221687,31.616219,stair_down
3038440,0.552002,-1.2052,-0.286011,5.249023,19.65332,30.639656,stair_down
3038457,0.523926,-1.137695,-0.277222,5.859377,10.498047,29.174812,stair_down
3038474,0.508789,-1.099731,-0.273193,6.591799,5.798342,28.564461,stair_down
3038490,0.467285,-1.033691,-0.258667,7.568361,-2.075195,26.794441,stair_down
3038507,0.41748,-0.959229,-0.252563,6.591799,-5.249023,24.292,stair_down
3038524,0.366943,-0.871826,-0.262695,4.272461,-2.685547,21.484375,stair_down
3038540,0.343506,-0.826904,-0.266235,3.234864,0.061035,19.65332,stair_down
3038557,0.306519,-0.733521,-0.272583,2.990724,6.164553,14.404301,stair_down
3038574,0.296753,-0.685547,-0.260254,6.286623,13.122562,10.498047,stair_down
3038590,0.298706,-0.690552,-0.249512,6.713869,16.235352,10.375977,stair_down
3038607,0.31311,-0.709595,-0.237793,4.943848,20.568848,10.803223,stair_down
3038624,0.321411,-0.731201,-0.232056,2.441406,23.925789,12.573246,stair_down
3038640,0.325073,-0.755371,-0.230713,-0.610352,28.686531,14.526371,stair_down
3038657,0.328735,-0.762573,-0.232178,-2.075195,31.555183,15.319828,stair_down
3038674,0.354858,-0.772827,-0.234131,-3.66211,36.804199,17.51709,stair_down
3038690,0.376099,-0.806152,-0.228882,-3.234864,40.466309,19.958496,stair_down
3038707,0.378296,-0.830566,-0.21875,-3.906251,41.992188,21.179199,stair_down
3038724,0.379761,-0.863892,-0.199463,-6.225588,45.776382,23.437508,stair_down
3038740,0.390747,-0.885132,-0.19043,-7.446291,50.476089,24.597176,stair_down
3038757,0.408081,-0.910156,-0.19397,-6.652834,53.833023,24.902351,stair_down
3038774,0.41394,-0.929565,-0.198242,-6.408693,54.870621,25.085457,stair_down
3038790,0.427856,-0.958984,-0.2052,-7.20215,55.053726,25.146492,stair_down
3038807,0.431274,-0.965454,-0.204834,-9.521484,52.307144,24.230965,stair_down
3038824,0.427734,-0.954712,-0.204712,-10.742188,50.415054,23.376472,stair_down
3038840,0.417236,-0.925537,-0.204956,-11.901859,46.997086,21.606445,stair_down
3038857,0.409302,-0.909546,-0.215454,-11.596684,43.640137,20.263672,stair_down
3038874,0.406616,-0.9104,-0.226318,-10.620117,41.503906,19.714355,stair_down
3038891,0.408813,-0.942871,-0.234375,-8.422852,36.010742,19.714355,stair_down
3038907,0.405884,-0.99707,-0.246338,-7.568361,29.846199,20.751953,stair_down
3038924,0.391602,-1.006348,-0.248535,-11.413578,25.207527,21.362305,stair_down
3038941,0.387451,-0.98938,-0.247192,-12.451176,23.559578,22.27784,stair_down
3038957,0.369507,-1.000366,-0.256104,-9.521484,23.681648,24.719246,stair_down
3038974,0.349854,-1.062378,-0.272827,-8.789063,28.625496,24.963387,stair_down
3038991,0.341553,-1.068481,-0.279053,-10.437012,31.98243,24.475105,stair_down
3039007,0.337158,-1.038696,-0.28064,-12.573246,37.536621,22.460945,stair_down
3039024,0.334106,-1.003418,-0.286011,-13.854984,42.053223,18.981934,stair_down
3039041,0.341919,-0.97998,-0.302002,-14.343266,44.67775,13.427738,stair_down
3039057,0.34082,-0.979492,-0.310547,-14.28223,44.372574,10.681152,stair_down
3039074,0.326416,-0.987793,-0.300049,-15.93018,41.625977,5.126953,stair_down
3039091,0.30603,-0.963745,-0.277954,-20.080566,38.635254,1.220703,stair_down
3039107,0.296997,-0.937256,-0.276367,-21.972656,36.682129,0.061035,stair_down
3039124,0.275024,-0.888062,-0.290039,-23.132332,33.14209,-1.953125,stair_down
3039141,0.249756,-0.871948,-0.2948,-22.155769,30.944832,-4.089355,stair_down
3039157,0.215576,-0.874756,-0.29895,-21.30127,29.846199,-6.408693,stair_down
3039174,0.196167,-0.875488,-0.297119,-20.935059,30.33448,-7.324221,stair_down
3039191,0.168091,-0.876465,-0.292603,-20.141602,33.630371,-7.324221,stair_down
3039207,0.160889,-0.87561,-0.290894,-18.066406,38.696289,-5.920412,stair_down
3039224,0.172363,-0.877563,-0.2948,-16.479492,40.283203,-4.882813,stair_down
3039241,0.200073,-0.882324,-0.311035,-14.16016,39.489746,-0.976563,stair_down
3039257,0.210205,-0.854614,-0.331177,-12.26807,33.996582,3.295899,stair_down
3039274,0.202759,-0.824097,-0.325562,-9.033203,26.42823,6.591799,stair_down
3039291,0.199707,-0.81311,-0.317993,-7.812502,22.949226,8.239746,stair_down
3039307,0.188843,-0.791138,-0.310425,-6.591799,18.737793,12.573246,stair_down
3039324,0.174194,-0.772827,-0.329956,-3.112794,19.65332,16.479492,stair_down
3039341,0.172119,-0.780029,-0.337402,0.0,20.690918,16.967773,stair_down
3039357,0.18042,-0.792603,-0.347778,4.211426,21.850586,15.808109,stair_down
3039374,0.195557,-0.800171,-0.354248,8.056641,20.019531,15.136723,stair_down
3039391,0.200439,-0.810669,-0.3573,9.033203,18.493652,15.441898,stair_down
3039407,0.200562,-0.822388,-0.355347,9.033203,17.089844,17.456055,stair_down
3039424,0.184814,-0.837769,-0.34729,8.056641,20.446777,19.226074,stair_down
3039441,0.16748,-0.850708,-0.362671,5.676271,31.188972,18.188477,stair_down
3039457,0.188965,-0.846802,-0.363647,5.249023,36.437988,17.333984,stair_down
3039474,0.255981,-0.832764,-0.349487,4.577637,38.574219,14.953617,stair_down
3039491,0.253052,-0.820923,-0.372925,3.723145,42.114258,11.718754,stair_down
3039508,0.27002,-0.817261,-0.384399,3.234864,45.471207,9.765625,stair_down
3039524,0.318115,-0.813721,-0.401733,2.441406,47.729507,5.065918,stair_down
3039541,0.348999,-0.806885,-0.394165,1.586915,46.569839,-0.244141,stair_down
3039558,0.392212,-0.801514,-0.384277,2.13623,41.870117,-5.737307,stair_down
3039574,0.418213,-0.81665,-0.380005,2.746582,38.452148,-7.263186,stair_down
3039591,0.451538,-0.868042,-0.371582,4.02832,31.188972,-8.239746,stair_down
3039608,0.454956,-0.91333,-0.369141,4.02832,24.047859,-8.666992,stair_down
3039624,0.46106,-0.922119,-0.364624,3.295899,21.118164,-7.385256,stair_down
3039641,0.468628,-0.94873,-0.354858,4.150391,17.944336,-1.220703,stair_down
3039658,0.467041,-1.019775,-0.363525,10.437012,19.287109,-0.732422,stair_down
3039674,0.521973,-1.111816,-0.307251,18.493652,17.578125,-1.220703,stair_down
3039691,0.551147,-1.161743,-0.274292,19.40918,13.366703,-2.685547,stair_down
3039708,0.540039,-1.195557,-0.2146,8.911133,-0.427246,-0.854492,stair_down
3039724,0.457031,-1.063232,-0.195923,-1.281738,1.464844,-3.295899,stair_down
3039741,0.482422,-1.002319,-0.180908,-1.342773,0.671387,-7.019045,stair_down
3039758,0.485229,-0.942993,-0.147705,1.403809,-13.000492,-16.723633,stair_down
3039774,0.443115,-0.932373,-0.128418,5.493164,-27.832039,-25.878914,stair_down
3039791,0.402954,-1.003662,-0.117554,10.314941,-37.658691,-29.602058,stair_down
3039808,0.395874,-1.056641,-0.102661,10.314941,-41.381836,-29.846199,stair_down
3039824,0.388062,-1.10376,-0.072388,7.263186,-49.255386,-28.991707,stair_down
3039841,0.362549,-1.098389,-0.047241,3.173829,-54.077164,-23.620613,stair_down
3039858,0.340454,-1.084839,-0.036621,-0.366211,-53.161636,-20.446777,stair_down
3039874,0.292358,-1.013184,-0.034302,-8.361816,-45.410172,-16.174316,stair_down
3039891,0.261963,-0.925049,-0.032593,-13.366703,-34.973145,-16.113281,stair_down
3039908,0.249756,-0.883545,-0.0354,-15.014652,-23.864754,-19.226074,stair_down
3039924,0.229614,-0.830444,-0.035522,-16.845703,-16.540527,-19.836426,stair_down
3039941,0.22876,-0.807983,-0.042725,-17.089844,-2.197266,-21.179199,stair_down
3039958,0.241577,-0.819946,-0.049194,-15.869144,9.460449,-21.42334,stair_down
3039974,0.253418,-0.835815,-0.049805,-15.869144,13.061527,-20.507813,stair_down
3039991,0.269897,-0.843262,-0.050903,-17.76123,15.991215,-17.578125,stair_down
3040008,0.277832,-0.825928,-0.055786,-15.991215,14.404301,-14.03809,stair_down
3040024,0.285034,-0.826294,-0.056641,-13.610844,12.573246,-12.02393,stair_down
3040041,0.295532,-0.859619,-0.057495,-7.751467,8.056641,-6.835939,stair_down
3040058,0.282959,-0.927246,-0.064941,-4.333496,5.493164,0.976563,stair_down
3040075,0.273682,-0.976563,-0.065063,-3.356935,5.676271,9.277344,stair_down
3040091,0.273193,-0.988403,-0.063599,-3.295899,6.652834,13.183598,stair_down
3040108,0.277344,-1.001709,-0.06665,-2.807618,9.887695,21.240234,stair_down
3040125,0.281982,-0.999634,-0.077026,-3.479005,16.662598,27.587898,stair_down
3040141,0.28479,-0.987061,-0.084351,-3.723145,20.507813,29.907234,stair_down
3040158,0.307739,-0.958252,-0.102417,-2.502441,26.000984,32.653809,stair_down
3040175,0.328003,-0.940186,-0.127441,-0.12207,27.771004,32.958984,stair_down
3040191,0.350098,-0.921997,-0.149292,1.464844,27.038582,31.677254,stair_down
3040208,0.361938,-0.907959,-0.156738,1.831055,25.573738,31.005867,stair_down
3040225,0.380005,-0.874878,-0.174805,2.258301,21.057129,29.785164,stair_down
3040241,0.389282,-0.852661,-0.199219,2.990724,14.831547,27.771004,stair_down
3040258,0.38916,-0.845947,-0.209351,2.685547,11.169437,26.062019,stair_down
3040275,0.365479,-0.822266,-0.213501,-0.488281,5.432129,22.033691,stair_down
3040291,0.336548,-0.770386,-0.2052,-5.004883,2.624512,18.493652,stair_down
3040308,0.318237,-0.726807,-0.194336,-8.544922,3.784181,15.686039,stair_down
3040325,0.313354,-0.709839,-0.191406,-9.58252,5.737307,13.671879,stair_down
3040341,0.307495,-0.691162,-0.190796,-11.291508,9.887695,10.131836,stair_down
3040358,0.306641,-0.69104,-0.199585,-13.183598,13.427738,8.178711,stair_down
3040375,0.30542,-0.695313,-0.199829,-14.465336,15.380863,7.873537,stair_down
3040391,0.303223,-0.695435,-0.190918,-16.662598,19.470215,7.019045,stair_down
3040408,0.309082,-0.703247,-0.190063,-17.272949,23.315437,7.20215,stair_down
3040425,0.310791,-0.715332,-0.190796,-18.615723,28.503426,9.58252,stair_down
3040441,0.30957,-0.739258,-0.187622,-19.65332,31.860359,11.230473,stair_down
3040458,0.31897,-0.765625,-0.188965,-21.240234,39.672852,14.709476,stair_down
3040475,0.334839,-0.796387,-0.190552,-22.888191,46.447769,17.333984,stair_down
3040491,0.347534,-0.807983,-0.192383,-23.925789,48.82814,18.249512,stair_down
3040508,0.373901,-0.824341,-0.213623,-26.062019,50.8423,19.287109,stair_down
3040525,0.384888,-0.868042,-0.261841,-27.771004,50.964371,20.874023,stair_down
3040541,0.38855,-0.911377,-0.276611,-28.625496,51.452652,21.42334,stair_down
3040558,0.386353,-0.986206,-0.261353,-34.729004,54.931656,20.385742,stair_down
3040575,0.382935,-1.017578,-0.249634,-36.865234,63.293472,15.075687,stair_down
3040591,0.393677,-1.067383,-0.268921,-36.499023,73.547363,7.385256,stair_down
3040608,0.428955,-1.083862,-0.289673,-34.912109,77.331543,3.784181,stair_down
3040625,0.52832,-1.141602,-0.296387,-22.705086,79.162598,-1.89209,stair_down
3040641,0.641846,-1.298462,-0.303589,-1.831055,69.030762,-3.479005,stair_down
3040658,0.697266,-1.414673,-0.333862,8.850098,57.128922,-2.502441,stair_down
3040675,0.732056,-1.621948,-0.445801,18.493652,23.559578,-3.66211,stair_down
3040692,0.646729,-1.444824,-0.520752,3.845216,-9.155273,-8.605957,stair_down
3040708,0.545044,-1.095825,-0.497925,3.967286,-34.912109,-14.465336,stair_down
3040725,0.506714,-0.994019,-0.47168,5.249023,-44.067383,-17.028809,stair_down
3040742,0.462158,-0.866333,-0.43396,6.896975,-53.039566,-19.348145,stair_down
3040758,0.40686,-0.799072,-0.416382,7.568361,-54.138199,-19.897461,stair_down
3040775,0.376709,-0.779175,-0.405518,7.568361,-52.673355,-21.30127,stair_down
3040792,0.333496,-0.751221,-0.372192,4.089355,-47.241226,-21.66748,stair_down
3040808,0.299438,-0.698853,-0.335449,-5.249023,-39.123535,-18.310547,stair_down
3040825,0.279175,-0.614502,-0.313232,-11.352543,-33.447266,-18.615723,stair_down
3040842,0.271606,-0.58313,-0.310181,-12.451176,-30.700691,-19.897461,stair_down
3040858,0.254028,-0.545898,-0.307007,-12.512211,-23.010262,-23.925789,stair_down
3040875,0.235474,-0.528564,-0.310425,-11.169437,-14.648441,-29.296883,stair_down
3040892,0.230835,-0.523193,-0.299316,-9.643555,-10.620117,-32.470703,stair_down
3040908,0.245239,-0.523315,-0.247559,-5.798342,-2.380371,-37.231445,stair_down
3040925,0.281616,-0.557495,-0.206421,-1.831055,4.333496,-37.29248,stair_down
3040942,0.295898,-0.583008,-0.208496,0.0,4.882813,-34.179688,stair_down
3040958,0.319824,-0.62146,-0.223145,0.12207,3.051759,-32.287598,stair_down
3040975,0.327271,-0.630005,-0.223022,-0.305176,-3.234864,-27.893074,stair_down
3040992,0.327393,-0.604736,-0.208252,1.037598,-9.82666,-22.155769,stair_down
3041008,0.324585,-0.599487,-0.212402,3.66211,-12.390141,-18.737793,stair_down
3041025,0.333496,-0.635864,-0.227905,12.02393,-15.197758,-11.474613,stair_down
3041042,0.338989,-0.703247,-0.246216,20.019531,-18.371582,-6.469728,stair_down
3041058,0.343262,-0.731934,-0.254761,23.559578,-20.385742,-4.272461,stair_down
3041075,0.357056,-0.782959,-0.287598,28.503426,-25.390633,0.0,stair_down
3041092,0.36438,-0.808594,-0.325684,30.151375,-32.165527,1.037598,stair_down
3041108,0.363647,-0.794922,-0.342773,30.944832,-39.245605,-0.427246,stair_down
3041125,0.355591,-0.795654,-0.344482,31.433113,-42.358398,-1.831055,stair_down
3041142,0.333374,-0.837891,-0.336182,32.836914,-46.203629,-5.371094,stair_down
3041158,0.324951,-0.930176,-0.30603,34.057617,-44.982925,-9.399414,stair_down
3041175,0.324463,-0.984009,-0.284302,34.606934,-42.96875,-10.375977,stair_down
3041192,0.354248,-1.101807,-0.254028,35.400391,-40.222168,-8.483887,stair_down
3041208,0.395874,-1.221436,-0.248291,36.132813,-40.161133,-2.01416,stair_down
3041225,0.442017,-1.331421,-0.232666,41.625977,-44.250504,5.859377,stair_down
3041242,0.463745,-1.418701,-0.219849,45.166031,-45.532242,12.329105,stair_down
3041258,0.498657,-1.615601,-0.190186,45.227066,-48.400894,26.367195,stair_down
3041275,0.504639,-1.650391,-0.174561,32.165527,-49.621597,35.217285,stair_down
3041292,0.499634,-1.574585,-0.174194,25.207527,-49.377457,38.818359,stair_down
3041309,0.457153,-1.410889,-0.14917,17.578125,-45.410172,41.19873,stair_down
3041325,0.420166,-1.338013,-0.088013,8.605957,-30.944832,41.19873,stair_down
3041342,0.403076,-1.251465,-0.077637,0.671387,-15.075687,33.691406,stair_down
3041359,0.401489,-1.202637,-0.095215,0.488281,-9.765625,26.123055,stair_down
3041375,0.390991,-1.143066,-0.140503,3.66211,-2.01416,12.084965,stair_down
3041392,0.37085,-1.114136,-0.172485,0.793457,2.746582,4.760742,stair_down
3041409,0.356567,-1.078003,-0.177246,-3.66211,5.187988,3.112794,stair_down
3041425,0.344727,-0.934204,-0.18335,-10.864258,8.544922,-2.441406,stair_down
3041442,0.334106,-0.76123,-0.187622,-8.666992,5.371094,-11.535648,stair_down
3041459,0.311768,-0.654297,-0.191772,0.366211,0.915528,-19.348145,stair_down
3041475,0.309326,-0.64563,-0.18689,2.441406,-1.342773,-19.287109,stair_down
3041492,0.289429,-0.622192,-0.18457,1.77002,-6.835939,-19.287109,stair_down
3041509,0.256226,-0.572632,-0.182617,1.953125,-10.864258,-18.493652,stair_down
3041525,0.237427,-0.555908,-0.179199,2.929688,-11.535648,-17.944336,stair_down
3041542,0.227783,-0.545654,-0.16626,5.859377,-12.695316,-17.028809,stair_down
3041559,0.226196,-0.572632,-0.151367,9.765625,-14.28223,-13.732914,stair_down
3041575,0.222046,-0.598999,-0.145996,11.779789,-14.221195,-11.291508,stair_down
3041592,0.213013,-0.661255,-0.137329,13.244633,-11.352543,-2.807618,stair_down
3041609,0.220581,-0.715942,-0.131348,11.047363,-7.263186,8.789063,stair_down
3041625,0.221558,-0.745972,-0.123535,7.324221,-1.64795,18.371582,stair_down
3041642,0.22522,-0.75647,-0.120117,5.371094,2.075195,22.338875,stair_down
3041659,0.224976,-0.777222,-0.104736,-1.220703,13.549809,27.832039,stair_down
3041675,0.239868,-0.772827,-0.098267,-10.314941,29.602058,28.808601,stair_down
3041692,0.252075,-0.775513,-0.096069,-14.16016,38.696289,27.648933,stair_down
3041709,0.266846,-0.793945,-0.105225,-21.362305,56.091324,22.033691,stair_down
3041725,0.28064,-0.821533,-0.122925,-27.099617,71.594238,13.366703,stair_down
3041742,0.336792,-0.848022,-0.129639,-31.250008,85.327148,6.286623,stair_down
3041759,0.362915,-0.865479,-0.13208,-33.081055,90.637238,4.02832,stair_down
3041775,0.396362,-0.882202,-0.157593,-36.865234,97.167999,1.342773,stair_down
3041792,0.430176,-0.868774,-0.184326,-37.536621,98.449738,-0.061035,stair_down
3041809,0.442871,-0.861084,-0.191772,-36.865234,96.740753,-0.244141,stair_down
3041825,0.463623,-0.84314,-0.218506,-34.484863,89.59964,-1.037598,stair_down
3041842,0.476318,-0.830078,-0.235352,-31.98243,79.101563,-0.793457,stair_down
3041859,0.476196,-0.812622,-0.242798,-30.639656,68.786621,0.610352,stair_down
3041876,0.471558,-0.810547,-0.242188,-28.808601,64.63623,1.77002,stair_down
3041892,0.465088,-0.84668,-0.239868,-22.949226,58.898941,5.371094,stair_down
3041909,0.487549,-0.928955,-0.272583,-13.549809,52.978531,10.742188,stair_down
3041926,0.508545,-0.981812,-0.28418,-8.300781,48.950211,14.404301,stair_down
3041942,0.560913,-1.095581,-0.296631,0.305176,38.146973,26.123055,stair_down
3041959,0.606201,-1.180054,-0.318604,5.310059,24.292,38.024902,stair_down
3041976,0.63623,-1.209717,-0.352417,9.887695,8.056641,45.837418,stair_down
3041992,0.653076,-1.218018,-0.36853,13.366703,-0.12207,46.997086,stair_down
3042009,0.672607,-1.259766,-0.409424,20.996094,-17.39502,43.579102,stair_down
3042026,0.670532,-1.304321,-0.435791,23.620613,-35.217285,36.376953,stair_down
3042042,0.640503,-1.298828,-0.44751,22.705086,-42.053223,32.043457,stair_down
3042059,0.584106,-1.249756,-0.477661,21.057129,-52.673355,20.202637,stair_down
3042076,0.515137,-1.179688,-0.470703,16.601563,-60.485855,5.310059,stair_down
3042092,0.466675,-1.130615,-0.446411,13.183598,-61.401382,-2.258301,stair_down
3042109,0.393677,-1.029419,-0.386108,4.821777,-57.495132,-13.122562,stair_down
3042126,0.3396,-0.942017,-0.338623,-4.150391,-46.447769,-18.615723,stair_down
3042142,0.322266,-0.857422,-0.313843,-8.911133,-36.499023,-24.292,stair_down
3042159,0.317871,-0.826416,-0.301636,-10.253906,-33.691406,-26.489265,stair_down
3042176,0.298584,-0.78894,-0.277832,-11.962894,-29.724129,-30.517586,stair_down
3042192,0.278442,-0.768799,-0.254272,-13.427738,-26.550301,-33.996582,stair_down
3042209,0.273315,-0.759521,-0.24585,-13.916019,-25.085457,-35.27832,stair_down
3042226,0.25708,-0.743774,-0.230225,-13.793949,-21.362305,-36.560059,stair_down
3042242,0.250122,-0.73938,-0.209839,-11.474613,-16.479492,-36.315918,stair_down
3042259,0.249268,-0.744751,-0.188599,-8.666992,-12.207035,-34.484863,stair_down
3042276,0.250854,-0.75061,-0.179321,-7.446291,-10.864258,-32.775879,stair_down
3042292,0.262451,-0.755859,-0.179321,-4.699707,-10.070801,-28.686531,stair_down
3042309,0.268433,-0.758423,-0.185059,-0.915528,-12.634281,-24.963387,stair_down
3042326,0.267944,-0.759155,-0.179443,0.793457,-14.221195,-23.254402,stair_down
3042342,0.261719,-0.747559,-0.168579,2.380371,-17.333984,-19.836426,stair_down
3042359,0.255737,-0.708496,-0.175781,4.394531,-19.042969,-17.700195,stair_down
3042376,0.26123,-0.680298,-0.191284,8.178711,-21.606445,-18.310547,stair_down
3042392,0.262695,-0.671143,-0.196533,10.375977,-23.864754,-19.592285,stair_down
3042409,0.257935,-0.667358,-0.192871,15.319828,-30.517586,-23.437508,stair_down
3042426,0.252319,-0.680054,-0.18457,20.080566,-38.574219,-26.42823,stair_down
3042442,0.250732,-0.696045,-0.184204,22.338875,-42.602539,-26.733406,stair_down
3042459,0.244507,-0.742188,-0.198975,26.550301,-49.865738,-25.146492,stair_down
3042476,0.220459,-0.804077,-0.218262,31.372078,-54.077164,-21.54541,stair_down
3042493,0.215698,-0.869995,-0.243408,35.461426,-56.213394,-17.211914,stair_down
3042509,0.219238,-0.907349,-0.251099,36.437988,-56.457535,-13.366703,stair_down
3042526,0.206543,-0.973877,-0.259766,35.461426,-52.73439,-5.493164,stair_down
3042543,0.189331,-0.99939,-0.256714,29.907234,-43.579102,1.037598,stair_down
3042559,0.1875,-0.98999,-0.256836,25.756844,-38.085938,3.112794,stair_down
3042576,0.189209,-0.949951,-0.261597,21.30127,-28.015144,5.310059,stair_down
3042593,0.185913,-0.934937,-0.273315,18.188477,-18.371582,4.516602,stair_down
3042609,0.19397,-0.924438,-0.280518,16.723633,-14.221195,3.051759,stair_down
3042626,0.241821,-0.904541,-0.297729,16.784668,-11.169437,0.793457,stair_down
3042643,0.26709,-0.932983,-0.312744,19.714355,-13.977055,0.366211,stair_down
3042659,0.292725,-0.994263,-0.322144,23.132332,-20.690918,2.075195,stair_down
3042676,0.300659,-1.03418,-0.318237,24.719246,-24.658211,4.089355,stair_down
3042693,0.301636,-1.120483,-0.292969,26.42823,-30.944832,9.094238,stair_down
3042709,0.301758,-1.195068,-0.262329,23.681648,-32.409668,15.258793,stair_down
3042726,0.293457,-1.213013,-0.250488,19.714355,-30.395515,18.981934,stair_down
3042743,0.284546,-1.17981,-0.229492,13.000492,-21.118164,24.353035,stair_down
3042759,0.320557,-1.170166,-0.20459,13.854984,-11.352543,27.893074,stair_down
3042776,0.370117,-1.25061,-0.188477,15.136723,-6.103518,31.433113,stair_down
3042793,0.38855,-1.286255,-0.187622,13.793949,-5.371094,32.714844,stair_down
3042809,0.406006,-1.301147,-0.188843,7.568361,-6.896975,35.217285,stair_down
3042826,0.393066,-1.234741,-0.178711,-1.77002,-8.911133,38.269043,stair_down
3042843,0.383301,-1.189819,-0.16748,-6.774904,-8.605957,39.672852,stair_down
3042859,0.350342,-1.088379,-0.145508,-14.587406,-2.319336,37.963867,stair_down
3042876,0.324463,-1.008423,-0.135986,-15.625004,6.713869,29.663094,stair_down
3042893,0.293335,-0.974854,-0.13562,-14.099125,15.563969,18.310547,stair_down
3042909,0.282715,-0.966309,-0.136597,-13.610844,20.446777,13.305668,stair_down
3042926,0.29126,-0.951904,-0.150513,-13.793949,29.174812,7.141115,stair_down
3042943,0.317871,-0.925537,-0.166992,-13.122562,32.897949,4.150391,stair_down
3042959,0.325562,-0.908447,-0.174805,-11.901859,32.775879,2.868653,stair_down
3042976,0.342041,-0.863647,-0.186401,-8.117676,26.916512,-0.671387,stair_down
3042993,0.33667,-0.830322,-0.175537,-5.432129,18.554688,-0.061035,stair_down
3043009,0.316162,-0.801025,-0.157593,-6.835939,12.878422,4.02832,stair_down
3043026,0.307373,-0.780884,-0.155029,-7.20215,10.620117,5.493164,stair_down
3043043,0.284546,-0.75769,-0.157715,-5.126953,7.995607,5.859377,stair_down
3043060,0.270142,-0.765747,-0.165405,-3.051759,8.117676,5.737307,stair_down
3043076,0.266479,-0.774536,-0.169312,-3.112794,8.850098,6.042482,stair_down
3043093,0.261597,-0.778442,-0.179565,-4.272461,11.474613,7.08008,stair_down
3043110,0.26123,-0.773804,-0.17041,-5.615236,15.136723,7.141115,stair_down
3043126,0.259521,-0.772461,-0.164063,-6.286623,19.470215,5.554201,stair_down
3043143,0.250854,-0.773682,-0.1604,-7.995607,22.094727,3.906251,stair_down
3043160,0.243408,-0.765381,-0.158325,-11.169437,28.259285,1.098633,stair_down
3043176,0.252075,-0.767212,-0.167847,-13.549809,35.949707,-1.281738,stair_down
3043193,0.255127,-0.779175,-0.165527,-15.014652,40.039063,-2.624512,stair_down
3043210,0.256226,-0.786133,-0.156372,-20.019531,48.217789,-5.737307,stair_down
3043226,0.279175,-0.776611,-0.153198,-21.484375,56.823746,-8.178711,stair_down
3043243,0.29248,-0.787109,-0.154175,-20.385742,60.363785,-8.972168,stair_down
3043260,0.32312,-0.839722,-0.197021,-17.51709,65.612793,-10.986328,stair_down
3043276,0.362305,-0.894531,-0.23877,-16.723633,66.28418,-10.803223,stair_down
3043293,0.378662,-0.916748,-0.2229,-19.53125,62.866226,-7.873537,stair_down
3043310,0.383179,-0.915405,-0.213989,-20.629883,61.035172,-5.920412,stair_down
3043326,0.395386,-0.906494,-0.205933,-23.376472,58.105484,-2.624512,stair_down
3043343,0.400024,-0.887207,-0.232788,-24.16993,56.823746,-0.12207,stair_down
3043360,0.401123,-0.880493,-0.257324,-23.132332,56.152359,0.549316,stair_down
3043376,0.40332,-0.891724,-0.286377,-19.714355,53.527847,-0.183106,stair_down
3043393,0.425293,-0.904541,-0.289185,-17.211914,48.339859,-0.366211,stair_down
3043410,0.44873,-0.930298,-0.293701,-15.869144,41.809082,1.89209,stair_down
3043426,0.455566,-0.940308,-0.302856,-15.136723,38.574219,3.112794,stair_down
3043443,0.469482,-0.98291,-0.334717,-9.399414,31.188972,5.004883,stair_down
3043460,0.484619,-1.080566,-0.348877,-4.760742,23.254402,7.324221,stair_down
3043476,0.488647,-1.117188,-0.348145,-5.126953,19.65332,8.728027,stair_down
3043493,0.484619,-1.128662,-0.349609,-9.155273,12.207035,10.070801,stair_down
3043510,0.446167,-1.063965,-0.334961,-15.075687,6.713869,8.605957,stair_down
3043526,0.383911,-1.003296,-0.287476,-15.93018,7.690432,4.882813,stair_down
3043543,0.373169,-1.010864,-0.270142,-13.732914,10.986328,2.990724,stair_down
3043560,0.377563,-1.095093,-0.26709,-9.58252,19.836426,0.732422,stair_down
3043576,0.402832,-1.161621,-0.294922,-7.446291,24.963387,0.427246,stair_down
3043593,0.415039,-1.166382,-0.30957,-6.408693,23.925789,0.12207,stair_down
3043610,0.418945,-1.116089,-0.329224,-5.493164,16.113281,-0.366211,stair_down
3043626,0.418945,-1.021606,-0.327393,-3.41797,5.249023,-1.464844,stair_down
3043643,0.419922,-0.980103,-0.322144,-2.01416,-6.835939,-1.89209,stair_down
3043660,0.389893,-0.917236,-0.320801,-1.77002,-12.02393,-2.380371,stair_down
3043677,0.332886,-0.861084,-0.328247,-1.037598,-18.432617,-4.577637,stair_down
3043693,0.30481,-0.835205,-0.342651,2.075195,-21.850586,-7.263186,stair_down
3043710,0.300537,-0.836792,-0.347778,3.295899,-23.437508,-7.995607,stair_down
3043727,0.28418,-0.847412,-0.346802,4.02832,-26.123055,-8.605957,stair_down
3043743,0.253418,-0.842773,-0.326172,1.525879,-26.245125,-7.507326,stair_down
3043760,0.23938,-0.836548,-0.314209,-0.12207,-24.902351,-6.591799,stair_down
3043777,0.206543,-0.818726,-0.303711,-2.01416,-19.53125,-5.676271,stair_down
3043793,0.18457,-0.815308,-0.307495,-1.342773,-10.375977,-5.371094,stair_down
3043810,0.197021,-0.819458,-0.295654,-0.488281,-1.037598,-4.02832,stair_down
3043827,0.211182,-0.812744,-0.290771,-0.12207,1.953125,-2.868653,stair_down
3043843,0.236938,-0.796143,-0.285278,2.319336,3.845216,0.244141,stair_down
3043860,0.261475,-0.785034,-0.295898,5.615236,1.953125,2.929688,stair_down
3043877,0.274048,-0.777222,-0.303223,7.08008,-0.671387,4.089355,stair_down
3043893,0.285767,-0.753174,-0.315918,9.521484,-7.568361,6.835939,stair_down
3043910,0.280884,-0.730835,-0.314331,12.451176,-14.099125,8.422852,stair_down
3043927,0.26709,-0.713989,-0.310791,13.366703,-19.714355,7.812502,stair_down
3043943,0.257202,-0.696777,-0.312134,13.305668,-21.972656,6.713869,stair_down
3043960,0.240112,-0.659302,-0.321167,13.916019,-24.841316,3.845216,stair_down
3043977,0.2323,-0.646973,-0.334106,15.258793,-25.573738,1.708985,stair_down
3043993,0.229492,-0.654419,-0.334473,15.93018,-25.695808,0.915528,stair_down
3044010,0.228271,-0.685669,-0.317505,16.906738,-25.207527,-0.12207,stair_down
3044027,0.23999,-0.743408,-0.301758,19.042969,-22.888191,0.488281,stair_down
3044043,0.250732,-0.839233,-0.299072,20.568848,-19.592285,2.624512,stair_down
3044060,0.253296,-0.880615,-0.300415,19.287109,-17.822266,3.906251,stair_down
3044077,0.267944,-0.922363,-0.307373,15.258793,-13.916019,6.591799,stair_down
3044093,0.279663,-0.916504,-0.302246,10.803223,-10.070801,8.117676,stair_down
3044110,0.283569,-0.911743,-0.29248,9.521484,-7.995607,8.239746,stair_down
3044127,0.296387,-0.913452,-0.275635,6.835939,-4.272461,7.446291,stair_down
3044143,0.309448,-0.913452,-0.282471,4.333496,-2.929688,4.943848,stair_down
3044160,0.310425,-0.909058,-0.299927,3.295899,-3.66211,0.793457,stair_down
3044177,0.312988,-0.894775,-0.305786,4.333496,-5.187988,-2.075195,stair_down
3044193,0.328491,-0.924561,-0.300537,8.605957,-11.291508,-6.225588,stair_down
3044210,0.329468,-0.995728,-0.286011,11.108402,-18.920898,-6.835939,stair_down
3044227,0.322754,-1.028564,-0.280396,12.02393,-22.094727,-6.164553,stair_down
3044244,0.303223,-1.106934,-0.274902,14.587406,-26.000984,-3.66211,stair_down
3044260,0.288452,-1.175903,-0.255493,13.854984,-26.062019,-1.464844,stair_down
3044277,0.282959,-1.197021,-0.248413,12.26807,-25.146492,-0.061035,stair_down
3044294,0.272583,-1.19397,-0.245605,7.995607,-20.935059,1.159668,stair_down
3044310,0.28479,-1.143188,-0.243286,4.943848,-16.601563,1.098633,stair_down
3044327,0.289673,-1.10083,-0.226563,3.173829,-12.939457,-0.183106,stair_down
3044344,0.296143,-1.088623,-0.218506,3.173829,-11.474613,-1.586915,stair_down
3044360,0.311279,-1.087524,-0.21106,4.089355,-12.084965,-4.821777,stair_down
3044377,0.323364,-1.082886,-0.21875,5.065918,-15.808109,-7.385256,stair_down
3044394,0.325806,-1.076538,-0.222534,6.164553,-18.005371,-8.178711,stair_down
3044410,0.32373,-1.076538,-0.223389,7.141115,-23.559578,-7.934572,stair_down
3044427,0.302979,-1.074951,-0.206055,5.798342,-28.07618,-6.103518,stair_down
3044444,0.273193,-1.058838,-0.178833,2.441406,-25.573738,-3.723145,stair_down
3044460,0.261597,-1.049194,-0.171631,0.976563,-22.216805,-2.502441,stair_down
3044477,0.243652,-1.032837,-0.171265,-1.77002,-12.146,-0.244141,stair_down
3044494,0.254639,-1.001709,-0.181885,-4.02832,-1.403809,0.488281,stair_down
3044510,0.265503,-0.980103,-0.185669,-4.333496,2.807618,0.183106,stair_down
3044527,0.289429,-0.940552,-0.182373,-4.333496,7.934572,-0.488281,stair_down
3044544,0.298706,-0.904663,-0.177368,-5.615236,9.70459,-0.549316,stair_down
3044560,0.289307,-0.860474,-0.181519,-5.432129,11.169437,-1.525879,stair_down
3044577,0.285767,-0.842407,-0.183472,-4.760742,11.962894,-2.258301,stair_down
3044594,0.286865,-0.80957,-0.182861,-3.784181,13.183598,-3.356935,stair_down
3044610,0.28772,-0.776123,-0.177979,-2.441406,12.878422,-4.516602,stair_down
3044627,0.289429,-0.764282,-0.175659,-1.342773,12.146,-4.638672,stair_down
3044644,0.289185,-0.765015,-0.173096,1.159668,10.009766,-4.089355,stair_down
3044660,0.288452,-0.781128,-0.172241,2.502441,8.056641,-2.441406,stair_down
3044677,0.288696,-0.803223,-0.170044,3.295899,6.774904,0.12207,stair_down
3044694,0.291016,-0.814941,-0.167969,3.295899,6.469728,1.708985,stair_down
3044710,0.286743,-0.827026,-0.158325,1.159668,7.019045,5.310059,stair_down
3044727,0.280762,-0.808838,-0.161621,-1.525879,9.277344,8.239746,stair_down
3044744,0.280518,-0.799805,-0.166382,-1.89209,10.803223,8.911133,stair_down
3044760,0.282471,-0.796265,-0.171021,-3.112794,14.099125,9.094238,stair_down
3044777,0.285645,-0.793823,-0.181885,-5.187988,16.906738,8.300781,stair_down
3044794,0.289185,-0.791992,-0.189575,-6.164553,18.066406,7.507326,stair_down
3044810,0.296387,-0.802856,-0.201782,-7.751467,20.202637,6.164553,stair_down
3044827,0.298218,-0.830322,-0.209961,-9.643555,23.071297,5.065918,stair_down
3044844,0.303711,-0.864502,-0.237061,-11.413578,27.954109,3.112794,stair_down
3044861,0.309326,-0.88269,-0.252197,-12.26807,30.517586,2.075195,stair_down
3044877,0.32019,-0.91333,-0.275757,-14.953617,35.03418,0.305176,stair_down
3044894,0.335083,-0.925293,-0.270264,-18.005371,39.367676,-0.427246,stair_down
3044911,0.34314,-0.933472,-0.268677,-19.40918,41.07666,-0.549316,stair_down
3044927,0.345093,-0.940796,-0.268311,-22.705086,44.311539,-1.831055,stair_down
3044944,0.350464,-0.916138,-0.287354,-25.573738,46.93605,-3.051759,stair_down
3044961,0.36438,-0.874023,-0.298828,-27.404793,47.546402,-3.906251,stair_down
3044977,0.370483,-0.845337,-0.299683,-27.709969,46.875015,-4.516602,stair_down
3044994,0.386353,-0.786377,-0.300903,-26.245125,43.212891,-5.798342,stair_down
3045011,0.406128,-0.751343,-0.299072,-22.644051,36.987305,-6.95801,stair_down
3045027,0.415894,-0.743896,-0.302979,-20.019531,32.958984,-7.446291,stair_down
3045044,0.443726,-0.756226,-0.318481,-13.305668,23.498543,-8.056641,stair_down
3045061,0.461914,-0.802002,-0.32666,-8.789063,11.535648,-6.408693,stair_down
3045077,0.474365,-0.865356,-0.322632,-5.371094,-0.244141,-2.319336,stair_down
3045094,0.470093,-0.898438,-0.316528,-4.760742,-4.699707,-0.061035,stair_down
3045111,0.455322,-0.952759,-0.304199,-3.41797,-8.666992,3.41797,stair_down
3045127,0.449951,-1.028198,-0.314819,-0.366211,-8.056641,6.774904,stair_down
3045144,0.443359,-1.078247,-0.329102,0.549316,-6.347658,7.995607,stair_down
3045161,0.442505,-1.138428,-0.330811,-3.967286,-0.488281,7.873537,stair_down
3045177,0.436157,-1.107788,-0.303101,-8.483887,5.859377,6.530764,stair_down
3045194,0.416626,-1.127808,-0.267212,-5.859377,14.099125,3.54004,stair_down
3045211,0.424194,-1.161621,-0.260864,-4.699707,18.127441,2.197266,stair_down
3045227,0.458862,-1.217896,-0.285767,-4.943848,22.705086,1.403809,stair_down
3045244,0.458862,-1.204956,-0.320923,-7.446291,21.42334,1.098633,stair_down
3045261,0.448242,-1.159302,-0.324097,-9.277344,18.737793,0.183106,stair_down
3045277,0.429565,-1.022705,-0.308594,-9.82666,10.009766,-3.906251,stair_down
3045294,0.423584,-0.913574,-0.300293,-5.981447,-0.976563,-8.239746,stair_down
3045311,0.41394,-0.887329,-0.302124,-3.173829,-6.896975,-9.82666,stair_down
3045327,0.37207,-0.874023,-0.311646,2.197266,-17.76123,-12.26807,stair_down
3045344,0.327759,-0.880615,-0.324585,6.652834,-24.902351,-13.916019,stair_down
3045361,0.303223,-0.8927,-0.338867,9.70459,-31.005867,-13.977055,stair_down
3045377,0.289551,-0.89563,-0.342041,10.131836,-33.569336,-13.488773,stair_down
3045394,0.256226,-0.888916,-0.332031,9.460449,-35.705566,-11.779789,stair_down
3045411,0.219849,-0.870605,-0.30835,6.652834,-31.738289,-7.873537,stair_down
3045427,0.203613,-0.859497,-0.300903,5.249023,-27.587898,-5.920412,stair_down
3045444,0.175659,-0.842529,-0.297241,2.929688,-15.563969,-2.990724,stair_down
3045461,0.186279,-0.828369,-0.309082,2.624512,-2.990724,-0.854492,stair_down
3045478,0.230103,-0.814331,-0.316772,4.272461,2.746582,0.854492,stair_down
3045494,0.244751,-0.810547,-0.317627,5.554201,2.929688,2.13623,stair_down
3045511,0.26062,-0.810059,-0.31543,7.568361,0.0,6.103518,stair_down
3045528,0.268555,-0.802612,-0.326904,10.437012,-4.089355,9.643555,stair_down
3045544,0.267578,-0.801147,-0.33606,12.512211,-5.676271,10.559082,stair_down
3045561,0.268677,-0.807007,-0.34314,15.441898,-7.995607,11.596684,stair_down
3045578,0.261963,-0.797852,-0.341919,15.625004,-9.338379,12.084965,stair_down
3045594,0.266602,-0.773804,-0.338989,14.465336,-10.192871,11.535648,stair_down
3045611,0.27356,-0.760986,-0.337158,13.488773,-10.803223,10.681152,stair_down
3045628,0.278931,-0.735962,-0.334229,11.901859,-11.840824,8.117676,stair_down
3045644,0.271118,-0.719604,-0.339722,11.169437,-11.840824,4.150391,stair_down
3045661,0.269653,-0.713623,-0.345825,10.925293,-11.596684,2.13623,stair_down
3045678,0.269409,-0.714478,-0.362305,11.230473,-11.840824,-0.732422,stair_down
3045694,0.272217,-0.735718,-0.366333,11.413578,-11.535648,-2.380371,stair_down
3045711,0.276855,-0.744019,-0.360962,10.009766,-11.230473,-2.319336,stair_down
3045728,0.275513,-0.744873,-0.360229,9.765625,-11.169437,-2.075195,stair_down
3045744,0.281494,-0.755859,-0.365356,11.169437,-10.437012,-1.89209,stair_down
3045761,0.307739,-0.803955,-0.369873,14.526371,-10.375977,-2.13623,stair_down
3045778,0.315186,-0.839355,-0.369141,15.258793,-11.230473,-1.953125,stair_down
3045794,0.317017,-0.898193,-0.365601,11.962894,-12.634281,0.732422,stair_down
3045811,0.328491,-0.894653,-0.365112,5.737307,-13.610844,3.479005,stair_down
3045828,0.334961,-0.875366,-0.365112,3.845216,-14.709476,3.906251,stair_down
3045844,0.340088,-0.849609,-0.361084,3.967286,-16.418457,1.159668,stair_down
3045861,0.346436,-0.852173,-0.349609,4.821777,-17.028809,-3.051759,stair_down
3045878,0.353516,-0.856079,-0.341919,4.699707,-18.859863,-7.873537,stair_down
3045894,0.339355,-0.849243,-0.334839,4.333496,-18.127441,-10.803223,stair_down
3045911,0.332764,-0.823853,-0.309326,4.516602,-13.000492,-15.747074,stair_down
3045928,0.356567,-0.820557,-0.27356,9.460449,-8.972168,-21.850586,stair_down
3045944,0.375488,-0.842651,-0.259521,14.099125,-8.728027,-24.719246,stair_down
3045961,0.434082,-0.932373,-0.236694,24.16993,-15.380863,-30.578621,stair_down
3045978,0.46582,-1.027954,-0.223267,28.991707,-27.099617,-28.869637,stair_down
3045994,0.466797,-1.093994,-0.203369,29.296883,-38.391113,-24.475105,stair_down
3046011,0.467285,-1.104736,-0.187866,29.602058,-44.494644,-23.803719,stair_down
3046028,0.46228,-1.12439,-0.141357,31.98243,-54.199234,-21.850586,stair_down
3046045,0.453369,-1.185791,-0.09668,34.484863,-58.349625,-16.967773,stair_down
3046061,0.447754,-1.23291,-0.092773,34.790039,-57.983414,-13.305668,stair_down
3046078,0.442505,-1.334839,-0.117676,30.822762,-53.222672,-3.234864,stair_down
3046095,0.435547,-1.344238,-0.139893,22.644051,-47.546402,3.051759,stair_down
3046111,0.428589,-1.267456,-0.138306,15.197758,-42.114258,6.408693,stair_down
3046128,0.421265,-1.226318,-0.131348,10.437012,-39.428711,8.056641,stair_down
3046145,0.393677,-1.139404,-0.119995,-0.305176,-31.494148,9.216309,stair_down
3046161,0.349487,-1.023193,-0.136719,-6.835939,-21.54541,3.173829,stair_down
3046178,0.326172,-0.971069,-0.151245,-6.713869,-16.723633,-2.075195,stair_down
3046195,0.303101,-0.918335,-0.170044,-4.333496,-6.652834,-11.840824,stair_down
3046211,0.294067,-0.89917,-0.171875,-4.089355,2.319336,-17.883301,stair_down
3046228,0.282227,-0.851685,-0.172607,-6.042482,6.713869,-20.996094,stair_down
3046245,0.278442,-0.813843,-0.173828,-6.164553,7.019045,-22.338875,stair_down
3046261,0.266968,-0.736816,-0.176514,-2.868653,4.577637,-25.329597,stair_down
3046278,0.25415,-0.710815,-0.167603,0.183106,2.807618,-23.254402,stair_down
3046295,0.24707,-0.702026,-0.164551,0.305176,2.380371,-21.179199,stair_down
3046311,0.228638,-0.671631,-0.183838,1.220703,2.929688,-17.211914,stair_down
3046328,0.223145,-0.668091,-0.191528,3.601075,6.347658,-13.122562,stair_down
3046345,0.225708,-0.675781,-0.182861,3.54004,10.864258,-7.629396,stair_down
3046361,0.236328,-0.690186,-0.159546,0.854492,13.244633,-4.333496,stair_down
3046378,0.262451,-0.710327,-0.158569,-2.01416,19.592285,1.89209,stair_down
3046395,0.292236,-0.756104,-0.174438,-4.516602,26.855476,5.676271,stair_down
3046411,0.301025,-0.776367,-0.174561,-6.95801,30.517586,7.141115,stair_down
3046428,0.316772,-0.782227,-0.172607,-13.732914,38.452148,10.070801,stair_down
3046445,0.327148,-0.758057,-0.165649,-19.714355,45.532242,11.962894,stair_down
3046461,0.330322,-0.748901,-0.164673,-21.789551,49.072281,12.329105,stair_down
3046478,0.338135,-0.746582,-0.159424,-25.573738,56.3965,12.817387,stair_down
3046495,0.338501,-0.743286,-0.156616,-29.602058,64.147949,13.061527,stair_down
3046511,0.352051,-0.724976,-0.160034,-31.433113,71.777344,13.977055,stair_down
3046528,0.364746,-0.717407,-0.161987,-31.005867,74.951172,14.709476,stair_down
3046545,0.410767,-0.72168,-0.18103,-28.19825,77.270508,16.723633,stair_down
3046561,0.470337,-0.754028,-0.225342,-25.329597,73.730469,19.042969,stair_down
3046578,0.490723,-0.770142,-0.240845,-24.53614,70.068359,19.592285,stair_down
3046595,0.49646,-0.782471,-0.247192,-23.803719,60.180679,17.883301,stair_down
3046611,0.4729,-0.795044,-0.243896,-20.812988,51.391617,13.061527,stair_down
3046628,0.466919,-0.842773,-0.239624,-19.897461,47.058121,10.986328,stair_down
3046645,0.46875,-0.865845,-0.257202,-20.690918,45.898453,10.925293,stair_down
3046662,0.480835,-0.889648,-0.323486,-21.972656,42.053223,10.864258,stair_down
3046678,0.468384,-0.897583,-0.338867,-22.033691,33.752441,9.033203,stair_down
3046695,0.457397,-0.897705,-0.33252,-21.850586,29.418953,8.056641,stair_down
3046712,0.454956,-0.942261,-0.324829,-18.859863,22.949226,9.70459,stair_down
3046728,0.457153,-1.078369,-0.325928,-13.488773,20.019531,14.587406,stair_down
3046745,0.451904,-1.230103,-0.336914,-11.169437,18.127441,18.127441,stair_down
3046762,0.457275,-1.290283,-0.341309,-11.779789,16.052246,20.629883,stair_down
3046778,0.455322,-1.349854,-0.335815,-15.502934,12.26807,26.245125,stair_down
3046795,0.435913,-1.377686,-0.299316,-17.272949,12.756351,32.592773,stair_down
3046812,0.421021,-1.406494,-0.273682,-17.76123,15.258793,35.339355,stair_down
3046828,0.388794,-1.469971,-0.240601,-19.65332,24.719246,36.315918,stair_down
3046845,0.358765,-1.473022,-0.223022,-26.855476,40.100098,32.897949,stair_down
3046862,0.348633,-1.420776,-0.217285,-35.766602,57.189957,24.047859,stair_down
3046878,0.339478,-1.247681,-0.211182,-38.024902,64.331055,18.310547,stair_down
3046895,0.354248,-1.081665,-0.210449,-39.550781,69.641113,6.835939,stair_down
3046912,0.358765,-0.937622,-0.219849,-36.132813,64.880371,-2.258301,stair_down
3046928,0.364624,-0.887451,-0.223267,-31.677254,59.082047,-5.920412,stair_down
3046945,0.372681,-0.841553,-0.222046,-22.705086,42.236328,-10.070801,stair_down
3046962,0.346069,-0.808594,-0.214966,-17.822266,24.230965,-9.338379,stair_down
3046978,0.333252,-0.785889,-0.213745,-16.418457,16.479492,-7.446291,stair_down
3046995,0.289917,-0.746948,-0.217285,-13.854984,5.004883,-2.502441,stair_down
3047012,0.244995,-0.723511,-0.224365,-11.474613,0.549316,1.708985,stair_down
3047028,0.194092,-0.711792,-0.223145,-10.559082,2.502441,4.699707,stair_down
3047045,0.167725,-0.704712,-0.220215,-10.375977,6.530764,5.859377,stair_down
3047062,0.14502,-0.700806,-0.216187,-8.117676,18.981934,7.324221,stair_down
3047078,0.158569,-0.739014,-0.217285,-5.554201,31.616219,8.972168,stair_down
3047095,0.168213,-0.75354,-0.221558,-5.554201,36.865234,10.986328,stair_down
3047112,0.198364,-0.768433,-0.239014,-4.943848,43.579102,17.150879,stair_down
3047128,0.230225,-0.802734,-0.248047,-1.953125,45.349136,24.53614,stair_down
3047145,0.248047,-0.837646,-0.257935,0.915528,43.701172,31.066902,stair_down
3047162,0.26062,-0.851929,-0.266602,2.624512,42.358398,33.630371,stair_down
3047178,0.286377,-0.879639,-0.290894,6.225588,38.391113,37.475586,stair_down
3047195,0.304565,-0.893555,-0.322754,10.192871,31.98243,37.17041,stair_down
3047212,0.315063,-0.898682,-0.338257,12.207035,27.954109,36.010742,stair_down
3047229,0.329468,-0.921265,-0.359985,15.563969,18.188477,32.958984,stair_down
3047245,0.334717,-0.940552,-0.360596,15.502934,8.850098,28.686531,stair_down
3047262,0.333496,-0.941162,-0.341797,13.549809,0.732422,24.41407,stair_down
3047279,0.321533,-0.944458,-0.333374,12.207035,-1.586915,22.216805,stair_down
3047295,0.287842,-0.953735,-0.311646,8.544922,-0.915528,16.662598,stair_down
3047312,0.277344,-0.954712,-0.291016,6.530764,5.187988,11.840824,stair_down
3047329,0.284668,-0.976196,-0.283813,7.446291,8.544922,10.131836,stair_down
3047345,0.307129,-1.04248,-0.269897,7.995607,13.244633,8.483887,stair_down
3047362,0.321167,-1.081787,-0.269897,5.554201,14.709476,9.277344,stair_down
3047379,0.335449,-1.092285,-0.269409,0.427246,14.28223,12.878422,stair_down
3047395,0.334229,-1.08606,-0.264282,-2.380371,14.099125,14.343266,stair_down
3047412,0.306641,-1.053101,-0.235229,-9.887695,17.700195,15.502934,stair_down
3047429,0.267456,-0.974976,-0.204346,-16.784668,25.207527,10.192871,stair_down
3047445,0.262329,-0.922852,-0.19519,-18.310547,28.625496,5.554201,stair_down
3047462,0.270752,-0.858276,-0.194824,-16.418457,33.508301,-2.807618,stair_down
3047479,0.300171,-0.87085,-0.201172,-11.474613,32.226563,-8.056641,stair_down
3047512,0.321045,-0.963013,-0.201904,-7.690432,20.080566,-3.784181,stair_down
3047529,0.339844,-1.00769,-0.209473,-5.493164,8.361816,1.098633,stair_down
3047595,0.213867,-1.095337,-0.093384,-21.30127,10.009766,16.418457,stair_down
3047612,0.203979,-1.07251,-0.09314,-25.024422,19.714355,15.747074,stair_down
3047629,0.203125,-1.030396,-0.093994,-29.174812,41.381836,10.864258,stair_down
3047645,0.226196,-1.001709,-0.098389,-31.066902,59.936539,4.272461,stair_down
3047662,0.245239,-0.988403,-0.091309,-31.921394,70.19043,-2.258301,stair_down
3047679,0.250366,-0.981812,-0.086426,-32.714844,72.875977,-4.821777,stair_down
3047695,0.27417,-0.961304,-0.075562,-34.484863,74.645996,-8.239746,stair_down
3047712,0.278931,-0.926758,-0.06665,-35.095215,72.753906,-9.887695,stair_down
3047729,0.272339,-0.910034,-0.064087,-34.484863,71.472168,-10.559082,stair_down
3047745,0.260864,-0.883667,-0.063721,-32.226563,68.725586,-11.779789,stair_down
3047762,0.250366,-0.851685,-0.065186,-29.846199,65.979004,-11.535648,stair_down
3047779,0.251099,-0.820068,-0.067749,-27.282722,62.744156,-8.850098,stair_down
3047795,0.249756,-0.807251,-0.067505,-26.000984,61.035172,-6.835939,stair_down
3047812,0.24707,-0.784058,-0.065063,-24.16993,59.021011,-1.525879,stair_down
3047829,0.248657,-0.765503,-0.070679,-21.850586,59.570328,4.272461,stair_down
3047846,0.252197,-0.759521,-0.076172,-20.324707,60.363785,6.896975,stair_down
3047862,0.266113,-0.749634,-0.090454,-17.944336,61.767593,12.573246,stair_down
3047879,0.28125,-0.734741,-0.110962,-15.258793,63.171402,18.554688,stair_down
3047896,0.311401,-0.747192,-0.12915,-12.146,63.842789,24.597176,stair_down
3047912,0.328491,-0.759888,-0.133545,-11.474613,64.758301,27.404793,stair_down
3047929,0.348633,-0.785156,-0.132568,-12.329105,67.382813,31.860359,stair_down
3047946,0.357666,-0.793945,-0.140747,-15.747074,72.021484,33.752441,stair_down
3047962,0.365845,-0.79187,-0.151855,-17.211914,74.951172,33.996582,stair_down
3047979,0.392944,-0.789673,-0.168457,-20.080566,79.89502,32.958984,stair_down
3047996,0.418701,-0.784424,-0.184692,-23.376472,82.092285,32.165527,stair_down
3048012,0.423096,-0.778198,-0.183472,-25.024422,82.397461,32.287598,stair_down
3048029,0.419312,-0.768188,-0.177612,-28.381355,81.848145,32.714844,stair_down
3048046,0.428711,-0.761353,-0.201416,-31.98243,79.956055,32.592773,stair_down
3048062,0.433594,-0.755737,-0.227783,-34.423828,80.01709,33.14209,stair_down
3048079,0.437378,-0.755737,-0.232422,-35.03418,80.932617,33.691406,stair_down
3048096,0.440674,-0.763672,-0.239624,-35.461426,83.312988,34.057617,stair_down
3048112,0.445313,-0.775146,-0.248413,-35.461426,84.228516,33.38623,stair_down
3048129,0.452393,-0.782837,-0.253662,-34.851074,83.679199,32.592773,stair_down
3048146,0.469727,-0.809448,-0.253418,-33.447266,80.566406,30.822762,stair_down
3048162,0.484863,-0.853638,-0.252319,-33.691406,77.087402,29.602058,stair_down
3048179,0.494263,-0.879883,-0.255249,-35.766602,73.852539,28.808601,stair_down
3048196,0.493042,-0.882202,-0.257935,-36.376953,72.570801,28.07618,stair_down
3048212,0.488525,-0.901978,-0.266479,-34.667969,70.373535,25.695808,stair_down
3048229,0.478516,-0.956299,-0.248779,-32.287598,68.908691,23.681648,stair_down
3048246,0.478271,-0.985962,-0.234009,-30.33448,68.664551,23.132332,stair_down
3048262,0.483521,-1.068115,-0.219727,-24.353035,69.030762,23.498543,stair_down
3048279,0.498413,-1.177979,-0.245239,-19.470215,68.969727,25.451668,stair_down
3048296,0.506348,-1.243652,-0.292847,-17.150879,65.185547,25.634773,stair_down
3048312,0.500732,-1.25708,-0.292847,-16.662598,62.377945,25.939949,stair_down
3048329,0.47998,-1.234009,-0.279419,-19.287109,58.105484,25.329597,stair_down
3048346,0.453125,-1.161743,-0.331299,-18.005371,55.419937,19.714355,stair_down
3048362,0.446289,-1.133057,-0.359985,-15.563969,54.50441,15.075687,stair_down
3048379,0.444214,-1.078735,-0.399048,-10.314941,51.025406,5.065918,stair_down
3048396,0.437866,-1.015259,-0.42688,-5.249023,41.19873,-2.990724,stair_down
3048412,0.434692,-0.974243,-0.453247,-0.854492,24.108894,-7.141115,stair_down
3048429,0.439575,-0.961548,-0.463623,0.732422,13.244633,-7.507326,stair_down
3048446,0.427734,-0.940674,-0.46814,2.319336,-9.94873,-5.737307,stair_down
3048463,0.392212,-0.931519,-0.453979,1.708985,-29.846199,-2.258301,stair_down
3048479,0.363892,-0.925049,-0.440796,-0.244141,-36.682129,-0.671387,stair_down
3048496,0.293091,-0.893433,-0.419434,-5.126953,-42.114258,1.281738,stair_down
3048513,0.223022,-0.872681,-0.393677,-9.765625,-35.217285,1.464844,stair_down
3048529,0.197998,-0.868042,-0.377441,-12.084965,-27.709969,0.976563,stair_down
3048546,0.175171,-0.86377,-0.354004,-16.540527,-8.361816,-0.732422,stair_down
3048563,0.195435,-0.86792,-0.341187,-19.042969,9.765625,-2.441406,stair_down
3048579,0.233887,-0.876831,-0.321411,-20.263672,21.057129,-3.295899,stair_down
3048596,0.251099,-0.878418,-0.315186,-20.080566,23.803719,-3.784181,stair_down
3048613,0.285034,-0.883911,-0.306885,-18.371582,23.193367,-4.02832,stair_down
3048629,0.30481,-0.877075,-0.299805,-17.028809,16.296387,-3.112794,stair_down
3048646,0.306396,-0.863647,-0.297485,-16.235352,11.718754,-2.624512,stair_down
3048663,0.298584,-0.827026,-0.286255,-13.610844,2.197266,-2.685547,stair_down
3048679,0.285034,-0.798462,-0.27478,-9.765625,-6.225588,-3.66211,stair_down
3048696,0.261353,-0.786743,-0.268433,-6.042482,-11.474613,-5.310059,stair_down
3048713,0.249634,-0.782104,-0.270264,-4.882813,-12.695316,-5.981447,stair_down
3048729,0.233643,-0.759277,-0.278809,-3.356935,-14.16016,-7.263186,stair_down
3048746,0.220581,-0.725952,-0.282471,-1.89209,-14.892582,-8.422852,stair_down
3048763,0.217896,-0.710693,-0.281372,-1.037598,-15.136723,-8.911133,stair_down
3048779,0.212158,-0.683228,-0.277344,0.488281,-15.808109,-9.216309,stair_down
3048796,0.20166,-0.666992,-0.28186,2.990724,-15.869144,-8.972168,stair_down
3048813,0.199951,-0.679077,-0.288086,5.187988,-16.723633,-7.019045,stair_down
3048829,0.197388,-0.686646,-0.288696,6.286623,-17.272949,-6.042482,stair_down
3048846,0.193481,-0.715576,-0.286865,10.131836,-18.249512,-3.356935,stair_down
3048863,0.187134,-0.773438,-0.277466,13.977055,-17.883301,0.244141,stair_down
3048879,0.189819,-0.804932,-0.274536,15.380863,-17.272949,2.441406,stair_down
3048896,0.194336,-0.864746,-0.286499,15.136723,-15.380863,8.666992,stair_down
3048913,0.190186,-0.88501,-0.315918,13.061527,-13.549809,14.648441,stair_down
3048929,0.193115,-0.882813,-0.332153,11.474613,-10.803223,17.944336,stair_down
3048946,0.193481,-0.879761,-0.331665,10.986328,-9.277344,18.554688,stair_down
3048963,0.179688,-0.874146,-0.315918,9.643555,-4.211426,18.981934,stair_down
3048979,0.176025,-0.868164,-0.315674,8.666992,3.112794,17.883301,stair_down
3048996,0.177246,-0.870239,-0.31958,8.789063,7.08008,17.456055,stair_down
3049013,0.196899,-0.881836,-0.335938,9.155273,13.244633,15.93018,stair_down
3049030,0.229736,-0.88623,-0.357544,10.131836,13.427738,14.404301,stair_down
3049046,0.237793,-0.888916,-0.362793,10.314941,12.390141,13.610844,stair_down
3049063,0.25769,-0.879883,-0.361328,10.070801,8.239746,13.183598,stair_down
3049080,0.261719,-0.873657,-0.350098,10.742188,3.173829,12.878422,stair_down
3049096,0.263794,-0.891479,-0.342529,11.474613,0.549316,12.329105,stair_down
3049113,0.265503,-0.909058,-0.342285,11.352543,-0.244141,12.756351,stair_down
3049130,0.273071,-0.938965,-0.339355,9.338379,-1.098633,13.183598,stair_down
3049146,0.289307,-0.958618,-0.340332,9.033203,-3.051759,13.122562,stair_down
3049163,0.299194,-0.983398,-0.344727,9.70459,-4.638672,13.061527,stair_down
3049180,0.302856,-1.069092,-0.3479,9.521484,-7.263186,13.427738,stair_down
3049196,0.284668,-1.14502,-0.320679,5.249023,-5.004883,13.427738,stair_down
3049213,0.272583,-1.211792,-0.282959,3.356935,3.173829,13.610844,stair_down
3049230,0.278564,-1.265137,-0.276245,4.455566,8.666992,13.488773,stair_down
3049246,0.310303,-1.415283,-0.268433,2.502441,18.127441,14.099125,stair_down
3049263,0.305176,-1.45166,-0.256104,-10.437012,28.259285,12.084965,stair_down
3049280,0.302979,-1.401611,-0.244629,-17.39502,33.569336,11.108402,stair_down
3049296,0.305176,-1.268799,-0.203735,-26.367195,42.541504,8.605957,stair_down
3049313,0.310303,-1.17334,-0.17041,-29.785164,49.560562,3.234864,stair_down
3049330,0.302979,-1.113159,-0.178711,-30.395515,55.969254,-2.502441,stair_down
3049346,0.307373,-1.0896,-0.194336,-29.235847,57.312027,-6.225588,stair_down
3049363,0.309204,-1.051392,-0.219849,-24.658211,54.992691,-14.099125,stair_down
3049380,0.313354,-1.021118,-0.220581,-23.193367,49.865738,-17.150879,stair_down
3049396,0.312866,-0.994507,-0.21167,-24.230965,46.93605,-17.456055,stair_down
3049413,0.299072,-0.907715,-0.193115,-27.038582,39.978027,-18.066406,stair_down
3049430,0.266968,-0.794067,-0.190674,-24.780281,32.897949,-22.27784,stair_down
3049446,0.23877,-0.748657,-0.190063,-18.798828,31.921394,-23.132332,stair_down
3049463,0.22876,-0.748047,-0.187744,-16.723633,32.958984,-22.52198,stair_down
3049480,0.212769,-0.740845,-0.184204,-13.305668,35.766602,-21.728516,stair_down
3049496,0.211304,-0.741577,-0.189819,-9.765625,37.902832,-18.066406,stair_down
3049513,0.207886,-0.747192,-0.192749,-8.850098,39.367676,-15.197758,stair_down
3049530,0.214233,-0.748169,-0.193481,-7.385256,43.640137,-8.056641,stair_down
3049546,0.22937,-0.752075,-0.192139,-4.943848,47.180191,0.610352,stair_down
3049563,0.238281,-0.757813,-0.195435,-3.54004,50.781265,8.911133,stair_down
3049580,0.261108,-0.781494,-0.198853,0.488281,52.673355,12.26807,stair_down
3049596,0.279907,-0.825439,-0.201172,3.112794,58.044449,17.63916,stair_down
3049613,0.299561,-0.860107,-0.200928,2.868653,66.040039,21.972656,stair_down
3049630,0.311157,-0.869141,-0.202515,2.746582,69.885254,23.742683,stair_down
3049647,0.344849,-0.884888,-0.218262,3.41797,75.683594,26.245125,stair_down
3049663,0.388916,-0.907715,-0.245239,5.554201,75.439453,27.221687,stair_down
3049680,0.412476,-0.924072,-0.25415,6.286623,72.753906,27.709969,stair_down
3049697,0.453369,-0.943848,-0.264526,6.896975,62.805191,29.357918,stair_down
3049713,0.477051,-0.958862,-0.273071,6.652834,48.584,31.799324,stair_down
3049730,0.467285,-0.965942,-0.283813,4.943848,34.240723,34.606934,stair_down
3049747,0.451294,-0.96582,-0.290771,3.784181,28.44239,35.522461,stair_down
3049763,0.420532,-0.955322,-0.302979,1.037598,19.897461,36.315918,stair_down
3049780,0.386108,-0.950928,-0.311646,-1.831055,16.052246,36.743164,stair_down
3049797,0.374756,-0.959839,-0.317749,-2.990724,15.747074,36.92627,stair_down
3049813,0.364624,-1.014282,-0.343262,-3.967286,15.563969,35.949707,stair_down
3049830,0.340088,-1.131958,-0.338135,-6.530764,15.136723,34.667969,stair_down
3049847,0.309692,-1.223267,-0.341187,-15.441898,16.784668,32.714844,stair_down
3049863,0.279175,-1.242432,-0.325562,-23.010262,19.65332,31.005867,stair_down
3049880,0.208862,-1.158936,-0.264526,-41.625977,30.578621,26.245125,stair_down
3049897,0.144531,-1.071899,-0.210693,-47.424332,48.70607,22.460945,stair_down
3049913,0.115112,-1.086548,-0.182129,-47.668472,61.523453,19.470215,stair_down
3049930,0.118042,-1.152466,-0.143433,-52.368179,91.6138,14.465336,stair_down
3049947,0.159912,-1.13855,-0.142456,-59.753433,115.478546,12.329105,stair_down
3049963,0.196289,-1.056763,-0.156372,-65.185547,132.507324,12.573246,stair_down
3049980,0.230835,-1.001343,-0.16748,-66.162109,137.695313,13.000492,stair_down
3049997,0.312134,-0.898438,-0.196533,-63.781754,138.366699,14.099125,stair_down
3050013,0.360962,-0.845459,-0.185425,-57.861343,126.831085,14.465336,stair_down
3050030,0.366211,-0.820801,-0.167969,-56.152359,117.858917,15.014652,stair_down
3050047,0.367798,-0.752197,-0.152344,-53.588882,95.581085,18.249512,stair_down
3050063,0.364136,-0.703735,-0.157959,-45.654312,71.899414,22.52198,stair_down
3050080,0.365234,-0.705078,-0.157593,-35.888672,50.781265,26.367195,stair_down
3050097,0.358398,-0.745972,-0.165894,-30.456551,41.564941,27.526863,stair_down
3050113,0.330078,-0.831055,-0.182129,-22.216805,26.794441,28.44239,stair_down
3050130,0.289917,-0.884033,-0.188843,-19.40918,17.456055,29.418953,stair_down
3050147,0.268188,-0.887451,-0.19519,-18.371582,15.686039,29.785164,stair_down
3050163,0.233643,-0.88916,-0.213989,-14.16016,18.432617,29.663094,stair_down
3050180,0.225098,-0.910889,-0.244263,-6.896975,25.329597,26.672371,stair_down
3050197,0.224365,-0.923584,-0.258545,-4.02832,28.991707,24.353035,stair_down
3050214,0.234619,-0.908813,-0.290405,0.12207,34.790039,19.836426,stair_down
3050230,0.246704,-0.866577,-0.321899,2.990724,34.118652,17.089844,stair_down
3050247,0.255737,-0.806152,-0.353271,5.371094,26.367195,16.296387,stair_down
3050264,0.258789,-0.778809,-0.374878,7.873537,20.874023,16.479492,stair_down
3050280,0.256592,-0.758545,-0.404785,13.488773,7.446291,16.174316,stair_down
3050297,0.232422,-0.76001,-0.427124,17.822266,-5.249023,15.319828,stair_down
3050314,0.21228,-0.76355,-0.437866,19.65332,-10.009766,15.319828,stair_down
3050330,0.171387,-0.776123,-0.447632,21.789551,-13.793949,16.601563,stair_down
3050347,0.149292,-0.784668,-0.445923,22.827156,-11.413578,18.493652,stair_down
3050364,0.142578,-0.79834,-0.44165,23.742683,-4.821777,19.897461,stair_down
3050380,0.138306,-0.8125,-0.438843,23.681648,-0.976563,20.751953,stair_down
3050397,0.125366,-0.847168,-0.432007,21.911621,8.056641,21.42334,stair_down
3050414,0.13208,-0.872803,-0.425293,18.981934,17.700195,21.484375,stair_down
3050430,0.142944,-0.881958,-0.422974,17.272949,22.033691,21.42334,stair_down
3050447,0.174561,-0.890381,-0.425293,13.854984,28.19825,20.629883,stair_down
3050464,0.202271,-0.890137,-0.437134,11.901859,29.846199,18.615723,stair_down
3050480,0.220459,-0.895996,-0.445801,10.864258,28.07618,16.174316,stair_down
3050497,0.223633,-0.904297,-0.443604,9.887695,26.672371,15.258793,stair_down
3050514,0.224976,-0.906372,-0.430908,6.408693,24.16993,13.549809,stair_down
3050530,0.227661,-0.899414,-0.414673,3.967286,22.460945,12.02393,stair_down
3050547,0.22937,-0.901978,-0.407715,3.112794,21.728516,11.230473,stair_down
3050564,0.236938,-0.912109,-0.405396,2.319336,19.40918,8.911133,stair_down
3050580,0.248169,-0.933594,-0.403564,2.319336,17.089844,7.934572,stair_down
3050597,0.253418,-0.972412,-0.397827,3.356935,14.953617,7.385256,stair_down
3050614,0.253662,-0.993286,-0.393311,3.479005,13.854984,6.347658,stair_down
3050630,0.258423,-1.010742,-0.37915,2.380371,12.084965,3.295899,stair_down
3050647,0.264771,-1.006592,-0.362061,3.173829,9.82666,-0.732422,stair_down
3050664,0.27063,-1.018188,-0.354004,4.577637,8.300781,-2.380371,stair_down
3050680,0.288452,-1.070068,-0.333862,5.981447,4.577637,-4.394531,stair_down
3050697,0.310547,-1.123413,-0.310059,4.577637,-2.319336,-5.310059,stair_down
3050714,0.309326,-1.145996,-0.302368,3.845216,-6.164553,-5.126953,stair_down
3050730,0.296631,-1.169189,-0.290771,2.197266,-12.390141,-8.361816,stair_down
3050747,0.287354,-1.138428,-0.274414,-1.403809,-18.981934,-14.16016,stair_down
3050764,0.271973,-1.057495,-0.253784,-4.577637,-25.573738,-20.141602,stair_down
3050780,0.260376,-1.020264,-0.241211,-5.432129,-27.526863,-22.827156,stair_down
3050797,0.238281,-0.9646,-0.214355,-7.812502,-28.808601,-27.771004,stair_down
3050814,0.225586,-0.918945,-0.196777,-7.385256,-29.663094,-34.423828,stair_down
3050831,0.218994,-0.914063,-0.190552,-5.615236,-29.907234,-37.841797,stair_down
3050847,0.214722,-0.948242,-0.172974,-3.173829,-30.517586,-43.09082,stair_down
3050864,0.21582,-0.973267,-0.154175,-4.455566,-31.555183,-43.762207,stair_down
3050881,0.212646,-0.976196,-0.138916,-6.164553,-32.653809,-40.039063,stair_down
3050897,0.20874,-0.980225,-0.129761,-6.774904,-32.897949,-37.109375,stair_down
3050914,0.19812,-0.993408,-0.1073,-9.399414,-31.677254,-30.151375,stair_down
3050931,0.184082,-0.993652,-0.085327,-12.878422,-27.648933,-22.033691,stair_down
3050947,0.175903,-0.991455,-0.078979,-14.465336,-23.925789,-18.005371,stair_down
3050964,0.166016,-0.988403,-0.076538,-15.563969,-14.526371,-11.352543,stair_down
3050981,0.162109,-0.992065,-0.071167,-17.822266,-1.403809,-5.737307,stair_down
3050997,0.161255,-0.968506,-0.055908,-21.057129,14.221195,-2.258301,stair_down
3051014,0.164673,-0.946411,-0.047974,-22.094727,21.118164,-1.831055,stair_down
3051031,0.175659,-0.9021,-0.043823,-21.606445,32.897949,-2.929688,stair_down
3051047,0.189819,-0.885498,-0.050537,-18.066406,40.893555,-5.187988,stair_down
3051064,0.194702,-0.886841,-0.054443,-15.991215,43.273926,-6.530764,stair_down
3051081,0.209229,-0.877197,-0.06604,-12.695316,45.104996,-8.483887,stair_down
3051097,0.2323,-0.851685,-0.083496,-7.812502,41.625977,-7.995607,stair_down
3051114,0.254272,-0.832275,-0.107666,-0.976563,33.14209,-5.798342,stair_down
3051131,0.264038,-0.830078,-0.116333,2.624512,27.221687,-4.211426,stair_down
3051147,0.268188,-0.839844,-0.119019,8.117676,14.03809,0.793457,stair_down
3051164,0.247925,-0.842041,-0.120972,10.070801,4.699707,8.117676,stair_down
3051181,0.240601,-0.84021,-0.125122,10.925293,2.319336,11.535648,stair_down
3051197,0.231689,-0.842407,-0.139526,11.535648,-0.793457,18.005371,stair_down
3051214,0.214844,-0.825684,-0.156128,10.742188,0.0,21.789551,stair_down
3051231,0.213257,-0.814209,-0.161743,10.375977,1.708985,22.949226,stair_down
3051247,0.205688,-0.797363,-0.161133,8.483887,6.286623,24.658211,stair_down
3051264,0.208618,-0.77417,-0.165039,4.943848,12.695316,25.939949,stair_down
3051281,0.220337,-0.758667,-0.174805,2.563477,19.40918,26.367195,stair_down
3051297,0.223755,-0.76123,-0.17981,1.586915,22.705086,26.123055,stair_down
3051314,0.232422,-0.777466,-0.193359,-1.037598,28.808601,25.512703,stair_down
3051331,0.24646,-0.798218,-0.222046,-3.845216,33.508301,24.780281,stair_down
3051347,0.251221,-0.813599,-0.227051,-5.310059,35.644531,24.53614,stair_down
3051364,0.253052,-0.836426,-0.217041,-9.70459,40.527344,25.024422,stair_down
3051381,0.253418,-0.849854,-0.21521,-14.28223,46.569839,26.977547,stair_down
3051397,0.255371,-0.863403,-0.240967,-17.089844,53.283707,27.709969,stair_down
3051414,0.261353,-0.87561,-0.257202,-17.76123,56.335464,27.587898,stair_down
3051431,0.265991,-0.904175,-0.264526,-21.30127,61.889664,27.343758,stair_down
3051448,0.261475,-0.883789,-0.247192,-27.099617,68.969727,28.07618,stair_down
3051464,0.266968,-0.865723,-0.238525,-28.686531,73.059082,28.564461,stair_down
3051481,0.300659,-0.847168,-0.237183,-28.259285,80.26123,28.503426,stair_down
3051498,0.344849,-0.861206,-0.25647,-25.329597,83.557129,26.367195,stair_down
3051514,0.390869,-0.876831,-0.275635,-20.629883,80.322266,24.719246,stair_down
3051531,0.412354,-0.905396,-0.279297,-16.540527,75.927734,24.963387,stair_down
3051548,0.459351,-0.986328,-0.278198,-12.084965,63.049332,27.099617,stair_down
3051564,0.499268,-1.050415,-0.272339,-7.568361,44.372574,30.822762,stair_down
3051581,0.500366,-1.091431,-0.266113,-6.042482,34.240723,32.897949,stair_down
3051598,0.473022,-1.156494,-0.269897,-4.516602,18.310547,34.973145,stair_down
3051614,0.445313,-1.213257,-0.280151,-3.723145,8.789063,32.409668,stair_down
3051631,0.38147,-1.188721,-0.272461,-8.789063,9.643555,26.123055,stair_down
3051648,0.35498,-1.16333,-0.261597,-7.812502,14.28223,22.460945,stair_down
3051664,0.336548,-1.225708,-0.241821,-0.915528,28.137215,13.000492,stair_down
3051681,0.350586,-1.307373,-0.262939,-0.549316,40.95459,0.427246,stair_down
3051698,0.364624,-1.305542,-0.283203,-2.075195,44.433609,-5.859377,stair_down
3051714,0.375366,-1.211426,-0.314819,-4.089355,43.09082,-16.906738,stair_down
3051731,0.392578,-1.08606,-0.34021,-2.197266,32.958984,-27.343758,stair_down
3051748,0.408325,-1.034668,-0.34729,-0.244141,24.53614,-32.226563,stair_down
3051764,0.40564,-0.953003,-0.347656,2.441406,1.525879,-40.039063,stair_down
3051781,0.3479,-0.906128,-0.338379,2.502441,-19.53125,-41.320801,stair_down
3051798,0.294556,-0.860718,-0.338257,2.319336,-32.043457,-42.114258,stair_down
3051814,0.286255,-0.846558,-0.34082,4.211426,-37.29248,-42.663574,stair_down
3051831,0.256836,-0.866089,-0.341797,7.263186,-46.386734,-41.931152,stair_down
3051848,0.215576,-0.884033,-0.34082,6.347658,-50.72023,-39.0625,stair_down
3051864,0.201904,-0.884521,-0.342407,5.798342,-51.696793,-36.437988,stair_down
3051881,0.167358,-0.894287,-0.335815,3.967286,-50.170914,-29.541023,stair_down
3051898,0.139404,-0.890381,-0.319824,1.77002,-42.907715,-22.39991,stair_down
3051914,0.130493,-0.879517,-0.313354,2.502441,-31.98243,-16.540527,stair_down
3051931,0.136597,-0.879272,-0.317017,3.66211,-26.916512,-13.977055,stair_down
3051948,0.167847,-0.886108,-0.338013,7.812502,-20.996094,-9.338379,stair_down
3051964,0.208496,-0.908447,-0.352783,12.878422,-21.850586,-5.065918,stair_down
3051981,0.220581,-0.918823,-0.353394,14.099125,-24.292,-3.234864,stair_down
3051998,0.235352,-0.905762,-0.346191,15.380863,-32.470703,-0.305176,stair_down
3052015,0.234375,-0.877441,-0.329346,16.967773,-42.175293,1.831055,stair_down
3052031,0.220093,-0.869141,-0.310059,18.859863,-49.316422,3.173829,stair_down
3052048,0.209595,-0.868774,-0.302002,19.65332,-51.147476,2.929688,stair_down
3052065,0.199463,-0.87085,-0.298828,21.42334,-52.978531,1.464844,stair_down
3052081,0.192383,-0.884155,-0.296753,22.888191,-53.833023,0.305176,stair_down
3052098,0.186768,-0.889893,-0.291748,22.949226,-53.283707,0.12207,stair_down
3052115,0.178101,-0.89209,-0.280396,22.27784,-50.659195,0.427246,stair_down
3052131,0.166382,-0.88147,-0.269531,20.141602,-45.654312,0.549316,stair_down
3052148,0.157471,-0.83606,-0.256592,16.418457,-38.879395,-1.220703,stair_down
3052165,0.151733,-0.802734,-0.253662,14.648441,-35.15625,-2.624512,stair_down
3052181,0.141846,-0.737793,-0.252808,12.451176,-26.794441,-7.08008,stair_down
3052198,0.151978,-0.696655,-0.249634,10.559082,-19.348145,-10.681152,stair_down
3052215,0.154053,-0.684326,-0.248535,9.521484,-16.662598,-11.840824,stair_down
3052231,0.15918,-0.672974,-0.243408,7.385256,-12.634281,-13.061527,stair_down
3052248,0.168335,-0.674316,-0.235718,6.103518,-10.131836,-12.695316,stair_down
3052265,0.172485,-0.685913,-0.231079,6.469728,-9.521484,-10.681152,stair_down
3052281,0.184937,-0.738281,-0.229004,7.507326,-9.82666,-8.850098,stair_down
3052298,0.205078,-0.798828,-0.2323,8.850098,-12.26807,-4.638672,stair_down
3052315,0.208618,-0.867065,-0.230469,10.498047,-14.587406,1.159668,stair_down
3052331,0.203979,-0.90271,-0.228271,10.131836,-14.770512,4.02832,stair_down
3052348,0.201782,-0.946167,-0.236084,8.361816,-12.207035,8.544922,stair_down
3052365,0.198486,-0.950562,-0.242798,3.845216,-8.300781,10.070801,stair_down
3052381,0.200195,-0.92627,-0.24353,2.01416,-6.286623,9.033203,stair_down
3052398,0.198242,-0.885986,-0.242188,2.13623,-1.64795,5.310059,stair_down
3052415,0.200439,-0.882813,-0.242798,2.929688,3.112794,-0.12207,stair_down
3052431,0.231689,-0.88916,-0.250244,4.272461,3.234864,-4.02832,stair_down
3052448,0.24646,-0.895264,-0.262085,5.981447,0.305176,-6.286623,stair_down
3052465,0.275391,-0.930908,-0.287354,11.901859,-11.352543,-10.009766,stair_down
3052481,0.281494,-1.004639,-0.301636,16.601563,-26.672371,-8.239746,stair_down
3052498,0.271973,-1.042236,-0.298096,17.76123,-33.691406,-6.347658,stair_down
3052515,0.260498,-1.108276,-0.280396,20.141602,-44.616714,-0.732422,stair_down
3052531,0.244629,-1.202881,-0.268188,23.437508,-51.391617,7.263186,stair_down
3052548,0.228271,-1.302979,-0.268433,23.376472,-51.635757,14.892582,stair_down
3052565,0.224243,-1.338013,-0.271606,21.30127,-49.804703,18.188477,stair_down
3052581,0.222656,-1.345947,-0.275146,15.380863,-45.959488,21.54541,stair_down
3052598,0.213867,-1.327026,-0.268188,11.840824,-39.794922,20.874023,stair_down
3052615,0.214966,-1.33313,-0.254639,10.009766,-36.682129,19.775391,stair_down
3052632,0.194458,-1.338989,-0.212158,2.441406,-28.44239,16.357422,stair_down
3052648,0.172607,-1.289795,-0.186035,-5.615236,-17.578125,11.779789,stair_down
3052665,0.167236,-1.219727,-0.185181,-11.474613,-8.850098,5.004883,stair_down
3052682,0.164307,-1.183472,-0.187622,-14.03809,-3.54004,2.380371,stair_down
3052698,0.172485,-1.101196,-0.186401,-19.470215,8.789063,-0.244141,stair_down
3052715,0.181641,-1.011841,-0.181396,-23.071297,18.249512,-1.708985,stair_down
3052732,0.179321,-0.969971,-0.180054,-24.597176,22.705086,-2.502441,stair_down
3052748,0.184204,-0.889038,-0.179077,-25.390633,30.761726,-4.638672,stair_down
3052765,0.199097,-0.819214,-0.176514,-24.108894,36.254883,-6.896975,stair_down
3052782,0.204468,-0.790161,-0.175781,-21.66748,39.611816,-7.751467,stair_down
3052798,0.20874,-0.754639,-0.174072,-20.446777,41.015625,-7.629396,stair_down
3052815,0.219116,-0.732178,-0.164063,-19.226074,42.724609,-6.95801,stair_down
3052832,0.231201,-0.706543,-0.154663,-17.39502,41.503906,-5.676271,stair_down
3052848,0.23584,-0.699585,-0.151001,-16.235352,40.222168,-4.638672,stair_down
3052865,0.247559,-0.697998,-0.149536,-13.977055,36.254883,-1.831055,stair_down
3052882,0.25415,-0.703125,-0.143433,-12.02393,30.700691,0.915528,stair_down
3052898,0.254272,-0.706665,-0.139893,-11.230473,27.954109,2.624512,stair_down
3052915,0.256592,-0.722168,-0.137085,-10.070801,23.559578,6.591799,stair_down
3052932,0.255005,-0.740356,-0.140381,-9.82666,20.812988,10.437012,stair_down
3052948,0.239868,-0.750977,-0.134888,-10.925293,20.385742,12.512211,stair_down
3052965,0.231934,-0.744141,-0.126953,-12.02393,21.66748,12.817387,stair_down
3052982,0.224487,-0.727783,-0.100952,-12.756351,26.855476,13.549809,stair_down
3052998,0.234131,-0.75,-0.087524,-10.864258,33.874512,14.03809,stair_down
3053015,0.245117,-0.776611,-0.087891,-9.216309,36.804199,14.099125,stair_down
3053032,0.259766,-0.839722,-0.094727,-7.141115,41.015625,13.671879,stair_down
3053048,0.269531,-0.873291,-0.09375,-8.056641,43.09082,14.221195,stair_down
3053065,0.28479,-0.861694,-0.095215,-8.117676,43.518066,15.380863,stair_down
3053082,0.292358,-0.857788,-0.102173,-6.164553,43.395996,15.991215,stair_down
3053098,0.290161,-0.893921,-0.130981,-0.12207,43.640137,15.747074,stair_down
3053115,0.275024,-0.948486,-0.17395,3.173829,44.982925,13.549809,stair_down
3053132,0.27002,-0.951538,-0.192383,4.272461,46.142593,12.02393,stair_down
3053148,0.276123,-0.953735,-0.214722,7.019045,48.095718,10.009766,stair_down
3053165,0.288208,-0.968506,-0.235107,8.483887,49.072281,10.070801,stair_down
3053182,0.305176,-0.982422,-0.253784,10.559082,48.156754,11.718754,stair_down
3053198,0.314087,-0.99707,-0.263916,12.084965,46.752945,12.695316,stair_down
3053215,0.341675,-1.040405,-0.294189,17.456055,39.916992,14.648441,stair_down
3053232,0.376465,-1.144775,-0.33374,24.292,24.41407,18.188477,stair_down
3053249,0.382568,-1.202515,-0.35437,25.268562,15.075687,20.874023,stair_down
3053265,0.378296,-1.257324,-0.379639,21.728516,-0.854492,25.817879,stair_down
3053282,0.35437,-1.213379,-0.382935,15.197758,-12.084965,29.113777,stair_down
3053299,0.330444,-1.171387,-0.376099,14.465336,-17.39502,27.465828,stair_down
3053315,0.288818,-1.148193,-0.380493,17.089844,-17.76123,24.780281,stair_down
3053332,0.282104,-1.240601,-0.420898,22.033691,-16.418457,16.540527,stair_down
3053349,0.286255,-1.321411,-0.463013,19.775391,-17.456055,6.164553,stair_down
3053365,0.275391,-1.317261,-0.463257,14.099125,-18.554688,1.403809,stair_down
3053382,0.229492,-1.205688,-0.45105,2.197266,-19.165039,-6.408693,stair_down
3053399,0.221313,-1.09021,-0.413208,-5.432129,-17.822266,-13.122562,stair_down
3053415,0.224487,-1.047241,-0.390991,-8.850098,-17.39502,-15.93018,stair_down
3053432,0.213013,-0.975464,-0.36145,-15.380863,-15.014652,-19.165039,stair_down
3053449,0.191406,-0.925171,-0.351807,-19.836426,-11.291508,-21.057129,stair_down
3053465,0.178101,-0.890137,-0.336914,-21.972656,-6.652834,-22.827156,stair_down
3053482,0.179565,-0.877808,-0.330444,-22.216805,-4.577637,-23.132332,stair_down
3053499,0.194946,-0.871826,-0.318726,-22.094727,-0.793457,-23.498543,stair_down
3053515,0.216675,-0.883423,-0.304199,-21.66748,0.976563,-22.583015,stair_down
3053532,0.221924,-0.886108,-0.289185,-22.39991,1.037598,-21.850586,stair_down
3053549,0.227661,-0.873047,-0.263062,-22.155769,-0.488281,-19.65332,stair_down
3053565,0.235229,-0.871216,-0.243652,-19.897461,-3.41797,-18.066406,stair_down
3053582,0.246582,-0.881714,-0.238525,-16.540527,-7.507326,-16.540527,stair_down
3053599,0.25,-0.888794,-0.235718,-14.953617,-10.070801,-15.808109,stair_down
3053615,0.244019,-0.895996,-0.23291,-11.291508,-15.075687,-14.587406,stair_down
3053632,0.235352,-0.910278,-0.23291,-7.385256,-18.432617,-13.488773,stair_down
3053649,0.232544,-0.919678,-0.233276,-5.859377,-19.53125,-13.183598,stair_down
3053665,0.224731,-0.926025,-0.234131,-3.173829,-21.362305,-13.793949,stair_down
3053682,0.216187,-0.911133,-0.233154,-1.220703,-22.644051,-15.93018,stair_down
3053699,0.206421,-0.888306,-0.234131,0.183106,-23.315437,-18.066406,stair_down
3053715,0.199707,-0.876465,-0.234619,0.061035,-23.193367,-19.165039,stair_down
3053732,0.183472,-0.835327,-0.235962,-0.610352,-22.39991,-22.27784,stair_down
3053749,0.167114,-0.783691,-0.237305,0.12207,-20.507813,-26.30616,stair_down
3053765,0.161133,-0.765015,-0.238037,1.464844,-19.287109,-28.259285,stair_down
3053782,0.158203,-0.756592,-0.244873,5.310059,-17.089844,-31.066902,stair_down
3053799,0.158936,-0.765015,-0.254883,7.873537,-15.869144,-31.799324,stair_down
3053816,0.14978,-0.750366,-0.265625,8.300781,-15.625004,-30.33448,stair_down
3053832,0.143555,-0.726929,-0.268555,7.995607,-15.380863,-29.724129,stair_down
3053849,0.137573,-0.666748,-0.27124,8.178711,-14.709476,-28.930672,stair_down
3053866,0.128784,-0.61145,-0.263062,8.117676,-13.793949,-28.259285,stair_down
3053882,0.123169,-0.59021,-0.265015,9.033203,-13.122562,-27.709969,stair_down
3053899,0.122803,-0.592651,-0.267212,12.390141,-12.084965,-26.062019,stair_down
3053916,0.127197,-0.619507,-0.27356,14.648441,-12.451176,-21.728516,stair_down
3053932,0.130981,-0.639771,-0.28479,16.296387,-13.305668,-17.700195,stair_down
3053949,0.15686,-0.713257,-0.311523,20.812988,-16.479492,-7.263186,stair_down
3053966,0.190796,-0.816895,-0.322021,23.986824,-20.324707,3.601075,stair_down
3053982,0.197876,-0.900146,-0.317871,22.338875,-23.925789,13.061527,stair_down
3053999,0.192017,-0.918823,-0.323853,19.775391,-25.085457,16.601563,stair_down
3054016,0.177979,-0.909912,-0.34375,14.587406,-24.108894,20.751953,stair_down
3054032,0.200928,-0.912231,-0.349121,15.625004,-19.897461,20.690918,stair_down
3054049,0.21521,-0.950439,-0.342896,17.272949,-17.272949,20.996094,stair_down
3054066,0.231445,-1.070557,-0.323486,19.470215,-12.451176,21.179199,stair_down
3054082,0.259399,-1.179932,-0.317749,17.150879,-10.314941,20.263672,stair_down
3054099,0.293335,-1.234375,-0.333496,13.122562,-13.000492,18.615723,stair_down
3054116,0.312866,-1.249512,-0.338013,12.207035,-16.174316,18.737793,stair_down
3054132,0.340698,-1.276123,-0.315552,10.314941,-22.949226,20.202637,stair_down
3054149,0.351929,-1.296265,-0.266113,6.713869,-27.648933,24.292,stair_down
3054166,0.346191,-1.294556,-0.244873,5.126953,-28.686531,25.817879,stair_down
3054182,0.333252,-1.28894,-0.225342,4.760742,-26.42823,28.32032,stair_down
3054199,0.343872,-1.308105,-0.231201,3.845216,-20.935059,32.470703,stair_down
3054216,0.359131,-1.29541,-0.247192,0.366211,-17.211914,33.813477,stair_down
3054232,0.360352,-1.274902,-0.247803,-1.037598,-16.357422,32.653809,stair_down
3054249,0.348145,-1.226685,-0.224487,-5.981447,-13.366703,29.357918,stair_down
3054266,0.321533,-1.174438,-0.179077,-14.648441,-5.310059,26.000984,stair_down
3054282,0.306763,-1.142334,-0.156616,-19.40918,0.244141,23.254402,stair_down
3054299,0.277588,-1.05896,-0.129517,-25.451668,11.596684,13.427738,stair_down
3054316,0.252808,-0.991943,-0.124512,-27.343758,25.878914,2.197266,stair_down
3054332,0.239868,-0.94812,-0.117432,-28.32032,39.916992,-8.850098,stair_down
3054349,0.237427,-0.921509,-0.116577,-29.724129,45.471207,-13.671879,stair_down
3054366,0.243896,-0.845703,-0.127563,-29.174812,53.771988,-22.460945,stair_down
3054382,0.251221,-0.793335,-0.141479,-23.803719,58.227554,-29.052742,stair_down
3054399,0.258423,-0.782959,-0.145874,-20.629883,59.387222,-31.066902,stair_down
3054416,0.273193,-0.765747,-0.154419,-14.831547,58.166519,-33.38623,stair_down
3054433,0.283203,-0.743652,-0.154785,-8.056641,51.940933,-33.691406,stair_down
3054449,0.290283,-0.738647,-0.15271,-4.394531,47.119156,-32.348633,stair_down
3054466,0.298096,-0.741577,-0.154541,1.89209,35.095215,-27.404793,stair_down
3054483,0.296875,-0.756348,-0.1521,6.042482,21.972656,-18.920898,stair_down
3054499,0.279419,-0.767456,-0.158447,8.728027,11.047363,-8.483887,stair_down
3054516,0.267578,-0.772827,-0.167603,10.375977,7.08008,-3.173829,stair_down
3054533,0.259155,-0.791626,-0.179199,12.939457,2.685547,6.652834,stair_down
3054549,0.249512,-0.798584,-0.186401,12.756351,1.159668,14.892582,stair_down
3054566,0.23645,-0.790527,-0.188232,12.084965,1.037598,18.127441,stair_down
3054583,0.223145,-0.764893,-0.192139,10.803223,3.41797,22.27784,stair_down
3054599,0.218262,-0.753784,-0.195557,9.643555,7.507326,23.437508,stair_down
3054616,0.208862,-0.751343,-0.210449,7.690432,12.939457,22.27784,stair_down
3054633,0.20459,-0.752808,-0.216064,7.324221,16.052246,21.30127,stair_down
3054649,0.205688,-0.782715,-0.233276,7.324221,22.27784,19.165039,stair_down
3054666,0.21814,-0.845337,-0.248291,6.713869,28.503426,17.76123,stair_down
3054683,0.22583,-0.874512,-0.250854,5.249023,31.616219,17.76123,stair_down
3054699,0.240356,-0.91333,-0.26123,1.464844,36.376953,18.493652,stair_down
3054716,0.250854,-0.939819,-0.269531,-1.403809,39.794922,19.714355,stair_down
3054733,0.261108,-0.959961,-0.262207,-6.408693,43.579102,20.996094,stair_down
3054749,0.267334,-0.956055,-0.255615,-8.850098,45.471207,21.484375,stair_down
3054766,0.271362,-0.940796,-0.241333,-11.962894,48.767105,21.789551,stair_down
3054783,0.273315,-0.928955,-0.239624,-13.366703,52.001968,21.057129,stair_down
3054799,0.278442,-0.921021,-0.242676,-13.610844,53.710953,20.324707,stair_down
3054816,0.302368,-0.88501,-0.260254,-13.122562,54.809586,18.676758,stair_down
3054833,0.324707,-0.860107,-0.275513,-9.277344,50.59816,18.127441,stair_down
3054849,0.344971,-0.885986,-0.270264,-4.150391,43.701172,20.263672,stair_down
3054866,0.362671,-0.921021,-0.274536,-1.64795,38.818359,22.27784,stair_down
3054883,0.390015,-1.008667,-0.2854,1.464844,25.268562,26.30616,stair_down
3054899,0.378052,-1.059692,-0.283936,1.77002,11.413578,29.602058,stair_down
3054916,0.36792,-1.07373,-0.279663,1.89209,6.164553,31.127937,stair_down
3054933,0.361816,-1.109619,-0.280151,4.272461,-1.403809,33.447266,stair_down
3054949,0.344727,-1.197876,-0.309204,6.835939,-7.263186,31.860359,stair_down
3054966,0.331787,-1.220581,-0.321777,3.479005,-9.216309,29.113777,stair_down
3054983,0.29126,-1.148315,-0.309814,-4.394531,-7.873537,23.498543,stair_down
3055000,0.258057,-1.137329,-0.24939,-0.793457,1.037598,19.226074,stair_down
3055016,0.250732,-1.257568,-0.223999,0.366211,13.977055,12.451176,stair_down
3055033,0.264404,-1.288574,-0.24353,-1.708985,19.165039,7.507326,stair_down
3055050,0.302368,-1.268799,-0.301514,-4.272461,23.071297,-1.708985,stair_down
3055066,0.305786,-1.202393,-0.316528,-5.065918,18.798828,-9.460449,stair_down
3055083,0.313232,-1.159912,-0.310059,-5.676271,15.563969,-13.000492,stair_down
3055100,0.327271,-1.082397,-0.300171,-7.20215,6.408693,-17.089844,stair_down
3055116,0.301025,-1.022949,-0.304077,-8.911133,-3.967286,-19.042969,stair_down
3055133,0.25769,-0.969482,-0.3125,-8.422852,-9.521484,-23.742683,stair_down
3055150,0.248535,-0.949585,-0.319702,-7.446291,-11.230473,-25.878914,stair_down
3055166,0.244019,-0.929077,-0.33374,-4.577637,-15.136723,-29.479988,stair_down
3055183,0.240723,-0.911133,-0.342407,-3.479005,-20.507813,-31.372078,stair_down
3055200,0.233398,-0.901611,-0.343628,-3.112794,-23.315437,-31.738289,stair_down
3055216,0.215332,-0.894653,-0.333862,-2.868653,-27.832039,-30.883797,stair_down
3055233,0.194702,-0.89209,-0.314453,-5.187988,-28.991707,-28.259285,stair_down
3055250,0.174194,-0.862671,-0.299194,-7.446291,-25.756844,-25.512703,stair_down
3055266,0.169434,-0.846191,-0.294312,-7.568361,-23.193367,-24.230965,stair_down
3055283,0.179077,-0.829346,-0.291748,-5.676271,-19.287109,-21.789551,stair_down
3055300,0.196533,-0.833618,-0.295166,-2.807618,-18.859863,-19.65332,stair_down
3055316,0.203613,-0.841064,-0.299316,-1.464844,-19.714355,-18.188477,stair_down
3055333,0.21814,-0.851318,-0.296631,-0.366211,-23.498543,-15.563969,stair_down
3055350,0.217651,-0.828491,-0.286133,-0.12207,-28.747566,-13.854984,stair_down
3055366,0.209229,-0.798584,-0.272583,0.488281,-33.26416,-12.939457,stair_down
3055383,0.204102,-0.783691,-0.266968,0.427246,-35.095215,-13.000492,stair_down
3055400,0.189819,-0.747437,-0.26355,0.305176,-37.29248,-14.648441,stair_down
3055416,0.17688,-0.705811,-0.268555,0.488281,-38.452148,-18.249512,stair_down
3055434,0.169434,-0.690308,-0.268677,1.098633,-38.696289,-19.958496,stair_down
3055450,0.15686,-0.687866,-0.260376,2.502441,-37.780762,-21.972656,stair_down
3055466,0.148071,-0.707397,-0.249268,2.685547,-34.667969,-21.42334,stair_down
3055483,0.145752,-0.717896,-0.248047,3.051759,-17.150879,-19.40918,stair_down
3055500,0.144653,-0.744263,-0.247437,4.821777,-29.174812,-17.944336,stair_down
3055516,0.144653,-0.779907,-0.24292,7.690432,-25.024422,-13.854984,stair_down
3055533,0.161377,-0.824097,-0.239624,11.169437,-21.484375,-9.338379,stair_down
3055550,0.170288,-0.851563,-0.242065,12.207035,-19.226074,-6.530764,stair_down
3055566,0.174316,-0.893677,-0.242065,13.427738,-14.648441,-0.061035,stair_down
3055583,0.183716,-0.920776,-0.243408,13.244633,-10.559082,5.615236,stair_down
3055600,0.191162,-0.924927,-0.247437,13.000492,-8.850098,7.873537,stair_down
3055617,0.212524,-0.913574,-0.269653,13.305668,-8.239746,10.009766,stair_down
3055633,0.234131,-0.896729,-0.297363,15.808109,-11.657719,8.728027,stair_down
3055650,0.240356,-0.892212,-0.309937,18.737793,-17.883301,6.286623,stair_down
3055667,0.237915,-0.897827,-0.310791,19.042969,-21.484375,5.065918,stair_down
3055683,0.219238,-0.901611,-0.310669,16.601563,-28.015144,3.112794,stair_down
3055700,0.189575,-0.894287,-0.302368,14.221195,-31.677254,0.976563,stair_down
3055717,0.176147,-0.899048,-0.292969,13.427738,-31.494148,0.488281,stair_down
3055733,0.153687,-0.943237,-0.28125,13.977055,-26.794441,0.0,stair_down
3055750,0.142456,-1.022827,-0.278809,14.465336,-16.723633,-0.427246,stair_down
3055767,0.163696,-1.081421,-0.275757,12.390141,-6.103518,1.89209,stair_down
3055783,0.18396,-1.095825,-0.281006,11.596684,-2.990724,3.173829,stair_down
3055800,0.216064,-1.113403,-0.286377,10.559082,-0.061035,6.225588,stair_down
3055817,0.245972,-1.109009,-0.26416,7.995607,-0.244141,9.521484,stair_down
3055833,0.25769,-1.103271,-0.243408,8.117676,-1.586915,11.230473,stair_down
3055850,0.269165,-1.146729,-0.22644,13.916019,-5.798342,12.756351,stair_down
3055867,0.294434,-1.244873,-0.228638,17.700195,-11.840824,14.770512,stair_down
3055883,0.297363,-1.303589,-0.23645,17.089844,-19.53125,16.845703,stair_down
3055900,0.294067,-1.30835,-0.236816,16.479492,-23.315437,18.188477,stair_down
3055917,0.281006,-1.290771,-0.223633,12.26807,-28.869637,21.66748,stair_down
3055933,0.250732,-1.2323,-0.209839,6.225588,-28.869637,23.193367,stair_down
3055950,0.23291,-1.194824,-0.199585,3.112794,-26.000984,22.216805,stair_down
3055967,0.196533,-1.109863,-0.177612,-2.197266,-16.113281,16.418457,stair_down
3055983,0.16272,-1.022827,-0.171753,-5.737307,-0.732422,8.361816,stair_down
3056000,0.160278,-0.985596,-0.174316,-8.483887,15.319828,1.098633,stair_down
3056017,0.18689,-0.911743,-0.186279,-9.216309,21.54541,-2.441406,stair_down
3056033,0.209351,-0.855591,-0.197998,-7.873537,29.296883,-9.033203,stair_down
3056050,0.231567,-0.841797,-0.206177,-4.577637,30.33448,-13.793949,stair_down
3056067,0.240112,-0.842529,-0.204712,-4.089355,29.235847,-15.014652,stair_down
3056083,0.253418,-0.819824,-0.196167,-4.333496,24.597176,-15.136723,stair_down
3056100,0.257568,-0.793335,-0.190918,-2.868653,17.76123,-12.817387,stair_down
3056117,0.254517,-0.793701,-0.186646,-2.01416,14.343266,-11.230473,stair_down
3056133,0.24707,-0.798828,-0.18689,-0.610352,7.934572,-7.995607,stair_down
3056150,0.231567,-0.816895,-0.18042,0.793457,3.906251,-3.234864,stair_down
3056167,0.214111,-0.854858,-0.174561,1.098633,4.577637,4.02832,stair_down
3056183,0.210449,-0.874878,-0.174072,0.732422,6.95801,7.446291,stair_down
3056200,0.209595,-0.905884,-0.171997,0.793457,13.732914,11.718754,stair_down
3056217,0.217773,-0.926514,-0.162231,0.183106,20.629883,15.258793,stair_down
3056234,0.226807,-0.929321,-0.156982,-0.488281,23.620613,16.906738,stair_down
3056250,0.25,-0.920166,-0.153442,-2.441406,28.07618,19.226074,stair_down
3056267,0.261719,-0.899414,-0.15625,-3.723145,30.33448,18.920898,stair_down
3056284,0.2677,-0.873901,-0.170532,-4.638672,30.700691,15.563969,stair_down
3056300,0.267456,-0.86084,-0.179199,-5.187988,30.151375,13.183598,stair_down
3056317,0.259155,-0.832642,-0.182739,-6.835939,29.235847,7.751467,stair_down
3056334,0.245117,-0.781128,-0.175781,-10.192871,27.526863,1.342773,stair_down
3056350,0.244141,-0.747437,-0.170532,-11.230473,26.550301,-1.953125,stair_down
3056367,0.244263,-0.690552,-0.166626,-10.498047,23.803719,-8.056641,stair_down
3056384,0.240845,-0.681641,-0.178589,-6.530764,20.263672,-12.634281,stair_down
3056400,0.239868,-0.723877,-0.192505,-2.624512,15.747074,-14.28223,stair_down
3056417,0.239258,-0.750854,-0.193848,-1.586915,12.756351,-13.732914,stair_down
3056434,0.235229,-0.789551,-0.190918,-0.915528,6.835939,-9.521484,stair_down
3056450,0.226929,-0.833252,-0.18103,-1.64795,3.967286,-0.915528,stair_down
3056467,0.223999,-0.853027,-0.177856,-2.13623,4.638672,3.41797,stair_down
3056484,0.224976,-0.890381,-0.187012,-1.281738,9.094238,10.681152,stair_down
3056500,0.211426,-0.935547,-0.186279,-1.586915,14.16016,16.113281,stair_down
3056517,0.206665,-0.943359,-0.194824,-4.333496,20.935059,19.897461,stair_down
3056534,0.214355,-0.939453,-0.196411,-5.737307,24.353035,21.42334,stair_down
3056550,0.227783,-0.940186,-0.205444,-6.530764,31.066902,23.315437,stair_down
3056567,0.236694,-0.968872,-0.21521,-5.920412,37.719727,22.583015,stair_down
3056584,0.244995,-0.985352,-0.222778,-4.516602,40.161133,21.42334,stair_down
3056600,0.269531,-1.056641,-0.241577,0.793457,41.931152,19.104004,stair_down
3056617,0.304199,-1.136841,-0.263916,4.577637,40.039063,17.76123,stair_down
3056634,0.326538,-1.171509,-0.283447,6.042482,36.437988,17.456055,stair_down
3056650,0.348267,-1.206665,-0.327759,5.004883,25.756844,16.235352,stair_down
3056667,0.342407,-1.141235,-0.338013,1.831055,14.28223,13.122562,stair_down
3056684,0.323364,-1.100464,-0.313477,6.469728,3.906251,9.887695,stair_down
3056700,0.313721,-1.131104,-0.300537,9.82666,-0.610352,8.178711,stair_down
3056717,0.307617,-1.239502,-0.306885,14.587406,-7.690432,4.638672,stair_down
3056734,0.313721,-1.32019,-0.348877,14.770512,-14.831547,1.586915,stair_down
3056750,0.312256,-1.328125,-0.367676,12.329105,-19.042969,-0.305176,stair_down
3056767,0.285522,-1.255981,-0.395264,6.347658,-26.18409,-4.211426,stair_down
3056784,0.247192,-1.149536,-0.390869,1.098633,-29.052742,-8.422852,stair_down
3056801,0.218506,-1.072021,-0.362915,-5.310059,-28.137215,-12.146,stair_down
3056817,0.19458,-1.035889,-0.348022,-8.605957,-25.451668,-14.28223,stair_down
3056834,0.154907,-0.96582,-0.327271,-12.878422,-16.296387,-20.446777,stair_down
3056851,0.159912,-0.916016,-0.324951,-14.465336,-6.347658,-25.451668,stair_down
3056867,0.166992,-0.905029,-0.326782,-14.831547,-2.563477,-27.282722,stair_down
3056884,0.187622,-0.895264,-0.327637,-15.502934,1.281738,-30.273445,stair_down
3056901,0.199707,-0.890259,-0.316162,-16.601563,0.366211,-31.188972,stair_down
3056917,0.197998,-0.884277,-0.292969,-18.371582,-0.976563,-29.663094,stair_down
3056934,0.194702,-0.880615,-0.281616,-19.042969,-1.098633,-28.44239,stair_down
3056951,0.19165,-0.871826,-0.260864,-19.65332,-0.183106,-25.939949,stair_down
3056967,0.195435,-0.860474,-0.251831,-18.493652,1.342773,-23.559578,stair_down
3056984,0.200317,-0.858643,-0.250122,-17.272949,1.953125,-22.27784,stair_down
3057001,0.208618,-0.860352,-0.252319,-14.526371,2.502441,-19.592285,stair_down
3057017,0.217773,-0.865601,-0.254883,-11.230473,1.220703,-17.63916,stair_down
3057034,0.222778,-0.857788,-0.246216,-9.70459,-2.380371,-15.502934,stair_down
3057051,0.222046,-0.841797,-0.243164,-8.972168,-4.455566,-14.465336,stair_down
3057067,0.217407,-0.797119,-0.241333,-6.896975,-8.239746,-13.366703,stair_down
3057084,0.218994,-0.751831,-0.244141,-4.02832,-13.000492,-13.916019,stair_down
3057101,0.217651,-0.727295,-0.247803,-2.746582,-15.869144,-14.770512,stair_down
3057117,0.208618,-0.673828,-0.255005,0.366211,-21.972656,-16.784668,stair_down
3057134,0.19751,-0.642334,-0.261963,5.432129,-27.587898,-18.249512,stair_down
3057151,0.191895,-0.643188,-0.265015,8.117676,-29.785164,-18.371582,stair_down
3057167,0.176758,-0.662354,-0.272705,12.390141,-32.775879,-17.63916,stair_down
3057184,0.163818,-0.684204,-0.28418,16.357422,-34.057617,-15.380863,stair_down
3057201,0.162231,-0.728271,-0.293579,21.240234,-35.15625,-11.962894,stair_down
3057217,0.16748,-0.763184,-0.291138,22.644051,-35.583496,-8.728027,stair_down
3057234,0.173828,-0.835205,-0.283569,23.315437,-35.15625,-0.915528,stair_down
3057251,0.176636,-0.898438,-0.287964,23.010262,-33.874512,6.95801,stair_down
3057267,0.177734,-0.929443,-0.295044,22.338875,-32.836914,10.742188,stair_down
3057284,0.184814,-0.974121,-0.310303,20.202637,-31.188972,16.540527,stair_down
3057301,0.184082,-0.998169,-0.336426,17.39502,-28.686531,19.897461,stair_down
3057317,0.178833,-1.000488,-0.348755,14.709476,-24.963387,18.798828,stair_down
3057334,0.175415,-0.995239,-0.352905,13.061527,-22.644051,17.150879,stair_down
3057351,0.161011,-0.982544,-0.347412,12.26807,-18.188477,11.840824,stair_down
3057367,0.15564,-1.003052,-0.325928,11.535648,-14.099125,7.385256,stair_down
3057384,0.160034,-1.023438,-0.318604,10.925293,-12.329105,6.469728,stair_down
3057401,0.180054,-1.075317,-0.313477,10.192871,-10.986328,5.859377,stair_down
3057418,0.201538,-1.140015,-0.324951,10.742188,-12.207035,5.737307,stair_down
3057434,0.219604,-1.18396,-0.321167,9.033203,-14.648441,7.08008,stair_down
3057451,0.227173,-1.18335,-0.315063,7.812502,-16.784668,8.178711,stair_down
3057468,0.223267,-1.159424,-0.283936,7.812502,-19.104004,10.803223,stair_down
3057484,0.229126,-1.174072,-0.250977,10.131836,-18.798828,14.404301,stair_down
3057501,0.236206,-1.195801,-0.240601,10.681152,-18.310547,16.174316,stair_down
3057518,0.246216,-1.228027,-0.236572,9.033203,-17.211914,19.348145,stair_down
3057534,0.242432,-1.196655,-0.240356,5.615236,-16.418457,19.592285,stair_down
3057551,0.233398,-1.141479,-0.219238,2.502441,-13.793949,19.65332,stair_down
3057568,0.230835,-1.115112,-0.200562,0.0,-11.230473,19.836426,stair_down
3057584,0.233643,-1.050781,-0.174683,-4.577637,-5.737307,18.249512,stair_down
3057601,0.228394,-0.993042,-0.170166,-5.432129,-0.671387,13.488773,stair_down
3057618,0.224487,-0.977539,-0.17041,-4.943848,1.831055,10.925293,stair_down
3057634,0.218384,-0.963135,-0.166016,-4.882813,7.751467,7.08008,stair_down
3057651,0.218018,-0.94043,-0.160645,-6.591799,13.549809,4.211426,stair_down
3057668,0.222046,-0.921143,-0.161987,-7.263186,15.869144,2.990724,stair_down
3057684,0.234497,-0.884521,-0.165894,-7.385256,19.836426,1.342773,stair_down
3057701,0.235229,-0.849365,-0.173218,-7.568361,21.972656,-0.366211,stair_down
3057718,0.231323,-0.817993,-0.17688,-5.310059,23.071297,-3.295899,stair_down
3057734,0.229004,-0.813599,-0.1698,-4.333496,23.620613,-4.516602,stair_down
3057751,0.225098,-0.80542,-0.147461,-4.333496,24.963387,-6.408693,stair_down
3057768,0.223022,-0.786133,-0.134521,-4.577637,26.000984,-7.751467,stair_down
3057784,0.219727,-0.781128,-0.130981,-4.150391,26.672371,-8.300781,stair_down
3057801,0.221313,-0.784058,-0.125977,-3.295899,28.503426,-8.544922,stair_down
3057818,0.225708,-0.786987,-0.127563,-2.624512,29.907234,-8.239746,stair_down
3057834,0.229858,-0.785889,-0.129639,-1.953125,30.700691,-7.995607,stair_down
3057851,0.232544,-0.782349,-0.127808,-1.953125,30.639656,-7.995607,stair_down
3057868,0.232666,-0.763306,-0.120972,-2.13623,30.273445,-7.141115,stair_down
3057884,0.226685,-0.749756,-0.11731,-2.01416,30.151375,-5.737307,stair_down
3057901,0.225708,-0.750488,-0.11853,-1.89209,30.273445,-5.004883,stair_down
3057918,0.213745,-0.757568,-0.126953,-1.586915,31.799324,-4.333496,stair_down
3057934,0.206299,-0.768066,-0.132324,-1.708985,34.851074,-3.601075,stair_down
3057951,0.207397,-0.78125,-0.145386,-1.953125,38.330078,-1.342773,stair_down
3057968,0.210327,-0.79541,-0.153687,-1.708985,40.039063,0.305176,stair_down
3057985,0.224854,-0.834106,-0.152466,-1.64795,43.212891,3.601075,stair_down
3058001,0.234009,-0.87146,-0.151733,-1.586915,44.738785,7.019045,stair_down
3058018,0.236206,-0.887817,-0.157593,-1.464844,45.288101,8.911133,stair_down
3058035,0.24646,-0.931885,-0.185669,0.427246,45.776382,12.756351,stair_down
3058051,0.263672,-0.980957,-0.202148,1.281738,44.311539,16.357422,stair_down
3058068,0.269165,-1.014648,-0.202393,0.793457,41.137695,20.385742,stair_down
3058085,0.264038,-1.019531,-0.20752,-0.183106,40.100098,22.39991,stair_down
3058101,0.256958,-1.006348,-0.242065,-1.098633,39.306641,24.902351,stair_down
3058118,0.256592,-0.981201,-0.264526,-0.549316,39.367676,24.53614,stair_down
3058135,0.258667,-0.969116,-0.269165,0.12207,39.0625,24.16993,stair_down
3058151,0.263306,-0.987549,-0.27002,3.112794,37.902832,23.925789,stair_down
3058168,0.275879,-1.036377,-0.265503,5.737307,35.461426,23.803719,stair_down
3058185,0.289673,-1.069824,-0.271362,7.934572,32.714844,24.047859,stair_down
3058201,0.314331,-1.15271,-0.298706,10.803223,24.353035,25.146492,stair_down
3058218,0.318359,-1.210693,-0.326416,10.253906,14.709476,27.771004,stair_down
3058235,0.295532,-1.227661,-0.329224,6.103518,9.399414,30.578621,stair_down
3058251,0.278076,-1.218018,-0.318237,3.41797,9.460449,31.066902,stair_down
3058268,0.255371,-1.208374,-0.289185,2.380371,13.671879,29.479988,stair_down
3058285,0.250366,-1.278809,-0.274414,5.859377,20.690918,24.841316,stair_down
3058301,0.252686,-1.32959,-0.28125,5.310059,25.024422,21.850586,stair_down
3058318,0.270752,-1.362549,-0.306763,-1.525879,31.860359,14.465336,stair_down
3058335,0.282837,-1.255615,-0.317505,-9.58252,31.799324,4.699707,stair_down
3058351,0.275146,-1.103882,-0.303467,-14.831547,26.611336,-6.408693,stair_down
3058368,0.281128,-1.036377,-0.293823,-16.052246,22.949226,-11.474613,stair_down
3058385,0.287842,-0.956543,-0.285156,-16.540527,12.939457,-19.592285,stair_down
3058401,0.26062,-0.943604,-0.298218,-14.770512,4.02832,-27.099617,stair_down
3058418,0.246948,-0.954102,-0.299561,-14.709476,0.671387,-30.395515,stair_down
3058435,0.218872,-0.969849,-0.29187,-15.93018,-4.455566,-34.973145,stair_down
3058451,0.183472,-0.973267,-0.275879,-19.592285,-6.530764,-37.658691,stair_down
3058468,0.128784,-0.953613,-0.253784,-24.597176,-3.906251,-38.391113,stair_down
3058485,0.092285,-0.936646,-0.241333,-26.977547,-0.244141,-38.146973,stair_down
3058501,0.039673,-0.888306,-0.217407,-30.578621,10.864258,-36.193848,stair_down
3058518,0.016357,-0.853271,-0.20459,-30.151375,24.353035,-34.118652,stair_down
3058535,0.019165,-0.850586,-0.201904,-28.503426,31.555183,-32.897949,stair_down
3058551,0.042725,-0.865479,-0.205444,-24.475105,42.907715,-29.418953,stair_down
3058568,0.075684,-0.879639,-0.221191,-19.53125,47.729507,-23.986824,stair_down
3058585,0.123901,-0.890991,-0.240967,-13.488773,43.640137,-16.540527,stair_down
3058602,0.147705,-0.895874,-0.250122,-10.131836,37.902832,-12.084965,stair_down
3058618,0.172852,-0.907349,-0.26123,-3.967286,21.484375,-2.380371,stair_down
3058635,0.170044,-0.909302,-0.259277,1.098633,3.051759,6.042482,stair_down
3058652,0.164307,-0.907959,-0.262817,3.54004,-5.004883,9.216309,stair_down
3058668,0.158813,-0.909302,-0.276978,7.690432,-18.188477,14.465336,stair_down
3058685,0.137939,-0.918091,-0.279663,9.82666,-24.841316,17.822266,stair_down
3058702,0.123047,-0.924316,-0.280029,9.887695,-24.16993,20.263672,stair_down
3058718,0.087158,-0.929321,-0.278809,9.094238,-21.179199,20.568848,stair_down
3058735,0.063354,-0.924194,-0.282104,7.446291,-10.986328,19.65332,stair_down
3058752,0.061768,-0.914673,-0.2771,5.187988,2.990724,18.737793,stair_down
3058768,0.064819,-0.908447,-0.273926,3.906251,10.925293,18.554688,stair_down
3058785,0.085327,-0.900757,-0.274048,1.953125,26.42823,18.676758,stair_down
3058802,0.127686,-0.901978,-0.286255,-0.12207,37.353516,19.470215,stair_down
3058818,0.150024,-0.897827,-0.292603,-0.854492,40.588379,19.897461,stair_down
3058835,0.183228,-0.890015,-0.296265,-1.342773,44.006348,21.179199,stair_down
3058852,0.210205,-0.887695,-0.290771,-0.793457,43.823242,22.949226,stair_down
3058868,0.225708,-0.896851,-0.283691,0.183106,42.236328,25.146492,stair_down
3058885,0.233521,-0.904541,-0.28186,0.793457,41.259766,26.367195,stair_down
3058902,0.244873,-0.92981,-0.284668,3.234864,38.94043,28.625496,stair_down
3058918,0.253296,-0.963867,-0.27478,6.652834,36.743164,30.761726,stair_down
3058935,0.259277,-0.988159,-0.269531,9.094238,35.461426,32.226563,stair_down
3058952,0.279175,-1.055664,-0.266235,14.221195,32.592773,35.644531,stair_down
3058968,0.311646,-1.126587,-0.275146,18.859863,27.465828,38.757324,stair_down
3058985,0.342163,-1.178833,-0.285767,20.935059,17.272949,40.710449,stair_down
3059002,0.344238,-1.183594,-0.294189,19.775391,12.02393,41.564941,stair_down
3059018,0.338623,-1.129272,-0.311768,14.587406,2.502441,39.245605,stair_down
3059035,0.327026,-1.020996,-0.31189,8.300781,-6.95801,33.508301,stair_down
3059052,0.308838,-0.958374,-0.307007,5.676271,-9.82666,29.113777,stair_down
3059068,0.278687,-0.850586,-0.285278,4.272461,-14.831547,17.089844,stair_down
3059085,0.252686,-0.814575,-0.256958,6.347658,-21.972656,2.746582,stair_down
3059102,0.248169,-0.858276,-0.237793,9.094238,-27.954109,-10.681152,stair_down
3059118,0.243408,-0.900635,-0.231201,8.605957,-29.357918,-16.113281,stair_down
3059135,0.235352,-0.982544,-0.215088,5.859377,-31.188972,-23.193367,stair_down
3059152,0.203247,-1.07312,-0.181396,0.488281,-30.456551,-25.573738,stair_down
3059168,0.180054,-1.119019,-0.156006,-5.432129,-26.611336,-24.658211,stair_down
3059185,0.137573,-1.138672,-0.112915,-22.338875,-11.474613,-22.583015,stair_down
3059202,0.110596,-1.074341,-0.076904,-34.179688,10.803223,-22.644051,stair_down
3059219,0.100098,-1.05249,-0.055664,-39.550781,39.245605,-24.597176,stair_down
3059235,0.094238,-1.042847,-0.010254,-42.358398,54.809586,-26.245125,stair_down
3059252,0.118652,-1.016113,0.013184,-49.011246,83.862305,-29.418953,stair_down
3059269,0.155762,-0.955811,0.012329,-52.307144,106.323273,-32.714844,stair_down
3059285,0.179199,-0.92688,0.006348,-51.757828,113.952667,-34.606934,stair_down
3059302,0.229248,-0.892822,-0.005859,-47.790543,121.032745,-38.330078,stair_down
3059319,0.267822,-0.880981,-0.010498,-42.236328,117.980988,-40.710449,stair_down
3059335,0.284424,-0.874756,-0.012085,-39.367676,112.976105,-41.137695,stair_down
3059352,0.307495,-0.855347,-0.021606,-32.531738,97.473175,-39.550781,stair_down
3059369,0.318726,-0.84314,-0.044189,-23.681648,77.575684,-35.583496,stair_down
3059385,0.322144,-0.86377,-0.064575,-14.526371,55.847183,-29.235847,stair_down
3059402,0.314331,-0.874023,-0.067017,-11.718754,45.166031,-25.329597,stair_down
3059419,0.284912,-0.87439,-0.072266,-7.568361,27.771004,-15.869144,stair_down
3059435,0.262817,-0.869995,-0.077637,-2.990724,14.648441,-4.760742,stair_down
3059452,0.248779,-0.87439,-0.080444,-0.793457,10.192871,0.854492,stair_down
3059469,0.231934,-0.882202,-0.102295,3.601075,5.676271,11.474613,stair_down
3059485,0.223145,-0.910889,-0.131958,8.483887,5.004883,20.751953,stair_down
3059502,0.203247,-0.940308,-0.148071,10.375977,7.20215,29.479988,stair_down
3059519,0.196777,-0.94397,-0.149048,10.375977,9.82666,33.26416,stair_down
3059535,0.193115,-0.937866,-0.156494,10.681152,17.028809,40.100098,stair_down
3059552,0.194824,-0.944336,-0.166138,11.352543,26.794441,45.349136,stair_down
3059569,0.200928,-0.949707,-0.17334,11.718754,31.921394,47.241226,stair_down
3059585,0.21814,-0.965698,-0.193726,12.084965,41.442871,50.109879,stair_down
3059602,0.25061,-0.992798,-0.201538,12.390141,48.156754,52.429214,stair_down
3059619,0.276978,-1.019775,-0.198608,10.070801,51.269547,55.053726,stair_down
3059635,0.290161,-1.0271,-0.198975,8.850098,51.513687,56.152359,stair_down
3059652,0.311523,-1.045044,-0.196899,6.713869,50.537125,57.678238,stair_down
3059669,0.327637,-1.049683,-0.198853,3.479005,48.217789,58.227554,stair_down
3059685,0.332275,-1.046387,-0.202759,2.01416,46.93605,58.227554,stair_down
3059702,0.331787,-1.047607,-0.20813,-0.610352,45.288101,57.495132,stair_down
3059719,0.32605,-1.052856,-0.195923,-3.112794,45.410172,55.725113,stair_down
3059735,0.323486,-1.062134,-0.17395,-4.516602,47.668472,53.649918,stair_down
3059752,0.322021,-1.102539,-0.170898,-5.676271,49.438492,52.368179,stair_down
3059769,0.315674,-1.128174,-0.164551,-9.643555,54.077164,48.645035,stair_down
3059786,0.315186,-1.124512,-0.152588,-12.207035,59.875504,44.67775,stair_down
3059802,0.316895,-1.129395,-0.147583,-13.183598,62.805191,42.419434,stair_down
3059819,0.312744,-1.128418,-0.146729,-17.76123,68.847656,36.499023,stair_down
3059836,0.297729,-1.081421,-0.146362,-23.498543,74.707031,29.479988,stair_down
3059852,0.282227,-1.047485,-0.146362,-26.062019,77.758789,25.634773,stair_down
3059869,0.263306,-0.978638,-0.13501,-30.700691,84.16748,17.028809,stair_down
3059886,0.276123,-0.899658,-0.136841,-32.592773,89.59964,8.117676,stair_down
3059902,0.282471,-0.873169,-0.153931,-30.395515,91.064484,-0.244141,stair_down
3059919,0.29248,-0.877441,-0.165405,-29.052742,89.59964,-4.02832,stair_down
3059936,0.307129,-0.893555,-0.183472,-29.296883,81.054688,-10.742188,stair_down
3059952,0.2948,-0.860596,-0.1875,-31.616219,68.237305,-15.197758,stair_down
3059969,0.276855,-0.846069,-0.179443,-31.860359,62.683121,-16.357422,stair_down
3059986,0.22998,-0.849609,-0.183228,-32.226563,54.50441,-18.066406,stair_down
3060002,0.189575,-0.858154,-0.216309,-31.860359,49.255386,-19.714355,stair_down
3060019,0.16687,-0.890991,-0.234009,-30.151375,46.569839,-19.53125,stair_down
3060036,0.161133,-0.91394,-0.230347,-29.968269,46.447769,-18.798828,stair_down
3060052,0.155396,-0.956787,-0.219727,-29.846199,48.584,-16.906738,stair_down
3060069,0.158325,-0.98938,-0.227051,-28.869637,52.429214,-15.747074,stair_down
3060086,0.159912,-1.000732,-0.240234,-28.07618,54.199234,-14.953617,stair_down
3060102,0.178101,-1.009521,-0.278198,-26.367195,54.870621,-13.549809,stair_down
3060119,0.196899,-0.983032,-0.300293,-23.986824,50.781265,-13.061527,stair_down
3060136,0.217651,-0.921143,-0.304688,-20.141602,41.503906,-12.573246,stair_down
3060152,0.222046,-0.896118,-0.310547,-17.700195,35.583496,-11.718754,stair_down
3060169,0.217041,-0.86731,-0.332275,-12.817387,24.41407,-8.972168,stair_down
3060186,0.2052,-0.842651,-0.357056,-9.887695,13.488773,-6.225588,stair_down
3060202,0.195679,-0.821899,-0.367065,-8.605957,8.178711,-5.126953,stair_down
3060219,0.175415,-0.78125,-0.374756,-4.638672,0.061035,-2.868653,stair_down
3060236,0.158813,-0.776855,-0.368896,-0.488281,-4.150391,0.488281,stair_down
3060252,0.144409,-0.790283,-0.356812,1.464844,-3.784181,4.394531,stair_down
3060269,0.135498,-0.797241,-0.356689,1.586915,-1.708985,6.469728,stair_down
3060286,0.12561,-0.814087,-0.356201,2.075195,5.493164,10.253906,stair_down
3060302,0.158569,-0.822632,-0.34375,0.366211,10.375977,12.817387,stair_down
3060319,0.154175,-0.815796,-0.346436,-0.549316,12.878422,13.916019,stair_down
3060336,0.174194,-0.807129,-0.34021,-1.586915,18.981934,14.03809,stair_down
3060352,0.195313,-0.787964,-0.330811,-3.356935,22.644051,13.427738,stair_down
3060369,0.20105,-0.774902,-0.329712,-3.601075,23.681648,12.329105,stair_down
3060386,0.212646,-0.752686,-0.330322,-2.929688,24.53614,8.666992,stair_down
3060403,0.226318,-0.731445,-0.328857,-2.502441,23.620613,5.859377,stair_down
3060419,0.237915,-0.700562,-0.328857,-1.953125,20.080566,4.333496,stair_down
3060436,0.243408,-0.68689,-0.326294,-0.976563,17.578125,3.845216,stair_down
3060453,0.249878,-0.6875,-0.313354,2.075195,12.573246,4.211426,stair_down
3060469,0.254272,-0.717163,-0.304932,5.065918,7.995607,5.737307,stair_down
3060486,0.254883,-0.735229,-0.302979,6.286623,6.042482,6.530764,stair_down
3060503,0.250977,-0.768799,-0.303955,8.789063,2.258301,8.666992,stair_down
3060519,0.257202,-0.812988,-0.311768,10.742188,-0.427246,11.596684,stair_down
3060536,0.256104,-0.852417,-0.306763,9.399414,-1.586915,14.831547,stair_down
3060553,0.254639,-0.861572,-0.302002,8.056641,-1.464844,16.235352,stair_down
3060569,0.258789,-0.876099,-0.311401,7.019045,-1.342773,17.578125,stair_down
3060586,0.260254,-0.909424,-0.340698,6.652834,-1.64795,16.113281,stair_down
3060603,0.258301,-0.922119,-0.351563,5.493164,-2.01416,14.221195,stair_down
3060619,0.248901,-0.921387,-0.350952,1.403809,-2.685547,9.521484,stair_down
3060636,0.235352,-0.90625,-0.340088,-3.54004,-1.89209,5.065918,stair_down
3060653,0.216797,-0.912964,-0.323608,-5.187988,0.061035,-0.488281,stair_down
3060669,0.215942,-0.934937,-0.313354,-6.042482,1.159668,-3.234864,stair_down
3060686,0.225464,-0.994507,-0.307495,-7.446291,2.075195,-7.324221,stair_down
3060703,0.226685,-1.066528,-0.305298,-8.666992,2.746582,-9.643555,stair_down
3060719,0.221069,-1.098999,-0.296997,-10.009766,4.02832,-9.765625,stair_down
3060736,0.215698,-1.133179,-0.295044,-13.061527,8.056641,-9.277344,stair_down
3060753,0.218262,-1.127197,-0.292114,-16.662598,12.512211,-9.70459,stair_down
3060769,0.234253,-1.101563,-0.273071,-16.235352,15.136723,-10.375977,stair_down
3060786,0.244019,-1.107666,-0.255859,-14.404301,15.380863,-9.765625,stair_down
3060803,0.262695,-1.190918,-0.227051,-8.117676,16.296387,-6.652834,stair_down
3060819,0.290039,-1.33313,-0.22522,-2.13623,13.854984,-3.051759,stair_down
3060836,0.300781,-1.397705,-0.232056,-1.831055,10.803223,-0.610352,stair_down
3060853,0.302124,-1.441406,-0.238525,-9.70459,5.981447,6.042482,stair_down
3060869,0.274048,-1.298096,-0.226685,-21.30127,6.042482,11.108402,stair_down
3060886,0.265137,-1.210571,-0.209595,-23.803719,7.141115,11.901859,stair_down
3060903,0.243408,-1.099854,-0.181152,-27.771004,13.549809,12.939457,stair_down
3060919,0.225708,-1.015991,-0.18396,-28.808601,23.498543,8.544922,stair_down
3060936,0.222778,-0.962036,-0.212891,-22.460945,28.503426,0.0,stair_down
3060953,0.219116,-0.960815,-0.227539,-18.859863,30.700691,-4.150391,stair_down
3060970,0.231567,-0.959717,-0.242676,-16.479492,34.240723,-9.765625,stair_down
3060986,0.251343,-0.903442,-0.24353,-17.272949,31.494148,-12.695316,stair_down
3061003,0.252441,-0.868042,-0.237793,-17.700195,29.052742,-12.329105,stair_down
3061020,0.242065,-0.796021,-0.224976,-18.981934,24.353035,-10.742188,stair_down
3061036,0.228271,-0.718384,-0.220947,-15.808109,20.019531,-10.803223,stair_down
3061053,0.207642,-0.699097,-0.220337,-13.122562,19.958496,-6.896975,stair_down
3061070,0.202881,-0.69043,-0.223999,-12.634281,20.385742,-5.065918,stair_down
3061086,0.211792,-0.674927,-0.230713,-10.803223,21.118164,-1.281738,stair_down
3061103,0.227295,-0.683228,-0.224731,-9.94873,21.789551,5.065918,stair_down
3061120,0.231689,-0.692871,-0.221436,-10.131836,23.132332,8.911133,stair_down
3061136,0.236816,-0.71582,-0.219238,-10.559082,28.686531,15.319828,stair_down
3061153,0.256104,-0.735229,-0.217896,-11.413578,35.400391,19.348145,stair_down
3061170,0.279663,-0.73645,-0.209717,-14.404301,44.494644,20.751953,stair_down
3061186,0.292358,-0.730103,-0.205811,-15.747074,50.781265,19.775391,stair_down
3061203,0.3125,-0.728516,-0.194092,-17.456055,63.598648,14.770512,stair_down
3061220,0.321167,-0.739746,-0.182007,-19.104004,75.378418,8.666992,stair_down
3061236,0.328247,-0.75,-0.18335,-19.836426,80.993652,6.042482,stair_down
3061253,0.36084,-0.772705,-0.193237,-21.179199,89.538605,1.098633,stair_down
3061270,0.418701,-0.7948,-0.195435,-20.568848,93.62796,-2.01416,stair_down
3061286,0.467773,-0.816162,-0.199097,-20.812988,90.881378,-2.075195,stair_down
3061303,0.482788,-0.812256,-0.199829,-21.728516,86.975098,-1.464844,stair_down
3061320,0.497314,-0.764893,-0.198608,-22.39991,74.829102,0.671387,stair_down
3061336,0.494263,-0.731201,-0.201782,-19.40918,60.363785,3.784181,stair_down
3061353,0.489624,-0.731445,-0.209106,-17.700195,53.588882,5.554201,stair_down
3061370,0.484009,-0.755249,-0.236084,-12.451176,41.19873,9.216309,stair_down
3061386,0.470337,-0.828857,-0.256714,-5.432129,29.296883,12.451176,stair_down
3061403,0.467407,-0.86377,-0.256714,-3.112794,24.41407,30.09034,stair_down
3061420,0.470459,-0.930664,-0.247437,2.746582,15.808109,20.812988,stair_down
3061436,0.46582,-1.027832,-0.265137,9.216309,9.277344,29.113777,stair_down
3061453,0.481079,-1.145508,-0.33374,16.357422,2.563477,34.912109,stair_down
3061470,0.488892,-1.204224,-0.369629,18.981934,-1.464844,36.682129,stair_down
3061486,0.47168,-1.279907,-0.428955,20.263672,-8.972168,38.269043,stair_down
3061503,0.397461,-1.294189,-0.436157,20.812988,-9.887695,35.03418,stair_down
3061520,0.369141,-1.30542,-0.429688,20.324707,-6.774904,31.311043,stair_down
3061536,0.333618,-1.326294,-0.456055,19.836426,3.601075,20.690918,stair_down
3061553,0.332031,-1.316772,-0.521851,15.319828,13.244633,8.239746,stair_down
3061570,0.317139,-1.229248,-0.553955,5.859377,14.221195,-1.342773,stair_down
3061587,0.298218,-1.150879,-0.555908,1.586915,13.488773,-7.08008,stair_down
3061603,0.299927,-0.991211,-0.52832,-2.990724,7.385256,-16.601563,stair_down
3061620,0.302124,-0.8927,-0.489258,-5.920412,-2.807618,-20.629883,stair_down
3061637,0.291382,-0.871582,-0.471191,-7.20215,-7.446291,-20.874023,stair_down
3061653,0.255493,-0.861084,-0.437988,-12.329105,-12.634281,-18.371582,stair_down
3061670,0.221069,-0.837158,-0.421753,-16.601563,-12.084965,-15.747074,stair_down
3061687,0.20105,-0.825317,-0.416382,-17.76123,-8.605957,-11.596684,stair_down
3061703,0.196411,-0.826538,-0.411133,-18.432617,-6.408693,-9.460449,stair_down
3061720,0.197632,-0.817871,-0.390015,-20.751953,-0.854492,-4.699707,stair_down
3061737,0.199951,-0.792969,-0.353394,-21.850586,4.943848,-0.305176,stair_down
3061753,0.203857,-0.780151,-0.334717,-21.42334,7.690432,1.342773,stair_down
3061770,0.222534,-0.762451,-0.310913,-18.554688,11.352543,3.601075,stair_down
3061787,0.263428,-0.767212,-0.307861,-13.122562,9.643555,5.310059,stair_down
3061803,0.293579,-0.798462,-0.310791,-6.713869,1.77002,7.141115,stair_down
3061820,0.298096,-0.814209,-0.310181,-4.150391,-3.41797,7.995607,stair_down
3061837,0.294312,-0.841797,-0.310791,1.037598,-14.099125,9.643555,stair_down
3061853,0.285034,-0.885254,-0.302734,5.310059,-23.315437,10.070801,stair_down
3061870,0.274658,-0.904297,-0.295654,6.164553,-26.916512,9.887695,stair_down
3061887,0.235352,-0.918701,-0.281982,6.225588,-30.21241,9.155273,stair_down
3061903,0.202148,-0.919922,-0.283691,5.737307,-28.259285,8.483887,stair_down
3061920,0.185669,-0.920898,-0.286865,5.249023,-22.460945,6.591799,stair_down
3061937,0.155762,-0.905273,-0.296387,3.173829,-18.188477,5.187988,stair_down
3061953,0.139282,-0.875366,-0.301758,1.89209,-8.117676,2.746582,stair_down
3061970,0.127319,-0.84314,-0.307251,0.183106,3.234864,1.159668,stair_down
3061987,0.127563,-0.824463,-0.318115,-0.183106,8.605957,0.366211,stair_down
3062003,0.14209,-0.789063,-0.350464,1.281738,16.906738,-1.098633,stair_down
3062020,0.162964,-0.775757,-0.376099,4.638672,19.65332,-2.319336,stair_down
3062037,0.16748,-0.772461,-0.381226,5.981447,19.775391,-2.380371,stair_down
3062053,0.16333,-0.765869,-0.386841,8.605957,19.592285,-1.586915,stair_down
3062070,0.157593,-0.781982,-0.37854,11.535648,20.996094,0.183106,stair_down
3062087,0.15918,-0.813354,-0.362305,12.26807,24.41407,2.807618,stair_down
3062103,0.17041,-0.819214,-0.366943,12.02393,26.367195,4.150391,stair_down
3062120,0.200562,-0.824585,-0.382813,13.366703,28.930672,6.95801,stair_down
3062137,0.23645,-0.865356,-0.395264,16.845703,29.663094,9.82666,stair_down
3062153,0.253418,-0.893188,-0.399048,17.944336,29.663094,11.108402,stair_down
3062170,0.2677,-0.937744,-0.394775,18.188477,30.33448,13.610844,stair_down
3062187,0.288208,-0.97937,-0.372192,19.165039,32.958984,16.906738,stair_down
3062204,0.329712,-1.055664,-0.342163,21.66748,34.667969,21.179199,stair_down
3062220,0.3573,-1.10083,-0.332886,22.52198,34.362793,23.071297,stair_down
3062237,0.408691,-1.189453,-0.323364,19.042969,29.968269,26.489265,stair_down
3062254,0.416138,-1.178955,-0.327759,11.474613,24.780281,26.18409,stair_down
3062270,0.418091,-1.140259,-0.321289,7.934572,21.606445,24.230965,stair_down
3062287,0.39917,-1.048828,-0.289551,0.671387,16.235352,19.592285,stair_down
3062304,0.365112,-0.939087,-0.254639,-2.197266,13.732914,8.056641,stair_down
3062320,0.359497,-0.891479,-0.232788,1.342773,9.521484,-5.249023,stair_down
3062337,0.356201,-0.906616,-0.227661,3.051759,6.95801,-10.192871,stair_down
3062354,0.359131,-0.953979,-0.226318,3.784181,1.586915,-17.51709,stair_down
3062370,0.363647,-0.987061,-0.230225,6.164553,-5.310059,-21.42334,stair_down
3062387,0.357544,-1.011841,-0.220093,6.95801,-9.094238,-22.460945,stair_down
3062404,0.352539,-1.043335,-0.195679,2.990724,-16.601563,-21.850586,stair_down
3062420,0.312988,-1.011475,-0.175903,-1.89209,-20.812988,-20.996094,stair_down
3062437,0.284058,-0.995605,-0.129272,-5.737307,-16.540527,-18.859863,stair_down
3062454,0.237793,-0.970825,-0.130615,-8.056641,-12.26807,-18.188477,stair_down
3062470,0.220947,-0.946045,-0.121826,-12.451176,-0.305176,-15.319828,stair_down
3062487,0.230103,-0.934692,-0.126099,-15.625004,12.573246,-12.329105,stair_down
3062504,0.240723,-0.930786,-0.12561,-16.723633,17.211914,-11.779789,stair_down
3062520,0.260132,-0.922974,-0.117188,-18.554688,23.376472,-11.535648,stair_down
3062537,0.271851,-0.918701,-0.096313,-20.202637,27.404793,-9.765625,stair_down
3062554,0.27417,-0.921021,-0.081665,-21.118164,28.747566,-8.361816,stair_down
3062570,0.282959,-0.918335,-0.065063,-23.864754,30.761726,-5.493164,stair_down
3062587,0.295044,-0.908203,-0.068726,-24.780281,31.860359,-3.784181,stair_down
3062604,0.293091,-0.904785,-0.077026,-23.620613,32.958984,-3.967286,stair_down
3062620,0.290039,-0.902832,-0.080322,-22.766121,33.630371,-4.638672,stair_down
3062637,0.273315,-0.902588,-0.077881,-19.897461,36.437988,-6.652834,stair_down
3062654,0.27417,-0.895508,-0.071655,-17.150879,39.672852,-8.178711,stair_down
3062670,0.278564,-0.893921,-0.070923,-15.258793,40.83252,-8.178711,stair_down
3062687,0.284302,-0.905151,-0.075317,-11.169437,42.297363,-6.713869,stair_down
3062704,0.296387,-0.925537,-0.082275,-7.629396,41.992188,-3.54004,stair_down
3062720,0.301758,-0.938721,-0.089233,-5.737307,39.550781,0.305176,stair_down
3062737,0.300415,-0.936035,-0.088745,-4.882813,38.452148,2.319336,stair_down
3062754,0.291138,-0.930908,-0.079224,-3.723145,38.513184,7.08008,stair_down
3062771,0.281616,-0.917969,-0.074341,-3.051759,41.687012,11.901859,stair_down
3062787,0.286011,-0.912231,-0.07605,-1.953125,44.067383,13.977055,stair_down
3062804,0.308716,-0.922363,-0.092285,1.464844,48.156754,18.005371,stair_down
3062821,0.331299,-0.950317,-0.105469,3.41797,50.048843,21.484375,stair_down
3062837,0.355835,-0.958008,-0.107422,4.02832,50.903336,24.780281,stair_down
3062854,0.364868,-0.961182,-0.109985,4.760742,51.086441,26.062019,stair_down
3062871,0.384155,-0.976685,-0.120239,5.798342,51.574722,28.44239,stair_down
3062887,0.405762,-0.989624,-0.140747,6.286623,50.537125,29.968269,stair_down
3062904,0.413086,-0.994141,-0.151611,6.408693,49.072281,30.21241,stair_down
3062921,0.425293,-0.998047,-0.172852,6.164553,44.79982,29.968269,stair_down
3062937,0.431641,-1.00061,-0.19165,4.577637,40.100098,29.724129,stair_down
3062954,0.415161,-0.998779,-0.190308,1.953125,36.92627,29.602058,stair_down
3062971,0.40271,-0.99646,-0.188354,0.12207,36.560059,29.418953,stair_down
3062987,0.382568,-0.991577,-0.18457,-3.784181,38.391113,29.113777,stair_down
3063004,0.379761,-0.983154,-0.187622,-7.690432,42.114258,28.869637,stair_down
3063021,0.383179,-0.974609,-0.191284,-9.58252,43.823242,28.747566,stair_down
3063037,0.393799,-0.958008,-0.199097,-12.695316,45.898453,28.991707,stair_down
3063054,0.400269,-0.945557,-0.202515,-15.747074,46.081558,29.541023,stair_down
3063071,0.403687,-0.935913,-0.207153,-16.967773,45.349136,29.907234,stair_down
3063087,0.405151,-0.919678,-0.220947,-17.578125,44.128418,30.700691,stair_down
3063104,0.400391,-0.925293,-0.227783,-17.51709,43.640137,30.944832,stair_down
3063121,0.396973,-0.934204,-0.228149,-17.39502,43.212891,30.822762,stair_down
3063137,0.394775,-0.940674,-0.220703,-17.211914,42.907715,30.822762,stair_down
3063154,0.40625,-0.960449,-0.203979,-16.845703,41.992188,31.311043,stair_down
3063171,0.411255,-1.003662,-0.21167,-16.235352,39.245605,31.494148,stair_down
3063187,0.407349,-1.020874,-0.208984,-17.700195,37.658691,31.066902,stair_down
3063204,0.397339,-1.007568,-0.195068,-20.690918,34.301758,29.907234,stair_down
3063221,0.378052,-1.016968,-0.170288,-19.836426,32.714844,27.709969,stair_down
3063237,0.357056,-1.052612,-0.14856,-20.629883,35.03418,24.597176,stair_down
3063254,0.347534,-1.061035,-0.144531,-21.362305,37.353516,22.949226,stair_down
3063271,0.335083,-1.057373,-0.142212,-22.888191,42.663574,19.65332,stair_down
3063287,0.336914,-1.00708,-0.154541,-24.41407,45.776382,16.174316,stair_down
3063304,0.338013,-0.970947,-0.162964,-24.719246,45.837418,14.03809,stair_down
3063321,0.339111,-0.892822,-0.172729,-23.620613,43.212891,8.972168,stair_down
3063337,0.328979,-0.865601,-0.172852,-19.65332,37.29248,3.356935,stair_down
3063354,0.318115,-0.886353,-0.175293,-17.822266,29.541023,-2.319336,stair_down
3063371,0.309448,-0.888794,-0.180786,-18.676758,25.390633,-4.455566,stair_down
3063388,0.273315,-0.859375,-0.198486,-21.606445,17.63916,-6.042482,stair_down
3063404,0.227905,-0.808716,-0.214355,-22.39991,11.108402,-6.347658,stair_down
3063421,0.210571,-0.791138,-0.227417,-20.996094,8.117676,-6.591799,stair_down
3063438,0.185059,-0.807617,-0.250122,-16.052246,2.258301,-6.713869,stair_down
3063454,0.158691,-0.866577,-0.255005,-13.061527,-1.64795,-5.249023,stair_down
3063471,0.139771,-0.915039,-0.253662,-13.671879,-1.831055,-1.342773,stair_down
3063488,0.129639,-0.93335,-0.253784,-13.427738,-0.488281,0.854492,stair_down
3063504,0.122192,-0.985107,-0.265259,-11.230473,4.333496,4.02832,stair_down
3063521,0.118164,-1.048462,-0.280151,-9.58252,8.361816,5.920412,stair_down
3063538,0.113037,-1.068115,-0.284912,-10.375977,10.437012,6.591799,stair_down
3063554,0.107666,-1.052246,-0.285522,-14.465336,14.28223,7.141115,stair_down
3063571,0.10791,-0.974731,-0.281372,-16.845703,17.150879,6.042482,stair_down
3063588,0.108154,-0.934814,-0.279541,-17.028809,17.883301,4.943848,stair_down
3063604,0.112183,-0.868774,-0.288696,-16.296387,20.202637,4.211426,stair_down
3063621,0.141113,-0.814941,-0.301147,-13.549809,19.470215,3.234864,stair_down
3063638,0.164795,-0.791382,-0.314819,-7.873537,12.26807,1.586915,stair_down
3063654,0.170044,-0.797607,-0.317749,-5.187988,7.873537,1.525879,stair_down
3063671,0.169556,-0.821533,-0.316895,-2.563477,-0.183106,3.051759,stair_down
3063688,0.164429,-0.83667,-0.305542,-1.037598,-5.187988,5.798342,stair_down
3063704,0.164795,-0.848877,-0.299438,-0.610352,-6.103518,7.690432,stair_down
3063721,0.161011,-0.869263,-0.294189,-0.305176,-4.455566,10.253906,stair_down
3063738,0.159058,-0.877319,-0.290527,-0.366211,-0.305176,11.474613,stair_down
3063754,0.169067,-0.875977,-0.289795,-0.854492,4.760742,11.291508,stair_down
3063771,0.177002,-0.874268,-0.286987,-1.220703,7.324221,11.230473,stair_down
3063788,0.194824,-0.87085,-0.280884,-2.13623,11.352543,10.803223,stair_down
3063804,0.213501,-0.856689,-0.289429,-2.319336,12.329105,8.239746,stair_down
3063821,0.222412,-0.846558,-0.295288,-1.953125,11.413578,6.530764,stair_down
3063838,0.229736,-0.82312,-0.296875,-0.793457,7.324221,2.868653,stair_down
3063854,0.221069,-0.791382,-0.297485,-0.305176,3.356935,-0.12207,stair_down
3063871,0.196655,-0.75647,-0.2948,-0.976563,2.13623,-2.197266,stair_down
3063888,0.189819,-0.733032,-0.2948,-1.525879,2.685547,-2.868653,stair_down
3063904,0.18396,-0.696777,-0.293457,-0.549316,4.638672,-4.516602,stair_down
3063921,0.177246,-0.681152,-0.291992,1.586915,6.408693,-7.263186,stair_down
3063938,0.180176,-0.677612,-0.290771,2.807618,6.835939,-8.422852,stair_down
3063955,0.196411,-0.681274,-0.299194,5.737307,6.408693,-8.361816,stair_down
3063971,0.221436,-0.712646,-0.311157,9.216309,3.173829,-5.065918,stair_down
3063988,0.246704,-0.769287,-0.316284,14.099125,-2.502441,-0.976563,stair_down
3064005,0.253174,-0.80481,-0.318481,16.479492,-6.530764,1.037598,stair_down
3064021,0.256226,-0.888184,-0.331909,20.324707,-14.770512,4.943848,stair_down
3064038,0.262085,-0.950195,-0.344971,19.470215,-21.42334,9.338379,stair_down
