timestamp_ms,ax,ay,az,gx,gy,gz,activity
97728,-0.019409,-0.791748,-0.162109,-29.907234,48.889175,12.26807,stair_up
97745,-0.029663,-0.756104,-0.156006,-35.217285,59.082047,10.437012,stair_up
97762,0.020752,-0.703003,-0.156494,-36.621094,68.481445,8.056641,stair_up
97778,0.04834,-0.695679,-0.157227,-34.729004,71.044922,7.934572,stair_up
97795,0.073853,-0.738892,-0.15564,-32.348633,74.035645,9.70459,stair_up
97812,0.103149,-0.762695,-0.153076,-33.203125,74.523926,9.216309,stair_up
97828,0.133301,-0.765137,-0.164185,-30.21241,70.739746,9.094238,stair_up
97845,0.134521,-0.782227,-0.163208,-27.954109,67.626953,9.643555,stair_up
97862,0.15564,-0.82373,-0.167603,-23.681648,61.096207,10.986328,stair_up
97878,0.194824,-0.86438,-0.186035,-19.226074,53.527847,12.512211,stair_up
97895,0.210327,-0.875,-0.205811,-17.150879,48.095718,13.610844,stair_up
97912,0.219116,-0.880737,-0.229126,-11.718754,34.484863,15.991215,stair_up
97928,0.224365,-0.883423,-0.255859,-3.54004,19.897461,18.432617,stair_up
97945,0.245361,-0.899658,-0.293701,5.249023,4.821777,21.057129,stair_up
97962,0.249512,-0.901978,-0.319214,9.277344,-3.54004,21.728516,stair_up
97978,0.251343,-0.895508,-0.359375,18.005371,-21.179199,21.850586,stair_up
97995,0.241089,-0.900024,-0.397461,26.611336,-39.978027,20.507813,stair_up
98012,0.22998,-0.910278,-0.404907,30.09034,-49.316422,19.592285,stair_up
98028,0.178711,-0.925659,-0.403198,32.470703,-65.490723,18.066406,stair_up
98045,0.113403,-0.922119,-0.387939,30.700691,-73.669434,16.662598,stair_up
98062,0.07312,-0.915283,-0.379395,28.747566,-73.730469,15.991215,stair_up
98078,0.007202,-0.888184,-0.363281,24.230965,-65.734863,13.427738,stair_up
98095,-0.046143,-0.863159,-0.355957,21.057129,-49.865738,9.277344,stair_up
98112,-0.070923,-0.855713,-0.362549,19.287109,-30.151375,4.882813,stair_up
98128,-0.074463,-0.860962,-0.373901,18.249512,-20.080566,3.112794,stair_up
98145,-0.055664,-0.875122,-0.376099,14.953617,-2.01416,1.403809,stair_up
98162,-0.006714,-0.883423,-0.365601,11.962894,8.361816,1.342773,stair_up
98178,0.010742,-0.898682,-0.362427,9.033203,11.718754,4.333496,stair_up
98195,0.024902,-0.89209,-0.37854,7.629396,16.418457,2.868653,stair_up
98212,0.055542,-0.90979,-0.39856,8.422852,13.671879,1.64795,stair_up
98228,0.057007,-0.932007,-0.378906,5.126953,10.498047,2.13623,stair_up
98245,0.052856,-0.922607,-0.36438,2.441406,9.58252,2.502441,stair_up
98262,0.036987,-0.887939,-0.349121,1.77002,9.277344,0.976563,stair_up
98278,0.047729,-0.920288,-0.347412,3.295899,11.291508,-1.708985,stair_up
98295,0.057739,-0.948486,-0.350708,3.173829,11.108402,-3.051759,stair_up
98312,0.052734,-1.001343,-0.339111,-0.427246,14.770512,-2.502441,stair_up
98328,0.072388,-1.0177,-0.32959,-7.324221,21.850586,-1.220703,stair_up
98345,0.111694,-1.008911,-0.333374,-13.854984,26.611336,1.89209,stair_up
98362,0.122803,-0.989868,-0.341187,-14.465336,28.869637,0.610352,stair_up
98379,0.148438,-0.965088,-0.345215,-10.070801,30.944832,-5.920412,stair_up
98395,0.182861,-0.998657,-0.341431,-2.990724,30.09034,-11.047363,stair_up
98412,0.196167,-1.030518,-0.341309,-1.342773,26.611336,-12.146,stair_up
98429,0.242065,-1.096191,-0.33606,1.403809,20.874023,-12.939457,stair_up
98445,0.282593,-1.148193,-0.318359,2.624512,13.305668,-11.718754,stair_up
98462,0.315674,-1.193115,-0.297607,3.967286,7.507326,-9.82666,stair_up
98479,0.340576,-1.213745,-0.296875,5.859377,3.479005,-9.765625,stair_up
98495,0.394531,-1.268555,-0.30188,11.779789,-7.690432,-9.399414,stair_up
98512,0.41748,-1.338257,-0.311035,17.944336,-22.644051,-11.169437,stair_up
98529,0.424927,-1.375854,-0.309326,19.40918,-31.799324,-13.305668,stair_up
98545,0.421875,-1.411377,-0.28772,12.756351,-51.025406,-18.310547,stair_up
98562,0.37854,-1.335815,-0.232544,1.342773,-66.772461,-25.817879,stair_up
98579,0.318604,-1.247681,-0.159302,-7.141115,-74.21875,-35.888672,stair_up
98595,0.283203,-1.21875,-0.125854,-10.498047,-73.730469,-42.114258,stair_up
98612,0.233398,-1.177124,-0.090454,-17.150879,-65.490723,-54.687515,stair_up
98629,0.213989,-1.147583,-0.074951,-24.475105,-51.940933,-65.002441,stair_up
98645,0.201294,-1.128418,-0.069946,-28.869637,-44.92189,-69.458008,stair_up
98662,0.168701,-1.066406,-0.052612,-37.414551,-30.029305,-76.843262,stair_up
98679,0.147583,-0.99231,-0.032471,-43.640137,-14.03809,-81.726074,stair_up
98695,0.142334,-0.959717,-0.020996,-45.776382,-5.981447,-83.679199,stair_up
98712,0.147217,-0.885376,-0.003296,-49.865738,10.681152,-86.608887,stair_up
98729,0.157471,-0.786011,0.00061,-50.59816,22.460945,-88.562042,stair_up
98745,0.185059,-0.699341,-0.006958,-45.227066,28.503426,-89.843781,stair_up
98762,0.203125,-0.668457,-0.015015,-40.771484,28.930672,-90.087921,stair_up
98779,0.237183,-0.637329,-0.034424,-31.188972,24.108894,-87.82959,stair_up
98795,0.256104,-0.62207,-0.047852,-22.949226,12.939457,-82.03125,stair_up
98812,0.260132,-0.608276,-0.049805,-19.470215,5.676271,-78.552246,stair_up
98829,0.270142,-0.580078,-0.053833,-12.451176,-10.437012,-69.519043,stair_up
98845,0.271362,-0.580566,-0.051514,-5.554201,-25.512703,-57.861343,stair_up
98862,0.264771,-0.593384,-0.047241,-0.732422,-34.118652,-46.203629,stair_up
98879,0.261108,-0.596191,-0.0448,1.831055,-36.071777,-40.95459,stair_up
98895,0.259888,-0.613037,-0.045898,7.690432,-37.29248,-31.372078,stair_up
98912,0.259277,-0.661743,-0.041748,13.488773,-35.583496,-22.27784,stair_up
98929,0.255737,-0.689331,-0.039063,15.441898,-33.935547,-17.944336,stair_up
98946,0.266846,-0.736328,-0.050537,19.775391,-29.052742,-9.277344,stair_up
98962,0.299927,-0.801636,-0.073608,27.648933,-23.315437,-0.427246,stair_up
98979,0.326294,-0.904297,-0.082886,34.057617,-17.76123,8.850098,stair_up
98996,0.338501,-0.938354,-0.082153,34.301758,-15.014652,13.977055,stair_up
99012,0.356689,-0.949707,-0.092529,33.996582,-9.94873,24.53614,stair_up
99029,0.368774,-0.929443,-0.118896,37.353516,-6.225588,31.494148,stair_up
99046,0.377441,-0.926147,-0.140381,40.344238,-5.432129,33.203125,stair_up
99062,0.397095,-0.945801,-0.182007,46.203629,-7.507326,35.095215,stair_up
99079,0.401733,-0.972656,-0.19873,49.133316,-12.390141,37.04834,stair_up
99096,0.39856,-0.977295,-0.217896,50.476089,-18.371582,36.987305,stair_up
99112,0.401611,-0.978149,-0.232422,51.757828,-22.338875,36.315918,stair_up
99129,0.412842,-0.999756,-0.28418,55.297867,-32.714844,33.630371,stair_up
99146,0.406738,-1.038818,-0.346924,56.64064,-46.386734,29.357918,stair_up
99162,0.390503,-1.053955,-0.361572,55.908218,-53.100601,27.343758,stair_up
99179,0.340088,-1.059326,-0.370239,50.354019,-65.734863,23.620613,stair_up
99196,0.279663,-1.058105,-0.361938,44.982925,-70.068359,21.118164,stair_up
99212,0.21875,-1.067627,-0.355347,38.452148,-64.27002,19.897461,stair_up
99229,0.196045,-1.067627,-0.358521,34.851074,-57.983414,19.714355,stair_up
99246,0.172119,-1.057251,-0.358154,28.44239,-41.381836,19.775391,stair_up
99262,0.169556,-1.057373,-0.352173,24.902351,-23.559578,21.240234,stair_up
99279,0.180054,-1.071411,-0.351318,24.047859,-15.686039,22.766121,stair_up
99296,0.214233,-1.119263,-0.363037,22.155769,-5.187988,26.916512,stair_up
99312,0.249268,-1.144043,-0.371582,18.432617,-0.732422,31.677254,stair_up
99329,0.265015,-1.151367,-0.375488,17.822266,-1.220703,33.813477,stair_up
99346,0.286743,-1.193359,-0.361206,18.493652,-5.676271,37.414551,stair_up
99362,0.298706,-1.26001,-0.338013,16.906738,-11.169437,39.489746,stair_up
99379,0.297485,-1.296387,-0.297607,12.329105,-15.808109,38.879395,stair_up
99396,0.287476,-1.305176,-0.272827,10.009766,-16.906738,38.024902,stair_up
99412,0.251953,-1.32666,-0.221924,3.967286,-15.197758,36.376953,stair_up
99429,0.228882,-1.311646,-0.182983,-4.394531,-6.286623,34.057617,stair_up
99446,0.222412,-1.295044,-0.176514,-7.446291,-0.488281,32.653809,stair_up
99462,0.192749,-1.269409,-0.162476,-12.695316,11.962894,29.357918,stair_up
99479,0.145508,-1.238159,-0.147705,-20.263672,27.038582,25.573738,stair_up
99496,0.121216,-1.140747,-0.132813,-30.273445,43.395996,23.193367,stair_up
99512,0.111694,-1.080811,-0.128784,-35.03418,50.964371,22.39991,stair_up
99529,0.10437,-0.960327,-0.140381,-41.07666,64.331055,20.996094,stair_up
99546,0.101074,-0.893188,-0.146851,-41.992188,74.523926,17.63916,stair_up
99563,0.095581,-0.873291,-0.140015,-42.785645,78.186035,15.258793,stair_up
99579,0.072754,-0.833252,-0.111572,-45.471207,82.519531,11.291508,stair_up
99596,0.067139,-0.809692,-0.139282,-45.898453,82.824707,8.728027,stair_up
99613,0.057983,-0.829956,-0.150391,-44.860855,80.627441,5.126953,stair_up
99629,0.058838,-0.835938,-0.154785,-45.349136,79.772949,3.173829,stair_up
99646,0.048706,-0.845215,-0.158325,-45.227066,76.538086,0.976563,stair_up
99663,0.035278,-0.852051,-0.172485,-46.020523,73.852539,-0.427246,stair_up
99679,0.024536,-0.853394,-0.185181,-46.264664,72.631836,-0.610352,stair_up
99696,0.016357,-0.84021,-0.198364,-46.508804,70.617676,-0.610352,stair_up
99713,0.027954,-0.812866,-0.219727,-44.738785,68.359375,-0.793457,stair_up
99729,0.043091,-0.791138,-0.240112,-41.381836,64.025879,-0.183106,stair_up
99746,0.051025,-0.787109,-0.25293,-39.18457,60.913101,1.037598,stair_up
99763,0.073853,-0.807373,-0.27417,-34.362793,54.50441,6.103518,stair_up
99779,0.103149,-0.843994,-0.280518,-32.531738,48.82814,11.169437,stair_up
99796,0.114136,-0.845215,-0.276855,-33.14209,46.264664,13.488773,stair_up
99813,0.097168,-0.806396,-0.262695,-34.301758,43.579102,17.39502,stair_up
99829,0.10376,-0.761597,-0.28064,-31.433113,44.189453,19.226074,stair_up
99846,0.139038,-0.75769,-0.306274,-26.611336,44.311539,18.676758,stair_up
99863,0.151245,-0.758667,-0.317871,-24.230965,43.579102,17.822266,stair_up
99879,0.175171,-0.774902,-0.316772,-22.033691,42.175293,19.40918,stair_up
99896,0.191284,-0.762573,-0.309692,-22.033691,40.466309,22.338875,stair_up
99913,0.199585,-0.746704,-0.315674,-20.507813,39.611816,23.193367,stair_up
99929,0.219116,-0.741821,-0.345825,-13.916019,36.987305,24.353035,stair_up
99946,0.231567,-0.762817,-0.358521,-8.361816,33.630371,24.292,stair_up
99963,0.239014,-0.768433,-0.360718,-6.408693,31.372078,24.475105,stair_up
99979,0.255005,-0.763428,-0.359375,-3.051759,26.367195,25.512703,stair_up
99996,0.264404,-0.758667,-0.37561,1.89209,19.775391,26.123055,stair_up
100013,0.271362,-0.776123,-0.400391,8.850098,11.474613,25.024422,stair_up
100029,0.273926,-0.796753,-0.412354,12.084965,6.774904,24.292,stair_up
100046,0.272583,-0.830566,-0.433105,15.808109,-2.990724,23.315437,stair_up
100063,0.262573,-0.834229,-0.446899,17.822266,-12.084965,22.827156,stair_up
100079,0.249512,-0.831421,-0.450195,18.432617,-15.625004,22.338875,stair_up
100096,0.223877,-0.819458,-0.468872,19.958496,-20.568848,20.202637,stair_up
100113,0.195068,-0.820801,-0.479248,20.996094,-21.240234,17.272949,stair_up
100130,0.165161,-0.812378,-0.48291,18.676758,-16.052246,15.075687,stair_up
100146,0.154419,-0.800171,-0.483887,17.333984,-12.146,13.671879,stair_up
100163,0.13147,-0.768921,-0.474487,14.465336,-2.197266,9.765625,stair_up
100180,0.132568,-0.74646,-0.457031,14.770512,9.643555,7.019045,stair_up
100196,0.143799,-0.762329,-0.454102,16.540527,15.686039,6.652834,stair_up
100213,0.209351,-0.859497,-0.453247,20.202637,20.202637,5.432129,stair_up
100230,0.230225,-0.946533,-0.452026,20.690918,18.859863,5.187988,stair_up
100246,0.258057,-1.020508,-0.428223,16.784668,18.188477,10.498047,stair_up
100263,0.269165,-1.049438,-0.415161,11.657719,17.272949,14.892582,stair_up
100280,0.256348,-1.016846,-0.401855,4.211426,18.371582,16.235352,stair_up
100296,0.26416,-0.958008,-0.397705,13.427738,22.949226,7.507326,stair_up
100313,0.278198,-0.984985,-0.392822,19.592285,24.16993,3.234864,stair_up
100330,0.305054,-1.076416,-0.382324,26.367195,19.104004,-5.065918,stair_up
100346,0.349243,-1.157837,-0.372437,29.113777,7.873537,-9.643555,stair_up
100363,0.393188,-1.216797,-0.3479,29.907234,-9.399414,-12.207035,stair_up
100380,0.405518,-1.241943,-0.326172,30.578621,-18.615723,-13.000492,stair_up
100396,0.415527,-1.270874,-0.270996,33.081055,-37.353516,-18.066406,stair_up
100413,0.410278,-1.270142,-0.229858,37.536621,-55.053726,-23.437508,stair_up
100430,0.401489,-1.274536,-0.222168,40.527344,-63.049332,-25.695808,stair_up
100446,0.381958,-1.309082,-0.203003,44.006348,-78.24707,-28.869637,stair_up
100463,0.364624,-1.334106,-0.164795,40.344238,-91.980011,-32.897949,stair_up
100480,0.336548,-1.297852,-0.127441,31.555183,-102.722198,-38.208008,stair_up
100496,0.310791,-1.263672,-0.110962,27.343758,-105.590851,-41.625977,stair_up
100513,0.252563,-1.194336,-0.074219,19.104004,-103.759796,-49.621597,stair_up
100530,0.198486,-1.127563,-0.044067,9.94873,-92.224152,-58.166519,stair_up
100546,0.171753,-1.089111,-0.033691,4.699707,-83.679199,-62.194839,stair_up
100563,0.132324,-0.999146,-0.027222,-4.638672,-61.889664,-68.17627,stair_up
100580,0.122803,-0.917236,-0.036377,-10.986328,-37.536621,-72.387695,stair_up
100596,0.128784,-0.880371,-0.046143,-12.878422,-26.30616,-74.09668,stair_up
100613,0.150757,-0.8125,-0.078125,-16.174316,-6.591799,-76.782227,stair_up
100630,0.179565,-0.72937,-0.105713,-19.65332,5.249023,-77.331543,stair_up
100646,0.210327,-0.628906,-0.121338,-20.446777,8.911133,-76.293945,stair_up
100663,0.224731,-0.584717,-0.126343,-18.432617,7.812502,-75.683594,stair_up
100680,0.240723,-0.532227,-0.125,-11.535648,1.525879,-73.913574,stair_up
100696,0.247681,-0.523438,-0.121338,-4.882813,-8.605957,-69.641113,stair_up
100713,0.247437,-0.528076,-0.123047,-2.258301,-14.648441,-66.650391,stair_up
100730,0.253784,-0.538208,-0.136475,2.380371,-27.771004,-58.898941,stair_up
100747,0.300293,-0.565674,-0.151367,8.117676,-39.18457,-49.255386,stair_up
100763,0.337402,-0.626221,-0.149292,13.488773,-47.912613,-38.94043,stair_up
100780,0.354248,-0.657349,-0.146851,15.991215,-52.001968,-33.752441,stair_up
100797,0.367432,-0.726318,-0.137451,20.385742,-58.837906,-23.193367,stair_up
100813,0.368286,-0.796143,-0.137573,23.620613,-61.462418,-12.695316,stair_up
100830,0.384277,-0.837402,-0.138428,25.268562,-61.401382,-7.934572,stair_up
100847,0.416016,-0.921387,-0.134033,27.221687,-58.6548,-0.244141,stair_up
100863,0.415039,-0.992065,-0.124634,26.611336,-53.771988,5.920412,stair_up
100880,0.403687,-1.029297,-0.115723,24.841316,-44.433609,9.460449,stair_up
100897,0.397461,-1.041382,-0.111572,23.559578,-38.452148,10.314941,stair_up
100913,0.39209,-1.037964,-0.115112,19.836426,-25.390633,10.803223,stair_up
100930,0.395508,-1.001587,-0.125732,17.76123,-14.03809,8.972168,stair_up
100947,0.398804,-0.980591,-0.135742,18.066406,-10.009766,7.324221,stair_up
100963,0.407593,-0.95752,-0.157349,20.263672,-6.530764,3.66211,stair_up
100980,0.413696,-0.955933,-0.165283,21.484375,-7.263186,1.220703,stair_up
100997,0.412598,-0.934204,-0.164307,20.324707,-11.413578,-0.488281,stair_up
101013,0.408203,-0.916138,-0.164795,20.202637,-14.831547,-0.671387,stair_up
101030,0.390137,-0.894775,-0.174194,20.874023,-21.911621,0.305176,stair_up
101047,0.360229,-0.894043,-0.195923,22.094727,-27.526863,1.037598,stair_up
101063,0.344971,-0.897217,-0.204956,22.644051,-29.785164,1.464844,stair_up
101080,0.312256,-0.907837,-0.216064,22.705086,-32.470703,3.295899,stair_up
101097,0.291626,-0.912598,-0.226318,22.094727,-32.409668,7.324221,stair_up
101113,0.27832,-0.920532,-0.237549,21.728516,-29.785164,12.512211,stair_up
101130,0.272827,-0.927979,-0.243286,21.789551,-27.648933,15.197758,stair_up
101147,0.266235,-0.955322,-0.250854,21.606445,-22.583015,20.751953,stair_up
101163,0.259888,-0.976074,-0.248047,18.920898,-17.333984,26.733406,stair_up
101180,0.257202,-0.977173,-0.242554,17.456055,-14.587406,30.029305,stair_up
101197,0.259399,-0.994507,-0.236084,17.333984,-9.460449,36.743164,stair_up
101213,0.26355,-1.052979,-0.247803,18.859863,-4.943848,42.84668,stair_up
101230,0.266357,-1.085327,-0.259521,19.470215,-3.112794,60.913101,stair_up
101247,0.282227,-1.15564,-0.27832,22.094727,-1.525879,48.889175,stair_up
101263,0.282471,-1.237671,-0.258911,21.66748,-1.77002,51.269547,stair_up
101280,0.271484,-1.269165,-0.217529,17.39502,-0.183106,51.452652,stair_up
101297,0.272461,-1.263306,-0.195923,15.075687,1.464844,50.476089,stair_up
101313,0.275269,-1.256714,-0.163086,12.878422,4.821777,48.400894,stair_up
101330,0.262939,-1.281982,-0.130615,10.803223,9.094238,44.738785,stair_up
101347,0.245605,-1.298218,-0.109009,10.070801,11.779789,42.236328,stair_up
101364,0.1698,-1.317993,-0.038208,6.835939,20.385742,36.010742,stair_up
101380,0.130493,-1.328491,-0.000488,4.577637,29.235847,31.372078,stair_up
101397,0.120361,-1.320679,-0.02124,0.183106,37.780762,28.564461,stair_up
101414,0.132935,-1.302002,-0.052124,-2.502441,41.381836,28.259285,stair_up
101430,0.140747,-1.236938,-0.070801,-8.666992,44.433609,28.930672,stair_up
101447,0.12854,-1.133179,-0.071411,-17.39502,45.837418,31.738289,stair_up
101464,0.112549,-1.074707,-0.077515,-21.972656,46.997086,33.325195,stair_up
101480,0.107666,-0.981079,-0.123291,-28.503426,53.955093,33.203125,stair_up
101497,0.112427,-0.90979,-0.164429,-31.921394,59.448257,28.869637,stair_up
101514,0.104004,-0.852783,-0.193115,-33.38623,60.791031,21.179199,stair_up
101530,0.083984,-0.830078,-0.207275,-33.874512,61.096207,17.150879,stair_up
101547,0.042358,-0.807739,-0.226196,-35.095215,64.575195,10.192871,stair_up
101564,0.033447,-0.800415,-0.242065,-37.963867,72.631836,5.126953,stair_up
101580,0.038696,-0.78833,-0.243286,-39.978027,77.331543,3.234864,stair_up
101597,0.082031,-0.741577,-0.243286,-43.701172,84.838867,0.610352,stair_up
101614,0.145874,-0.696045,-0.248535,-44.006348,87.768555,0.0,stair_up
101630,0.183594,-0.690308,-0.26355,-41.19873,85.571289,-2.01416,stair_up
101647,0.170898,-0.69873,-0.258423,-40.588379,82.397461,-2.563477,stair_up
101664,0.106323,-0.695679,-0.241821,-42.907715,78.00293,-1.098633,stair_up
101680,0.120483,-0.684814,-0.242798,-42.236328,79.650879,0.854492,stair_up
101697,0.153809,-0.687866,-0.250977,-39.978027,79.284668,1.708985,stair_up
101714,0.203369,-0.713623,-0.265747,-33.996582,74.584961,2.01416,stair_up
101730,0.217651,-0.731812,-0.251953,-29.785164,64.27002,0.305176,stair_up
101747,0.217041,-0.745483,-0.247681,-28.747566,51.879898,2.01416,stair_up
101764,0.216064,-0.761841,-0.258545,-28.07618,46.081558,3.967286,stair_up
101780,0.207886,-0.801025,-0.26709,-25.878914,41.381836,6.591799,stair_up
101797,0.216431,-0.813721,-0.268799,-21.728516,37.475586,4.455566,stair_up
101814,0.21521,-0.810913,-0.272583,-19.53125,35.217285,3.66211,stair_up
101830,0.218872,-0.801392,-0.293945,-13.854984,31.494148,3.051759,stair_up
101847,0.220093,-0.814453,-0.330688,-7.690432,26.550301,4.516602,stair_up
101864,0.21582,-0.824585,-0.340942,-5.004883,22.705086,5.859377,stair_up
101880,0.217773,-0.848022,-0.359131,0.366211,14.03809,7.019045,stair_up
101897,0.221436,-0.855713,-0.368408,5.065918,5.065918,7.263186,stair_up
101914,0.232788,-0.852539,-0.373535,9.643555,-4.882813,8.361816,stair_up
101931,0.230713,-0.845703,-0.384155,11.230473,-10.559082,8.972168,stair_up
101947,0.244507,-0.832153,-0.416626,15.808109,-25.268562,10.131836,stair_up
101964,0.250977,-0.841797,-0.421875,20.019531,-43.640137,9.887695,stair_up
101981,0.246704,-0.838989,-0.422852,20.751953,-52.978531,9.765625,stair_up
101997,0.231323,-0.817749,-0.421021,21.118164,-68.603516,10.498047,stair_up
102014,0.206543,-0.789795,-0.426025,20.874023,-78.00293,11.413578,stair_up
102031,0.153809,-0.798096,-0.443115,23.315437,-78.308105,10.375977,stair_up
102047,0.13208,-0.819458,-0.442993,23.742683,-74.035645,8.972168,stair_up
102064,0.119263,-0.846558,-0.433472,22.338875,-62.011734,5.920412,stair_up
102081,0.113281,-0.879395,-0.415527,20.324707,-46.752945,5.310059,stair_up
102097,0.112183,-0.89502,-0.408203,18.493652,-38.269043,5.126953,stair_up
102114,0.103638,-0.907837,-0.402832,14.770512,-21.240234,3.784181,stair_up
102131,0.100708,-0.919312,-0.398193,11.718754,-4.333496,2.685547,stair_up
102147,0.110962,-0.936523,-0.371338,5.371094,13.000492,5.920412,stair_up
102164,0.11377,-0.925659,-0.366455,3.051759,22.52198,6.042482,stair_up
102181,0.14917,-0.899414,-0.368042,4.882813,38.085938,1.89209,stair_up
102197,0.201904,-0.924194,-0.367676,12.817387,45.959488,-5.310059,stair_up
102214,0.234253,-0.957153,-0.365845,17.333984,46.264664,-8.117676,stair_up
102231,0.310425,-1.062012,-0.363647,25.634773,37.902832,-8.544922,stair_up
102247,0.365479,-1.211548,-0.355713,33.691406,20.141602,-7.263186,stair_up
102264,0.391602,-1.354004,-0.328735,35.644531,-0.610352,-2.807618,stair_up
102281,0.394043,-1.389771,-0.318481,33.874512,-10.498047,-1.708985,stair_up
102297,0.386719,-1.368286,-0.309082,30.33448,-28.07618,-3.601075,stair_up
102314,0.364624,-1.307983,-0.286255,27.648933,-40.95459,-6.591799,stair_up
102331,0.348267,-1.276978,-0.266846,25.878914,-45.471207,-9.58252,stair_up
102347,0.324463,-1.215454,-0.223145,22.27784,-51.879898,-17.883301,stair_up
102364,0.294922,-1.181885,-0.17334,17.51709,-57.678238,-27.954109,stair_up
102381,0.260498,-1.139893,-0.141357,8.789063,-60.119644,-36.743164,stair_up
102397,0.246582,-1.109131,-0.13208,4.02832,-59.875504,-41.19873,stair_up
102414,0.218628,-1.030518,-0.122314,-5.432129,-56.457535,-50.048843,stair_up
102431,0.195068,-0.95166,-0.116577,-12.451176,-48.522964,-57.617203,stair_up
102447,0.187134,-0.921509,-0.111084,-14.770512,-43.395996,-60.42482,stair_up
102464,0.171021,-0.885132,-0.093384,-17.944336,-30.944832,-63.842789,stair_up
102481,0.161011,-0.864258,-0.081421,-20.263672,-17.028809,-63.720718,stair_up
102497,0.16394,-0.855225,-0.081055,-21.057129,-10.253906,-60.485855,stair_up
102514,0.184082,-0.828735,-0.081787,-22.094727,1.098633,-57.739273,stair_up
102531,0.215088,-0.7948,-0.080811,-21.362305,8.117676,-50.8423,stair_up
102548,0.260254,-0.775391,-0.081909,-18.188477,10.803223,-42.907715,stair_up
102564,0.283813,-0.778442,-0.080688,-15.563969,10.437012,-39.001465,stair_up
102581,0.318481,-0.802124,-0.072388,-11.291508,5.798342,-31.799324,stair_up
102598,0.342407,-0.802979,-0.06604,-9.643555,-2.441406,-24.841316,stair_up
102614,0.348145,-0.794312,-0.063477,-8.483887,-7.019045,-21.789551,stair_up
102631,0.355591,-0.783447,-0.066284,-4.089355,-16.174316,-17.150879,stair_up
102648,0.379272,-0.799438,-0.079102,1.831055,-24.780281,-14.465336,stair_up
102664,0.380859,-0.835938,-0.088013,7.263186,-33.14209,-13.732914,stair_up
102681,0.373779,-0.845337,-0.089478,8.483887,-36.987305,-13.793949,stair_up
102698,0.354248,-0.828735,-0.092896,10.070801,-42.724609,-14.099125,stair_up
102714,0.336914,-0.809204,-0.091309,13.000492,-45.593277,-14.831547,stair_up
102731,0.336304,-0.80603,-0.094116,14.526371,-46.142593,-15.258793,stair_up
102748,0.341919,-0.824341,-0.115723,18.798828,-46.508804,-16.296387,stair_up
102764,0.322388,-0.868286,-0.11438,20.690918,-44.982925,-17.456055,stair_up
102781,0.304077,-0.865601,-0.102539,18.798828,-40.161133,-16.967773,stair_up
102798,0.300049,-0.857056,-0.100098,18.493652,-37.04834,-15.869144,stair_up
102814,0.296631,-0.848755,-0.103516,19.165039,-29.785164,-13.549809,stair_up
102831,0.297974,-0.851318,-0.123901,20.690918,-22.583015,-11.413578,stair_up
102848,0.299072,-0.856079,-0.13623,21.728516,-19.65332,-10.253906,stair_up
102864,0.302612,-0.880005,-0.153564,24.353035,-15.441898,-7.995607,stair_up
102881,0.308105,-0.903076,-0.153198,24.353035,-13.000492,-5.187988,stair_up
102898,0.31543,-0.890137,-0.14917,23.864754,-11.718754,-1.403809,stair_up
102914,0.320679,-0.884644,-0.153687,24.719246,-11.657719,0.488281,stair_up
102931,0.324707,-0.913086,-0.172974,28.930672,-12.207035,3.845216,stair_up
102948,0.322388,-0.950928,-0.188965,30.639656,-13.671879,5.493164,stair_up
102964,0.327026,-0.957275,-0.19812,31.005867,-15.686039,6.530764,stair_up
102981,0.332642,-0.970459,-0.216064,31.494148,-21.972656,10.742188,stair_up
102998,0.331543,-0.98584,-0.237183,31.98243,-28.686531,15.502934,stair_up
103014,0.329712,-1.011719,-0.257813,33.508301,-35.339355,18.554688,stair_up
103031,0.323853,-1.028564,-0.256836,33.569336,-38.146973,19.65332,stair_up
103048,0.301514,-1.042847,-0.241699,31.372078,-41.748047,21.118164,stair_up
103064,0.275513,-1.039795,-0.222656,29.235847,-41.931152,22.39991,stair_up
103081,0.265625,-1.040649,-0.221802,29.052742,-41.015625,23.071297,stair_up
103098,0.262939,-1.081177,-0.239746,32.287598,-39.367676,24.658211,stair_up
103115,0.266479,-1.188843,-0.25,35.522461,-39.245605,25.878914,stair_up
103131,0.264648,-1.244385,-0.25061,34.790039,-39.672852,26.672371,stair_up
103148,0.25354,-1.30835,-0.242188,30.029305,-40.344238,27.221687,stair_up
103165,0.242554,-1.333374,-0.225342,25.085457,-39.733887,29.357918,stair_up
103181,0.225464,-1.340698,-0.203003,19.836426,-36.315918,29.846199,stair_up
103198,0.210449,-1.338989,-0.182495,17.578125,-33.203125,28.991707,stair_up
103215,0.18396,-1.323608,-0.140503,13.488773,-23.559578,27.648933,stair_up
103231,0.171021,-1.32312,-0.129761,11.840824,-13.854984,27.526863,stair_up
103248,0.164551,-1.344116,-0.134521,11.901859,-8.728027,26.977547,stair_up
103265,0.156006,-1.397705,-0.125,7.324221,1.525879,26.611336,stair_up
103281,0.136475,-1.367065,-0.079102,-6.225588,14.28223,29.907234,stair_up
103298,0.098511,-1.253662,-0.042847,-19.287109,30.273445,33.996582,stair_up
103315,0.078491,-1.19458,-0.03418,-24.16993,39.428711,35.461426,stair_up
103331,0.04541,-1.078125,-0.033081,-32.104492,59.204117,35.766602,stair_up
103348,0.03894,-0.949829,-0.059326,-37.231445,76.11084,33.081055,stair_up
103365,0.039429,-0.893066,-0.074341,-37.109375,81.848145,31.433113,stair_up
103381,0.036987,-0.836304,-0.101563,-32.836914,86.547852,28.686531,stair_up
103398,0.054932,-0.846436,-0.13623,-28.930672,83.312988,26.977547,stair_up
103415,0.073364,-0.846924,-0.152222,-29.785164,73.791504,26.123055,stair_up
103431,0.073853,-0.828613,-0.153442,-31.311043,68.725586,26.245125,stair_up
103448,0.067383,-0.781616,-0.154175,-33.752441,60.607925,28.07618,stair_up
103465,0.05481,-0.766602,-0.169189,-33.813477,55.358902,29.541023,stair_up
103481,0.041748,-0.771606,-0.17688,-33.630371,53.771988,28.930672,stair_up
103498,0.008179,-0.788086,-0.167847,-35.827637,53.222672,27.160652,stair_up
103515,-0.018433,-0.769531,-0.159302,-41.07666,56.51857,25.390633,stair_up
103531,-0.013916,-0.733887,-0.177856,-42.785645,61.218277,22.888191,stair_up
103548,0.002441,-0.728027,-0.191895,-41.503906,63.110367,21.362305,stair_up
103565,0.030151,-0.760132,-0.203857,-39.672852,65.490723,21.972656,stair_up
103581,0.041992,-0.780396,-0.202515,-41.137695,68.786621,23.193367,stair_up
103598,0.053711,-0.778687,-0.202759,-40.95459,70.007324,23.681648,stair_up
103615,0.074097,-0.778076,-0.197021,-38.696289,69.458008,24.353035,stair_up
103631,0.092529,-0.768311,-0.197876,-35.27832,65.551758,23.498543,stair_up
103648,0.122559,-0.776123,-0.220459,-30.517586,57.983414,24.047859,stair_up
103665,0.124634,-0.78833,-0.233765,-28.32032,53.161636,24.16993,stair_up
103681,0.114868,-0.784546,-0.247437,-25.024422,44.372574,24.108894,stair_up
103698,0.118042,-0.754028,-0.240967,-20.263672,38.085938,25.329597,stair_up
103715,0.124268,-0.745972,-0.248169,-16.967773,35.827637,26.489265,stair_up
103732,0.143799,-0.753052,-0.292236,-8.361816,31.250008,27.526863,stair_up
103748,0.171997,-0.789429,-0.326538,0.366211,24.719246,27.526863,stair_up
103765,0.178101,-0.805542,-0.336914,3.051759,20.446777,28.44239,stair_up
103782,0.18042,-0.814209,-0.348022,6.835939,11.535648,29.357918,stair_up
103798,0.181396,-0.817871,-0.364746,10.192871,4.455566,30.944832,stair_up
103815,0.186035,-0.832886,-0.396118,14.892582,-1.159668,29.541023,stair_up
103832,0.17981,-0.84375,-0.411255,16.967773,-3.784181,27.526863,stair_up
103848,0.154419,-0.856445,-0.428711,18.615723,-7.20215,22.27784,stair_up
103865,0.134766,-0.8396,-0.435791,17.822266,-7.263186,16.418457,stair_up
103882,0.125732,-0.827393,-0.4375,17.578125,-6.652834,13.549809,stair_up
103898,0.112671,-0.810913,-0.439941,17.76123,-4.394531,7.507326,stair_up
103915,0.109375,-0.806274,-0.443604,18.554688,-1.159668,2.13623,stair_up
103932,0.114624,-0.807129,-0.454956,19.042969,1.525879,-1.525879,stair_up
103948,0.119873,-0.805054,-0.458496,19.042969,2.258301,-2.502441,stair_up
103965,0.131592,-0.796387,-0.463745,18.920898,2.258301,-2.990724,stair_up
103982,0.145874,-0.792725,-0.474609,20.324707,0.366211,-2.01416,stair_up
103998,0.15332,-0.799438,-0.476074,21.057129,-0.793457,-1.525879,stair_up
104015,0.169678,-0.807983,-0.484497,22.52198,-3.234864,-1.281738,stair_up
104032,0.163696,-0.81958,-0.494873,25.024422,-6.896975,-1.586915,stair_up
104048,0.179932,-0.859985,-0.507568,28.381355,-10.559082,-2.13623,stair_up
104065,0.190308,-0.878662,-0.510254,28.259285,-12.695316,-2.807618,stair_up
104082,0.201782,-0.880005,-0.502441,27.160652,-17.578125,-4.638672,stair_up
104098,0.200073,-0.920776,-0.481201,29.663094,-23.498543,-6.103518,stair_up
104115,0.194946,-0.96814,-0.46814,32.287598,-26.123055,-8.056641,stair_up
104132,0.208618,-1.111328,-0.437988,36.193848,-27.343758,-8.300781,stair_up
104148,0.217651,-1.264771,-0.400391,30.273445,-23.498543,-5.371094,stair_up
104165,0.229492,-1.310303,-0.359009,23.498543,-19.775391,-9.58252,stair_up
104182,0.241455,-1.310913,-0.337158,24.475105,-18.432617,-14.831547,stair_up
104198,0.28894,-1.376343,-0.271606,33.569336,-17.028809,-25.451668,stair_up
104215,0.313599,-1.557495,-0.188477,35.400391,-16.906738,-32.836914,stair_up
104232,0.309082,-1.626831,-0.152832,29.968269,-17.333984,-37.414551,stair_up
104248,0.285522,-1.601196,-0.103027,10.192871,-19.65332,-47.058121,stair_up
104265,0.254883,-1.419556,-0.053589,-2.319336,-24.597176,-57.861343,stair_up
104282,0.219971,-1.341553,0.018799,-10.009766,-24.41407,-63.720718,stair_up
104299,0.196899,-1.309204,0.040527,-14.465336,-21.728516,-67.810059,stair_up
104315,0.156372,-1.220215,0.053101,-21.30127,-14.16016,-75.195313,stair_up
104332,0.110962,-1.111084,0.040771,-22.827156,-3.295899,-83.007813,stair_up
104349,0.117188,-1.071045,0.030396,-21.362305,1.037598,-86.364746,stair_up
104365,0.140381,-1.032593,0.041382,-20.874023,4.516602,-89.050323,stair_up
104382,0.125732,-0.972168,0.054077,-27.282722,0.610352,-86.975098,stair_up
104399,0.134521,-0.922485,0.05249,-30.09034,-5.065918,-82.03125,stair_up
104415,0.16272,-0.826782,0.041382,-31.311043,-7.995607,-79.528809,stair_up
104432,0.184326,-0.742432,0.021484,-27.404793,-12.756351,-76.049805,stair_up
104449,0.197388,-0.691406,0.003418,-18.493652,-17.700195,-73.852539,stair_up
104465,0.196533,-0.686646,0.003296,-14.648441,-20.690918,-72.631836,stair_up
104482,0.188965,-0.683716,-0.001831,-11.047363,-26.977547,-68.603516,stair_up
104499,0.184937,-0.664795,-0.02002,-9.216309,-33.081055,-63.476578,stair_up
104515,0.185181,-0.653687,-0.029663,-7.385256,-35.888672,-60.668961,stair_up
104532,0.208008,-0.646484,-0.0448,-2.319336,-39.489746,-54.565445,stair_up
104549,0.254272,-0.667969,-0.051758,4.821777,-40.527344,-46.93605,stair_up
104565,0.332642,-0.725342,-0.052002,11.413578,-41.748047,-37.658691,stair_up
104582,0.373779,-0.756226,-0.052002,13.610844,-42.724609,-32.470703,stair_up
104599,0.442627,-0.808838,-0.054443,17.150879,-43.029785,-22.888191,stair_up
104615,0.456787,-0.85022,-0.063477,19.897461,-43.334961,-14.648441,stair_up
104632,0.453491,-0.865967,-0.07019,21.42334,-43.579102,-11.230473,stair_up
104649,0.453247,-0.892334,-0.080688,22.460945,-43.884277,-6.286623,stair_up
104665,0.477783,-0.883179,-0.08728,23.803719,-44.616714,-2.929688,stair_up
104682,0.494141,-0.879517,-0.085815,25.085457,-44.311539,-0.732422,stair_up
104699,0.490356,-0.871826,-0.087158,25.085457,-43.518066,-0.061035,stair_up
104715,0.486084,-0.842163,-0.103394,25.512703,-39.916992,0.732422,stair_up
104732,0.491333,-0.819458,-0.13916,27.832039,-36.865234,0.915528,stair_up
104749,0.49231,-0.81604,-0.151611,29.296883,-35.888672,0.671387,stair_up
104765,0.493286,-0.807007,-0.165894,30.944832,-35.949707,-0.305176,stair_up
104782,0.490723,-0.807983,-0.175537,32.470703,-38.879395,-0.12207,stair_up
104799,0.482544,-0.814697,-0.184326,32.470703,-43.151855,1.220703,stair_up
104815,0.477905,-0.814331,-0.194702,32.409668,-45.593277,2.13623,stair_up
104832,0.462402,-0.820679,-0.214722,32.714844,-50.903336,4.699707,stair_up
104849,0.439087,-0.837891,-0.241699,32.104492,-56.091324,7.995607,stair_up
104865,0.429688,-0.854004,-0.251221,32.348633,-58.227554,10.131836,stair_up
104882,0.405273,-0.891113,-0.248901,30.33448,-60.913101,14.892582,stair_up
104899,0.382813,-0.899414,-0.253662,27.038582,-61.218277,19.775391,stair_up
104916,0.365967,-0.905029,-0.260498,25.268562,-59.875504,24.41407,stair_up
104932,0.355713,-0.912598,-0.264526,24.230965,-58.471695,26.855476,stair_up
104949,0.332764,-0.927246,-0.286987,22.27784,-54.809586,30.883797,stair_up
104966,0.315186,-0.956909,-0.305664,21.42334,-51.147476,33.26416,stair_up
104982,0.304932,-0.973877,-0.303711,20.263672,-48.889175,34.545898,stair_up
104999,0.292236,-0.986816,-0.302856,17.028809,-43.457031,37.414551,stair_up
105016,0.294922,-0.998413,-0.316528,15.625004,-38.818359,40.222168,stair_up
105032,0.301392,-1.019653,-0.328491,0.12207,-36.560059,42.602539,stair_up
105049,0.309448,-1.079346,-0.336304,12.695316,-36.254883,43.395996,stair_up
105066,0.299927,-1.087524,-0.321777,4.516602,-36.193848,44.189453,stair_up
105082,0.286621,-1.057373,-0.293091,-0.366211,-35.827637,44.189453,stair_up
105099,0.28479,-1.067139,-0.285645,0.12207,-35.339355,43.823242,stair_up
105116,0.275879,-1.146851,-0.289185,-0.549316,-32.775879,40.893555,stair_up
105132,0.255615,-1.171021,-0.278076,-8.544922,-27.343758,37.536621,stair_up
105149,0.248047,-1.159546,-0.26355,-10.375977,-23.742683,36.865234,stair_up
105166,0.252075,-1.19458,-0.243408,-6.347658,-15.319828,34.606934,stair_up
105182,0.286865,-1.305176,-0.269165,-3.967286,-7.324221,31.616219,stair_up
105199,0.293213,-1.303345,-0.32312,-14.892582,-2.868653,26.611336,stair_up
105216,0.280273,-1.207886,-0.334351,-23.254402,-1.586915,23.193367,stair_up
105232,0.254272,-0.946045,-0.323486,-34.790039,-0.244141,14.099125,stair_up
105249,0.251709,-0.742065,-0.303955,-36.254883,-2.746582,4.760742,stair_up
105266,0.233765,-0.695801,-0.299683,-32.653809,-5.432129,-0.061035,stair_up
105282,0.182983,-0.687988,-0.284302,-23.620613,-11.535648,-15.197758,stair_up
105299,0.174561,-0.716309,-0.300781,-17.39502,-20.874023,-23.925789,stair_up
105316,0.173706,-0.76123,-0.327637,-14.099125,-33.26416,-24.780281,stair_up
105332,0.174194,-0.784058,-0.335693,-13.549809,-39.0625,-23.071297,stair_up
105349,0.177979,-0.825195,-0.333374,-14.099125,-48.645035,-16.479492,stair_up
105366,0.150269,-0.848877,-0.313843,-15.136723,-50.903336,-11.901859,stair_up
105382,0.141113,-0.855591,-0.289063,-15.625004,-47.851578,-8.483887,stair_up
105399,0.126465,-0.846436,-0.265259,-16.845703,-36.437988,-2.075195,stair_up
105416,0.11792,-0.839355,-0.279907,-13.000492,-26.245125,0.549316,stair_up
105432,0.146973,-0.841309,-0.311279,-8.850098,-22.888191,-0.488281,stair_up
105449,0.168945,-0.838013,-0.323242,-6.774904,-25.573738,-1.831055,stair_up
105466,0.21228,-0.820313,-0.349243,0.0,-40.710449,-6.347658,stair_up
105482,0.231934,-0.838867,-0.360107,9.94873,-64.63623,-10.620117,stair_up
105499,0.228516,-0.863892,-0.350952,13.244633,-76.904297,-10.742188,stair_up
105516,0.192871,-0.900513,-0.327271,15.502934,-97.351105,-9.155273,stair_up
105533,0.142334,-0.901367,-0.317871,15.808109,-109.069855,-8.483887,stair_up
105549,0.074463,-0.904053,-0.303223,15.869144,-111.511261,-8.178711,stair_up
105566,0.038086,-0.905884,-0.294189,14.587406,-109.191925,-7.873537,stair_up
105583,-0.006226,-0.89856,-0.279175,11.413578,-98.266632,-7.324221,stair_up
105599,-0.014038,-0.909912,-0.266846,9.338379,-82.458496,-8.056641,stair_up
105616,-0.011353,-0.921265,-0.259155,8.056641,-74.035645,-9.155273,stair_up
105633,-0.017578,-0.912231,-0.244019,4.577637,-58.959976,-11.657719,stair_up
105649,-0.018799,-0.894897,-0.251465,4.577637,-48.461929,-13.488773,stair_up
105666,-0.002075,-0.898315,-0.26123,5.187988,-43.579102,-15.808109,stair_up
105683,0.027588,-0.893555,-0.278687,5.249023,-43.884277,-17.150879,stair_up
105699,0.036011,-0.860718,-0.287842,5.187988,-47.424332,-19.592285,stair_up
105716,0.017334,-0.831055,-0.275879,6.591799,-51.147476,-21.54541,stair_up
105733,0.001343,-0.820801,-0.269653,7.20215,-52.063004,-22.27784,stair_up
105749,-0.025146,-0.807861,-0.27356,8.361816,-51.513687,-23.376472,stair_up
105766,-0.026245,-0.818237,-0.296509,10.253906,-48.522964,-23.620613,stair_up
105783,-0.01355,-0.829834,-0.303589,10.192871,-46.81398,-23.437508,stair_up
105799,0.020386,-0.835693,-0.297485,8.544922,-44.189453,-22.52198,stair_up
105816,0.011108,-0.822144,-0.284912,6.896975,-41.381836,-20.385742,stair_up
105833,-0.022095,-0.809937,-0.307617,6.713869,-36.560059,-18.493652,stair_up
105849,-0.014771,-0.813843,-0.333252,8.239746,-33.26416,-18.554688,stair_up
105866,0.019043,-0.834961,-0.36377,11.901859,-28.625496,-20.324707,stair_up
105883,0.028687,-0.853638,-0.352661,14.465336,-27.404793,-21.911621,stair_up
105899,0.024536,-0.859497,-0.340698,14.648441,-27.038582,-21.850586,stair_up
105916,0.028076,-0.861328,-0.337891,15.625004,-26.489265,-20.202637,stair_up
105933,0.05127,-0.880737,-0.360229,19.775391,-26.489265,-19.40918,stair_up
105949,0.062744,-0.91272,-0.376953,22.27784,-27.587898,-19.775391,stair_up
105966,0.065674,-0.922607,-0.371338,22.827156,-28.32032,-19.897461,stair_up
105983,0.065186,-0.949951,-0.338013,24.41407,-28.07618,-19.042969,stair_up
105999,0.078125,-1.012817,-0.305664,27.221687,-24.475105,-17.51709,stair_up
106016,0.091187,-1.05603,-0.294189,29.113777,-21.66748,-17.39502,stair_up
106033,0.125366,-1.17041,-0.264648,31.677254,-14.648441,-15.747074,stair_up
106049,0.150513,-1.256226,-0.232666,31.555183,-10.375977,-15.991215,stair_up
106066,0.151611,-1.306641,-0.194336,25.695808,0.244141,-8.483887,stair_up
106083,0.155762,-1.299194,-0.187866,21.911621,8.300781,-5.310059,stair_up
106100,0.231812,-1.233765,-0.197021,23.315437,16.784668,-8.605957,stair_up
106116,0.288452,-1.236938,-0.2052,36.254883,14.404301,-16.540527,stair_up
106133,0.305542,-1.283569,-0.201172,41.259766,11.108402,-19.836426,stair_up
106150,0.35144,-1.366455,-0.1698,40.95459,-2.197266,-23.071297,stair_up
106166,0.353638,-1.366699,-0.126099,29.479988,-21.54541,-23.193367,stair_up
106183,0.340454,-1.256592,-0.085693,18.737793,-42.053223,-27.404793,stair_up
106200,0.324585,-1.208008,-0.056885,16.174316,-48.70607,-28.564461,stair_up
106216,0.286133,-1.173584,-0.00708,12.329105,-53.649918,-31.738289,stair_up
106233,0.253052,-1.160889,0.019165,6.713869,-51.696793,-35.217285,stair_up
106250,0.22229,-1.144409,0.021484,2.563477,-45.898453,-35.766602,stair_up
106266,0.194702,-1.084473,0.018555,-4.516602,-30.883797,-38.085938,stair_up
106283,0.197632,-1.01355,0.026245,-9.033203,-17.51709,-42.236328,stair_up
106300,0.200562,-0.978638,0.030518,-10.925293,-5.859377,-46.203629,stair_up
106316,0.216064,-0.90625,0.037964,-13.671879,-1.281738,-47.668472,stair_up
106333,0.226807,-0.846436,0.048584,-14.404301,4.150391,-50.170914,stair_up
106350,0.231934,-0.794434,0.039307,-12.817387,5.126953,-52.673355,stair_up
106366,0.241821,-0.776001,0.024902,-10.131836,3.601075,-53.833023,stair_up
106383,0.27832,-0.775391,0.001709,-2.13623,-3.967286,-54.443375,stair_up
106400,0.312622,-0.806396,-0.004395,4.02832,-18.127441,-51.574722,stair_up
106416,0.318481,-0.812012,-0.005981,5.310059,-26.550301,-48.400894,stair_up
106433,0.309692,-0.807007,-0.008667,7.019045,-42.358398,-40.588379,stair_up
106450,0.291748,-0.787964,-0.010498,8.850098,-55.358902,-32.836914,stair_up
106466,0.277832,-0.782959,-0.006592,12.756351,-63.964859,-25.573738,stair_up
106483,0.279053,-0.796997,-0.003296,15.197758,-66.833496,-22.216805,stair_up
106500,0.286377,-0.83728,-0.004517,17.63916,-70.068359,-15.563969,stair_up
106516,0.294067,-0.859741,-0.011597,18.066406,-71.228027,-9.277344,stair_up
106533,0.298096,-0.860229,-0.020874,18.249512,-71.838379,-7.20215,stair_up
106550,0.304321,-0.855103,-0.054443,20.080566,-72.631836,-4.02832,stair_up
106566,0.302856,-0.865967,-0.085449,22.766121,-72.143555,-1.220703,stair_up
106583,0.299561,-0.892944,-0.092407,24.902351,-68.969727,1.159668,stair_up
106600,0.297729,-0.904297,-0.094482,24.963387,-66.345215,2.319336,stair_up
106616,0.302612,-0.9104,-0.108154,24.475105,-60.42482,5.249023,stair_up
106633,0.310303,-0.914185,-0.126587,24.16993,-55.114761,8.483887,stair_up
106650,0.314087,-0.92334,-0.140503,24.230965,-53.039566,10.253906,stair_up
106666,0.312988,-0.951782,-0.163086,22.827156,-49.194351,13.366703,stair_up
106683,0.311157,-0.958252,-0.180786,20.080566,-45.532242,14.526371,stair_up
106700,0.299072,-0.941406,-0.187866,16.479492,-41.809082,14.770512,stair_up
106717,0.292725,-0.927979,-0.192993,15.014652,-39.306641,15.258793,stair_up
106733,0.286865,-0.918701,-0.21521,14.526371,-33.630371,15.93018,stair_up
106750,0.288086,-0.95813,-0.237427,16.662598,-28.564461,15.014652,stair_up
106767,0.290527,-0.986328,-0.243164,16.784668,-27.099617,14.587406,stair_up
106783,0.296387,-1.025757,-0.247437,14.587406,-26.550301,16.357422,stair_up
106800,0.30249,-1.055908,-0.253052,13.549809,-27.832039,20.141602,stair_up
106817,0.309326,-1.105957,-0.248291,15.258793,-29.602058,21.42334,stair_up
106833,0.307495,-1.134399,-0.234985,15.991215,-30.456551,21.606445,stair_up
106850,0.292236,-1.175293,-0.201538,16.235352,-31.494148,21.850586,stair_up
106867,0.287231,-1.209839,-0.201416,18.371582,-32.348633,23.437508,stair_up
106883,0.289185,-1.234009,-0.212646,20.812988,-33.26416,23.315437,stair_up
106900,0.283325,-1.307739,-0.212524,28.32032,-36.682129,21.179199,stair_up
106917,0.269897,-1.395874,-0.154541,34.240723,-39.18457,17.822266,stair_up
106933,0.264526,-1.436035,-0.12793,36.743164,-40.222168,15.991215,stair_up
106950,0.251221,-1.475586,-0.103882,36.621094,-40.344238,15.563969,stair_up
106967,0.200317,-1.409546,-0.144531,32.775879,-43.273926,17.883301,stair_up
106983,0.029785,-1.308716,-0.156372,27.771004,-47.607437,21.728516,stair_up
107000,-0.093262,-1.231201,-0.168945,23.010262,-47.241226,23.315437,stair_up
107017,-0.205933,-1.071289,-0.221924,13.977055,-44.067383,31.616219,stair_up
107033,-0.215454,-0.979126,-0.261963,1.89209,-35.15625,47.058121,stair_up
107050,-0.209717,-0.922607,-0.247803,-5.676271,-26.489265,52.001968,stair_up
107067,-0.162964,-0.770264,-0.19458,-18.127441,-7.324221,60.42482,stair_up
107083,-0.156616,-0.70459,-0.117676,-23.681648,10.131836,66.040039,stair_up
107100,-0.166016,-0.774536,-0.059204,-27.954109,24.963387,65.734863,stair_up
107117,-0.168945,-0.828735,-0.057983,-32.226563,31.98243,64.453125,stair_up
107133,-0.124878,-0.909668,-0.076538,-41.503906,44.250504,56.823746,stair_up
107150,-0.036133,-0.957886,-0.097656,-49.255386,48.645035,44.92189,stair_up
107167,-0.019287,-0.967529,-0.122437,-52.246109,49.316422,39.672852,stair_up
107183,0.001099,-0.984009,-0.199219,-55.664078,50.964371,28.930672,stair_up
107200,0.047852,-0.991699,-0.244751,-55.786148,50.109879,17.272949,stair_up
107217,0.092896,-0.967773,-0.265869,-55.725113,44.67775,7.08008,stair_up
107233,0.1073,-0.945679,-0.266357,-56.030289,41.442871,3.601075,stair_up
107250,0.125488,-0.901001,-0.285767,-56.213394,33.447266,-1.037598,stair_up
107267,0.15332,-0.861938,-0.294922,-56.51857,21.850586,-4.516602,stair_up
107284,0.14563,-0.847656,-0.302612,-56.762711,15.625004,-4.02832,stair_up
107300,0.102539,-0.813354,-0.352783,-57.189957,5.126953,-4.882813,stair_up
107317,0.098999,-0.80188,-0.43396,-49.865738,-10.986328,-13.000492,stair_up
107334,0.059082,-0.853271,-0.428223,-52.001968,-20.202637,-14.28223,stair_up
107350,0.035034,-0.855225,-0.426025,-55.542007,-22.766121,-14.404301,stair_up
107367,-0.018677,-0.823608,-0.431763,-58.776871,-25.451668,-14.831547,stair_up
107384,-0.090942,-0.797729,-0.461426,-58.471695,-19.775391,-15.686039,stair_up
107400,-0.099243,-0.784912,-0.481079,-57.495132,-15.93018,-17.150879,stair_up
107417,-0.079102,-0.778809,-0.529419,-52.307144,-11.779789,-20.568848,stair_up
107434,-0.072144,-0.8125,-0.50647,-47.668472,-10.986328,-24.047859,stair_up
107450,-0.115234,-0.808838,-0.479126,-47.485367,-13.366703,-26.550301,stair_up
107467,-0.134521,-0.800049,-0.463989,-46.81398,-15.258793,-27.160652,stair_up
107484,-0.138428,-0.819092,-0.411743,-44.555679,-15.563969,-27.893074,stair_up
107500,-0.111572,-0.80188,-0.361328,-45.715347,-7.873537,-28.259285,stair_up
107517,-0.075439,-0.770142,-0.350098,-45.104996,-1.708985,-28.686531,stair_up
107534,-0.025635,-0.717285,-0.327148,-40.893555,12.817387,-29.846199,stair_up
107550,0.001465,-0.624023,-0.314331,-37.536621,25.085457,-31.494148,stair_up
107567,0.042725,-0.567017,-0.312744,-17.39502,28.32032,-34.301758,stair_up
107584,0.125854,-0.490967,-0.317261,-19.775391,25.512703,-35.705566,stair_up
107600,0.209351,-0.491333,-0.381714,-3.295899,10.681152,-38.879395,stair_up
107617,0.232544,-0.553833,-0.482544,10.498047,-12.390141,-41.442871,stair_up
107634,0.197144,-0.5979,-0.507568,14.831547,-23.010262,-41.809082,stair_up
107650,0.064209,-0.668579,-0.501587,17.578125,-28.686531,-43.518066,stair_up
107667,0.112671,-0.764404,-0.449219,24.108894,-15.808109,-41.564941,stair_up
107684,0.210449,-0.848877,-0.410889,18.371582,-12.329105,-26.733406,stair_up
107700,0.243286,-0.794556,-0.441528,3.784181,-4.150391,-13.977055,stair_up
107717,0.283569,-0.61731,-0.558228,10.620117,-1.220703,-18.005371,stair_up
107734,0.259766,-0.615356,-0.604858,18.249512,-5.310059,-19.165039,stair_up
107750,0.237549,-0.614624,-0.609131,18.676758,-5.615236,-21.728516,stair_up
107767,0.281982,-0.565308,-0.574585,17.272949,-9.58252,-25.573738,stair_up
107784,0.35083,-0.466064,-0.560669,20.446777,-25.390633,-29.357918,stair_up
107800,0.384644,-0.436768,-0.571655,26.977547,-36.010742,-32.226563,stair_up
107817,0.463135,-0.486938,-0.610107,42.541504,-59.814468,-37.414551,stair_up
107834,0.468506,-0.591187,-0.617432,53.710953,-90.576202,-49.377457,stair_up
107850,0.416382,-0.646606,-0.559692,63.171402,-118.83548,-66.040039,stair_up
107867,0.394409,-0.7146,-0.508179,66.40625,-128.112793,-66.650391,stair_up
107884,0.372559,-0.993042,-0.408691,77.392578,-134.765625,-56.823746,stair_up
107901,0.351318,-1.380127,-0.378174,85.754395,-135.681152,-54.016129,stair_up
107917,0.356812,-1.479126,-0.373535,79.711914,-133.544922,-52.49025,stair_up
107934,0.362061,-1.48584,-0.327881,67.871094,-130.79834,-43.09082,stair_up
107951,0.254395,-1.191528,-0.260254,48.278824,-96.862823,-62.072769,stair_up
107967,0.521484,-1.221436,-0.106323,51.635757,-126.709015,-12.817387,stair_up
107984,0.31189,-1.372803,-0.062744,13.000492,-88.439941,25.756844,stair_up
108001,0.170898,-0.968506,-0.196411,25.695808,-42.480469,-29.296883,stair_up
108017,0.507813,-1.144775,-0.14624,58.044449,-59.326187,-45.227066,stair_up
108034,0.481201,-1.296143,-0.125,51.452652,-81.90918,-46.875015,stair_up
108051,0.273804,-1.214966,-0.100708,38.818359,-93.933136,-55.236832,stair_up
108067,0.25708,-1.081055,-0.025635,20.202637,-79.406738,-42.175293,stair_up
108084,0.207153,-0.951294,0.007202,-0.305176,-64.208984,-36.132813,stair_up
108101,0.187134,-0.865356,-0.007202,-6.103518,-56.152359,-41.503906,stair_up
108117,0.172485,-0.76709,-0.044189,-0.915528,-41.259766,-52.063004,stair_up
108134,0.119751,-0.705566,-0.097778,16.479492,-31.188972,-73.791504,stair_up
108151,0.136841,-0.690796,-0.119141,30.639656,-26.245125,-86.547852,stair_up
108167,0.338745,-0.849121,-0.122681,46.386734,-39.916992,-83.374023,stair_up
108184,0.365356,-0.999268,-0.109009,40.222168,-66.040039,-56.51857,stair_up
108201,0.312134,-1.024902,-0.124268,16.174316,-76.23291,-28.625496,stair_up
108217,0.259155,-0.980835,-0.164917,24.53614,-79.345703,-23.498543,stair_up
108234,0.250854,-0.985718,-0.164063,29.968269,-83.068848,-23.193367,stair_up
108251,0.212646,-1.059937,-0.126343,28.869637,-74.462891,-22.094727,stair_up
108267,0.179565,-1.080078,-0.103149,24.963387,-63.598648,-20.385742,stair_up
108284,0.151855,-1.055298,-0.078247,15.686039,-36.071777,-18.249512,stair_up
108301,0.19397,-1.001465,-0.118896,10.620117,-13.427738,-18.615723,stair_up
108317,0.22229,-0.980225,-0.159668,10.437012,-6.652834,-19.104004,stair_up
108334,0.25061,-0.947266,-0.234375,13.977055,-3.601075,-20.568848,stair_up
108351,0.252563,-0.964722,-0.232666,20.324707,-7.568361,-20.935059,stair_up
108367,0.230835,-0.964233,-0.187866,19.226074,-9.94873,-20.446777,stair_up
108384,0.229248,-0.930298,-0.179932,17.883301,-9.033203,-18.493652,stair_up
108401,0.250244,-0.870239,-0.197021,17.700195,-5.249023,-13.061527,stair_up
108417,0.276733,-0.8573,-0.224365,22.827156,-4.882813,-11.047363,stair_up
108434,0.279785,-0.890503,-0.226807,26.062019,-6.591799,-10.864258,stair_up
108451,0.266602,-0.970703,-0.210815,24.780281,-11.535648,-8.728027,stair_up
108467,0.26416,-0.96167,-0.21167,19.53125,-13.610844,-3.41797,stair_up
108484,0.264282,-0.90979,-0.228271,15.625004,-17.089844,0.12207,stair_up
108501,0.27417,-0.901489,-0.23291,15.808109,-16.540527,1.281738,stair_up
108518,0.280151,-0.941284,-0.261475,17.944336,-15.747074,2.441406,stair_up
108534,0.252197,-1.046875,-0.249268,17.883301,-12.817387,3.051759,stair_up
108551,0.23291,-1.072998,-0.22583,13.671879,-9.033203,2.990724,stair_up
108568,0.234253,-1.052368,-0.192627,7.141115,0.12207,3.41797,stair_up
108584,0.261597,-1.046753,-0.200562,8.483887,7.629396,3.54004,stair_up
108601,0.287964,-1.12085,-0.225586,14.526371,9.216309,4.272461,stair_up
108618,0.296265,-1.161865,-0.233154,16.052246,7.385256,5.432129,stair_up
108634,0.297119,-1.216797,-0.243652,17.76123,-0.976563,10.070801,stair_up
108651,0.282227,-1.258911,-0.216553,20.874023,-11.108402,15.808109,stair_up
108668,0.27771,-1.286621,-0.193237,22.827156,-14.404301,18.737793,stair_up
108684,0.268677,-1.359985,-0.166382,27.526863,-18.310547,23.559578,stair_up
108701,0.256836,-1.404541,-0.161255,28.869637,-19.165039,26.733406,stair_up
108718,0.267944,-1.362793,-0.186035,29.663094,-25.268562,30.639656,stair_up
108734,0.255249,-1.348877,-0.194824,31.677254,-30.578621,32.714844,stair_up
108751,0.159546,-1.357666,-0.179932,32.409668,-39.978027,35.888672,stair_up
108768,0.05481,-1.300049,-0.150391,26.18409,-42.236328,39.428711,stair_up
108784,0.023682,-1.252319,-0.142944,22.338875,-39.733887,41.564941,stair_up
108801,-0.00647,-1.149902,-0.159424,13.061527,-29.113777,43.640137,stair_up
108818,-0.041748,-1.036743,-0.119873,2.075195,-13.000492,41.748047,stair_up
108834,-0.070679,-0.973633,-0.095215,-3.784181,5.676271,38.208008,stair_up
108851,-0.1073,-0.876587,-0.080688,-11.474613,14.404301,35.339355,stair_up
108868,-0.116577,-0.858276,-0.102173,-15.441898,27.954109,26.977547,stair_up
108884,-0.111084,-0.849609,-0.110229,-21.850586,37.109375,18.676758,stair_up
108901,-0.097656,-0.838379,-0.115601,-24.841316,41.19873,15.502934,stair_up
108918,-0.058716,-0.855225,-0.128662,-28.44239,47.424332,12.695316,stair_up
108934,-0.054321,-0.886841,-0.115967,-34.240723,51.818863,10.681152,stair_up
108951,-0.057129,-0.884644,-0.105835,-37.658691,54.321304,9.521484,stair_up
108968,-0.047485,-0.864014,-0.082031,-42.541504,60.668961,7.568361,stair_up
108984,-0.033813,-0.86377,-0.087646,-43.457031,69.763184,4.882813,stair_up
109001,-0.00061,-0.883179,-0.124023,-42.114258,77.819824,1.220703,stair_up
109018,0.015259,-0.890137,-0.136841,-41.687012,79.711914,-0.854492,stair_up
109034,0.030151,-0.874756,-0.157471,-41.259766,81.90918,-5.249023,stair_up
109051,0.064087,-0.851563,-0.156616,-38.696289,81.237793,-7.446291,stair_up
109068,0.076904,-0.856445,-0.159912,-37.475586,79.589844,-7.446291,stair_up
109085,0.110107,-0.856934,-0.182739,-34.729004,75.98877,-6.591799,stair_up
109101,0.155029,-0.837646,-0.233398,-30.273445,67.932129,-5.615236,stair_up
109118,0.192139,-0.822754,-0.271729,-24.597176,55.297867,-3.356935,stair_up
109135,0.210205,-0.816895,-0.273682,-22.155769,48.522964,-2.319336,stair_up
109151,0.213013,-0.803345,-0.263306,-18.432617,35.949707,-0.366211,stair_up
109168,0.206177,-0.77063,-0.291504,-15.869144,28.259285,2.01416,stair_up
109185,0.220947,-0.75647,-0.315552,-13.122562,25.451668,2.685547,stair_up
109201,0.256592,-0.733643,-0.355469,-6.408693,16.296387,2.380371,stair_up
109218,0.266479,-0.716675,-0.371338,0.244141,2.197266,0.793457,stair_up
109235,0.273926,-0.70813,-0.373291,4.821777,-14.03809,-1.403809,stair_up
109251,0.271729,-0.708496,-0.379028,6.530764,-21.484375,-2.01416,stair_up
109268,0.246216,-0.718506,-0.391113,6.95801,-30.883797,-4.333496,stair_up
109285,0.241089,-0.732422,-0.412476,8.605957,-32.470703,-7.568361,stair_up
109301,0.251587,-0.749023,-0.423706,10.559082,-32.958984,-9.033203,stair_up
109318,0.241455,-0.788452,-0.427246,11.901859,-34.240723,-11.901859,stair_up
109335,0.228149,-0.816528,-0.42627,13.549809,-33.081055,-13.366703,stair_up
109351,0.246216,-0.869263,-0.421997,15.136723,-31.066902,-14.099125,stair_up
109368,0.251953,-0.896484,-0.419312,16.113281,-29.602058,-14.770512,stair_up
109385,0.254395,-0.949219,-0.406494,17.822266,-25.451668,-16.784668,stair_up
109401,0.263428,-0.989136,-0.390137,20.141602,-22.27784,-17.272949,stair_up
109418,0.260742,-1.018799,-0.387939,21.789551,-20.568848,-17.211914,stair_up
109435,0.269409,-1.090088,-0.361328,22.27784,-16.357422,-16.540527,stair_up
109451,0.289551,-1.121216,-0.347534,20.751953,-17.822266,-17.272949,stair_up
109468,0.286133,-1.131226,-0.341553,20.935059,-16.296387,-15.563969,stair_up
109485,0.291748,-1.187012,-0.304688,17.578125,-13.549809,-13.122562,stair_up
109501,0.286621,-1.199219,-0.28418,13.244633,-6.408693,-13.916019,stair_up
109518,0.320801,-1.166504,-0.276245,19.714355,-0.915528,-23.071297,stair_up
109535,0.35376,-1.18457,-0.268677,24.658211,-0.671387,-26.367195,stair_up
109551,0.397461,-1.275146,-0.274902,27.526863,-6.713869,-27.404793,stair_up
109568,0.405396,-1.330811,-0.281494,23.742683,-15.441898,-27.587898,stair_up
109585,0.407715,-1.326416,-0.2771,19.226074,-20.080566,-27.404793,stair_up
109601,0.410034,-1.232178,-0.252319,7.629396,-30.761726,-28.07618,stair_up
109618,0.380249,-1.08667,-0.212158,0.244141,-37.902832,-32.104492,stair_up
109635,0.361694,-0.987793,-0.190918,-1.64795,-38.452148,-39.18457,stair_up
109651,0.350098,-0.968628,-0.185913,-0.854492,-38.024902,-42.663574,stair_up
109668,0.311035,-0.966553,-0.179932,-1.831055,-34.545898,-49.194351,stair_up
109685,0.286743,-0.939941,-0.190063,-4.882813,-30.822762,-55.053726,stair_up
109702,0.287598,-0.923584,-0.19165,-6.347658,-30.33448,-56.213394,stair_up
109718,0.279541,-0.892456,-0.184937,-9.277344,-30.700691,-56.152359,stair_up
109735,0.276001,-0.857788,-0.168335,-11.352543,-31.616219,-54.992691,stair_up
109752,0.262817,-0.821533,-0.140137,-12.634281,-32.592773,-54.077164,stair_up
109768,0.254028,-0.801636,-0.127319,-13.122562,-32.409668,-53.405777,stair_up
109785,0.243896,-0.763428,-0.106689,-13.916019,-30.578621,-51.147476,stair_up
109802,0.234253,-0.728516,-0.096924,-14.770512,-27.038582,-47.180191,stair_up
109818,0.230713,-0.710815,-0.098267,-14.831547,-24.841316,-44.738785,stair_up
109835,0.226318,-0.68811,-0.094604,-12.695316,-20.874023,-40.222168,stair_up
109852,0.224609,-0.686523,-0.080688,-10.070801,-17.63916,-36.132813,stair_up
109868,0.221436,-0.694458,-0.072144,-7.751467,-14.587406,-30.761726,stair_up
109885,0.222534,-0.699097,-0.068726,-6.591799,-13.061527,-27.893074,stair_up
109902,0.231934,-0.705566,-0.072998,-3.479005,-10.742188,-21.911621,stair_up
109918,0.24707,-0.733276,-0.072998,1.708985,-9.58252,-15.319828,stair_up
109935,0.250977,-0.759644,-0.069946,4.211426,-9.094238,-11.657719,stair_up
109952,0.251709,-0.813721,-0.057617,6.164553,-8.300781,-3.356935,stair_up
109968,0.259521,-0.834717,-0.061035,6.835939,-5.859377,5.249023,stair_up
109985,0.265015,-0.844971,-0.075073,8.361816,-2.929688,12.390141,stair_up
110002,0.267944,-0.856079,-0.081543,10.009766,-0.976563,15.075687,stair_up
110018,0.268921,-0.89978,-0.081299,12.451176,4.211426,18.676758,stair_up
110035,0.28064,-0.927246,-0.073608,12.756351,9.399414,21.240234,stair_up
110052,0.288086,-0.931641,-0.071533,12.939457,11.596684,22.155769,stair_up
110068,0.310547,-0.925781,-0.089966,13.671879,13.366703,23.559578,stair_up
110085,0.328857,-0.922485,-0.139526,17.272949,10.437012,23.864754,stair_up
110102,0.330933,-0.938843,-0.156372,20.324707,4.394531,23.559578,stair_up
110118,0.336182,-0.984497,-0.167114,23.620613,0.244141,23.986824,stair_up
110135,0.323242,-1.012085,-0.18103,25.451668,-7.568361,26.062019,stair_up
110152,0.314087,-1.036377,-0.203125,28.259285,-13.000492,28.07618,stair_up
110168,0.31897,-1.047729,-0.224243,29.724129,-15.686039,29.174812,stair_up
110185,0.319702,-1.096191,-0.260254,35.461426,-22.39991,31.127937,stair_up
110202,0.271118,-1.205322,-0.2323,38.085938,-29.113777,34.362793,stair_up
110218,0.234619,-1.261108,-0.196289,35.705566,-29.541023,36.376953,stair_up
110235,0.180664,-1.312134,-0.135132,26.977547,-22.39991,40.588379,stair_up
110252,0.200684,-1.342407,-0.146484,28.32032,-7.873537,45.104996,stair_up
110269,0.224365,-1.441406,-0.19873,32.043457,2.075195,51.757828,stair_up
110285,0.21582,-1.488892,-0.204468,31.372078,4.699707,56.152359,stair_up
110302,0.213379,-1.502686,-0.203735,25.451668,6.95801,64.575195,stair_up
110319,0.230713,-1.446045,-0.219604,20.263672,8.605957,70.861816,stair_up
110335,0.238037,-1.40979,-0.229614,18.615723,9.155273,72.20459,stair_up
110352,0.25708,-1.326782,-0.251953,13.122562,10.498047,72.08252,stair_up
110369,0.262207,-1.208862,-0.290039,5.126953,9.094238,69.580078,stair_up
110385,0.243164,-1.077271,-0.325439,-4.882813,6.896975,62.805191,stair_up
110402,0.218262,-1.007324,-0.33606,-9.887695,6.591799,57.678238,stair_up
110419,0.150024,-0.88562,-0.317017,-18.249512,11.474613,45.776382,stair_up
110435,0.098389,-0.80957,-0.296997,-23.803719,25.268562,32.958984,stair_up
110452,0.086914,-0.788818,-0.293335,-25.878914,34.057617,26.000984,stair_up
110469,0.08728,-0.755127,-0.290161,-29.357918,49.682632,13.244633,stair_up
110485,0.095703,-0.728271,-0.272461,-32.409668,58.837906,4.089355,stair_up
110502,0.122681,-0.71875,-0.256348,-34.057617,61.584488,-0.366211,stair_up
110519,0.126587,-0.733887,-0.243896,-33.874512,61.523453,-1.77002,stair_up
110535,0.100952,-0.755615,-0.203247,-37.841797,63.598648,-3.173829,stair_up
110552,0.115112,-0.695557,-0.19458,-41.320801,66.40625,-3.295899,stair_up
110569,0.130371,-0.667969,-0.203125,-39.733887,66.162109,-3.601075,stair_up
110585,0.136963,-0.671753,-0.208008,-32.775879,62.56105,-3.66211,stair_up
110602,0.13208,-0.703003,-0.195435,-28.991707,59.387222,-2.502441,stair_up
110619,0.133301,-0.705078,-0.204712,-26.062019,55.542007,-0.671387,stair_up
110635,0.146362,-0.702148,-0.222778,-23.010262,52.551285,-0.244141,stair_up
110652,0.165283,-0.736084,-0.25354,-15.808109,41.992188,0.854492,stair_up
110669,0.171997,-0.768188,-0.25354,-13.549809,29.357918,3.54004,stair_up
110685,0.157715,-0.768677,-0.257202,-13.000492,24.597176,5.371094,stair_up
110702,0.137451,-0.754883,-0.274292,-10.742188,20.019531,7.873537,stair_up
110719,0.166748,-0.750977,-0.3125,-4.394531,14.587406,6.652834,stair_up
110735,0.17749,-0.760498,-0.341431,15.075687,5.249023,3.112794,stair_up
110752,0.153687,-0.796265,-0.378906,6.164553,1.098633,0.915528,stair_up
110769,0.133667,-0.829956,-0.371338,8.666992,-4.760742,-0.610352,stair_up
110785,0.149292,-0.863647,-0.359009,8.239746,-8.056641,0.854492,stair_up
110802,0.161987,-0.876709,-0.36145,7.629396,-9.155273,1.220703,stair_up
110819,0.175659,-0.880249,-0.380859,7.08008,-10.681152,0.488281,stair_up
110835,0.175049,-0.86853,-0.419312,7.019045,-13.732914,-0.549316,stair_up
110852,0.173218,-0.869263,-0.431152,7.934572,-16.113281,-1.159668,stair_up
110869,0.169678,-0.882935,-0.436401,8.178711,-19.958496,-3.66211,stair_up
110886,0.153687,-0.865967,-0.424683,5.920412,-20.324707,-6.713869,stair_up
110902,0.161987,-0.84314,-0.425293,4.455566,-17.089844,-9.094238,stair_up
110919,0.182129,-0.846313,-0.439331,5.187988,-15.991215,-10.437012,stair_up
110936,0.218262,-0.897095,-0.449829,6.652834,-15.625004,-14.16016,stair_up
110952,0.227051,-0.925781,-0.432861,3.234864,-15.686039,-17.578125,stair_up
110969,0.223755,-0.925537,-0.419556,0.549316,-14.648441,-18.676758,stair_up
110986,0.220947,-0.926147,-0.396729,-1.464844,-8.239746,-19.958496,stair_up
111002,0.279297,-0.998657,-0.404175,3.41797,1.953125,-19.287109,stair_up
111019,0.39978,-1.122192,-0.397461,6.713869,9.338379,-19.65332,stair_up
111036,0.422974,-1.16333,-0.390503,6.530764,10.437012,-21.54541,stair_up
111052,0.431885,-1.196655,-0.375366,2.746582,10.437012,-25.085457,stair_up
111069,0.430664,-1.181152,-0.354248,-3.295899,13.854984,-23.193367,stair_up
111086,0.435669,-1.172119,-0.340942,-3.479005,17.333984,-24.841316,stair_up
111102,0.490356,-1.154053,-0.324951,3.54004,21.42334,-34.423828,stair_up
111119,0.546997,-1.175537,-0.325928,13.549809,16.906738,-40.893555,stair_up
111136,0.586792,-1.204712,-0.354248,20.080566,-0.12207,-43.395996,stair_up
111152,0.601074,-1.215942,-0.371338,21.606445,-13.610844,-43.640137,stair_up
111169,0.608521,-1.226685,-0.353271,18.615723,-43.212891,-42.053223,stair_up
111186,0.550537,-1.139038,-0.281982,9.033203,-68.237305,-46.569839,stair_up
111202,0.497314,-1.082397,-0.249756,5.065918,-75.012207,-50.231949,stair_up
111219,0.414307,-1.009033,-0.21521,0.854492,-76.35498,-60.852066,stair_up
111236,0.356079,-0.972412,-0.207642,-3.234864,-68.969727,-69.763184,stair_up
111252,0.289551,-0.943115,-0.193481,-8.422852,-57.373062,-75.622559,stair_up
111269,0.272339,-0.922485,-0.182007,-11.657719,-51.757828,-77.453613,stair_up
111286,0.252808,-0.876343,-0.158936,-17.883301,-42.358398,-78.674316,stair_up
111302,0.234253,-0.827148,-0.136719,-22.39991,-34.301758,-78.552246,stair_up
111319,0.227783,-0.805176,-0.130981,-23.498543,-30.578621,-77.880859,stair_up
111336,0.217407,-0.773315,-0.121094,-23.437508,-21.789551,-75.927734,stair_up
111352,0.211182,-0.744385,-0.111938,-21.972656,-13.549809,-71.166992,stair_up
111369,0.208862,-0.734375,-0.103149,-20.263672,-6.225588,-64.27002,stair_up
111386,0.210205,-0.723999,-0.081543,-18.249512,-3.356935,-59.692398,stair_up
111402,0.215576,-0.701172,-0.067505,-17.333984,0.427246,-49.621597,stair_up
111419,0.223511,-0.674072,-0.060791,-15.014652,1.64795,-39.978027,stair_up
111436,0.230591,-0.66333,-0.062134,-13.061527,1.281738,-35.400391,stair_up
111453,0.259033,-0.659912,-0.072144,-7.568361,-0.244141,-27.099617,stair_up
111469,0.268066,-0.686157,-0.069458,-1.403809,-1.89209,-19.287109,stair_up
111486,0.269409,-0.703247,-0.071777,1.098633,-2.441406,-15.625004,stair_up
111503,0.268311,-0.728271,-0.07959,5.676271,-1.953125,-9.338379,stair_up
111519,0.281006,-0.743164,-0.080322,11.047363,-0.427246,-3.051759,stair_up
111536,0.297852,-0.768677,-0.093506,16.784668,0.732422,3.479005,stair_up
111553,0.307617,-0.781738,-0.108276,19.53125,1.098633,7.019045,stair_up
111569,0.324097,-0.825317,-0.131714,24.963387,0.12207,15.075687,stair_up
111586,0.320679,-0.870239,-0.119629,26.062019,-1.586915,23.498543,stair_up
111603,0.318115,-0.874634,-0.116455,25.756844,-2.13623,28.137215,stair_up
111619,0.316406,-0.873901,-0.138428,27.160652,-1.525879,36.92627,stair_up
111636,0.329834,-0.879395,-0.178101,30.456551,0.915528,44.616714,stair_up
111653,0.352539,-0.908081,-0.217773,34.912109,0.732422,51.330582,stair_up
111669,0.360229,-0.927979,-0.22876,36.682129,-0.366211,54.321304,stair_up
111686,0.377319,-0.962891,-0.247437,38.94043,-4.699707,60.119644,stair_up
111703,0.397705,-0.998779,-0.280273,42.236328,-11.535648,64.147949,stair_up
111719,0.409668,-1.029907,-0.299194,44.738785,-15.991215,65.612793,stair_up
111736,0.415649,-1.128296,-0.314575,48.034683,-24.292,68.054199,stair_up
111753,0.418823,-1.194702,-0.306885,45.471207,-29.785164,69.091797,stair_up
111769,0.421753,-1.226318,-0.285522,44.189453,-33.02002,68.17627,stair_up
111786,0.4104,-1.26355,-0.279785,45.715347,-33.569336,66.345215,stair_up
111803,0.38208,-1.386475,-0.250244,46.997086,-31.494148,60.058609,stair_up
111819,0.379028,-1.433594,-0.231079,40.527344,-28.869637,53.833023,stair_up
111836,0.379883,-1.415894,-0.238647,38.024902,-29.052742,51.147476,stair_up
111853,0.344604,-1.415527,-0.284546,38.269043,-32.348633,46.386734,stair_up
111869,0.2854,-1.454956,-0.2677,33.203125,-34.057617,40.283203,stair_up
111886,0.201782,-1.387817,-0.223145,23.010262,-30.21241,38.024902,stair_up
111903,0.171143,-1.339355,-0.213501,18.981934,-26.18409,38.696289,stair_up
111919,0.133667,-1.267334,-0.241089,12.329105,-16.723633,41.748047,stair_up
111936,0.113647,-1.185669,-0.262573,0.183106,-6.103518,45.104996,stair_up
111953,0.095337,-1.118408,-0.259033,-7.263186,-0.793457,47.058121,stair_up
111969,0.033813,-0.971069,-0.229126,-20.385742,13.244633,48.584,stair_up
111986,0.012085,-0.88208,-0.203003,-24.963387,33.569336,45.104996,stair_up
112003,0.012573,-0.880249,-0.202393,-25.451668,54.50441,36.376953,stair_up
112019,0.032593,-0.891968,-0.21936,-29.602058,63.354507,31.005867,stair_up
112036,0.043823,-0.861572,-0.244751,-35.522461,74.829102,21.362305,stair_up
112053,0.031616,-0.827637,-0.23291,-37.902832,77.880859,14.709476,stair_up
112070,0.02832,-0.819702,-0.2146,-38.94043,78.613281,12.329105,stair_up
112086,0.046753,-0.793701,-0.177124,-41.625977,81.787109,9.155273,stair_up
112103,0.06897,-0.732788,-0.16687,-43.884277,83.557129,8.117676,stair_up
112120,0.072388,-0.70166,-0.168335,-43.518066,83.374023,8.178711,stair_up
112136,0.07373,-0.647583,-0.181763,-40.161133,79.589844,7.873537,stair_up
112153,0.109009,-0.624512,-0.203125,-33.14209,71.289063,6.835939,stair_up
112170,0.126831,-0.63623,-0.203247,-25.878914,58.837906,7.019045,stair_up
112186,0.126465,-0.64563,-0.201782,-23.193367,52.917496,7.995607,stair_up
112203,0.122314,-0.659424,-0.194458,-19.287109,43.273926,10.742188,stair_up
112220,0.115356,-0.674438,-0.18689,-15.136723,35.888672,13.183598,stair_up
112236,0.119629,-0.688965,-0.18811,-13.000492,33.325195,13.977055,stair_up
112253,0.140625,-0.734863,-0.204956,-9.033203,31.066902,15.258793,stair_up
112270,0.144897,-0.783203,-0.212158,-6.225588,30.21241,15.808109,stair_up
112286,0.146851,-0.801025,-0.210205,-4.577637,31.738289,15.869144,stair_up
112303,0.149414,-0.804321,-0.226196,-3.479005,32.775879,15.869144,stair_up
112320,0.176514,-0.817627,-0.262817,0.976563,33.508301,16.113281,stair_up
112336,0.213135,-0.84668,-0.304688,6.469728,27.709969,15.625004,stair_up
112353,0.221924,-0.864502,-0.318726,9.643555,22.888191,14.892582,stair_up
112370,0.216797,-0.894897,-0.335327,14.28223,11.535648,13.122562,stair_up
112386,0.210449,-0.900635,-0.353882,17.272949,0.305176,11.779789,stair_up
112403,0.203369,-0.896606,-0.393921,20.874023,-8.972168,9.70459,stair_up
112420,0.190796,-0.900146,-0.408936,22.644051,-12.573246,8.117676,stair_up
112436,0.163696,-0.90332,-0.421387,23.864754,-17.944336,4.577637,stair_up
112453,0.137329,-0.877808,-0.427368,22.033691,-20.751953,1.403809,stair_up
112470,0.134888,-0.857178,-0.43335,21.240234,-21.911621,0.610352,stair_up
112486,0.133545,-0.84314,-0.443237,21.606445,-25.085457,-0.488281,stair_up
112503,0.128784,-0.871582,-0.459839,22.39991,-29.479988,-1.708985,stair_up
112520,0.109253,-0.916016,-0.454712,21.606445,-34.362793,-1.953125,stair_up
112536,0.099365,-0.925049,-0.446045,20.019531,-35.400391,-1.831055,stair_up
112553,0.08667,-0.911133,-0.429565,16.296387,-33.447266,-0.183106,stair_up
112570,0.088257,-0.902466,-0.418335,15.441898,-27.832039,0.915528,stair_up
112586,0.082031,-0.911865,-0.414429,15.075687,-24.902351,0.610352,stair_up
112603,0.086914,-0.939453,-0.406616,15.014652,-18.981934,-1.281738,stair_up
112620,0.114258,-0.986816,-0.387817,14.343266,-13.732914,-3.356935,stair_up
112636,0.130493,-1.009888,-0.377319,13.122562,-12.207035,-5.249023,stair_up
112653,0.144653,-1.041626,-0.363281,9.82666,-11.291508,-6.591799,stair_up
112670,0.14917,-1.094971,-0.345215,7.690432,-5.737307,-6.469728,stair_up
112687,0.165771,-1.151367,-0.306152,-0.976563,3.234864,-4.211426,stair_up
112703,0.165771,-1.143311,-0.290527,-5.065918,9.399414,-5.004883,stair_up
112720,0.185547,-1.098145,-0.273682,-3.845216,20.812988,-12.756351,stair_up
112737,0.247803,-1.140381,-0.26709,5.859377,26.489265,-20.690918,stair_up
112753,0.285645,-1.199829,-0.262085,9.765625,26.42823,-22.338875,stair_up
112770,0.371704,-1.322632,-0.259644,15.075687,16.601563,-23.498543,stair_up
112787,0.419678,-1.41626,-0.257935,17.63916,-4.821777,-24.719246,stair_up
112803,0.436768,-1.439575,-0.250488,12.451176,-30.09034,-22.216805,stair_up
112820,0.428711,-1.403198,-0.244385,7.507326,-42.419434,-21.240234,stair_up
112837,0.393188,-1.270752,-0.215698,0.610352,-62.622086,-23.437508,stair_up
112853,0.338379,-1.160034,-0.168213,-2.868653,-70.129395,-30.09034,stair_up
112870,0.309448,-1.116211,-0.150635,-5.554201,-69.030762,-33.508301,stair_up
112887,0.249512,-1.01355,-0.146484,-10.375977,-60.974136,-43.457031,stair_up
112903,0.228394,-0.934082,-0.159302,-12.390141,-51.086441,-53.649918,stair_up
112920,0.213501,-0.889404,-0.167358,-16.052246,-43.518066,-61.462418,stair_up
112937,0.213379,-0.866333,-0.164063,-18.371582,-40.344238,-64.208984,stair_up
112953,0.228882,-0.821411,-0.164307,-21.240234,-36.010742,-67.138672,stair_up
112970,0.240234,-0.81604,-0.15918,-21.179199,-34.057617,-68.29834,stair_up
112987,0.237793,-0.820313,-0.155396,-21.789551,-33.691406,-68.786621,stair_up
113003,0.218872,-0.80542,-0.132935,-24.719246,-31.98243,-69.458008,stair_up
113020,0.206787,-0.738403,-0.111816,-27.709969,-28.625496,-67.993164,stair_up
113037,0.204102,-0.679321,-0.107666,-26.123055,-24.902351,-64.758301,stair_up
113053,0.205933,-0.668213,-0.109863,-24.41407,-23.498543,-62.43898,stair_up
113070,0.227661,-0.672241,-0.120728,-20.141602,-22.766121,-56.823746,stair_up
113087,0.248291,-0.702026,-0.122925,-15.075687,-24.16993,-50.476089,stair_up
113103,0.259155,-0.719727,-0.115967,-12.695316,-25.085457,-47.241226,stair_up
113120,0.271362,-0.752441,-0.092285,-8.544922,-26.794441,-40.344238,stair_up
113137,0.275146,-0.78186,-0.074463,-5.737307,-27.709969,-32.226563,stair_up
113153,0.285522,-0.819214,-0.070435,-2.197266,-24.780281,-23.803719,stair_up
113170,0.291504,-0.848267,-0.069214,-0.366211,-22.27784,-20.019531,stair_up
113187,0.293091,-0.899536,-0.057495,1.64795,-16.174316,-13.793949,stair_up
113203,0.295776,-0.919312,-0.046143,2.868653,-9.521484,-9.58252,stair_up
113220,0.295776,-0.920898,-0.04187,3.479005,-5.981447,-7.812502,stair_up
113237,0.307251,-0.914551,-0.044556,4.638672,0.610352,-4.699707,stair_up
113254,0.325439,-0.894287,-0.064331,6.652834,4.089355,-1.403809,stair_up
113270,0.329956,-0.885376,-0.075195,8.178711,4.455566,1.037598,stair_up
113287,0.330566,-0.875488,-0.103638,11.901859,3.723145,1.586915,stair_up
113304,0.331665,-0.871826,-0.117676,15.258793,0.427246,2.13623,stair_up
113320,0.325806,-0.853149,-0.109985,16.479492,-3.234864,3.845216,stair_up
113337,0.31897,-0.837158,-0.111328,17.333984,-4.333496,5.126953,stair_up
113354,0.307983,-0.813965,-0.14563,20.874023,-5.310059,7.629396,stair_up
113370,0.300415,-0.821533,-0.190918,25.695808,-6.286623,9.399414,stair_up
113387,0.30188,-0.836426,-0.208984,27.648933,-7.568361,10.803223,stair_up
113404,0.299561,-0.872192,-0.219116,29.296883,-12.084965,15.808109,stair_up
113420,0.294434,-0.904053,-0.236694,30.822762,-16.906738,22.033691,stair_up
113437,0.303955,-0.960083,-0.273926,34.057617,-20.812988,28.259285,stair_up
113454,0.311768,-0.997925,-0.299438,36.010742,-22.827156,31.311043,stair_up
113470,0.322632,-1.090088,-0.334351,40.161133,-27.954109,37.29248,stair_up
113487,0.31958,-1.202026,-0.328979,41.687012,-35.095215,44.433609,stair_up
113504,0.312866,-1.253418,-0.322632,40.95459,-38.757324,48.400894,stair_up
113520,0.288818,-1.328613,-0.314819,37.963867,-43.884277,55.358902,stair_up
113537,0.259155,-1.403076,-0.336914,37.597656,-43.701172,59.692398,stair_up
113554,0.21936,-1.500854,-0.332031,34.729004,-36.92627,61.035172,stair_up
113570,0.194458,-1.521606,-0.317627,30.21241,-29.907234,60.974136,stair_up
113587,0.148438,-1.482422,-0.305664,20.080566,-12.695316,59.997574,stair_up
113604,0.142334,-1.409668,-0.302124,14.831547,4.699707,58.6548,stair_up
113620,0.150269,-1.396362,-0.295044,13.854984,12.02393,57.678238,stair_up
113637,0.163696,-1.376221,-0.273682,9.643555,23.193367,54.321304,stair_up
113654,0.177246,-1.291992,-0.284424,2.563477,27.954109,52.368179,stair_up
113670,0.182983,-1.19873,-0.306152,-3.784181,24.292,51.208511,stair_up
113687,0.172607,-1.154663,-0.301025,-8.239746,21.240234,50.537125,stair_up
113704,0.137695,-1.042847,-0.278931,-18.554688,16.723633,47.363297,stair_up
113720,0.090942,-0.925415,-0.249878,-26.916512,18.066406,40.588379,stair_up
113737,0.072876,-0.871704,-0.243652,-29.724129,21.118164,36.071777,stair_up
113754,0.033081,-0.796753,-0.244507,-31.616219,29.479988,25.207527,stair_up
113770,0.002319,-0.768066,-0.252686,-31.433113,38.574219,14.343266,stair_up
113787,-0.011108,-0.770386,-0.253296,-32.470703,46.569839,6.591799,stair_up
113804,-0.005981,-0.773682,-0.249634,-33.38623,49.682632,4.394531,stair_up
113820,0.022583,-0.773804,-0.229492,-36.437988,55.664078,3.234864,stair_up
113837,0.045044,-0.753418,-0.216797,-37.597656,62.011734,2.380371,stair_up
113854,0.050537,-0.744019,-0.221924,-37.597656,63.781754,2.13623,stair_up
113871,0.055542,-0.722412,-0.227905,-36.315918,63.720718,1.64795,stair_up
113887,0.049194,-0.679932,-0.223633,-35.400391,60.119644,2.01416,stair_up
113904,0.061768,-0.658569,-0.224854,-17.76123,53.649918,3.112794,stair_up
113921,0.095581,-0.638916,-0.22998,-28.564461,48.889175,3.356935,stair_up
113937,0.125366,-0.62561,-0.236572,-22.216805,37.04834,2.990724,stair_up
113954,0.101318,-0.640991,-0.23938,-15.686039,23.315437,4.211426,stair_up
113971,0.085571,-0.652222,-0.249268,-13.122562,15.441898,5.004883,stair_up
113987,0.104248,-0.67627,-0.260742,-6.408693,2.929688,4.943848,stair_up
114004,0.101807,-0.7229,-0.269409,-0.793457,-7.873537,6.530764,stair_up
114021,0.095459,-0.748413,-0.269775,0.732422,-11.413578,8.178711,stair_up
114037,0.08374,-0.789673,-0.263062,2.563477,-14.465336,11.657719,stair_up
114054,0.090332,-0.80481,-0.272583,5.065918,-14.892582,12.451176,stair_up
114071,0.104492,-0.823853,-0.298584,10.131836,-15.136723,11.779789,stair_up
114087,0.110107,-0.841187,-0.309326,12.878422,-15.319828,10.925293,stair_up
114104,0.108032,-0.879028,-0.325439,16.174316,-15.991215,9.155273,stair_up
114121,0.08374,-0.90564,-0.331665,17.089844,-15.991215,8.239746,stair_up
114137,0.071533,-0.905151,-0.336304,16.357422,-15.747074,7.690432,stair_up
114154,0.08252,-0.877686,-0.362305,17.028809,-14.831547,6.225588,stair_up
114171,0.090088,-0.861084,-0.399658,19.897461,-16.479492,3.723145,stair_up
114187,0.092163,-0.854858,-0.421875,22.094727,-19.836426,0.793457,stair_up
114204,0.084961,-0.851196,-0.420654,22.216805,-21.606445,-0.244141,stair_up
114221,0.064453,-0.835571,-0.416382,21.728516,-24.53614,-1.403809,stair_up
114237,0.062988,-0.84436,-0.401978,21.789551,-24.780281,-1.464844,stair_up
114254,0.061157,-0.853638,-0.396606,21.30127,-23.559578,-1.64795,stair_up
114271,0.060303,-0.865234,-0.390503,20.019531,-18.798828,-2.868653,stair_up
114287,0.040161,-0.866577,-0.380981,16.967773,-12.390141,-3.356935,stair_up
114304,0.046753,-0.846191,-0.394165,15.502934,-5.859377,-2.929688,stair_up
114321,0.062012,-0.848999,-0.401245,16.235352,-2.807618,-2.685547,stair_up
114337,0.098022,-0.873291,-0.406494,17.211914,1.708985,-2.13623,stair_up
114354,0.128296,-0.890381,-0.408936,17.333984,2.563477,-2.868653,stair_up
114371,0.137085,-0.895752,-0.41333,17.63916,2.13623,-3.41797,stair_up
114387,0.149292,-0.919067,-0.421875,18.493652,0.183106,-4.821777,stair_up
114404,0.161133,-0.935913,-0.422485,18.005371,-2.380371,-7.507326,stair_up
114421,0.173706,-0.984985,-0.396973,19.226074,-5.065918,-9.399414,stair_up
114438,0.173706,-1.025146,-0.380371,19.40918,-6.225588,-11.108402,stair_up
114454,0.153564,-1.103394,-0.348145,18.920898,-4.02832,-13.061527,stair_up
114471,0.152466,-1.169922,-0.306152,12.451176,5.126953,-9.94873,stair_up
114488,0.167358,-1.181152,-0.290161,9.82666,9.70459,-9.277344,stair_up
114504,0.199097,-1.187622,-0.271729,12.756351,15.258793,-14.404301,stair_up
114521,0.238892,-1.252197,-0.231567,25.512703,16.235352,-25.390633,stair_up
114538,0.257202,-1.329712,-0.191284,30.639656,15.258793,-28.869637,stair_up
114554,0.279175,-1.489624,-0.122559,28.381355,13.977055,-28.747566,stair_up
114571,0.316406,-1.512939,-0.122925,18.432617,9.033203,-28.07618,stair_up
114588,0.359741,-1.412231,-0.146973,11.779789,-4.516602,-28.137215,stair_up
114604,0.371582,-1.363037,-0.143188,10.070801,-12.817387,-27.893074,stair_up
114621,0.368896,-1.268555,-0.104736,4.699707,-28.19825,-31.066902,stair_up
114638,0.335815,-1.15625,-0.04541,1.220703,-39.367676,-40.039063,stair_up
114654,0.313965,-1.109863,-0.025879,0.488281,-42.96875,-44.433609,stair_up
114671,0.276001,-1.045898,-0.013062,0.488281,-43.640137,-54.443375,stair_up
114688,0.275513,-1.021729,-0.020874,-1.77002,-43.884277,-62.683121,stair_up
114704,0.25769,-0.986938,-0.033325,-5.981447,-46.264664,-68.847656,stair_up
114721,0.249512,-0.967896,-0.038086,-7.141115,-47.424332,-71.044922,stair_up
114738,0.236084,-0.944702,-0.037109,-8.483887,-48.645035,-73.181152,stair_up
114754,0.237061,-0.901245,-0.041504,-10.803223,-48.584,-72.692871,stair_up
114771,0.243042,-0.871826,-0.044556,-11.108402,-48.950211,-71.533203,stair_up
114788,0.253906,-0.81604,-0.050293,-11.413578,-51.147476,-67.504883,stair_up
114804,0.271606,-0.764648,-0.066162,-10.681152,-55.542007,-62.194839,stair_up
114821,0.289795,-0.764404,-0.074463,-6.408693,-59.814468,-56.823746,stair_up
114838,0.28125,-0.783691,-0.06189,-6.408693,-60.913101,-54.62648,stair_up
114854,0.262939,-0.768677,-0.046387,-10.559082,-62.194839,-50.354019,stair_up
114871,0.248291,-0.71106,-0.051025,-11.474613,-61.523453,-47.668472,stair_up
114888,0.244507,-0.690674,-0.053711,-9.643555,-59.936539,-46.93605,stair_up
114904,0.266479,-0.696045,-0.049438,-2.868653,-55.542007,-46.142593,stair_up
114921,0.317505,-0.734009,-0.045044,2.502441,-52.429214,-43.762207,stair_up
114938,0.364502,-0.758423,-0.053345,6.896975,-54.077164,-37.963867,stair_up
114954,0.386841,-0.768799,-0.057129,9.277344,-56.457535,-34.484863,stair_up
114971,0.422119,-0.792725,-0.064941,14.648441,-63.232437,-27.893074,stair_up
114988,0.452148,-0.827759,-0.067749,20.202637,-69.458008,-22.216805,stair_up
115004,0.462769,-0.847168,-0.066528,22.155769,-72.08252,-19.470215,stair_up
115021,0.472656,-0.867432,-0.057983,23.925789,-76.171875,-13.732914,stair_up
115038,0.471069,-0.863037,-0.056519,25.268562,-76.660156,-9.277344,stair_up
115055,0.469482,-0.849487,-0.073608,28.32032,-74.890137,-7.812502,stair_up
115071,0.468628,-0.846802,-0.087646,30.151375,-73.547363,-7.934572,stair_up
115088,0.46106,-0.836792,-0.117798,32.714844,-71.166992,-9.277344,stair_up
115105,0.442383,-0.82666,-0.152222,34.301758,-69.946289,-11.779789,stair_up
115121,0.430054,-0.825195,-0.1604,34.118652,-69.702148,-12.817387,stair_up
115138,0.40625,-0.818848,-0.184692,32.104492,-70.373535,-14.648441,stair_up
115155,0.375,-0.808472,-0.185303,29.479988,-69.335938,-15.197758,stair_up
115171,0.360352,-0.80127,-0.184082,28.137215,-67.687988,-14.03809,stair_up
115188,0.341919,-0.800415,-0.215942,26.977547,-63.110367,-12.695316,stair_up
115205,0.331177,-0.843628,-0.274414,27.526863,-59.021011,-8.605957,stair_up
115221,0.320435,-0.90332,-0.288696,23.925789,-56.274429,-2.380371,stair_up
115238,0.317871,-0.918213,-0.289307,20.874023,-55.847183,1.586915,stair_up
115255,0.293091,-0.929688,-0.283325,14.587406,-52.49025,11.413578,stair_up
115271,0.272583,-0.940552,-0.320068,12.878422,-46.325699,18.432617,stair_up
115288,0.261841,-0.966309,-0.351929,13.793949,-43.579102,20.568848,stair_up
115305,0.227783,-1.036987,-0.373413,13.061527,-38.085938,24.597176,stair_up
115321,0.18811,-1.116821,-0.352173,11.535648,-31.98243,30.456551,stair_up
115338,0.152344,-1.186157,-0.342163,9.521484,-21.240234,34.606934,stair_up
115355,0.141846,-1.210571,-0.347046,8.361816,-14.465336,35.400391,stair_up
115371,0.106201,-1.227539,-0.374512,6.408693,-0.549316,35.705566,stair_up
115388,0.080078,-1.179565,-0.395264,0.427246,14.221195,35.644531,stair_up
115405,0.087891,-1.131104,-0.398193,-2.258301,20.263672,35.400391,stair_up
115421,0.110229,-1.044922,-0.400513,-5.859377,28.07618,33.081055,stair_up
115438,0.131836,-1.004395,-0.404175,-5.981447,28.19825,30.151375,stair_up
115455,0.134766,-1.021851,-0.376343,-7.995607,22.39991,28.259285,stair_up
115471,0.140869,-1.025879,-0.355225,-11.413578,18.737793,28.930672,stair_up
115488,0.146484,-0.993896,-0.310913,-21.54541,11.474613,33.325195,stair_up
115505,0.136108,-0.932617,-0.29126,-28.07618,10.925293,40.039063,stair_up
115521,0.128174,-0.917603,-0.28894,-29.113777,13.000492,43.884277,stair_up
115538,0.119507,-0.914551,-0.295776,-27.709969,20.080566,45.349136,stair_up
115555,0.134644,-0.932861,-0.294189,-25.207527,25.817879,41.259766,stair_up
115571,0.125488,-0.965088,-0.25769,-25.207527,32.104492,37.353516,stair_up
115588,0.120239,-0.97644,-0.237549,-26.489265,36.682129,35.827637,stair_up
115605,0.115234,-0.973511,-0.204956,-28.07618,47.851578,30.822762,stair_up
115621,0.146851,-0.945679,-0.211182,-26.855476,58.349625,24.719246,stair_up
115638,0.174927,-0.92981,-0.227783,-25.024422,59.875504,21.240234,stair_up
115655,0.214233,-0.903931,-0.268555,-20.263672,54.809586,16.662598,stair_up
115672,0.21814,-0.870239,-0.254639,-17.272949,39.489746,13.427738,stair_up
115688,0.244385,-0.804565,-0.256592,-12.817387,17.39502,11.962894,stair_up
115705,0.246704,-0.776367,-0.275146,-8.911133,5.432129,11.901859,stair_up
115722,0.231689,-0.758667,-0.31958,1.464844,-18.798828,12.084965,stair_up
115738,0.18689,-0.765625,-0.32959,9.58252,-39.18457,10.986328,stair_up
115755,0.15918,-0.765137,-0.333496,12.817387,-45.837418,10.498047,stair_up
115772,0.123169,-0.772461,-0.326294,18.432617,-53.039566,10.131836,stair_up
115788,0.100342,-0.780518,-0.321533,21.179199,-55.297867,11.108402,stair_up
115805,0.094116,-0.781372,-0.327148,21.66748,-55.114761,12.695316,stair_up
115822,0.091309,-0.789795,-0.32666,22.460945,-54.016129,13.549809,stair_up
115838,0.094604,-0.798828,-0.323975,22.460945,-53.894058,14.099125,stair_up
115855,0.101074,-0.805542,-0.332642,23.559578,-52.001968,13.488773,stair_up
115872,0.101318,-0.811157,-0.342529,24.597176,-50.415054,12.695316,stair_up
115888,0.105591,-0.824707,-0.375488,27.038582,-48.339859,10.620117,stair_up
115905,0.105835,-0.840332,-0.392578,28.259285,-47.912613,8.178711,stair_up
115922,0.109985,-0.842896,-0.401367,28.686531,-48.400894,7.019045,stair_up
115938,0.109375,-0.851563,-0.415649,29.357918,-49.682632,4.516602,stair_up
115955,0.096313,-0.847046,-0.428955,27.709969,-49.377457,2.258301,stair_up
115972,0.085938,-0.830933,-0.452148,26.062019,-48.461929,-1.098633,stair_up
115988,0.079956,-0.827271,-0.460815,25.695808,-47.912613,-3.051759,stair_up
116005,0.059814,-0.83374,-0.452393,23.864754,-45.288101,-6.591799,stair_up
116022,0.045166,-0.839478,-0.431885,20.080566,-39.550781,-9.58252,stair_up
116038,0.045654,-0.842163,-0.429077,18.249512,-35.644531,-10.986328,stair_up
116055,0.060059,-0.856934,-0.424683,15.319828,-27.465828,-13.427738,stair_up
116072,0.066162,-0.887329,-0.416138,13.610844,-19.897461,-14.587406,stair_up
116088,0.090576,-0.930542,-0.41333,11.718754,-14.099125,-15.014652,stair_up
116105,0.115967,-0.953857,-0.408447,10.803223,-13.244633,-15.014652,stair_up
116122,0.145264,-0.996582,-0.398315,8.422852,-12.512211,-13.977055,stair_up
116138,0.153931,-1.032959,-0.374756,6.469728,-11.962894,-14.099125,stair_up
116155,0.158325,-1.051636,-0.357178,4.821777,-11.535648,-13.305668,stair_up
116172,0.162842,-1.07312,-0.320679,1.831055,-8.789063,-13.916019,stair_up
116188,0.190308,-1.103149,-0.297729,8.666992,-6.774904,-20.202637,stair_up
116205,0.231689,-1.229492,-0.265625,19.104004,-6.652834,-25.573738,stair_up
116222,0.251465,-1.320435,-0.238281,21.911621,-7.141115,-26.794441,stair_up
116239,0.275513,-1.469482,-0.178955,18.005371,-8.361816,-28.32032,stair_up
116255,0.289917,-1.49231,-0.157227,10.925293,-12.146,-29.541023,stair_up
116272,0.299438,-1.475342,-0.157471,8.422852,-15.014652,-29.785164,stair_up
116289,0.314087,-1.42395,-0.169067,7.507326,-22.52198,-33.14209,stair_up
116305,0.296387,-1.348755,-0.160278,5.493164,-34.057617,-39.978027,stair_up
116322,0.271606,-1.220703,-0.114136,3.41797,-44.555679,-48.156754,stair_up
116339,0.271729,-1.162354,-0.08606,3.234864,-49.255386,-51.452652,stair_up
116355,0.286377,-1.089355,-0.043335,3.112794,-57.006851,-56.64064,stair_up
116372,0.285156,-1.056152,-0.029785,1.159668,-63.232437,-61.096207,stair_up
116389,0.27002,-1.045044,-0.022339,-0.976563,-65.856934,-63.049332,stair_up
116405,0.228027,-0.993286,-0.00354,-8.850098,-67.565918,-65.795898,stair_up
116422,0.199951,-0.906372,0.009888,-15.747074,-63.720718,-66.345215,stair_up
116439,0.192261,-0.866699,0.011597,-17.456055,-60.42482,-66.223145,stair_up
116455,0.184326,-0.803589,0.005005,-17.883301,-52.429214,-65.917969,stair_up
116472,0.197876,-0.753662,-0.006836,-17.63916,-44.67775,-64.27002,stair_up
116489,0.233276,-0.702393,-0.016357,-15.380863,-39.978027,-60.852066,stair_up
116505,0.266968,-0.692017,-0.020752,-12.390141,-39.489746,-58.776871,stair_up
116522,0.329956,-0.708862,-0.017334,-6.896975,-42.541504,-53.955093,stair_up
116539,0.365601,-0.751343,-0.003052,-2.563477,-48.70607,-48.217789,stair_up
116555,0.369019,-0.770874,0.004395,-1.831055,-51.147476,-45.593277,stair_up
116572,0.383911,-0.786133,0.014893,-0.305176,-53.161636,-40.83252,stair_up
116589,0.394775,-0.802856,0.021362,2.563477,-53.222672,-37.475586,stair_up
116605,0.426758,-0.827515,0.016846,6.530764,-52.368179,-35.095215,stair_up
116622,0.449951,-0.846924,0.015991,8.666992,-52.063004,-33.935547,stair_up
116639,0.489624,-0.897095,0.025146,11.474613,-52.185074,-31.921394,stair_up
116655,0.481323,-0.942017,0.048218,10.620117,-51.086441,-31.555183,stair_up
116672,0.46814,-0.943237,0.056641,9.643555,-49.804703,-31.799324,stair_up
116689,0.45166,-0.917236,0.047119,10.009766,-45.715347,-33.508301,stair_up
116705,0.448486,-0.894043,0.005371,14.16016,-42.175293,-35.339355,stair_up
116722,0.460083,-0.891724,-0.040894,20.202637,-40.771484,-37.658691,stair_up
116739,0.470947,-0.897461,-0.055176,23.010262,-41.19873,-38.146973,stair_up
116755,0.487305,-0.898804,-0.059937,25.634773,-44.250504,-36.621094,stair_up
116772,0.484497,-0.868408,-0.082764,27.587898,-49.743668,-34.362793,stair_up
116789,0.477661,-0.851685,-0.105225,29.479988,-52.917496,-33.874512,stair_up
116805,0.460083,-0.838257,-0.140747,33.02002,-59.448257,-33.325195,stair_up
116822,0.437622,-0.842163,-0.170776,35.095215,-65.307617,-32.226563,stair_up
116839,0.406982,-0.855103,-0.194336,35.583496,-66.28418,-31.372078,stair_up
116856,0.394531,-0.858276,-0.204956,35.461426,-64.758301,-31.005867,stair_up
116872,0.384766,-0.870361,-0.238647,36.376953,-60.913101,-29.785164,stair_up
116889,0.367798,-0.909546,-0.273438,36.376953,-58.53273,-26.489265,stair_up
116906,0.356323,-0.921875,-0.291016,34.912109,-57.312027,-24.597176,stair_up
116922,0.358521,-0.923706,-0.31897,32.775879,-56.701675,-20.202637,stair_up
116939,0.359009,-0.93457,-0.338257,32.043457,-58.6548,-14.587406,stair_up
116956,0.354126,-0.975464,-0.365967,33.38623,-61.340347,-7.324221,stair_up
116972,0.348145,-1.014282,-0.378662,34.362793,-62.988297,-3.54004,stair_up
116989,0.338379,-1.101563,-0.388306,35.217285,-67.077637,3.784181,stair_up
117006,0.325073,-1.166748,-0.363281,34.973145,-72.998047,10.009766,stair_up
117039,0.284668,-1.267944,-0.325317,40.893555,-81.970215,19.592285,stair_up
117056,0.263672,-1.324829,-0.328735,44.494644,-85.998535,26.062019,stair_up
117072,0.240845,-1.361694,-0.345703,46.752945,-88.256836,28.869637,stair_up
117089,0.173706,-1.397217,-0.351318,42.907715,-90.454132,31.98243,stair_up
117106,0.127319,-1.286255,-0.310913,34.729004,-88.195801,35.888672,stair_up
117122,0.104126,-1.163696,-0.234863,30.944832,-77.514648,41.748047,stair_up
117139,0.106567,-1.125488,-0.211792,29.541023,-68.786621,45.288101,stair_up
117156,0.126587,-1.075195,-0.23999,29.052742,-50.048843,53.100601,stair_up
117172,0.140503,-1.123047,-0.26123,30.395515,-33.874512,61.035172,stair_up
117189,0.146973,-1.141479,-0.256104,26.367195,-26.855476,64.697266,stair_up
117206,0.147217,-1.078369,-0.253784,14.03809,-17.51709,72.387695,stair_up
117222,0.13916,-0.986816,-0.255737,3.41797,-8.300781,78.552246,stair_up
117239,0.125732,-0.917847,-0.247559,-3.66211,3.723145,79.162598,stair_up
117256,0.123535,-0.887329,-0.245117,-6.469728,10.925293,75.98877,stair_up
117272,0.150879,-0.825195,-0.247192,-8.056641,21.179199,63.903824,stair_up
117289,0.15918,-0.798218,-0.263428,-6.774904,21.484375,48.889175,stair_up
117306,0.158569,-0.802002,-0.273926,-6.225588,18.371582,42.236328,stair_up
117322,0.162476,-0.835327,-0.283691,-6.042482,7.263186,31.372078,stair_up
117339,0.15332,-0.861328,-0.280762,-8.666992,-6.835939,24.41407,stair_up
117356,0.11438,-0.876221,-0.264404,-12.451176,-16.113281,19.714355,stair_up
117372,0.08667,-0.868164,-0.250732,-15.380863,-17.76123,17.272949,stair_up
117389,0.031372,-0.819824,-0.249023,-19.714355,-16.235352,12.878422,stair_up
117406,-0.013428,-0.790161,-0.262817,-20.080566,-10.925293,7.995607,stair_up
117423,-0.031494,-0.789551,-0.268677,-19.470215,-7.751467,5.249023,stair_up
117439,-0.054077,-0.791748,-0.265991,-20.263672,-1.281738,0.305176,stair_up
117456,-0.066284,-0.7771,-0.240845,-21.66748,5.554201,-2.380371,stair_up
117473,-0.064453,-0.766968,-0.22168,-25.756844,12.329105,0.061035,stair_up
117489,-0.062134,-0.753418,-0.225098,-26.42823,14.099125,0.12207,stair_up
117506,-0.034302,-0.737915,-0.232788,-22.949226,12.26807,-2.502441,stair_up
117523,-0.010864,-0.769043,-0.231567,-17.883301,4.821777,-4.394531,stair_up
117539,-0.019165,-0.791138,-0.229126,-18.005371,0.976563,-3.41797,stair_up
117556,-0.026245,-0.788574,-0.221924,-19.470215,-4.516602,-1.037598,stair_up
117573,-0.026245,-0.753662,-0.226074,-15.380863,-8.483887,-2.624512,stair_up
117589,-0.027954,-0.775513,-0.244141,-6.469728,-8.300781,-4.089355,stair_up
117606,-0.027222,-0.802979,-0.246338,-3.784181,-7.263186,-4.943848,stair_up
117623,-0.022827,-0.812134,-0.247192,-3.234864,-7.385256,-4.394531,stair_up
117639,-0.006958,-0.771362,-0.246338,-2.197266,-8.789063,-2.13623,stair_up
117656,0.006836,-0.760742,-0.254517,-0.12207,-9.94873,-1.342773,stair_up
117673,0.045166,-0.776245,-0.268433,4.638672,-13.671879,-0.488281,stair_up
117689,0.072754,-0.779541,-0.272339,6.896975,-19.592285,-0.732422,stair_up
117706,0.071289,-0.766113,-0.273438,7.385256,-23.010262,-0.732422,stair_up
117723,0.07019,-0.714844,-0.286255,8.972168,-29.113777,-0.427246,stair_up
117739,0.094238,-0.686157,-0.309448,15.502934,-34.851074,-0.915528,stair_up
117756,0.117432,-0.729248,-0.335327,25.634773,-41.992188,-2.502441,stair_up
117773,0.116089,-0.774536,-0.339478,29.296883,-45.593277,-3.112794,stair_up
117789,0.114258,-0.846191,-0.34729,31.98243,-52.063004,-3.784181,stair_up
117806,0.097168,-0.865845,-0.350708,30.395515,-55.908218,-3.845216,stair_up
117823,0.094116,-0.863525,-0.358398,29.602058,-56.51857,-4.516602,stair_up
117839,0.084106,-0.871826,-0.371704,28.930672,-55.969254,-6.652834,stair_up
117856,0.059937,-0.894165,-0.385864,26.611336,-51.757828,-9.765625,stair_up
117873,0.061279,-0.910156,-0.409302,23.559578,-46.264664,-13.549809,stair_up
117889,0.07019,-0.915649,-0.421753,21.972656,-44.372574,-15.441898,stair_up
117906,0.077148,-0.919067,-0.434326,18.859863,-41.564941,-18.920898,stair_up
117923,0.082275,-0.928589,-0.454346,17.700195,-38.879395,-21.606445,stair_up
117939,0.079712,-0.955078,-0.463623,18.432617,-37.719727,-23.010262,stair_up
117956,0.077515,-1.027344,-0.47522,19.165039,-36.254883,-26.367195,stair_up
117973,0.085938,-1.081177,-0.479004,17.76123,-36.254883,-28.625496,stair_up
117989,0.081421,-1.098633,-0.451782,11.596684,-35.583496,-29.907234,stair_up
118006,0.078613,-1.073853,-0.425049,7.385256,-34.057617,-30.639656,stair_up
118023,0.065552,-1.048828,-0.370483,5.187988,-26.855476,-31.677254,stair_up
118040,0.117676,-1.154419,-0.336182,9.155273,-22.460945,-34.606934,stair_up
118056,0.136841,-1.212769,-0.305298,10.620117,-19.592285,-37.780762,stair_up
118073,0.15686,-1.328247,-0.191406,7.751467,-12.512211,-36.071777,stair_up
118090,0.141357,-1.378296,-0.109375,-6.652834,7.141115,-26.977547,stair_up
118106,0.196289,-1.291504,-0.111816,-5.310059,20.812988,-34.423828,stair_up
118123,0.246338,-1.272827,-0.115967,3.906251,21.66748,-41.625977,stair_up
118140,0.295166,-1.401245,-0.067749,22.338875,18.066406,-51.147476,stair_up
118156,0.2677,-1.491211,0.006714,15.319828,12.939457,-52.673355,stair_up
118173,0.255981,-1.43042,0.028931,7.934572,10.253906,-52.429214,stair_up
118190,0.278442,-1.230225,0.057861,0.671387,1.586915,-50.659195,stair_up
118206,0.3302,-1.127686,0.0802,5.493164,-13.732914,-49.804703,stair_up
118223,0.325195,-1.113647,0.089966,10.009766,-25.390633,-50.231949,stair_up
118240,0.324097,-1.108276,0.085815,10.620117,-32.165527,-50.231949,stair_up
118256,0.311035,-1.058228,0.081177,10.437012,-54.260269,-48.522964,stair_up
118273,0.241333,-0.972778,0.082153,12.390141,-67.687988,-48.217789,stair_up
118290,0.235718,-0.940308,0.088135,12.939457,-71.228027,-47.912613,stair_up
118306,0.242188,-0.891602,0.099121,9.521484,-77.575684,-45.715347,stair_up
118323,0.227051,-0.813477,0.094971,3.54004,-78.918457,-43.334961,stair_up
118340,0.213745,-0.768311,0.087646,2.319336,-76.843262,-42.84668,stair_up
118356,0.191406,-0.716431,0.082153,5.004883,-69.152832,-43.579102,stair_up
118373,0.187866,-0.705322,0.083496,9.58252,-61.218277,-46.81398,stair_up
118390,0.205444,-0.718506,0.078125,14.16016,-55.664078,-48.156754,stair_up
118406,0.21582,-0.731812,0.071899,16.357422,-53.649918,-46.997086,stair_up
118423,0.234131,-0.769775,0.068115,20.690918,-50.659195,-42.541504,stair_up
118440,0.256226,-0.8125,0.057373,25.146492,-50.72023,-36.376953,stair_up
118456,0.267944,-0.839111,0.055298,26.672371,-52.001968,-32.409668,stair_up
118473,0.280029,-0.89502,0.058838,27.771004,-54.809586,-22.705086,stair_up
118490,0.285767,-0.956909,0.062378,26.245125,-56.823746,-12.817387,stair_up
118506,0.29541,-0.995605,0.067383,23.986824,-57.067886,-5.065918,stair_up
118523,0.298584,-1.006104,0.070679,23.254402,-56.274429,-1.953125,stair_up
118540,0.295776,-1.029175,0.069824,22.52198,-53.588882,2.807618,stair_up
118556,0.300415,-1.034912,0.052979,21.240234,-50.8423,5.249023,stair_up
118573,0.299072,-1.031372,0.039307,21.728516,-50.048843,5.432129,stair_up
118590,0.300537,-1.035156,0.009644,23.315437,-49.377457,3.723145,stair_up
118607,0.302124,-1.040771,-0.012329,24.41407,-50.903336,1.037598,stair_up
118623,0.300781,-1.016479,-0.037231,23.376472,-52.917496,-2.13623,stair_up
118640,0.301636,-0.993164,-0.051636,22.705086,-54.199234,-3.479005,stair_up
118657,0.297241,-0.95752,-0.074341,24.108894,-57.617203,-6.652834,stair_up
118673,0.29187,-0.974731,-0.077637,26.489265,-61.157242,-10.192871,stair_up
118690,0.286377,-0.998657,-0.077393,26.855476,-62.56105,-11.169437,stair_up
118707,0.270508,-1.032959,-0.07373,23.742683,-64.27002,-12.084965,stair_up
118723,0.256958,-1.023193,-0.082275,20.019531,-65.917969,-12.146,stair_up
118740,0.232666,-1.01001,-0.101318,18.127441,-67.321777,-12.512211,stair_up
118757,0.2229,-1.017944,-0.106934,17.63916,-67.810059,-11.901859,stair_up
118773,0.200195,-1.059814,-0.109131,15.136723,-66.833496,-8.483887,stair_up
118790,0.175903,-1.089233,-0.102173,9.399414,-61.096207,-3.173829,stair_up
118807,0.164917,-1.091064,-0.094604,6.469728,-56.335464,-0.12207,stair_up
118823,0.143799,-1.100464,-0.079346,3.784181,-43.273926,4.638672,stair_up
118840,0.141968,-1.150879,-0.067139,4.150391,-26.916512,9.216309,stair_up
118857,0.145142,-1.21814,-0.057983,2.380371,-10.742188,13.854984,stair_up
118873,0.151978,-1.236572,-0.050781,1.342773,-4.02832,15.625004,stair_up
118890,0.16333,-1.265991,-0.031006,1.77002,5.554201,18.676758,stair_up
118907,0.1698,-1.349487,-0.012085,6.042482,11.840824,21.42334,stair_up
118923,0.167236,-1.401855,0.001953,6.225588,14.892582,22.460945,stair_up
118940,0.163574,-1.437134,0.034302,1.281738,21.728516,25.390633,stair_up
118957,0.15625,-1.375122,0.049927,-2.075195,28.564461,28.564461,stair_up
118973,0.138794,-1.348999,0.045288,-0.976563,31.311043,29.418953,stair_up
118990,0.091187,-1.320435,0.040894,0.976563,35.15625,30.33448,stair_up
119007,0.061768,-1.241333,0.016357,0.549316,34.790039,33.26416,stair_up
119023,0.048096,-1.152954,-0.05188,1.708985,26.611336,38.574219,stair_up
119040,0.05249,-1.107544,-0.076294,1.708985,20.935059,41.687012,stair_up
119057,0.081787,-1.009033,-0.123779,0.976563,10.742188,49.255386,stair_up
119073,0.060547,-0.928711,-0.161499,0.549316,10.314941,54.565445,stair_up
119090,0.043823,-0.905396,-0.166504,0.0,14.587406,55.908218,stair_up
119107,0.013916,-0.870361,-0.17627,-4.577637,25.878914,56.091324,stair_up
119123,0.025391,-0.812622,-0.199219,-12.512211,35.583496,53.100601,stair_up
119140,0.056519,-0.757935,-0.224609,-16.540527,40.344238,48.400894,stair_up
119157,0.073242,-0.752075,-0.230591,-17.089844,41.19873,45.776382,stair_up
119173,0.088135,-0.772461,-0.235352,-19.470215,42.663574,41.137695,stair_up
119190,0.049683,-0.792114,-0.227051,-25.390633,47.668472,37.414551,stair_up
119207,0.039673,-0.786743,-0.218262,-28.32032,52.73439,35.705566,stair_up
119224,0.039795,-0.755127,-0.209595,-32.043457,63.537613,32.104492,stair_up
119240,0.040405,-0.731323,-0.195313,-30.273445,72.265625,28.259285,stair_up
119257,0.054077,-0.729736,-0.172607,-28.44239,78.552246,24.841316,stair_up
119274,0.05957,-0.716553,-0.168701,-27.893074,80.01709,22.888191,stair_up
119290,0.057129,-0.68396,-0.170776,-24.658211,78.552246,20.751953,stair_up
119307,0.068481,-0.678467,-0.176758,-18.127441,72.570801,18.371582,stair_up
119324,0.081665,-0.689209,-0.180542,-14.648441,67.382813,17.63916,stair_up
119340,0.093872,-0.717407,-0.19397,-10.009766,54.931656,17.944336,stair_up
119357,0.101685,-0.707275,-0.206055,-8.544922,41.992188,21.118164,stair_up
119374,0.104126,-0.687012,-0.235107,-3.479005,29.846199,24.719246,stair_up
119390,0.096436,-0.696411,-0.24939,0.305176,24.597176,25.634773,stair_up
119407,0.076416,-0.725098,-0.269043,6.652834,16.296387,24.780281,stair_up
119424,0.060425,-0.737183,-0.282837,10.681152,12.695316,23.376472,stair_up
119440,0.06958,-0.743408,-0.291016,13.183598,12.390141,23.132332,stair_up
119457,0.078003,-0.800537,-0.303833,19.226074,12.878422,22.52198,stair_up
119474,0.068848,-0.86499,-0.308594,20.812988,14.28223,20.507813,stair_up
119490,0.078003,-0.867065,-0.340332,20.080566,13.793949,16.784668,stair_up
119507,0.088135,-0.862061,-0.359985,21.118164,11.901859,14.465336,stair_up
119524,0.115479,-0.863281,-0.394775,24.597176,5.737307,8.972168,stair_up
119540,0.123413,-0.884399,-0.415283,28.44239,-3.356935,3.173829,stair_up
119557,0.120728,-0.898071,-0.427246,30.33448,-8.422852,0.183106,stair_up
119574,0.111206,-0.946289,-0.448608,33.935547,-17.211914,-4.943848,stair_up
119590,0.098755,-0.98584,-0.43457,33.203125,-22.705086,-9.155273,stair_up
119607,0.093018,-0.995728,-0.418213,31.372078,-23.498543,-10.925293,stair_up
119624,0.074585,-0.974731,-0.379395,25.695808,-19.897461,-13.854984,stair_up
119640,0.081055,-0.996582,-0.352905,27.282722,-10.314941,-15.075687,stair_up
119657,0.137573,-1.0979,-0.345947,28.137215,-3.967286,-16.784668,stair_up
119674,0.162964,-1.143921,-0.330933,28.991707,-2.624512,-17.883301,stair_up
119690,0.16748,-1.253418,-0.268311,28.07618,6.103518,-16.113281,stair_up
119707,0.216064,-1.352295,-0.225098,18.920898,15.136723,-13.977055,stair_up
119724,0.253784,-1.359009,-0.221436,15.441898,16.113281,-15.991215,stair_up
119740,0.313843,-1.321045,-0.234863,15.991215,8.056641,-26.30616,stair_up
119757,0.347046,-1.352783,-0.229126,23.132332,-6.591799,-37.353516,stair_up
119774,0.3302,-1.389282,-0.170654,16.784668,-23.376472,-45.715347,stair_up
119790,0.307861,-1.353882,-0.137207,9.94873,-30.151375,-49.133316,stair_up
119807,0.28064,-1.235962,-0.08374,-0.671387,-39.245605,-54.199234,stair_up
119824,0.26416,-1.170532,-0.044922,-4.333496,-40.893555,-63.598648,stair_up
119841,0.257813,-1.152466,-0.027832,-7.08008,-39.18457,-68.29834,stair_up
119857,0.248291,-1.107544,-0.008545,-12.573246,-32.104492,-73.425293,stair_up
119874,0.227173,-1.043579,-0.008667,-16.784668,-23.681648,-75.439453,stair_up
119891,0.23877,-0.991943,-0.014771,-17.822266,-18.493652,-74.707031,stair_up
119907,0.248047,-0.97876,-0.021973,-18.005371,-18.188477,-73.974609,stair_up
119924,0.260742,-0.946533,-0.023682,-20.385742,-20.874023,-71.594238,stair_up
119941,0.259521,-0.881348,-0.005371,-25.390633,-25.451668,-66.772461,stair_up
119957,0.258789,-0.843018,0.001221,-27.282722,-27.893074,-63.964859,stair_up
119974,0.256592,-0.775146,0.008301,-27.771004,-32.226563,-59.753433,stair_up
119991,0.266724,-0.738159,-0.009766,-23.498543,-36.804199,-57.861343,stair_up
120007,0.292725,-0.75293,-0.030884,-17.883301,-42.053223,-57.006851,stair_up
120024,0.295288,-0.768433,-0.030884,-16.479492,-44.250504,-56.457535,stair_up
120041,0.288086,-0.791016,-0.026733,-15.808109,-46.997086,-54.565445,stair_up
120057,0.282837,-0.795166,-0.03064,-15.502934,-47.546402,-52.124039,stair_up
120074,0.281372,-0.795776,-0.032593,-14.892582,-46.752945,-50.415054,stair_up
120091,0.296997,-0.803223,-0.05249,-12.939457,-44.738785,-47.729507,stair_up
120107,0.321167,-0.825073,-0.065918,-9.155273,-42.480469,-46.264664,stair_up
120124,0.337402,-0.857178,-0.057373,-7.873537,-38.696289,-43.212891,stair_up
120141,0.338623,-0.870239,-0.049683,-8.728027,-36.254883,-40.466309,stair_up
120157,0.343384,-0.878174,-0.039307,-11.047363,-30.273445,-34.484863,stair_up
120174,0.351807,-0.90332,-0.040039,-8.850098,-23.010262,-30.33448,stair_up
120191,0.348267,-0.920654,-0.036499,-8.361816,-18.493652,-29.357918,stair_up
120207,0.350952,-0.925781,-0.040527,-8.605957,-8.850098,-26.489265,stair_up
120224,0.368286,-0.907104,-0.060791,-6.896975,-1.831055,-22.338875,stair_up
120241,0.373657,-0.898682,-0.069702,-5.126953,0.244141,-20.446777,stair_up
120257,0.379272,-0.887207,-0.075684,-1.831055,0.549316,-17.211914,stair_up
120274,0.378296,-0.876709,-0.069336,-0.244141,-3.356935,-13.183598,stair_up
120291,0.378174,-0.852417,-0.072876,1.342773,-8.544922,-7.385256,stair_up
120307,0.37915,-0.844849,-0.084595,3.54004,-11.169437,-4.02832,stair_up
120324,0.38269,-0.856934,-0.118408,9.277344,-16.540527,1.77002,stair_up
120341,0.394043,-0.899658,-0.139404,15.319828,-23.132332,7.446291,stair_up
120357,0.394897,-0.925903,-0.142456,16.296387,-27.526863,11.596684,stair_up
120374,0.385498,-0.956665,-0.159424,17.578125,-35.644531,20.812988,stair_up
120391,0.389648,-0.990479,-0.189697,20.629883,-42.053223,27.771004,stair_up
120408,0.384644,-1.03125,-0.220947,23.010262,-47.973648,31.616219,stair_up
120424,0.374146,-1.050537,-0.228516,23.437508,-50.415054,33.14209,stair_up
120441,0.340088,-1.105103,-0.212402,24.658211,-52.61232,37.04834,stair_up
120458,0.275757,-1.216797,-0.176636,27.160652,-48.034683,41.564941,stair_up
120474,0.235962,-1.287354,-0.161621,28.32032,-43.151855,44.250504,stair_up
120491,0.196777,-1.416138,-0.16394,30.029305,-29.785164,49.682632,stair_up
120508,0.18689,-1.498169,-0.192017,30.822762,-16.784668,54.809586,stair_up
120524,0.160767,-1.487305,-0.174683,27.038582,-8.361816,59.204117,stair_up
120541,0.145264,-1.434082,-0.158203,24.353035,-4.943848,61.584488,stair_up
120558,0.125854,-1.333252,-0.140137,26.000984,0.854492,66.40625,stair_up
120574,0.125122,-1.327148,-0.157227,31.860359,3.906251,68.725586,stair_up
120591,0.126709,-1.339233,-0.171509,33.081055,3.723145,69.519043,stair_up
120608,0.119385,-1.306641,-0.187988,28.503426,0.854492,70.19043,stair_up
120624,0.084595,-1.182617,-0.167847,18.798828,-1.098633,69.763184,stair_up
120641,0.060547,-1.042847,-0.145996,9.094238,0.183106,69.274902,stair_up
120658,0.037476,-0.992554,-0.138794,5.981447,2.868653,68.115234,stair_up
120674,-0.020508,-0.917847,-0.128784,0.061035,14.343266,61.889664,stair_up
120691,-0.042358,-0.840942,-0.137329,-6.347658,32.653809,53.100601,stair_up
120708,-0.042603,-0.804199,-0.144531,-8.300781,42.114258,49.072281,stair_up
120724,-0.026001,-0.7771,-0.146606,-9.338379,59.021011,42.419434,stair_up
120741,0.003296,-0.782959,-0.1427,-12.02393,70.556641,36.560059,stair_up
120758,0.037964,-0.772827,-0.140869,-17.089844,75.134277,33.38623,stair_up
120774,0.050903,-0.758667,-0.140503,-19.287109,76.11084,32.531738,stair_up
120791,0.077515,-0.726807,-0.147461,-20.324707,76.477051,30.33448,stair_up
120808,0.096558,-0.715576,-0.160522,-17.76123,72.509766,27.587898,stair_up
120824,0.104614,-0.717407,-0.168335,-16.357422,69.091797,27.160652,stair_up
120841,0.119995,-0.738159,-0.181519,-12.939457,60.913101,29.479988,stair_up
120858,0.11792,-0.77063,-0.177856,-9.643555,51.696793,30.33448,stair_up
120874,0.118408,-0.780396,-0.179443,-7.873537,46.69191,30.21241,stair_up
120891,0.124268,-0.797729,-0.186157,-3.601075,37.597656,29.785164,stair_up
120908,0.114868,-0.817505,-0.192871,0.305176,29.052742,29.113777,stair_up
120924,0.096191,-0.82959,-0.202393,2.624512,22.094727,28.19825,stair_up
120941,0.084961,-0.83252,-0.205811,3.845216,19.40918,28.07618,stair_up
120958,0.072144,-0.824585,-0.217529,5.920412,16.784668,27.465828,stair_up
120974,0.086914,-0.803223,-0.238647,10.864258,13.305668,25.573738,stair_up
120991,0.089355,-0.80249,-0.252563,14.648441,9.94873,24.353035,stair_up
121008,0.066406,-0.827515,-0.266357,21.057129,2.075195,20.874023,stair_up
121025,0.026367,-0.849487,-0.269409,22.949226,-2.197266,17.456055,stair_up
121041,0.00415,-0.836426,-0.260132,24.047859,-0.732422,14.831547,stair_up
121058,0.016479,-0.856689,-0.262695,24.780281,-1.342773,16.479492,stair_up
121075,-0.023193,-0.896851,-0.279175,20.751953,3.479005,19.65332,stair_up
121091,-0.026978,-0.87439,-0.291626,23.315437,7.873537,12.939457,stair_up
121108,-0.033569,-0.88269,-0.287476,23.803719,8.666992,10.742188,stair_up
121125,-0.046509,-0.881836,-0.280029,21.66748,11.779789,6.103518,stair_up
121141,-0.028931,-0.859253,-0.296021,21.606445,14.28223,2.807618,stair_up
121158,-0.008545,-0.893433,-0.322266,22.888191,16.052246,0.915528,stair_up
121175,-0.005737,-0.906982,-0.332031,22.27784,16.784668,-1.342773,stair_up
121191,-0.000122,-0.918335,-0.331665,17.76123,18.005371,-1.89209,stair_up
121208,-0.003418,-0.891602,-0.338867,11.474613,21.789551,-0.793457,stair_up
121225,0.011597,-0.873291,-0.346558,10.803223,23.498543,-1.586915,stair_up
121241,0.038818,-0.899902,-0.35498,10.131836,21.42334,-1.159668,stair_up
121258,0.031372,-0.897461,-0.371338,6.164553,16.113281,-4.699707,stair_up
121275,0.072998,-0.922852,-0.37561,6.347658,12.146,-3.41797,stair_up
121291,0.082642,-0.963379,-0.369507,5.310059,11.230473,-2.380371,stair_up
121308,0.109375,-1.038696,-0.363159,5.737307,8.300781,-1.77002,stair_up
121325,0.08374,-1.161987,-0.34436,8.056641,13.854984,0.793457,stair_up
121341,0.075073,-1.234741,-0.317627,5.187988,20.202637,3.173829,stair_up
121358,0.080688,-1.268433,-0.265503,-6.286623,33.569336,0.061035,stair_up
121375,0.106934,-1.158936,-0.257568,-5.798342,41.870117,-12.329105,stair_up
121391,0.159302,-1.182617,-0.265259,6.408693,45.043961,-23.620613,stair_up
121408,0.200806,-1.242432,-0.268799,11.169437,43.029785,-27.893074,stair_up
121425,0.274414,-1.345337,-0.262085,13.793949,27.038582,-33.874512,stair_up
121441,0.281494,-1.360229,-0.209229,6.408693,2.807618,-36.254883,stair_up
121458,0.266724,-1.317139,-0.172241,0.610352,-8.300781,-37.658691,stair_up
121475,0.232788,-1.182495,-0.115356,-8.911133,-25.634773,-40.95459,stair_up
121491,0.205811,-1.079102,-0.095581,-12.084965,-30.517586,-45.043961,stair_up
121508,0.198853,-1.050415,-0.091919,-11.352543,-29.418953,-47.546402,stair_up
121525,0.192261,-1.025269,-0.10376,-8.850098,-24.841316,-53.039566,stair_up
121541,0.198853,-0.999878,-0.101685,-7.690432,-18.432617,-59.814468,stair_up
121558,0.239624,-0.948242,-0.078491,-10.253906,-14.953617,-62.866226,stair_up
121575,0.253784,-0.914917,-0.068237,-11.779789,-14.831547,-63.842789,stair_up
121592,0.273315,-0.854614,-0.060791,-13.854984,-17.63916,-64.51416,stair_up
121608,0.291748,-0.815308,-0.075439,-12.573246,-25.268562,-65.124512,stair_up
121625,0.293335,-0.817139,-0.084717,-9.82666,-29.785164,-65.368652,stair_up
121642,0.288086,-0.853638,-0.088013,-5.310059,-38.635254,-65.490723,stair_up
121658,0.285278,-0.859619,-0.079956,-4.760742,-46.875015,-63.293472,stair_up
121675,0.280396,-0.830566,-0.065186,-4.272461,-52.795425,-57.983414,stair_up
121692,0.27771,-0.822144,-0.056641,-3.66211,-54.62648,-54.687515,stair_up
121708,0.281128,-0.842163,-0.047729,-0.183106,-56.701675,-47.973648,stair_up
121725,0.277588,-0.907593,-0.046021,1.098633,-55.847183,-42.297363,stair_up
121742,0.276978,-0.928467,-0.046997,0.244141,-54.687515,-39.367676,stair_up
121758,0.293945,-0.938965,-0.05603,-2.13623,-52.185074,-34.240723,stair_up
121775,0.320557,-0.920898,-0.064453,-2.624512,-51.208511,-30.761726,stair_up
121792,0.329224,-0.925049,-0.065552,0.0,-51.635757,-29.479988,stair_up
121808,0.328979,-0.939819,-0.067261,0.732422,-51.635757,-29.602058,stair_up
121825,0.312256,-0.967773,-0.056885,0.549316,-50.109879,-29.541023,stair_up
121842,0.294678,-0.954956,-0.052246,-2.929688,-45.532242,-28.991707,stair_up
121858,0.291138,-0.931519,-0.058472,-3.967286,-42.602539,-28.747566,stair_up
121875,0.296509,-0.890259,-0.084229,-2.502441,-36.560059,-29.357918,stair_up
121892,0.306519,-0.901001,-0.100098,2.258301,-33.02002,-30.151375,stair_up
121908,0.302368,-0.9198,-0.098145,3.295899,-30.822762,-29.785164,stair_up
121925,0.300049,-0.917358,-0.092041,2.929688,-29.785164,-28.44239,stair_up
121942,0.297119,-0.896606,-0.081665,2.380371,-26.855476,-23.925789,stair_up
121958,0.297729,-0.884033,-0.084595,3.234864,-24.108894,-18.859863,stair_up
121975,0.303467,-0.8927,-0.097168,5.004883,-23.132332,-16.540527,stair_up
121992,0.303467,-0.96106,-0.109497,9.094238,-22.766121,-12.573246,stair_up
122008,0.305786,-1.002686,-0.112671,6.713869,-23.925789,-7.873537,stair_up
122025,0.303345,-0.983765,-0.112427,4.02832,-26.18409,-1.831055,stair_up
122042,0.305054,-0.977173,-0.121216,5.371094,-27.404793,0.610352,stair_up
122058,0.314697,-1.026367,-0.135864,9.643555,-30.456551,4.455566,stair_up
122075,0.317993,-1.080688,-0.160889,10.070801,-34.851074,9.521484,stair_up
122092,0.307007,-1.102295,-0.162354,9.94873,-37.109375,11.596684,stair_up
122108,0.283325,-1.106323,-0.162964,8.239746,-41.381836,14.16016,stair_up
122125,0.275146,-1.105713,-0.1604,11.047363,-45.349136,16.357422,stair_up
122142,0.275024,-1.124146,-0.167236,14.465336,-46.997086,17.456055,stair_up
122158,0.292114,-1.221436,-0.20813,22.27784,-52.063004,22.39991,stair_up
122175,0.297607,-1.309937,-0.244873,22.827156,-59.814468,29.663094,stair_up
122192,0.273804,-1.317627,-0.254395,21.362305,-66.650391,34.545898,stair_up
122209,0.245239,-1.319214,-0.244385,21.911621,-67.871094,35.644531,stair_up
122225,0.161499,-1.339722,-0.182373,20.874023,-62.255875,36.132813,stair_up
122242,0.076538,-1.324219,-0.125977,16.540527,-45.898453,35.583496,stair_up
122259,0.046753,-1.316895,-0.122681,15.808109,-36.132813,35.400391,stair_up
122275,0.015747,-1.346069,-0.166382,14.892582,-14.953617,33.874512,stair_up
122292,-0.011353,-1.302124,-0.197754,5.737307,1.586915,30.700691,stair_up
122309,-0.057983,-1.16748,-0.153198,-8.300781,13.732914,30.761726,stair_up
122325,-0.075073,-1.084351,-0.120117,-15.747074,20.385742,32.348633,stair_up
122342,-0.043945,-0.912476,-0.08374,-23.437508,32.714844,35.888672,stair_up
122359,-0.004517,-0.825195,-0.087646,-20.019531,40.100098,35.27832,stair_up
122375,0.010986,-0.814087,-0.102051,-18.188477,40.710449,33.203125,stair_up
122392,-0.005981,-0.803711,-0.135864,-17.822266,39.306641,30.151375,stair_up
122409,-0.059326,-0.773438,-0.165405,-21.42334,38.269043,30.21241,stair_up
122425,-0.096558,-0.764648,-0.202881,-20.874023,41.503906,30.822762,stair_up
122442,-0.093872,-0.772217,-0.203247,-20.690918,45.654312,30.273445,stair_up
122459,-0.077881,-0.770752,-0.178833,-21.911621,56.51857,30.700691,stair_up
122475,-0.067749,-0.75354,-0.168335,-23.559578,69.885254,32.531738,stair_up
122492,-0.062866,-0.750732,-0.166382,-23.315437,77.209473,33.325195,stair_up
122509,-0.033569,-0.77124,-0.166748,-22.216805,88.989288,32.714844,stair_up
122525,0.001099,-0.803589,-0.175903,-22.155769,95.459015,32.409668,stair_up
122542,0.02832,-0.828369,-0.185059,-24.41407,99.182159,35.095215,stair_up
122559,0.047241,-0.829956,-0.193604,-25.390633,100.036652,36.254883,stair_up
122575,0.102661,-0.823853,-0.216431,-24.230965,97.41214,36.987305,stair_up
122592,0.148315,-0.821899,-0.216553,-21.30127,89.355499,36.193848,stair_up
122609,0.163696,-0.819458,-0.223755,-19.592285,83.251953,36.071777,stair_up
122625,0.15686,-0.818359,-0.256714,-16.052246,68.725586,36.193848,stair_up
122642,0.154663,-0.814575,-0.286987,-11.962894,55.664078,37.17041,stair_up
122659,0.151123,-0.783325,-0.296509,-8.422852,46.020523,38.635254,stair_up
122675,0.14978,-0.797729,-0.30127,-6.286623,42.419434,39.245605,stair_up
122692,0.167725,-0.77771,-0.327271,0.671387,35.705566,39.489746,stair_up
122709,0.189575,-0.800903,-0.358887,9.643555,25.451668,38.635254,stair_up
122725,0.190186,-0.818115,-0.364746,12.329105,19.226074,38.208008,stair_up
122742,0.174805,-0.833618,-0.371948,15.380863,7.263186,38.330078,stair_up
122759,0.150269,-0.850464,-0.376099,17.76123,1.159668,37.658691,stair_up
122775,0.145874,-0.858887,-0.381836,18.432617,0.305176,36.499023,stair_up
122792,0.133301,-0.874268,-0.395996,19.897461,0.671387,32.531738,stair_up
122809,0.10498,-0.870728,-0.407227,18.432617,2.746582,27.771004,stair_up
122826,0.095093,-0.840698,-0.413696,16.357422,5.859377,23.498543,stair_up
122842,0.097656,-0.828613,-0.420166,15.991215,7.019045,21.30127,stair_up
122859,0.096313,-0.832764,-0.43042,16.479492,8.361816,16.479492,stair_up
122876,0.078247,-0.847412,-0.446899,16.052246,10.498047,11.596684,stair_up
122892,0.074707,-0.854248,-0.450806,15.625004,12.26807,9.70459,stair_up
122909,0.072388,-0.857056,-0.445923,13.366703,16.296387,7.019045,stair_up
122926,0.087402,-0.833008,-0.44397,10.864258,20.141602,4.943848,stair_up
122942,0.111206,-0.849731,-0.472168,13.793949,21.118164,3.051759,stair_up
122959,0.113159,-0.892456,-0.478516,15.686039,21.057129,1.89209,stair_up
122976,0.126831,-0.96521,-0.480957,15.014652,17.150879,0.488281,stair_up
122992,0.11438,-0.983887,-0.470703,14.648441,14.587406,-0.244141,stair_up
123009,0.109863,-1.002808,-0.452759,14.28223,17.089844,1.098633,stair_up
123026,0.128418,-1.058716,-0.414185,11.169437,26.611336,4.516602,stair_up
123042,0.172729,-1.048218,-0.412109,12.02393,32.775879,-2.624512,stair_up
123059,0.230103,-1.090576,-0.407471,22.644051,33.203125,-13.305668,stair_up
123076,0.254272,-1.150146,-0.398438,25.939949,32.348633,-16.052246,stair_up
123092,0.328613,-1.25415,-0.384766,29.113777,25.512703,-18.859863,stair_up
123109,0.403076,-1.344727,-0.377075,33.26416,8.239746,-21.057129,stair_up
123126,0.428223,-1.390381,-0.366333,33.691406,-3.234864,-22.338875,stair_up
123142,0.442749,-1.399658,-0.342773,25.695808,-29.052742,-25.817879,stair_up
123159,0.402466,-1.245361,-0.309326,15.563969,-53.833023,-33.508301,stair_up
123176,0.350342,-1.110962,-0.243408,11.657719,-67.260742,-41.687012,stair_up
123192,0.341187,-1.079956,-0.216187,10.131836,-70.43457,-45.471207,stair_up
123209,0.329102,-1.04187,-0.182373,8.789063,-72.44873,-54.870621,stair_up
123226,0.320435,-1.054565,-0.175781,7.20215,-73.730469,-62.31691,stair_up
123242,0.309692,-1.077026,-0.173096,5.249023,-74.829102,-64.63623,stair_up
123259,0.273071,-1.084595,-0.137451,-4.638672,-74.34082,-68.237305,stair_up
123276,0.240601,-1.010254,-0.089844,-16.662598,-70.068359,-70.007324,stair_up
123292,0.194336,-0.963989,-0.054199,-24.902351,-60.607925,-71.960449,stair_up
123309,0.203491,-0.881958,-0.041382,-27.526863,-53.405777,-72.937012,stair_up
123326,0.199585,-0.81897,-0.036499,-29.174812,-37.29248,-74.951172,stair_up
123342,0.207886,-0.811279,-0.042603,-26.18409,-23.010262,-76.660156,stair_up
123359,0.210205,-0.822266,-0.040283,-25.146492,-17.700195,-77.209473,stair_up
123376,0.21936,-0.808838,-0.027466,-27.221687,-11.047363,-76.660156,stair_up
123393,0.241211,-0.754272,-0.023682,-27.404793,-11.352543,-72.937012,stair_up
123409,0.250366,-0.737793,-0.024292,-25.695808,-13.671879,-70.19043,stair_up
123426,0.25708,-0.733765,-0.030762,-21.484375,-20.385742,-63.842789,stair_up
123443,0.265381,-0.726318,-0.037842,-17.578125,-28.259285,-56.213394,stair_up
123459,0.276489,-0.730713,-0.050415,-10.864258,-35.766602,-46.93605,stair_up
123476,0.284668,-0.757202,-0.050415,-6.835939,-38.452148,-42.236328,stair_up
123493,0.298706,-0.815796,-0.040039,-1.098633,-40.83252,-33.26416,stair_up
123509,0.301636,-0.86377,-0.039551,3.967286,-41.07666,-25.634773,stair_up
123526,0.302612,-0.890137,-0.036621,6.225588,-39.855957,-22.39991,stair_up
123543,0.304688,-0.922974,-0.025513,8.178711,-35.522461,-16.784668,stair_up
123559,0.303589,-0.922241,-0.023926,10.681152,-29.296883,-13.122562,stair_up
123576,0.305908,-0.938965,-0.034302,14.099125,-21.057129,-10.864258,stair_up
123593,0.313599,-0.942261,-0.051392,15.319828,-17.63916,-10.131836,stair_up
123609,0.323853,-0.942749,-0.077393,17.883301,-13.427738,-9.155273,stair_up
123626,0.324951,-0.942871,-0.083374,18.432617,-12.084965,-8.666992,stair_up
123643,0.325684,-0.937012,-0.081543,18.249512,-11.718754,-7.995607,stair_up
123659,0.326782,-0.92395,-0.091064,17.944336,-11.352543,-6.103518,stair_up
123676,0.330322,-0.913574,-0.116577,19.40918,-12.26807,-4.577637,stair_up
123693,0.337036,-0.921997,-0.149048,21.850586,-15.808109,-2.929688,stair_up
123709,0.339966,-0.935913,-0.165283,23.254402,-19.287109,-1.586915,stair_up
123726,0.328125,-0.967773,-0.170532,23.681648,-27.221687,2.01416,stair_up
123743,0.318481,-0.956909,-0.178833,23.071297,-33.813477,5.798342,stair_up
123759,0.319336,-0.954712,-0.196533,24.475105,-36.865234,7.507326,stair_up
123776,0.320313,-1.034546,-0.250977,31.433113,-43.029785,10.620117,stair_up
123793,0.294922,-1.182739,-0.266846,33.203125,-48.034683,13.366703,stair_up
123809,0.251099,-1.249756,-0.26062,25.939949,-49.377457,16.113281,stair_up
123826,0.233032,-1.244263,-0.268066,22.094727,-48.278824,17.39502,stair_up
123843,0.200684,-1.23999,-0.273804,19.592285,-42.663574,19.40918,stair_up
123859,0.177246,-1.286255,-0.258545,19.714355,-33.26416,19.714355,stair_up
123876,0.164063,-1.313599,-0.258179,19.348145,-27.954109,20.202637,stair_up
123893,0.149048,-1.35376,-0.284302,19.714355,-18.920898,23.071297,stair_up
123909,0.155151,-1.38916,-0.329712,21.728516,-16.723633,28.625496,stair_up
123926,0.154297,-1.405762,-0.341309,23.620613,-22.338875,34.301758,stair_up
123943,0.114746,-1.416138,-0.323975,22.888191,-24.841316,37.17041,stair_up
123959,0.071167,-1.360229,-0.28772,19.470215,-26.245125,44.311539,stair_up
123976,0.040161,-1.282471,-0.246338,16.479492,-22.155769,53.710953,stair_up
123993,0.025269,-1.261108,-0.233887,16.662598,-16.967773,58.288589,stair_up
124010,0.004639,-1.27832,-0.184204,15.441898,0.549316,65.979004,stair_up
124026,-0.014771,-1.236206,-0.119263,3.356935,27.404793,72.08252,stair_up
124043,-0.017334,-1.163452,-0.097534,-4.516602,41.442871,74.768066,stair_up
124060,0.016968,-1.001709,-0.0802,-16.723633,66.711426,78.063965,stair_up
124076,0.068726,-0.886719,-0.05481,-23.376472,84.04541,77.636719,stair_up
124093,0.098633,-0.811523,-0.049316,-28.625496,95.886261,73.059082,stair_up
124110,0.114258,-0.774414,-0.065308,-30.517586,98.938019,69.702148,stair_up
124126,0.138672,-0.718506,-0.119629,-30.639656,97.29007,61.706558,stair_up
124143,0.149536,-0.702637,-0.162598,-28.808601,87.890625,54.62648,stair_up
124160,0.153198,-0.704956,-0.17041,-28.32032,82.580566,51.635757,stair_up
124176,0.151855,-0.713135,-0.158081,-28.991707,73.120117,46.875015,stair_up
124193,0.147461,-0.706543,-0.147217,-30.822762,67.504883,44.982925,stair_up
124210,0.129517,-0.699951,-0.158569,-30.883797,68.908691,42.114258,stair_up
124226,0.135132,-0.697754,-0.174683,-30.273445,71.228027,40.100098,stair_up
124243,0.155273,-0.705322,-0.222778,-26.794441,75.073242,36.010742,stair_up
124260,0.157593,-0.731323,-0.241211,-23.986824,76.477051,33.081055,stair_up
124276,0.160645,-0.736328,-0.245239,-22.52198,76.660156,31.555183,stair_up
124293,0.178833,-0.741699,-0.244263,-18.127441,74.035645,28.686531,stair_up
124310,0.214844,-0.73877,-0.27124,-13.122562,65.979004,27.954109,stair_up
124326,0.237061,-0.742432,-0.313477,-6.408693,52.001968,26.794441,stair_up
124343,0.237305,-0.743652,-0.327515,-2.746582,43.457031,25.268562,stair_up
124360,0.228516,-0.745605,-0.345337,4.02832,26.245125,22.216805,stair_up
124376,0.229004,-0.765747,-0.363403,10.559082,10.375977,20.141602,stair_up
124393,0.238037,-0.787231,-0.367798,14.648441,2.258301,18.676758,stair_up
124410,0.240234,-0.836548,-0.373413,21.362305,-16.418457,14.221195,stair_up
124426,0.180786,-0.848145,-0.368164,24.230965,-33.325195,8.056641,stair_up
124443,0.125244,-0.836182,-0.364624,26.000984,-42.907715,1.89209,stair_up
124460,0.101563,-0.835938,-0.361694,27.038582,-45.166031,-0.976563,stair_up
124476,0.049805,-0.854004,-0.35376,28.07618,-44.494644,-6.286623,stair_up
124493,0.006348,-0.876709,-0.34021,27.404793,-37.841797,-9.94873,stair_up
124510,-0.012573,-0.879517,-0.334717,26.123055,-32.775879,-10.803223,stair_up
124526,-0.034302,-0.865479,-0.348511,23.864754,-21.54541,-10.742188,stair_up
124543,-0.02478,-0.853638,-0.387817,24.719246,-12.817387,-10.070801,stair_up
124560,-0.019043,-0.863892,-0.412354,27.038582,-9.399414,-9.643555,stair_up
124576,-0.019165,-0.895996,-0.415894,26.977547,-9.277344,-9.094238,stair_up
124593,-0.010742,-0.894409,-0.414917,25.268562,-10.192871,-7.446291,stair_up
124610,-0.000244,-0.86792,-0.428345,24.292,-10.986328,-4.638672,stair_up
124627,0.004272,-0.861938,-0.436646,24.658211,-11.474613,-3.173829,stair_up
124643,0.00769,-0.870117,-0.440918,25.878914,-13.244633,-1.831055,stair_up
124660,0.012695,-0.889648,-0.437378,22.949226,-13.610844,2.380371,stair_up
124677,0.009888,-0.880859,-0.435425,22.033691,-12.939457,2.01416,stair_up
124693,0.034546,-0.873901,-0.42749,20.507813,-10.498047,3.112794,stair_up
124710,0.055664,-0.888184,-0.416992,18.249512,-8.300781,2.685547,stair_up
124727,0.088379,-0.894653,-0.416748,15.502934,-7.20215,1.953125,stair_up
124743,0.098755,-0.900146,-0.420044,14.404301,-7.141115,2.13623,stair_up
124760,0.103882,-0.914795,-0.417358,12.939457,-6.713869,1.77002,stair_up
124777,0.128052,-0.916992,-0.389038,10.437012,-4.272461,0.793457,stair_up
124793,0.151489,-0.901855,-0.384521,9.82666,-3.723145,0.671387,stair_up
124810,0.21228,-0.93811,-0.401001,15.014652,-7.385256,0.732422,stair_up
124827,0.246094,-1.06958,-0.382446,23.315437,-19.53125,-3.112794,stair_up
124843,0.228638,-1.230591,-0.331787,24.475105,-25.695808,-2.01416,stair_up
124860,0.235229,-1.286987,-0.311768,20.935059,-26.18409,-0.305176,stair_up
124877,0.258301,-1.307739,-0.305664,14.587406,-26.000984,-0.183106,stair_up
124893,0.301514,-1.348267,-0.289917,21.30127,-29.479988,-9.521484,stair_up
124910,0.326172,-1.419922,-0.272095,26.367195,-34.545898,-16.418457,stair_up
124927,0.336914,-1.613647,-0.218018,29.113777,-45.715347,-27.954109,stair_up
124943,0.300293,-1.68689,-0.133545,13.610844,-51.879898,-36.804199,stair_up
124960,0.256226,-1.524292,-0.067871,-8.789063,-52.978531,-44.250504,stair_up
124977,0.246826,-1.408936,-0.040894,-17.028809,-53.222672,-48.82814,stair_up
124993,0.244385,-1.241699,-0.000977,-26.550301,-49.377457,-58.53273,stair_up
125010,0.238037,-1.137939,0.006714,-31.677254,-43.457031,-70.007324,stair_up
125027,0.240723,-1.10498,0.003418,-32.348633,-42.480469,-76.293945,stair_up
125043,0.243408,-1.063721,0.004395,-33.630371,-43.395996,-85.693359,stair_up
125060,0.226196,-0.999146,0.007202,-34.545898,-42.785645,-93.62796,stair_up
125077,0.28418,-0.912476,0.018677,-37.231445,-47.668472,-94.726593,stair_up
125093,0.325928,-0.870117,0.024292,-38.024902,-56.091324,-92.712433,stair_up
125110,0.352661,-0.807007,0.04126,-39.672852,-80.932617,-87.70752,stair_up
125127,0.293945,-0.751587,0.054932,-40.95459,-102.539093,-83.984375,stair_up
125143,0.262207,-0.728027,0.059204,-40.649414,-108.459503,-83.251953,stair_up
125160,0.250977,-0.683228,0.065796,-38.024902,-113.03714,-81.298828,stair_up
125177,0.309326,-0.677368,0.05188,-31.127937,-118.713409,-74.890137,stair_up
125194,0.338867,-0.702026,0.044189,-23.803719,-125.061066,-66.711426,stair_up
125210,0.359985,-0.775635,0.043213,-21.972656,-127.075226,-62.072769,stair_up
125227,0.34375,-0.827637,0.041626,-21.42334,-126.586945,-52.856461,stair_up
125244,0.330444,-0.841431,0.028076,-21.42334,-117.858917,-45.776382,stair_up
125260,0.363281,-0.836792,0.017822,-19.897461,-113.03714,-43.09082,stair_up
125277,0.426758,-0.84314,0.008301,-14.099125,-107.055695,-37.597656,stair_up
125294,0.425049,-0.879028,0.010986,-9.094238,-100.708038,-32.226563,stair_up
125310,0.414429,-0.897827,0.012939,-7.812502,-96.374542,-29.724129,stair_up
125327,0.395752,-0.927124,-0.001099,-5.615236,-85.266113,-26.550301,stair_up
125344,0.37793,-0.960327,-0.012695,-2.075195,-70.068359,-25.878914,stair_up
125360,0.376953,-0.963135,-0.024536,-1.464844,-51.940933,-26.855476,stair_up
125377,0.381958,-0.948608,-0.028809,-0.732422,-42.84668,-27.404793,stair_up
125394,0.390991,-0.921265,-0.036133,2.563477,-26.855476,-29.846199,stair_up
125410,0.422119,-0.897217,-0.054199,7.751467,-18.005371,-34.057617,stair_up
125427,0.437134,-0.884521,-0.06665,10.803223,-17.456055,-35.949707,stair_up
125444,0.445435,-0.865601,-0.098755,16.418457,-22.644051,-38.208008,stair_up
125460,0.439697,-0.8573,-0.114746,21.728516,-32.409668,-39.611816,stair_up
125477,0.407227,-0.857178,-0.112305,25.329597,-40.161133,-39.245605,stair_up
125510,0.383545,-0.855591,-0.151855,31.188972,-41.687012,-37.17041,stair_up
125527,0.377075,-0.871826,-0.226807,36.499023,-43.029785,-35.15625,stair_up
125544,0.370483,-0.877441,-0.241821,38.391113,-43.395996,-33.874512,stair_up
125560,0.362793,-0.870728,-0.236938,39.0625,-42.724609,-30.883797,stair_up
125577,0.359985,-0.83667,-0.245972,39.611816,-39.18457,-27.160652,stair_up
125594,0.373169,-0.812744,-0.317871,44.372574,-34.973145,-23.986824,stair_up
125610,0.376709,-0.82373,-0.371704,48.095718,-34.484863,-22.644051,stair_up
125627,0.365112,-0.885742,-0.458008,53.710953,-37.475586,-19.958496,stair_up
125644,0.347656,-0.936646,-0.48999,52.978531,-44.67775,-16.052246,stair_up
125660,0.34314,-0.953247,-0.503418,51.574722,-49.316422,-13.488773,stair_up
125677,0.330078,-0.990356,-0.532471,49.865738,-58.6548,-8.666992,stair_up
125694,0.300903,-1.055298,-0.519043,48.217789,-64.51416,-4.760742,stair_up
125710,0.269165,-1.123779,-0.499146,46.508804,-65.307617,-2.197266,stair_up
125727,0.244751,-1.165894,-0.509277,46.508804,-65.002441,-0.915528,stair_up
125744,0.176636,-1.276733,-0.50061,46.325699,-61.950699,2.868653,stair_up
125760,0.113281,-1.35376,-0.428589,42.785645,-54.870621,8.483887,stair_up
125777,0.10498,-1.370239,-0.408691,41.07666,-51.391617,11.779789,stair_up
125794,0.093994,-1.371704,-0.437988,41.931152,-46.93605,19.958496,stair_up
125811,0.066162,-1.358276,-0.453003,40.771484,-44.92189,28.869637,stair_up
125827,0.041748,-1.309326,-0.432861,34.545898,-39.123535,36.621094,stair_up
125844,0.009277,-1.182983,-0.362305,33.203125,-32.104492,40.283203,stair_up
125861,0.031372,-1.13269,-0.269531,29.052742,-13.305668,47.485367,stair_up
125877,0.055054,-1.154907,-0.193359,22.216805,5.737307,53.955093,stair_up
125894,0.057495,-1.151611,-0.171997,15.014652,15.441898,56.51857,stair_up
125911,0.09021,-1.110596,-0.161011,2.380371,33.14209,62.133804,stair_up
125927,0.110474,-1.091675,-0.151367,-9.338379,46.508804,65.429688,stair_up
125944,0.120239,-1.09021,-0.126953,-14.831547,52.429214,65.551758,stair_up
125961,0.142334,-1.057983,-0.065796,-28.07618,63.537613,61.706558,stair_up
125977,0.125977,-1.009888,-0.05542,-37.841797,74.523926,54.687515,stair_up
125994,0.118286,-0.966431,-0.072632,-42.84668,86.730957,44.616714,stair_up
126011,0.120728,-0.950317,-0.090454,-42.84668,90.637238,38.574219,stair_up
126027,0.125854,-0.940674,-0.116943,-40.466309,89.416534,25.451668,stair_up
126044,0.123779,-0.918335,-0.125977,-40.161133,80.627441,14.404301,stair_up
126061,0.125854,-0.883789,-0.134155,-40.588379,73.913574,10.803223,stair_up
126077,0.119873,-0.797485,-0.176758,-38.696289,56.152359,7.019045,stair_up
126094,0.111206,-0.732788,-0.213989,-32.470703,33.630371,5.249023,stair_up
126111,0.089722,-0.697266,-0.237061,-25.329597,10.986328,4.455566,stair_up
126127,0.068848,-0.687622,-0.246582,-22.705086,1.037598,5.126953,stair_up
126144,0.030273,-0.670654,-0.259888,-18.798828,-13.916019,8.605957,stair_up
126161,0.013794,-0.664185,-0.281006,-14.831547,-23.986824,12.207035,stair_up
126177,0.010864,-0.669556,-0.294678,-12.817387,-27.526863,13.366703,stair_up
126194,-0.00708,-0.686035,-0.308472,-10.253906,-31.066902,15.014652,stair_up
126211,-0.025757,-0.708618,-0.309692,-8.117676,-29.724129,16.967773,stair_up
126227,-0.033569,-0.754883,-0.301025,-6.225588,-21.179199,17.76123,stair_up
126244,-0.031372,-0.770508,-0.304199,-6.103518,-15.808109,17.333984,stair_up
126261,-0.000732,-0.790771,-0.337524,-4.089355,-5.004883,16.113281,stair_up
126277,0.038086,-0.827271,-0.359009,-0.854492,3.41797,15.014652,stair_up
126294,0.059326,-0.84314,-0.364502,0.12207,6.469728,14.526371,stair_up
126311,0.092163,-0.852295,-0.377686,1.159668,10.925293,13.000492,stair_up
126327,0.125122,-0.846436,-0.416504,3.601075,12.084965,11.230473,stair_up
126344,0.148438,-0.856812,-0.438599,6.652834,9.58252,8.056641,stair_up
126361,0.149048,-0.855225,-0.434814,7.08008,7.20215,5.920412,stair_up
126378,0.138184,-0.830688,-0.429199,6.347658,3.54004,2.685547,stair_up
126394,0.154907,-0.799438,-0.449097,6.713869,1.098633,0.793457,stair_up
126411,0.166992,-0.792236,-0.460571,7.507326,-0.671387,-0.061035,stair_up
126428,0.170044,-0.786011,-0.476074,8.972168,-6.225588,-2.502441,stair_up
126444,0.148438,-0.771118,-0.46936,8.605957,-12.390141,-4.760742,stair_up
126461,0.140991,-0.758667,-0.463867,8.117676,-18.005371,-5.065918,stair_up
126478,0.146118,-0.735474,-0.465942,8.666992,-20.568848,-4.699707,stair_up
126494,0.162598,-0.740112,-0.476074,12.146,-25.512703,-4.882813,stair_up
126511,0.161987,-0.774658,-0.47937,14.648441,-29.907234,-4.821777,stair_up
126528,0.158081,-0.787109,-0.476196,14.648441,-31.005867,-4.638672,stair_up
126544,0.162109,-0.786499,-0.463989,13.793949,-32.470703,-4.02832,stair_up
126561,0.176514,-0.786865,-0.459717,13.793949,-33.752441,-3.234864,stair_up
126578,0.182129,-0.793823,-0.462402,13.793949,-33.935547,-3.051759,stair_up
126594,0.193604,-0.817505,-0.468872,14.648441,-34.240723,-4.150391,stair_up
126611,0.205933,-0.840088,-0.482178,15.502934,-35.03418,-5.615236,stair_up
126628,0.225952,-0.860596,-0.491577,16.845703,-38.024902,-6.347658,stair_up
126644,0.238892,-0.874878,-0.495361,17.883301,-40.83252,-6.408693,stair_up
126661,0.253906,-0.916626,-0.501465,18.432617,-50.170914,-6.896975,stair_up
126678,0.252441,-0.946289,-0.510864,15.869144,-59.387222,-8.666992,stair_up
126694,0.248535,-0.959717,-0.508545,14.526371,-63.354507,-9.643555,stair_up
126711,0.240112,-1.019653,-0.477295,13.183598,-68.847656,-12.329105,stair_up
126728,0.2229,-1.125732,-0.433838,10.131836,-65.002441,-15.075687,stair_up
126744,0.212158,-1.187744,-0.405273,1.098633,-55.297867,-17.883301,stair_up
126761,0.197266,-1.188721,-0.390991,-4.150391,-47.424332,-18.859863,stair_up
126778,0.196167,-1.15625,-0.361694,-6.835939,-27.771004,-26.611336,stair_up
126794,0.24939,-1.221436,-0.321289,2.01416,-11.901859,-38.269043,stair_up
126811,0.266846,-1.298584,-0.290283,6.225588,-5.798342,-43.09082,stair_up
126828,0.30481,-1.461304,-0.220337,8.850098,2.929688,-49.560562,stair_up
126844,0.325684,-1.515991,-0.150024,3.54004,5.126953,-55.114761,stair_up
126861,0.333496,-1.395386,-0.112183,-3.234864,0.976563,-60.974136,stair_up
126878,0.344238,-1.304932,-0.101074,-4.02832,-3.356935,-63.110367,stair_up
126894,0.365234,-1.1521,-0.068848,-3.234864,-15.258793,-66.467285,stair_up
126911,0.381714,-1.051514,-0.043335,1.831055,-31.799324,-70.3125,stair_up
126928,0.377686,-1.022949,-0.034546,5.004883,-41.381836,-72.32666,stair_up
126944,0.351685,-0.973389,-0.016113,11.596684,-62.56105,-78.857422,stair_up
126961,0.344116,-0.951294,0.004517,15.991215,-85.327148,-80.993652,stair_up
126978,0.331177,-0.936035,0.014282,14.16016,-107.543976,-77.819824,stair_up
126995,0.314941,-0.913574,0.013184,11.474613,-116.516144,-74.707031,stair_up
127011,0.287598,-0.850952,0.012939,6.408693,-125.061066,-68.969727,stair_up
127028,0.273071,-0.800293,0.020264,5.004883,-121.276886,-65.551758,stair_up
127045,0.261719,-0.788208,0.023315,4.943848,-115.905792,-64.575195,stair_up
127061,0.248901,-0.766724,0.024048,3.967286,-99.731476,-62.988297,stair_up
127078,0.281616,-0.751587,0.0177,3.601075,-82.702637,-60.852066,stair_up
127095,0.31189,-0.755127,0.013428,3.723145,-72.387695,-58.227554,stair_up
127111,0.360107,-0.782715,0.001709,4.089355,-69.885254,-56.823746,stair_up
127128,0.394775,-0.827881,0.003662,5.187988,-68.29834,-53.833023,stair_up
127145,0.405762,-0.869629,0.008179,5.310059,-70.129395,-51.025406,stair_up
127161,0.414307,-0.878418,0.000366,5.493164,-71.228027,-49.682632,stair_up
127178,0.441772,-0.88269,-0.02417,7.812502,-72.08252,-46.386734,stair_up
127195,0.459595,-0.88855,-0.039917,11.169437,-70.3125,-42.602539,stair_up
127211,0.463867,-0.891846,-0.043457,12.817387,-69.030762,-40.95459,stair_up
127228,0.462036,-0.898926,-0.037598,16.174316,-66.589355,-39.123535,stair_up
127245,0.46582,-0.901489,-0.037231,19.714355,-64.63623,-39.306641,stair_up
127261,0.473267,-0.905396,-0.045044,23.803719,-64.51416,-40.405273,stair_up
127278,0.474976,-0.907959,-0.052124,25.695808,-65.368652,-40.893555,stair_up
127295,0.475586,-0.905396,-0.073975,28.625496,-68.054199,-42.358398,stair_up
127311,0.475342,-0.903564,-0.092285,30.700691,-71.777344,-43.334961,stair_up
127328,0.470825,-0.904907,-0.099487,31.433113,-73.913574,-43.518066,stair_up
127345,0.443481,-0.909302,-0.109375,31.677254,-77.270508,-43.823242,stair_up
127361,0.416626,-0.909058,-0.122437,30.273445,-77.697754,-43.518066,stair_up
127378,0.396973,-0.9021,-0.150879,28.991707,-76.477051,-42.358398,stair_up
127395,0.387207,-0.903564,-0.166016,28.503426,-75.317383,-41.687012,stair_up
127411,0.361328,-0.906616,-0.191284,26.30616,-72.509766,-40.527344,stair_up
127428,0.339233,-0.89978,-0.194336,23.742683,-69.519043,-38.94043,stair_up
127445,0.33252,-0.894287,-0.200073,22.52198,-67.993164,-38.085938,stair_up
127461,0.323975,-0.89917,-0.222656,20.874023,-64.819336,-35.27832,stair_up
127478,0.301636,-0.922241,-0.247559,19.287109,-60.607925,-31.433113,stair_up
127495,0.273804,-0.939819,-0.280762,17.700195,-55.236832,-27.832039,stair_up
127511,0.26355,-0.955566,-0.294434,17.333984,-52.673355,-26.000984,stair_up
127528,0.25354,-0.984131,-0.330444,14.770512,-49.682632,-22.155769,stair_up
127545,0.259155,-0.988281,-0.363525,11.596684,-49.072281,-17.63916,stair_up
127561,0.266602,-0.989746,-0.384399,11.108402,-49.499527,-15.380863,stair_up
127578,0.273193,-1.034546,-0.414917,14.404301,-50.59816,-9.643555,stair_up
127595,0.245361,-1.10791,-0.441162,15.93018,-51.147476,-5.187988,stair_up
127612,0.184326,-1.088379,-0.455444,14.28223,-50.8423,-2.13623,stair_up
127628,0.163086,-1.062012,-0.480347,15.869144,-51.086441,-0.976563,stair_up
127645,0.148682,-1.068726,-0.529419,22.888191,-55.358902,0.671387,stair_up
127662,0.132324,-1.0979,-0.512939,23.803719,-64.51416,3.479005,stair_up
127678,0.1073,-1.070557,-0.501953,21.606445,-68.725586,5.371094,stair_up
127695,0.050415,-0.977417,-0.497559,18.859863,-71.655273,10.192871,stair_up
127712,0.019897,-0.943115,-0.517578,19.287109,-69.580078,15.991215,stair_up
127728,0.009277,-0.958618,-0.52124,19.287109,-65.490723,22.888191,stair_up
127745,-0.016357,-0.999634,-0.462891,13.549809,-61.218277,27.404793,stair_up
127762,-0.038574,-0.958374,-0.390503,-0.915528,-46.142593,37.963867,stair_up
127778,-0.047119,-0.863525,-0.369873,-12.817387,-20.874023,48.70607,stair_up
127795,-0.038574,-0.835938,-0.377441,-14.343266,-6.347658,52.063004,stair_up
127812,-0.00293,-0.840698,-0.379272,-15.319828,21.057129,53.894058,stair_up
127828,0.042847,-0.859741,-0.36438,-15.441898,43.701172,51.330582,stair_up
127845,0.069092,-0.878784,-0.364014,-16.845703,56.274429,51.818863,stair_up
127862,0.132935,-0.893921,-0.335693,-19.470215,58.898941,51.452652,stair_up
127878,0.148804,-0.898193,-0.340698,-20.996094,67.993164,49.316422,stair_up
127895,0.229736,-0.886719,-0.359741,-18.676758,62.194839,42.358398,stair_up
127912,0.232544,-0.873291,-0.370605,-17.456055,57.861343,39.978027,stair_up
127928,0.251099,-0.83252,-0.369263,-13.793949,45.104996,35.339355,stair_up
127945,0.243408,-0.805786,-0.359985,-11.962894,29.602058,34.423828,stair_up
127962,0.241089,-0.788086,-0.361572,-11.291508,20.996094,32.775879,stair_up
127978,0.253052,-0.755493,-0.382324,-5.981447,3.66211,28.625496,stair_up
127995,0.224854,-0.757202,-0.411743,0.549316,-11.047363,22.827156,stair_up
128012,0.185669,-0.754028,-0.417114,4.02832,-18.005371,19.592285,stair_up
128028,0.16333,-0.752441,-0.409912,4.577637,-18.493652,18.615723,stair_up
128045,0.129028,-0.730713,-0.400879,4.821777,-15.747074,16.845703,stair_up
128062,0.134399,-0.71167,-0.408691,7.934572,-11.779789,13.305668,stair_up
128078,0.137817,-0.717651,-0.420044,9.94873,-11.352543,11.718754,stair_up
128095,0.144287,-0.744019,-0.438843,12.756351,-12.512211,10.070801,stair_up
128112,0.145142,-0.751099,-0.444214,13.061527,-14.953617,10.437012,stair_up
128128,0.137451,-0.731201,-0.454834,13.916019,-16.784668,10.620117,stair_up
128145,0.134399,-0.722534,-0.470215,15.319828,-17.333984,10.131836,stair_up
128162,0.150269,-0.724487,-0.51123,20.019531,-20.080566,7.507326,stair_up
128179,0.177246,-0.73584,-0.540039,23.986824,-26.367195,4.272461,stair_up
128213,0.181152,-0.735596,-0.551025,26.245125,-37.719727,-0.305176,stair_up
128229,0.15979,-0.744629,-0.554688,26.855476,-43.701172,-4.272461,stair_up
128245,0.13916,-0.757813,-0.562256,25.756844,-45.654312,-9.033203,stair_up
128262,0.134155,-0.76123,-0.565308,25.024422,-45.227066,-11.047363,stair_up
128279,0.119629,-0.777222,-0.560669,22.705086,-41.625977,-15.014652,stair_up
128295,0.10791,-0.795288,-0.551514,19.470215,-33.38623,-17.944336,stair_up
128312,0.112549,-0.805786,-0.552734,18.737793,-28.686531,-19.165039,stair_up
128329,0.131348,-0.842407,-0.560913,18.554688,-20.874023,-21.850586,stair_up
128345,0.152466,-0.880859,-0.563599,19.104004,-16.845703,-23.864754,stair_up
128362,0.165527,-0.897949,-0.557129,19.226074,-16.601563,-24.475105,stair_up
128379,0.185181,-0.922607,-0.536499,19.226074,-17.456055,-24.597176,stair_up
128395,0.210449,-0.9823,-0.522583,21.972656,-18.371582,-23.620613,stair_up
128412,0.244141,-1.09082,-0.479858,26.42823,-22.888191,-26.42823,stair_up
128429,0.246826,-1.148315,-0.446045,28.503426,-23.681648,-28.07618,stair_up
128445,0.248291,-1.284302,-0.36853,25.512703,-19.40918,-22.52198,stair_up
128462,0.242188,-1.344849,-0.320068,21.057129,-9.460449,-22.155769,stair_up
128479,0.247803,-1.35376,-0.296509,22.338875,-5.004883,-27.587898,stair_up
128495,0.285522,-1.404053,-0.244751,27.343758,-0.12207,-38.635254,stair_up
128512,0.314819,-1.467041,-0.186768,25.573738,-0.976563,-43.579102,stair_up
128529,0.286987,-1.430542,-0.142212,14.953617,-6.95801,-47.729507,stair_up
128545,0.265869,-1.367432,-0.114624,7.812502,-11.047363,-50.59816,stair_up
128562,0.227783,-1.19165,-0.062866,-1.464844,-16.845703,-59.692398,stair_up
128579,0.207397,-1.064941,-0.028198,-3.479005,-16.052246,-65.246582,stair_up
128595,0.2146,-1.026733,-0.025635,-4.516602,-14.16016,-66.223145,stair_up
128612,0.235596,-0.965454,-0.045044,-2.441406,-15.197758,-67.810059,stair_up
128629,0.236816,-0.92688,-0.055908,3.601075,-23.193367,-70.556641,stair_up
128645,0.230713,-0.889893,-0.051514,8.422852,-33.26416,-70.556641,stair_up
128662,0.23584,-0.876099,-0.045166,9.58252,-38.94043,-68.054199,stair_up
128679,0.244385,-0.850464,-0.033936,9.277344,-50.476089,-59.021011,stair_up
128695,0.226318,-0.814941,-0.035156,8.178711,-56.823746,-48.400894,stair_up
128712,0.213623,-0.792847,-0.040283,9.033203,-57.006851,-44.067383,stair_up
128729,0.20874,-0.77063,-0.040894,14.28223,-53.100601,-37.841797,stair_up
128745,0.227173,-0.795898,-0.028564,20.141602,-46.142593,-31.005867,stair_up
128762,0.246216,-0.826416,-0.021362,20.996094,-36.92627,-21.850586,stair_up
128779,0.262085,-0.827759,-0.025269,21.240234,-32.653809,-17.944336,stair_up
128796,0.297852,-0.830566,-0.042725,23.559578,-28.19825,-11.169437,stair_up
128812,0.328369,-0.859253,-0.063232,27.832039,-28.686531,-6.408693,stair_up
128829,0.341309,-0.88208,-0.069458,29.846199,-30.944832,-4.943848,stair_up
128846,0.363281,-0.918823,-0.071533,31.799324,-38.757324,-2.197266,stair_up
128862,0.365845,-0.931152,-0.059326,30.822762,-47.424332,0.549316,stair_up
128879,0.362061,-0.912598,-0.065918,28.991707,-52.795425,2.685547,stair_up
128896,0.362305,-0.9021,-0.074707,29.174812,-54.565445,2.929688,stair_up
128912,0.356812,-0.900513,-0.103271,30.639656,-56.945816,2.075195,stair_up
128929,0.344482,-0.919434,-0.112427,29.235847,-58.837906,0.976563,stair_up
128946,0.341919,-0.911621,-0.110962,27.221687,-60.607925,1.037598,stair_up
128962,0.326538,-0.889526,-0.120972,24.16993,-62.377945,1.77002,stair_up
128979,0.310181,-0.884888,-0.139526,21.606445,-58.349625,1.525879,stair_up
128996,0.305664,-0.892212,-0.150146,21.179199,-54.50441,1.098633,stair_up
129012,0.293091,-0.898071,-0.165527,18.676758,-45.227066,-0.732422,stair_up
129029,0.28894,-0.873047,-0.181396,16.357422,-36.92627,-2.01416,stair_up
129046,0.297363,-0.885498,-0.19043,16.235352,-31.799324,-3.295899,stair_up
129062,0.303955,-0.90979,-0.184814,16.113281,-30.639656,-3.66211,stair_up
129079,0.303711,-0.964844,-0.167236,13.671879,-30.395515,-3.967286,stair_up
129096,0.297729,-1.009155,-0.165649,10.681152,-30.33448,-2.258301,stair_up
129112,0.296875,-1.030151,-0.171875,9.399414,-30.21241,-1.342773,stair_up
129129,0.294922,-1.0625,-0.187744,7.812502,-30.21241,-0.427246,stair_up
129146,0.28772,-1.103149,-0.192749,7.08008,-30.33448,0.671387,stair_up
129162,0.258545,-1.171875,-0.174194,5.187988,-28.869637,2.380371,stair_up
129179,0.239868,-1.19458,-0.160156,2.624512,-27.099617,3.051759,stair_up
129196,0.214966,-1.19043,-0.153442,-0.915528,-20.935059,3.723145,stair_up
129212,0.208252,-1.203979,-0.158203,2.13623,-13.305668,4.577637,stair_up
129229,0.207642,-1.241943,-0.154785,4.882813,-9.82666,5.493164,stair_up
129246,0.199219,-1.336304,-0.144409,7.08008,-4.821777,8.300781,stair_up
129262,0.192871,-1.389038,-0.136841,6.652834,-3.479005,10.131836,stair_up
129279,0.179565,-1.430542,-0.100952,6.774904,-3.41797,11.657719,stair_up
129296,0.172119,-1.450073,-0.080933,6.469728,-2.502441,12.26807,stair_up
129312,0.14917,-1.474243,-0.108398,4.455566,-0.244141,13.366703,stair_up
129329,0.101318,-1.487915,-0.116577,2.990724,2.807618,15.014652,stair_up
129346,0.068115,-1.475342,-0.117554,0.488281,4.577637,16.296387,stair_up
129363,0.002808,-1.393921,-0.11792,-5.187988,7.141115,21.789551,stair_up
129379,0.002686,-1.255127,-0.129639,-10.742188,11.413578,28.869637,stair_up
129396,0.0177,-1.099609,-0.168457,-14.343266,14.892582,33.996582,stair_up
129413,0.009033,-1.026611,-0.191406,-16.174316,17.089844,36.437988,stair_up
129429,-0.041138,-0.899048,-0.21582,-19.348145,22.827156,40.100098,stair_up
129446,-0.071655,-0.797607,-0.220459,-20.446777,30.456551,39.794922,stair_up
129463,-0.064819,-0.76123,-0.221802,-20.568848,33.38623,38.879395,stair_up
129479,-0.035278,-0.713501,-0.230713,-20.080566,36.437988,37.597656,stair_up
129496,-0.012817,-0.702637,-0.245483,-19.714355,37.536621,37.841797,stair_up
129513,0.008179,-0.70459,-0.251587,-21.789551,38.574219,38.635254,stair_up
129529,0.008789,-0.696655,-0.250122,-23.925789,39.245605,39.489746,stair_up
129546,0.003906,-0.666626,-0.231323,-27.832039,43.212891,40.710449,stair_up
129563,0.021729,-0.63147,-0.216553,-28.686531,51.818863,39.550781,stair_up
129579,0.034424,-0.625,-0.215698,-27.282722,56.274429,38.879395,stair_up
129596,0.044189,-0.633911,-0.205566,-23.437508,64.758301,35.827637,stair_up
129613,0.067383,-0.631592,-0.202759,-21.057129,69.763184,33.996582,stair_up
129629,0.091919,-0.63562,-0.212158,-19.348145,69.946289,34.851074,stair_up
129646,0.128784,-0.671509,-0.245605,-15.197758,65.185547,38.452148,stair_up
129663,0.172974,-0.705444,-0.27063,-9.277344,51.391617,38.269043,stair_up
129679,0.192383,-0.741211,-0.277344,-3.601075,30.944832,38.635254,stair_up
129696,0.182861,-0.759766,-0.28125,-2.258301,21.911621,39.0625,stair_up
129713,0.167969,-0.768311,-0.286377,0.549316,7.446291,39.611816,stair_up
129729,0.136353,-0.772705,-0.295288,3.784181,-1.403809,39.306641,stair_up
129746,0.125488,-0.770386,-0.310791,5.798342,-3.845216,38.024902,stair_up
129763,0.11731,-0.775024,-0.343628,11.474613,-7.20215,33.447266,stair_up
129779,0.097656,-0.820313,-0.37146,17.76123,-8.972168,28.930672,stair_up
129796,0.071167,-0.854004,-0.380493,18.615723,-7.20215,25.390633,stair_up
129813,0.065674,-0.847046,-0.391724,18.371582,-5.981447,23.925789,stair_up
129829,0.063354,-0.827026,-0.420776,18.859863,-4.699707,20.690918,stair_up
129846,0.056519,-0.812378,-0.442627,19.40918,-4.516602,16.418457,stair_up
129863,0.049683,-0.80957,-0.449707,19.775391,-4.02832,14.03809,stair_up
129879,0.042603,-0.81311,-0.469727,19.53125,-2.624512,8.972168,stair_up
129896,0.051636,-0.809692,-0.488892,19.042969,-2.197266,4.333496,stair_up
129913,0.058228,-0.81897,-0.494019,19.165039,-2.746582,-0.610352,stair_up
129929,0.063721,-0.834351,-0.498535,19.226074,-3.356935,-3.295899,stair_up
129946,0.065796,-0.884155,-0.510986,19.775391,-3.601075,-8.789063,stair_up
129963,0.070435,-0.930054,-0.500488,17.51709,0.0,-14.28223,stair_up
129980,0.072998,-0.940186,-0.487549,15.502934,3.54004,-16.601563,stair_up
129996,0.078613,-0.942627,-0.461792,12.695316,13.366703,-21.484375,stair_up
130013,0.123047,-0.958862,-0.450928,13.610844,23.376472,-26.18409,stair_up
130030,0.19104,-0.997925,-0.435547,15.502934,24.780281,-30.761726,stair_up
130046,0.200317,-1.017822,-0.416992,17.456055,23.986824,-33.447266,stair_up
130063,0.216675,-1.088989,-0.37207,18.249512,27.160652,-33.813477,stair_up
130080,0.245117,-1.130859,-0.324585,13.061527,39.245605,-32.775879,stair_up
130096,0.235718,-1.116699,-0.298828,13.488773,51.025406,-36.987305,stair_up
130113,0.260254,-1.105225,-0.258423,21.057129,74.157715,-50.292984,stair_up
130130,0.366821,-1.163086,-0.235474,28.808601,87.463379,-57.678238,stair_up
130146,0.506958,-1.179443,-0.188721,32.714844,77.331543,-62.377945,stair_up
130163,0.564453,-1.185303,-0.165527,33.203125,64.147949,-64.880371,stair_up
130180,0.632813,-1.194702,-0.115967,28.015144,31.066902,-70.007324,stair_up
130196,0.686768,-1.162231,-0.100098,20.385742,-6.591799,-71.044922,stair_up
130213,0.706421,-1.160767,-0.098877,18.859863,-27.526863,-70.556641,stair_up
130230,0.628906,-1.225342,-0.058105,15.380863,-66.467285,-70.861816,stair_up
130246,0.475098,-1.21106,-0.040894,-0.244141,-85.876465,-73.364258,stair_up
130263,0.411743,-1.157837,-0.050781,-7.263186,-88.317871,-74.951172,stair_up
130280,0.314209,-1.065918,-0.066895,-16.052246,-82.702637,-78.674316,stair_up
130296,0.263672,-1.02063,-0.067383,-21.66748,-67.687988,-84.04541,stair_up
130313,0.254883,-0.99353,-0.065063,-24.108894,-51.025406,-89.050323,stair_up
130330,0.254272,-0.982056,-0.05896,-24.658211,-44.79982,-90.454132,stair_up
130346,0.255127,-0.937622,-0.048828,-26.42823,-36.987305,-89.843781,stair_up
130363,0.249023,-0.881958,-0.036987,-25.146492,-34.851074,-86.303711,stair_up
130380,0.247314,-0.866211,-0.023315,-23.498543,-34.484863,-84.594727,stair_up
130396,0.254395,-0.85083,0.003906,-19.592285,-33.325195,-80.566406,stair_up
130413,0.262573,-0.842773,0.003906,-15.075687,-33.26416,-74.645996,stair_up
130430,0.271362,-0.818726,-0.007813,-11.535648,-35.827637,-66.711426,stair_up
130446,0.272949,-0.801636,-0.015137,-9.70459,-37.475586,-62.377945,stair_up
130463,0.265869,-0.773926,-0.014648,-5.554201,-39.978027,-54.260269,stair_up
130480,0.273315,-0.750854,-0.01062,-2.075195,-41.564941,-47.302261,stair_up
130496,0.28186,-0.738403,-0.010132,-0.061035,-41.320801,-44.189453,stair_up
130513,0.304077,-0.710938,-0.011841,3.601075,-37.536621,-37.353516,stair_up
130530,0.343872,-0.674438,-0.031372,9.643555,-32.592773,-29.235847,stair_up
130546,0.358765,-0.679932,-0.049438,18.859863,-27.832039,-19.042969,stair_up
130563,0.362427,-0.703003,-0.056641,22.827156,-25.634773,-13.916019,stair_up
130580,0.401733,-0.768799,-0.065308,29.968269,-23.315437,-3.723145,stair_up
130597,0.460938,-0.845459,-0.070435,33.996582,-24.658211,6.774904,stair_up
130613,0.479858,-0.875244,-0.070435,33.813477,-26.489265,12.146,stair_up
130630,0.492065,-0.89917,-0.091675,30.456551,-28.503426,22.460945,stair_up
130647,0.473633,-0.918579,-0.114258,29.418953,-26.000984,30.761726,stair_up
130663,0.464844,-0.956299,-0.140869,28.44239,-21.179199,34.912109,stair_up
130680,0.473633,-0.981201,-0.157959,28.808601,-19.40918,35.888672,stair_up
130697,0.498779,-1.041504,-0.193115,28.32032,-20.812988,37.475586,stair_up
130713,0.495117,-1.10022,-0.210327,24.292,-28.32032,39.978027,stair_up
130730,0.483154,-1.111938,-0.222534,20.874023,-32.714844,41.137695,stair_up
130747,0.429199,-1.106079,-0.266235,17.272949,-38.574219,41.564941,stair_up
130763,0.351807,-1.168823,-0.268555,19.470215,-34.301758,39.306641,stair_up
130780,0.305054,-1.226807,-0.227661,18.432617,-21.972656,37.29248,stair_up
130797,0.292969,-1.23645,-0.217285,18.371582,-15.075687,37.353516,stair_up
130813,0.291016,-1.25061,-0.237549,19.592285,-5.187988,39.611816,stair_up
130830,0.306641,-1.276611,-0.288696,22.766121,-5.798342,43.762207,stair_up
130847,0.295166,-1.302246,-0.278809,24.780281,-9.338379,46.264664,stair_up
130863,0.213501,-1.326538,-0.200317,23.193367,-15.686039,50.170914,stair_up
130880,0.149536,-1.261719,-0.13562,18.615723,-14.099125,56.762711,stair_up
130897,0.144775,-1.225708,-0.12561,18.554688,-9.765625,60.30275,stair_up
130913,0.158203,-1.215576,-0.188965,22.094727,-1.831055,64.880371,stair_up
130930,0.093018,-1.22876,-0.201172,18.554688,0.549316,66.40625,stair_up
130947,0.045044,-1.137817,-0.154053,4.394531,4.455566,67.993164,stair_up
130963,0.026123,-1.081177,-0.134521,-0.976563,7.995607,68.481445,stair_up
130980,-0.014771,-1.013428,-0.123413,-6.103518,22.094727,65.490723,stair_up
130997,-0.040894,-1.016602,-0.155151,-8.728027,41.992188,59.753433,stair_up
131013,-0.043091,-1.019531,-0.164917,-12.634281,51.269547,56.274429,stair_up
131030,-0.030518,-0.96228,-0.162964,-22.766121,69.091797,50.659195,stair_up
131047,0.011597,-0.891602,-0.166626,-29.418953,85.571289,46.325699,stair_up
131063,0.050903,-0.824707,-0.193359,-33.26416,97.41214,42.236328,stair_up
131080,0.069458,-0.803101,-0.202271,-33.081055,100.402863,39.916992,stair_up
131097,0.10376,-0.774658,-0.202637,-33.02002,101.074249,35.461426,stair_up
131113,0.135864,-0.734009,-0.211792,-32.226563,96.740753,32.836914,stair_up
