timestamp_ms,ax,ay,az,gx,gy,gz,activity
1425722,0.273315,-0.947388,-0.123169,4.699707,-10.437012,-0.793457,standing_seg1
1425739,0.269409,-0.946533,-0.115601,4.760742,-10.070801,-0.793457,standing_seg1
1425756,0.269531,-0.946289,-0.103027,4.394531,-9.521484,0.244141,standing_seg1
1425772,0.266113,-0.946533,-0.095703,4.272461,-8.605957,1.464844,standing_seg1
1425789,0.267822,-0.952637,-0.094604,3.967286,-6.347658,1.831055,standing_seg1
1425806,0.266479,-0.954346,-0.091064,3.234864,-5.187988,1.77002,standing_seg1
1425822,0.265991,-0.946533,-0.081543,1.708985,-1.403809,1.098633,standing_seg1
1425839,0.279663,-0.943848,-0.06665,1.037598,1.831055,0.366211,standing_seg1
1425856,0.284058,-0.946289,-0.061646,0.732422,3.234864,-0.244141,standing_seg1
1425872,0.295776,-0.959106,-0.056274,0.061035,5.249023,-1.708985,standing_seg1
1425889,0.301636,-0.959839,-0.056763,-0.976563,7.690432,-3.234864,standing_seg1
1425906,0.301636,-0.955078,-0.057251,-1.281738,11.474613,-5.310059,standing_seg1
1425922,0.306396,-0.950928,-0.053589,-1.220703,13.610844,-6.347658,standing_seg1
1425956,0.342529,-0.948853,-0.060303,-1.525879,12.02393,-6.408693,standing_seg1
1425972,0.340088,-0.945557,-0.069336,-1.831055,9.94873,-5.676271,standing_seg1
1425989,0.324707,-0.938599,-0.082275,-2.13623,7.08008,-4.577637,standing_seg1
1426006,0.304199,-0.943604,-0.085449,-2.13623,6.896975,-3.967286,standing_seg1
1426022,0.300781,-0.947876,-0.08606,-2.197266,8.483887,-3.54004,standing_seg1
1426039,0.307617,-0.947144,-0.086182,-2.13623,8.850098,-3.295899,standing_seg1
1426056,0.323975,-0.945679,-0.088623,-1.586915,8.239746,-2.685547,standing_seg1
1426072,0.334717,-0.949585,-0.095947,-0.915528,7.507326,-2.13623,standing_seg1
1426089,0.337036,-0.956665,-0.099121,-0.671387,7.08008,-2.01416,standing_seg1
1426106,0.332642,-0.964355,-0.095459,-1.220703,6.591799,-1.77002,standing_seg1
1426122,0.335327,-0.947998,-0.084229,-1.342773,6.042482,-1.342773,standing_seg1
1426139,0.342041,-0.945068,-0.082031,-0.915528,5.371094,-0.549316,standing_seg1
1426156,0.348511,-0.938354,-0.079102,-0.488281,3.173829,-0.244141,standing_seg1
1426172,0.337036,-0.941406,-0.077515,0.488281,2.01416,0.549316,standing_seg1
1426189,0.329102,-0.938843,-0.075684,0.427246,1.831055,1.037598,standing_seg1
1426206,0.329224,-0.936279,-0.078979,0.427246,1.64795,1.159668,standing_seg1
1426222,0.32312,-0.931152,-0.082397,0.671387,1.89209,1.525879,standing_seg1
1426239,0.334473,-0.931641,-0.079834,1.037598,2.197266,1.464844,standing_seg1
1426256,0.338257,-0.935303,-0.079346,0.976563,2.01416,1.525879,standing_seg1
1426273,0.345215,-0.94043,-0.080811,1.037598,1.159668,1.342773,standing_seg1
1426289,0.341919,-0.94043,-0.081055,0.610352,0.488281,1.098633,standing_seg1
1426306,0.335205,-0.937988,-0.080078,0.305176,1.342773,0.671387,standing_seg1
1426323,0.331909,-0.936523,-0.078491,0.183106,1.831055,0.549316,standing_seg1
1426339,0.329834,-0.937744,-0.076904,0.244141,2.258301,0.305176,standing_seg1
1426356,0.327881,-0.944092,-0.082764,0.061035,2.197266,0.183106,standing_seg1
1426373,0.329834,-0.946899,-0.088623,-0.244141,1.89209,0.12207,standing_seg1
1426389,0.330933,-0.941162,-0.099243,-1.159668,1.77002,0.305176,standing_seg1
1426406,0.343506,-0.929688,-0.10083,-0.427246,1.77002,-0.061035,standing_seg1
1426423,0.341187,-0.938721,-0.099609,-0.12207,0.427246,-0.732422,standing_seg1
1426439,0.33606,-0.939941,-0.09668,-0.183106,0.244141,-1.220703,standing_seg1
1426456,0.329224,-0.940186,-0.088745,-0.12207,0.427246,-1.586915,standing_seg1
1426473,0.337769,-0.941162,-0.09021,-0.183106,0.732422,-1.403809,standing_seg1
1426489,0.340454,-0.942627,-0.088989,-0.061035,0.793457,-1.159668,standing_seg1
1426506,0.336914,-0.936401,-0.081177,-0.12207,1.037598,-0.732422,standing_seg1
1426523,0.350952,-0.940918,-0.070557,0.610352,0.671387,-0.732422,standing_seg1
1426539,0.348022,-0.940918,-0.058472,0.12207,-0.671387,-0.12207,standing_seg1
1426556,0.340698,-0.934326,-0.058716,0.12207,-0.549316,-0.12207,standing_seg1
1426573,0.336548,-0.930298,-0.069336,0.793457,-0.244141,0.12207,standing_seg1
1426589,0.329102,-0.936523,-0.077148,1.64795,-0.976563,0.732422,standing_seg1
1426606,0.325562,-0.943237,-0.084961,1.77002,-1.098633,0.915528,standing_seg1
1426623,0.32373,-0.947998,-0.09375,1.342773,-0.854492,1.281738,standing_seg1
1426639,0.328125,-0.945679,-0.100342,1.098633,-0.427246,1.220703,standing_seg1
1426656,0.330566,-0.945313,-0.102173,0.976563,-0.427246,1.037598,standing_seg1
1426673,0.337646,-0.942017,-0.102905,0.793457,-0.610352,0.854492,standing_seg1
1426689,0.339478,-0.942139,-0.099365,0.610352,-1.159668,0.488281,standing_seg1
1426706,0.335083,-0.945557,-0.094116,0.549316,-1.159668,0.366211,standing_seg1
1426723,0.334351,-0.944824,-0.089966,0.427246,-1.037598,0.183106,standing_seg1
1426739,0.335815,-0.944336,-0.082764,0.305176,-1.220703,0.061035,standing_seg1
1426756,0.334595,-0.940186,-0.079224,-0.549316,-1.953125,0.0,standing_seg1
1426773,0.330933,-0.934082,-0.077515,-0.793457,-2.01416,0.061035,standing_seg1
1426789,0.326172,-0.930908,-0.073364,-0.488281,-2.197266,-0.12207,standing_seg1
1426806,0.322876,-0.934204,-0.072754,-0.305176,-2.01416,-0.183106,standing_seg1
1426823,0.322388,-0.939331,-0.07605,-0.12207,-2.441406,0.0,standing_seg1
1426839,0.320313,-0.94043,-0.078125,-0.183106,-2.380371,0.0,standing_seg1
1426856,0.322998,-0.935913,-0.087891,-0.12207,-2.13623,0.061035,standing_seg1
1426873,0.322754,-0.932007,-0.091919,0.244141,-2.380371,0.488281,standing_seg1
1426890,0.320313,-0.935059,-0.095215,0.366211,-2.380371,0.610352,standing_seg1
1426906,0.32251,-0.939453,-0.098633,0.305176,-2.868653,0.976563,standing_seg1
1426923,0.315552,-0.937622,-0.102417,0.061035,-2.380371,1.64795,standing_seg1
1426940,0.317627,-0.939087,-0.102173,0.305176,-2.319336,1.831055,standing_seg1
1426956,0.317017,-0.938599,-0.103027,0.305176,-2.258301,2.075195,standing_seg1
1426973,0.315918,-0.938843,-0.101685,0.488281,-2.13623,1.77002,standing_seg1
1426990,0.319946,-0.937744,-0.091064,0.671387,-2.197266,1.525879,standing_seg1
1427006,0.319336,-0.939209,-0.087769,1.098633,-1.953125,1.525879,standing_seg1
1427023,0.315186,-0.955933,-0.08374,0.976563,-1.342773,1.64795,standing_seg1
1427040,0.320068,-0.952393,-0.083374,0.305176,-1.098633,1.464844,standing_seg1
1427056,0.309692,-0.946655,-0.0802,0.427246,-0.183106,1.037598,standing_seg1
1427073,0.30896,-0.948608,-0.080322,0.793457,0.671387,0.610352,standing_seg1
1427090,0.312134,-0.958618,-0.080811,0.976563,1.159668,0.12207,standing_seg1
1427106,0.307251,-0.960449,-0.077881,0.549316,1.342773,-0.12207,standing_seg1
1427123,0.30481,-0.955933,-0.079468,0.183106,1.708985,-0.061035,standing_seg1
1427140,0.311646,-0.942993,-0.08728,0.183106,2.929688,-0.12207,standing_seg1
1427156,0.319458,-0.93811,-0.094238,0.549316,2.990724,-0.305176,standing_seg1
1427173,0.318359,-0.939331,-0.095337,0.732422,2.807618,-0.244141,standing_seg1
1427190,0.320435,-0.944214,-0.095093,0.976563,2.319336,-0.183106,standing_seg1
1427206,0.320679,-0.94873,-0.095337,0.610352,1.586915,-0.061035,standing_seg1
1427223,0.326294,-0.944336,-0.098633,0.671387,1.098633,0.183106,standing_seg1
1427240,0.330566,-0.943359,-0.097534,0.793457,0.793457,0.305176,standing_seg1
1427256,0.330933,-0.943481,-0.092163,1.098633,0.305176,0.549316,standing_seg1
1427274,0.325806,-0.94751,-0.089355,1.342773,0.061035,0.549316,standing_seg1
1427290,0.322144,-0.949097,-0.090088,1.281738,0.183106,0.488281,standing_seg1
1427306,0.324951,-0.945435,-0.092896,1.159668,0.0,0.549316,standing_seg1
1427323,0.327515,-0.943604,-0.094971,1.281738,-0.732422,0.854492,standing_seg1
1427340,0.322998,-0.942871,-0.09021,1.403809,-1.342773,1.220703,standing_seg1
1427356,0.321655,-0.943726,-0.089478,1.464844,-1.525879,1.403809,standing_seg1
1427373,0.313721,-0.946777,-0.088379,1.525879,-1.220703,1.342773,standing_seg1
1427390,0.307373,-0.947144,-0.085205,1.220703,0.12207,1.098633,standing_seg1
1427406,0.311279,-0.944702,-0.084351,1.037598,0.427246,1.159668,standing_seg1
1427423,0.319092,-0.9375,-0.084351,0.854492,-0.244141,1.342773,standing_seg1
1427440,0.312134,-0.937622,-0.084229,1.159668,-0.793457,1.403809,standing_seg1
1427457,0.303467,-0.939331,-0.080811,1.525879,0.427246,0.915528,standing_seg1
1427473,0.30835,-0.941528,-0.07959,1.586915,1.037598,0.793457,standing_seg1
1427490,0.317017,-0.942017,-0.077881,1.159668,0.976563,0.976563,standing_seg1
1427507,0.319458,-0.935791,-0.081055,1.220703,0.549316,1.159668,standing_seg1
1427523,0.318359,-0.937256,-0.082153,1.525879,0.305176,1.220703,standing_seg1
1427540,0.318481,-0.940063,-0.08374,1.64795,0.305176,1.281738,standing_seg1
1427557,0.319214,-0.944336,-0.088989,1.831055,0.183106,1.281738,standing_seg1
1427573,0.318359,-0.946533,-0.087402,1.220703,0.549316,1.037598,standing_seg1
1427590,0.319824,-0.943604,-0.086304,1.037598,0.366211,1.098633,standing_seg1
1427607,0.318115,-0.942139,-0.088745,0.915528,-0.183106,1.098633,standing_seg1
1427623,0.319458,-0.94165,-0.0896,1.281738,-0.854492,1.037598,standing_seg1
1427640,0.317627,-0.945068,-0.087402,1.525879,-0.976563,0.915528,standing_seg1
1427657,0.317627,-0.957153,-0.083496,1.342773,-0.610352,0.610352,standing_seg1
1427673,0.313721,-0.953003,-0.081787,0.671387,-0.12207,0.427246,standing_seg1
1427690,0.312012,-0.948364,-0.08313,0.610352,0.061035,0.0,standing_seg1
1427707,0.313721,-0.94043,-0.084229,0.793457,0.12207,-0.061035,standing_seg1
1427723,0.31311,-0.942871,-0.082031,1.037598,-0.427246,-0.12207,standing_seg1
1427740,0.306763,-0.950928,-0.078125,0.671387,-0.183106,0.061035,standing_seg1
1427757,0.307373,-0.950073,-0.077148,0.366211,0.0,0.183106,standing_seg1
1427773,0.312378,-0.94104,-0.078247,0.244141,0.366211,0.305176,standing_seg1
1427790,0.313477,-0.93811,-0.082642,0.732422,0.12207,0.366211,standing_seg1
1427807,0.311279,-0.936768,-0.08313,0.854492,0.183106,0.244141,standing_seg1
1427823,0.313477,-0.943604,-0.084839,1.281738,0.0,0.0,standing_seg1
1427840,0.31311,-0.952881,-0.085205,0.488281,-0.305176,0.061035,standing_seg1
1427857,0.314453,-0.947754,-0.085205,-0.061035,-0.12207,0.183106,standing_seg1
1427873,0.313965,-0.945923,-0.085449,-0.183106,0.061035,0.244141,standing_seg1
1427890,0.31189,-0.94458,-0.085693,-0.183106,0.244141,0.0,standing_seg1
1427907,0.307373,-0.953613,-0.081177,0.12207,0.549316,-0.183106,standing_seg1
1427923,0.305176,-0.957886,-0.078491,-0.183106,0.976563,-0.12207,standing_seg1
1427940,0.303101,-0.956177,-0.076904,-0.976563,1.586915,0.061035,standing_seg1
1427957,0.296265,-0.947754,-0.078247,-1.525879,2.990724,-0.12207,standing_seg1
1427973,0.302124,-0.937134,-0.0802,-1.281738,3.54004,-0.305176,standing_seg1
1427990,0.303345,-0.937866,-0.082153,-0.915528,3.479005,-0.427246,standing_seg1
1428007,0.301147,-0.961304,-0.086792,-0.549316,3.723145,-0.488281,standing_seg1
1428023,0.298584,-0.974487,-0.085083,-2.197266,5.676271,-0.915528,standing_seg1
1428040,0.302856,-0.968994,-0.084961,-3.112794,6.347658,-0.915528,standing_seg1
1428057,0.300049,-0.949951,-0.08728,-4.150391,6.95801,-0.549316,standing_seg1
1428074,0.297974,-0.936768,-0.093628,-3.784181,6.591799,-0.366211,standing_seg1
1428090,0.299683,-0.930054,-0.094727,-3.234864,6.103518,-0.12207,standing_seg1
1428107,0.30542,-0.929443,-0.095459,-2.746582,5.493164,0.183106,standing_seg1
1428124,0.3125,-0.938477,-0.096313,-2.380371,3.601075,1.159668,standing_seg1
1428140,0.321045,-0.937134,-0.095703,-2.990724,1.281738,2.075195,standing_seg1
1428157,0.320557,-0.933105,-0.095947,-3.112794,0.061035,2.319336,standing_seg1
1428174,0.313721,-0.931885,-0.094971,-3.112794,-0.610352,2.502441,standing_seg1
1428190,0.319946,-0.938599,-0.102295,-2.746582,-0.366211,2.502441,standing_seg1
1428207,0.326416,-0.946777,-0.105713,-2.685547,-0.427246,2.624512,standing_seg1
1428224,0.333252,-0.952637,-0.106201,-3.601075,-1.77002,3.54004,standing_seg1
1428240,0.328979,-0.941772,-0.104248,-4.089355,-3.234864,3.54004,standing_seg1
1428257,0.310791,-0.935181,-0.102661,-3.479005,-1.220703,2.441406,standing_seg1
1428274,0.314453,-0.938477,-0.101807,-3.295899,-0.183106,2.01416,standing_seg1
1428290,0.318848,-0.945435,-0.098145,-3.66211,0.732422,1.403809,standing_seg1
1428307,0.328857,-0.943237,-0.094238,-3.906251,0.061035,0.976563,standing_seg1
1428324,0.333252,-0.942017,-0.092896,-3.906251,-0.976563,0.915528,standing_seg1
1428340,0.327393,-0.93811,-0.090698,-3.723145,-3.41797,0.732422,standing_seg1
1428357,0.310547,-0.9375,-0.092163,-3.112794,-3.173829,0.244141,standing_seg1
1428374,0.313721,-0.952515,-0.090698,-2.624512,-2.929688,-0.183106,standing_seg1
1428390,0.314697,-0.957153,-0.090332,-3.234864,-2.990724,-0.12207,standing_seg1
1428407,0.31543,-0.947266,-0.091553,-4.150391,-3.41797,0.0,standing_seg1
1428424,0.310425,-0.935425,-0.095215,-3.906251,-2.746582,-0.183106,standing_seg1
1428440,0.312866,-0.932617,-0.098999,-3.41797,-2.197266,-0.12207,standing_seg1
1428457,0.312012,-0.94812,-0.117554,-1.403809,-0.976563,0.12207,standing_seg1
1428474,0.298828,-0.97522,-0.139404,-1.037598,0.305176,-0.183106,standing_seg1
1428490,0.293335,-0.961304,-0.143066,-2.380371,1.77002,-0.12207,standing_seg1
1428507,0.297119,-0.951782,-0.139038,-2.075195,2.258301,-0.244141,standing_seg1
1428524,0.306152,-0.944214,-0.126221,-1.281738,2.197266,-0.427246,standing_seg1
1428540,0.309082,-0.940308,-0.113892,-0.549316,1.037598,-0.244141,standing_seg1
1428557,0.307129,-0.942749,-0.111694,-0.12207,-0.061035,-0.366211,standing_seg1
1428574,0.300049,-0.952515,-0.115479,-0.549316,-1.342773,-0.366211,standing_seg1
1428590,0.301514,-0.953003,-0.12146,-1.220703,-1.159668,-0.183106,standing_seg1
1428607,0.298828,-0.944092,-0.119019,-1.77002,-0.549316,0.061035,standing_seg1
1428624,0.298828,-0.939819,-0.117065,-1.708985,-0.12207,0.183106,standing_seg1
1428641,0.303101,-0.940552,-0.115356,-1.342773,0.244141,0.427246,standing_seg1
1428657,0.300781,-0.944092,-0.11438,-1.403809,0.549316,0.671387,standing_seg1
1428674,0.300781,-0.944214,-0.115234,-1.342773,0.671387,0.671387,standing_seg1
1428691,0.303589,-0.943359,-0.117798,-1.220703,0.854492,0.610352,standing_seg1
1428707,0.31311,-0.944092,-0.118652,-1.159668,0.793457,0.854492,standing_seg1
1428724,0.313477,-0.945068,-0.117554,-1.159668,0.732422,0.915528,standing_seg1
1428741,0.312622,-0.943848,-0.113281,-1.281738,0.793457,0.915528,standing_seg1
1428757,0.31665,-0.938721,-0.112671,-1.220703,-0.061035,1.037598,standing_seg1
1428774,0.316406,-0.936523,-0.115356,-0.976563,-1.403809,1.281738,standing_seg1
1428791,0.313843,-0.935913,-0.11792,-0.732422,-1.77002,1.281738,standing_seg1
1428807,0.306885,-0.942749,-0.121216,-0.183106,-1.831055,0.976563,standing_seg1
1428824,0.297119,-0.950317,-0.122192,-0.549316,-0.061035,0.366211,standing_seg1
1428841,0.298584,-0.949097,-0.122559,-0.854492,0.793457,0.0,standing_seg1
1428857,0.307861,-0.945557,-0.12085,-1.159668,1.342773,-0.183106,standing_seg1
1428874,0.309082,-0.945557,-0.124268,-1.281738,1.159668,-0.488281,standing_seg1
1428891,0.304321,-0.947266,-0.130737,-1.098633,1.403809,-0.732422,standing_seg1
1428907,0.300903,-0.949219,-0.130981,-1.159668,1.77002,-0.854492,standing_seg1
1428924,0.293701,-0.947021,-0.129517,-1.831055,2.746582,-1.525879,standing_seg1
1428941,0.298096,-0.939209,-0.126709,-2.13623,3.234864,-1.77002,standing_seg1
1428957,0.303467,-0.937012,-0.126709,-2.075195,3.173829,-1.708985,standing_seg1
1428974,0.307251,-0.935425,-0.128174,-2.01416,2.380371,-1.159668,standing_seg1
1428991,0.304321,-0.938599,-0.130371,-1.708985,1.708985,-0.671387,standing_seg1
1429007,0.301636,-0.939575,-0.130371,-1.708985,1.281738,-0.366211,standing_seg1
1429024,0.300781,-0.93811,-0.128784,-1.525879,1.220703,-0.305176,standing_seg1
1429041,0.301025,-0.939453,-0.12793,-1.342773,1.098633,-0.244141,standing_seg1
1429057,0.303589,-0.935181,-0.127441,-1.281738,1.342773,-0.061035,standing_seg1
1429074,0.305786,-0.935547,-0.128174,-0.915528,1.403809,0.0,standing_seg1
1429091,0.302734,-0.943726,-0.129517,-0.488281,1.64795,0.183106,standing_seg1
1429107,0.301025,-0.943237,-0.128052,-0.793457,2.868653,0.305176,standing_seg1
1429124,0.309326,-0.936768,-0.125977,-0.732422,3.295899,0.732422,standing_seg1
1429141,0.310913,-0.933716,-0.12439,-0.549316,3.112794,0.854492,standing_seg1
1429157,0.312988,-0.932129,-0.123779,0.183106,2.258301,0.793457,standing_seg1
1429174,0.31604,-0.938599,-0.123535,0.854492,1.098633,0.793457,standing_seg1
1429191,0.313965,-0.942627,-0.122803,0.854492,0.793457,0.976563,standing_seg1
1429207,0.310913,-0.942993,-0.123535,0.732422,0.366211,1.281738,standing_seg1
1429224,0.312866,-0.940308,-0.125122,1.098633,0.549316,1.342773,standing_seg1
1429241,0.313477,-0.940674,-0.125977,1.403809,0.366211,1.220703,standing_seg1
1429258,0.311768,-0.943604,-0.129028,1.953125,0.061035,0.854492,standing_seg1
1429274,0.313721,-0.946289,-0.128052,2.197266,-0.427246,0.610352,standing_seg1
1429291,0.317139,-0.945068,-0.126099,2.319336,-0.854492,0.610352,standing_seg1
1429308,0.317749,-0.944214,-0.125,2.380371,-1.098633,0.671387,standing_seg1
1429324,0.312134,-0.94104,-0.126099,2.13623,-1.159668,0.488281,standing_seg1
1429341,0.309448,-0.941406,-0.130981,2.502441,-1.64795,0.244141,standing_seg1
1429358,0.303467,-0.947388,-0.13208,2.685547,-1.64795,0.0,standing_seg1
1429374,0.302734,-0.949707,-0.130249,2.01416,-1.037598,-0.305176,standing_seg1
1429391,0.310791,-0.947388,-0.126587,1.64795,-0.854492,-0.305176,standing_seg1
1429408,0.312256,-0.939941,-0.125732,1.220703,-1.281738,-0.061035,standing_seg1
1429424,0.310669,-0.935669,-0.126953,1.342773,-1.464844,-0.061035,standing_seg1
1429441,0.30835,-0.938721,-0.127197,1.953125,-1.831055,0.0,standing_seg1
1429458,0.302856,-0.946045,-0.124268,1.89209,-1.831055,0.061035,standing_seg1
1429474,0.301514,-0.949463,-0.123779,1.77002,-1.708985,-0.061035,standing_seg1
1429491,0.305542,-0.949463,-0.124268,1.098633,-2.01416,-0.244141,standing_seg1
1429508,0.309326,-0.941528,-0.126709,0.854492,-2.01416,-0.366211,standing_seg1
1429524,0.310669,-0.943237,-0.123047,1.098633,-2.258301,-0.183106,standing_seg1
1429541,0.307495,-0.944946,-0.119995,0.976563,-2.197266,-0.061035,standing_seg1
1429558,0.303589,-0.94165,-0.122925,0.915528,-1.586915,0.366211,standing_seg1
1429574,0.301147,-0.942749,-0.126709,0.976563,-0.915528,0.671387,standing_seg1
1429591,0.300537,-0.942139,-0.126465,0.915528,-0.671387,0.793457,standing_seg1
1429608,0.29895,-0.942993,-0.124756,0.976563,-0.610352,0.427246,standing_seg1
1429624,0.307739,-0.945923,-0.122681,1.098633,-0.793457,0.549316,standing_seg1
1429641,0.311523,-0.94873,-0.121826,0.915528,-1.64795,0.793457,standing_seg1
1429658,0.30896,-0.949341,-0.123169,0.854492,-1.953125,0.915528,standing_seg1
1429674,0.301514,-0.945435,-0.125366,0.854492,-1.64795,0.854492,standing_seg1
1429691,0.300415,-0.946411,-0.123535,1.037598,-1.037598,0.610352,standing_seg1
1429708,0.298828,-0.948608,-0.121216,0.976563,-0.732422,0.427246,standing_seg1
1429724,0.301636,-0.946411,-0.119751,0.488281,-0.305176,0.244141,standing_seg1
1429741,0.306763,-0.94165,-0.123291,0.427246,-0.427246,0.366211,standing_seg1
1429758,0.304199,-0.939087,-0.123535,0.488281,-0.488281,0.488281,standing_seg1
1429774,0.306763,-0.942139,-0.122192,0.793457,-0.427246,0.610352,standing_seg1
1429791,0.305908,-0.947998,-0.118408,0.488281,-0.671387,0.732422,standing_seg1
1429808,0.303833,-0.949463,-0.11853,0.305176,-0.12207,0.732422,standing_seg1
1429825,0.304688,-0.950317,-0.11853,0.183106,0.183106,0.610352,standing_seg1
1429841,0.312622,-0.947144,-0.122314,0.061035,0.244141,0.305176,standing_seg1
1429858,0.31543,-0.944214,-0.124512,0.305176,-0.488281,0.061035,standing_seg1
1429875,0.313354,-0.945801,-0.124512,0.549316,-0.793457,-0.183106,standing_seg1
1429891,0.307983,-0.951782,-0.122314,0.427246,-1.037598,-0.671387,standing_seg1
1429908,0.305054,-0.947998,-0.122803,0.0,-1.037598,-0.915528,standing_seg1
1429925,0.30542,-0.942749,-0.124756,0.061035,-1.098633,-0.915528,standing_seg1
1429941,0.304565,-0.942627,-0.12561,0.12207,-1.220703,-0.854492,standing_seg1
1429958,0.300171,-0.947754,-0.128418,0.305176,-1.159668,-0.610352,standing_seg1
1429975,0.297974,-0.952881,-0.129883,0.12207,-0.488281,-0.244141,standing_seg1
1429991,0.296143,-0.952637,-0.130493,-0.12207,0.0,-0.061035,standing_seg1
1430008,0.298218,-0.945313,-0.131226,-0.549316,1.037598,-0.12207,standing_seg1
1430025,0.307251,-0.942261,-0.131348,-0.427246,0.793457,-0.305176,standing_seg1
1430041,0.310791,-0.94458,-0.130981,-0.366211,0.12207,-0.305176,standing_seg1
1430058,0.310669,-0.946533,-0.131348,-0.427246,-0.244141,-0.183106,standing_seg1
1430075,0.305786,-0.951904,-0.13208,-0.671387,-0.549316,0.0,standing_seg1
1430091,0.302124,-0.949219,-0.133911,-1.281738,-0.12207,-0.12207,standing_seg1
1430108,0.301025,-0.944824,-0.134888,-1.220703,0.0,-0.305176,standing_seg1
1430125,0.303345,-0.942383,-0.135132,-1.098633,0.366211,-0.488281,standing_seg1
1430141,0.305054,-0.946045,-0.131348,-1.098633,0.488281,-0.671387,standing_seg1
1430158,0.306763,-0.946899,-0.131714,-1.342773,0.305176,-0.366211,standing_seg1
1430175,0.305664,-0.946411,-0.132935,-1.464844,0.12207,-0.183106,standing_seg1
1430191,0.304565,-0.946289,-0.133911,-1.342773,-0.12207,0.244141,standing_seg1
1430208,0.303833,-0.944214,-0.134033,-1.342773,-0.488281,0.488281,standing_seg1
1430225,0.300781,-0.943237,-0.134766,-1.220703,-0.488281,0.549316,standing_seg1
1430241,0.305542,-0.941284,-0.133789,-1.281738,-0.366211,0.610352,standing_seg1
1430258,0.309204,-0.939087,-0.132813,-1.281738,-0.549316,0.793457,standing_seg1
1430275,0.306641,-0.94104,-0.13208,-1.403809,-0.610352,0.854492,standing_seg1
1430291,0.303955,-0.938232,-0.131714,-1.953125,-0.427246,0.793457,standing_seg1
1430308,0.300781,-0.934937,-0.132935,-1.77002,0.244141,0.488281,standing_seg1
1430325,0.304443,-0.938477,-0.132324,-1.708985,0.427246,0.305176,standing_seg1
1430341,0.305054,-0.93811,-0.130371,-1.89209,0.671387,0.305176,standing_seg1
1430358,0.306641,-0.929565,-0.123535,-2.075195,1.281738,0.305176,standing_seg1
1430375,0.307129,-0.927124,-0.118286,-2.075195,1.77002,0.427246,standing_seg1
1430391,0.307007,-0.926514,-0.118774,-1.89209,1.953125,0.366211,standing_seg1
1430408,0.311157,-0.926392,-0.121338,-1.64795,1.89209,0.244141,standing_seg1
1430425,0.310913,-0.930786,-0.121094,-1.342773,1.708985,0.0,standing_seg1
1430442,0.311768,-0.93103,-0.120117,-1.220703,1.831055,-0.427246,standing_seg1
1430458,0.314453,-0.929688,-0.119385,-1.037598,2.075195,-0.732422,standing_seg1
1430475,0.317383,-0.930176,-0.119263,-0.732422,2.075195,-0.854492,standing_seg1
1430492,0.316895,-0.933716,-0.125,-0.244141,1.77002,-1.037598,standing_seg1
1430508,0.313965,-0.935181,-0.126831,-0.061035,1.831055,-1.220703,standing_seg1
1430525,0.310791,-0.937744,-0.129761,0.610352,1.77002,-1.586915,standing_seg1
1430542,0.307129,-0.941406,-0.130127,0.732422,1.953125,-2.075195,standing_seg1
1430558,0.309692,-0.937012,-0.13208,1.037598,1.64795,-1.953125,standing_seg1
1430575,0.309814,-0.937622,-0.133179,1.342773,1.220703,-1.831055,standing_seg1
1430592,0.311279,-0.942871,-0.137939,1.831055,0.244141,-1.403809,standing_seg1
1430608,0.310791,-0.947266,-0.142578,1.953125,-1.098633,-0.793457,standing_seg1
1430625,0.313232,-0.946899,-0.144287,1.953125,-2.075195,-0.488281,standing_seg1
1430642,0.309326,-0.945679,-0.147827,2.075195,-3.601075,0.12207,standing_seg1
1430658,0.303711,-0.942383,-0.149292,2.01416,-3.906251,0.244141,standing_seg1
1430675,0.302734,-0.947266,-0.15332,2.13623,-3.295899,0.183106,standing_seg1
1430692,0.297852,-0.950562,-0.152222,1.64795,-2.746582,0.061035,standing_seg1
1430708,0.293579,-0.947266,-0.147583,0.610352,-2.075195,-0.610352,standing_seg1
1430725,0.293335,-0.943726,-0.148315,-0.061035,-0.976563,-0.793457,standing_seg1
1430742,0.300293,-0.94812,-0.150024,-0.12207,-0.427246,-1.037598,standing_seg1
1430758,0.305542,-0.951294,-0.150513,-1.281738,0.244141,-0.915528,standing_seg1
1430775,0.306152,-0.945068,-0.150879,-2.197266,1.098633,-1.159668,standing_seg1
1430792,0.309082,-0.943237,-0.151978,-2.319336,1.525879,-1.037598,standing_seg1
1430808,0.308105,-0.938354,-0.149048,-2.746582,2.075195,-1.220703,standing_seg1
1430825,0.311523,-0.931152,-0.147705,-2.746582,2.502441,-1.098633,standing_seg1
1430842,0.314087,-0.93457,-0.142822,-2.807618,2.075195,-0.793457,standing_seg1
1430858,0.315186,-0.932007,-0.141968,-2.929688,1.831055,-0.549316,standing_seg1
1430875,0.31311,-0.923218,-0.139648,-2.563477,1.464844,-0.305176,standing_seg1
1430892,0.322266,-0.925537,-0.139648,-1.464844,1.464844,0.183106,standing_seg1
1430908,0.325684,-0.929443,-0.137573,-1.159668,1.037598,0.366211,standing_seg1
1430925,0.315918,-0.934326,-0.129883,-1.037598,0.244141,0.854492,standing_seg1
1430942,0.309204,-0.933716,-0.129639,-0.244141,0.793457,1.281738,standing_seg1
1430958,0.326782,-0.937744,-0.133423,0.549316,0.366211,1.64795,standing_seg1
1430975,0.333008,-0.94104,-0.131836,0.976563,-0.305176,1.586915,standing_seg1
1430992,0.327515,-0.948242,-0.130127,1.708985,-1.64795,0.976563,standing_seg1
1431008,0.319092,-0.950928,-0.129517,1.64795,-2.197266,0.0,standing_seg1
1431025,0.318848,-0.950317,-0.130127,1.64795,-2.258301,-0.488281,standing_seg1
1431042,0.310425,-0.942505,-0.134644,0.915528,-1.64795,-1.220703,standing_seg1
1431059,0.306274,-0.935669,-0.142456,0.976563,-0.183106,-1.831055,standing_seg1
1431075,0.308472,-0.937622,-0.149902,1.159668,0.915528,-1.89209,standing_seg1
1431092,0.31189,-0.938965,-0.151367,1.098633,0.854492,-1.708985,standing_seg1
1431109,0.312012,-0.936157,-0.149902,1.037598,0.061035,-0.915528,standing_seg1
1431125,0.307861,-0.936523,-0.150879,1.220703,-0.671387,-0.061035,standing_seg1
1431142,0.306519,-0.937134,-0.151978,1.098633,-0.488281,0.305176,standing_seg1
1431159,0.309326,-0.933594,-0.151855,0.976563,-0.305176,0.732422,standing_seg1
1431175,0.309326,-0.933838,-0.152344,1.159668,-0.183106,0.854492,standing_seg1
1431192,0.314697,-0.936401,-0.150879,0.915528,-0.12207,0.854492,standing_seg1
1431209,0.316772,-0.936401,-0.151001,0.915528,-0.427246,1.037598,standing_seg1
1431225,0.316895,-0.939331,-0.151123,1.037598,-0.854492,1.281738,standing_seg1
1431242,0.312744,-0.948486,-0.148193,1.281738,-1.159668,1.220703,standing_seg1
1431259,0.310913,-0.95105,-0.144897,1.037598,-1.220703,1.159668,standing_seg1
1431275,0.307983,-0.947021,-0.141235,0.427246,-0.610352,0.854492,standing_seg1
1431292,0.312256,-0.93811,-0.140503,0.244141,0.366211,0.671387,standing_seg1
1431309,0.315796,-0.934937,-0.139282,0.244141,0.305176,0.610352,standing_seg1
1431325,0.312378,-0.935547,-0.137451,0.793457,0.244141,0.427246,standing_seg1
1431342,0.312012,-0.942017,-0.135742,0.793457,0.244141,0.427246,standing_seg1
1431359,0.318115,-0.937744,-0.138672,0.915528,-0.061035,0.793457,standing_seg1
1431375,0.320313,-0.938354,-0.140991,1.342773,-0.366211,0.915528,standing_seg1
1431392,0.317505,-0.947144,-0.143188,1.525879,-0.488281,0.915528,standing_seg1
1431409,0.315063,-0.945801,-0.139526,0.915528,-0.183106,0.549316,standing_seg1
1431425,0.312134,-0.941528,-0.137207,0.610352,0.12207,0.488281,standing_seg1
1431442,0.308716,-0.936523,-0.138306,0.366211,0.732422,0.366211,standing_seg1
1431459,0.306519,-0.935059,-0.143311,0.12207,1.342773,0.366211,standing_seg1
1431475,0.305298,-0.938965,-0.144287,0.427246,1.586915,0.488281,standing_seg1
1431492,0.301636,-0.942383,-0.142944,0.305176,1.89209,0.610352,standing_seg1
1431509,0.302612,-0.938232,-0.140259,-0.183106,2.746582,0.854492,standing_seg1
1431525,0.314209,-0.930664,-0.141846,0.061035,2.502441,1.342773,standing_seg1
1431542,0.31665,-0.931763,-0.141968,0.244141,2.075195,1.525879,standing_seg1
1431559,0.314819,-0.93811,-0.145386,0.366211,1.281738,1.586915,standing_seg1
1431575,0.309814,-0.939575,-0.145264,0.183106,0.732422,1.525879,standing_seg1
1431592,0.307617,-0.941406,-0.142334,-0.12207,1.281738,1.159668,standing_seg1
1431609,0.308838,-0.939453,-0.140625,-0.244141,1.586915,0.976563,standing_seg1
1431626,0.309814,-0.937866,-0.137329,-0.305176,2.197266,0.305176,standing_seg1
1431642,0.311768,-0.940674,-0.139648,-0.366211,2.441406,-0.12207,standing_seg1
1431659,0.311646,-0.945923,-0.139771,-0.366211,2.380371,-0.244141,standing_seg1
1431676,0.305786,-0.947876,-0.138794,-1.037598,2.807618,-0.366211,standing_seg1
1431692,0.299194,-0.944458,-0.138916,-1.159668,4.089355,-0.671387,standing_seg1
1431709,0.304077,-0.940063,-0.136353,-1.525879,4.821777,-0.854492,standing_seg1
1431726,0.30603,-0.938232,-0.135376,-1.525879,4.943848,-0.976563,standing_seg1
1431742,0.303589,-0.939453,-0.135498,-1.464844,4.882813,-0.854492,standing_seg1
1431759,0.303345,-0.938843,-0.137085,-1.708985,4.821777,-0.366211,standing_seg1
1431776,0.303345,-0.938477,-0.138306,-1.77002,4.638672,-0.061035,standing_seg1
1431792,0.298828,-0.935913,-0.139771,-1.342773,4.394531,0.305176,standing_seg1
1431809,0.304321,-0.937622,-0.138306,-0.915528,4.333496,0.427246,standing_seg1
1431826,0.308838,-0.939087,-0.138916,-0.610352,4.211426,0.549316,standing_seg1
1431842,0.312622,-0.943481,-0.140137,-0.488281,3.601075,1.037598,standing_seg1
1431859,0.314209,-0.941528,-0.140991,-0.427246,2.868653,1.525879,standing_seg1
1431876,0.31897,-0.940308,-0.145996,0.0,2.319336,1.89209,standing_seg1
1431892,0.321289,-0.940308,-0.148315,0.183106,1.708985,1.953125,standing_seg1
1431909,0.320068,-0.941284,-0.151123,0.305176,0.488281,1.89209,standing_seg1
1431926,0.318359,-0.941284,-0.150391,0.12207,0.0,1.64795,standing_seg1
1431942,0.318237,-0.94043,-0.148682,0.0,0.0,1.64795,standing_seg1
1431959,0.317017,-0.939453,-0.149658,-0.12207,0.488281,1.525879,standing_seg1
1431976,0.31665,-0.935913,-0.152954,-0.427246,1.403809,1.525879,standing_seg1
1431992,0.317993,-0.932251,-0.150513,-0.366211,1.708985,1.586915,standing_seg1
1432009,0.317383,-0.933228,-0.146973,-0.549316,1.953125,1.525879,standing_seg1
1432026,0.324097,-0.934204,-0.141357,-0.549316,2.075195,1.64795,standing_seg1
1432042,0.326172,-0.936523,-0.14209,-0.610352,1.64795,1.77002,standing_seg1
1432059,0.325195,-0.937134,-0.144653,-0.732422,1.464844,1.708985,standing_seg1
1432076,0.324097,-0.93689,-0.144531,-0.549316,1.464844,1.281738,standing_seg1
1432092,0.324829,-0.937744,-0.137329,-0.549316,1.953125,0.671387,standing_seg1
1432109,0.331543,-0.936157,-0.13623,-0.305176,1.89209,0.0,standing_seg1
1432126,0.332764,-0.937988,-0.136719,-0.183106,1.403809,-0.244141,standing_seg1
1432142,0.324219,-0.938354,-0.138794,0.0,0.488281,-0.732422,standing_seg1
1432159,0.313599,-0.939575,-0.137451,0.427246,0.549316,-1.220703,standing_seg1
1432176,0.311401,-0.941406,-0.137451,0.549316,0.549316,-1.342773,standing_seg1
1432192,0.313721,-0.94104,-0.138672,0.732422,0.183106,-1.525879,standing_seg1
1432209,0.314941,-0.939941,-0.143433,0.793457,-1.098633,-1.220703,standing_seg1
1432226,0.307251,-0.935669,-0.147217,0.915528,-2.319336,-0.732422,standing_seg1
1432243,0.306152,-0.93689,-0.149536,0.976563,-2.868653,-0.549316,standing_seg1
1432259,0.296265,-0.942993,-0.150879,0.793457,-2.807618,-0.183106,standing_seg1
1432276,0.290283,-0.943115,-0.151367,0.12207,-1.342773,-0.244141,standing_seg1
1432293,0.288818,-0.941528,-0.152588,-0.183106,-0.366211,-0.427246,standing_seg1
1432309,0.295166,-0.939087,-0.149536,-0.793457,1.464844,-0.793457,standing_seg1
1432326,0.301392,-0.940186,-0.143555,-1.037598,2.13623,-0.915528,standing_seg1
1432343,0.301636,-0.940186,-0.140137,-1.159668,2.197266,-0.854492,standing_seg1
1432359,0.298462,-0.937866,-0.141113,-1.159668,2.01416,-0.488281,standing_seg1
1432376,0.29834,-0.936401,-0.139893,-0.793457,1.77002,-0.12207,standing_seg1
1432393,0.304688,-0.936523,-0.135742,-0.061035,1.586915,0.12207,standing_seg1
1432409,0.30835,-0.939941,-0.135254,0.183106,1.342773,0.183106,standing_seg1
1432426,0.30957,-0.942505,-0.135254,-0.061035,0.610352,0.610352,standing_seg1
1432443,0.306641,-0.933472,-0.134888,-0.12207,0.183106,0.915528,standing_seg1
1432459,0.303223,-0.930786,-0.133423,0.061035,0.244141,0.854492,standing_seg1
1432476,0.304199,-0.931152,-0.130249,0.488281,0.671387,0.610352,standing_seg1
1432493,0.306641,-0.94043,-0.133667,0.976563,0.976563,0.427246,standing_seg1
1432509,0.314087,-0.940186,-0.138794,1.159668,0.671387,0.793457,standing_seg1
1432526,0.316895,-0.942261,-0.139526,1.342773,0.305176,0.915528,standing_seg1
1432543,0.315186,-0.94397,-0.140747,1.159668,-0.183106,1.037598,standing_seg1
1432559,0.307129,-0.936768,-0.140381,0.854492,0.366211,0.488281,standing_seg1
1432576,0.304565,-0.936035,-0.140747,0.854492,0.854492,0.427246,standing_seg1
1432593,0.314819,-0.942871,-0.14563,0.793457,1.708985,0.366211,standing_seg1
1432609,0.325684,-0.944336,-0.151367,0.427246,0.854492,0.671387,standing_seg1
1432626,0.32312,-0.942017,-0.154785,0.488281,-0.366211,0.671387,standing_seg1
1432643,0.321411,-0.942627,-0.154541,0.488281,-0.610352,0.610352,standing_seg1
1432659,0.317871,-0.93811,-0.153687,0.061035,-0.671387,0.183106,standing_seg1
1432676,0.312378,-0.937378,-0.151611,-0.12207,0.061035,-0.305176,standing_seg1
1432693,0.312012,-0.938843,-0.151489,-0.244141,0.488281,-0.610352,standing_seg1
1432709,0.31958,-0.940186,-0.150757,-0.244141,0.549316,-0.854492,standing_seg1
1432726,0.322021,-0.943481,-0.149902,-0.244141,-0.488281,-0.732422,standing_seg1
1432743,0.311768,-0.938232,-0.150635,-0.12207,-1.159668,-0.671387,standing_seg1
1432759,0.307617,-0.936768,-0.150635,0.061035,-1.159668,-0.610352,standing_seg1
1432776,0.302612,-0.940186,-0.149536,0.0,-0.488281,-0.854492,standing_seg1
1432793,0.303833,-0.937012,-0.143677,-0.427246,0.732422,-1.220703,standing_seg1
1432810,0.308228,-0.937256,-0.142944,-0.427246,0.915528,-1.403809,standing_seg1
1432826,0.314087,-0.942261,-0.142944,-0.427246,0.183106,-1.098633,standing_seg1
1432843,0.308594,-0.944824,-0.146362,-0.244141,-0.976563,-0.793457,standing_seg1
1432860,0.301758,-0.945068,-0.146484,-0.183106,-0.976563,-0.732422,standing_seg1
1432876,0.294556,-0.941162,-0.145264,-0.305176,-0.305176,-0.610352,standing_seg1
1432893,0.296997,-0.934082,-0.139038,-0.549316,0.854492,-0.732422,standing_seg1
1432910,0.305664,-0.930786,-0.13501,-0.610352,1.159668,-0.610352,standing_seg1
1432926,0.30835,-0.931641,-0.13562,-0.671387,0.915528,-0.427246,standing_seg1
1432943,0.307251,-0.937256,-0.138428,-0.427246,0.12207,0.183106,standing_seg1
1432960,0.302979,-0.939697,-0.139893,-0.12207,-0.12207,0.610352,standing_seg1
1432976,0.303833,-0.939087,-0.139282,0.244141,0.061035,0.732422,standing_seg1
1432993,0.312622,-0.938599,-0.136353,0.915528,0.061035,0.610352,standing_seg1
1433010,0.314941,-0.939087,-0.135742,1.220703,-0.549316,0.549316,standing_seg1
1433026,0.309937,-0.938599,-0.136475,1.037598,-0.427246,0.427246,standing_seg1
1433043,0.310059,-0.937012,-0.137695,0.976563,-0.183106,0.366211,standing_seg1
1433060,0.314087,-0.93689,-0.141602,1.159668,0.061035,0.244141,standing_seg1
1433076,0.314087,-0.937256,-0.145874,1.037598,-0.305176,0.305176,standing_seg1
1433093,0.31189,-0.935913,-0.146484,1.159668,-0.427246,0.305176,standing_seg1
1433110,0.313965,-0.936157,-0.14563,1.220703,-0.366211,0.305176,standing_seg1
1433126,0.317871,-0.935181,-0.146973,1.037598,-0.488281,0.488281,standing_seg1
1433143,0.317627,-0.936035,-0.14978,0.793457,-0.793457,0.610352,standing_seg1
1433160,0.316284,-0.936523,-0.150757,0.732422,-0.793457,0.610352,standing_seg1
1433176,0.314941,-0.938843,-0.150879,0.610352,-0.610352,0.305176,standing_seg1
1433193,0.311523,-0.942993,-0.149292,0.488281,0.061035,-0.12207,standing_seg1
1433210,0.311279,-0.941772,-0.148682,0.366211,0.427246,-0.305176,standing_seg1
1433226,0.314331,-0.939331,-0.149658,0.427246,0.793457,-0.488281,standing_seg1
1433243,0.320435,-0.938843,-0.149292,0.488281,0.183106,-0.366211,standing_seg1
1433260,0.319702,-0.93396,-0.148682,0.549316,-0.976563,0.0,standing_seg1
1433276,0.31604,-0.93335,-0.150024,0.671387,-1.281738,0.061035,standing_seg1
1433293,0.30835,-0.939209,-0.147827,0.610352,-1.098633,0.0,standing_seg1
1433310,0.310425,-0.940063,-0.147217,0.183106,-0.427246,-0.061035,standing_seg1
1433326,0.310303,-0.939209,-0.147461,0.061035,0.0,-0.183106,standing_seg1
1433343,0.31311,-0.938232,-0.150269,0.12207,0.427246,-0.305176,standing_seg1
1433360,0.317139,-0.934937,-0.149414,0.305176,0.305176,-0.366211,standing_seg1
1433376,0.318481,-0.936646,-0.148438,0.549316,-0.061035,-0.366211,standing_seg1
1433393,0.310547,-0.942627,-0.144531,0.366211,-0.183106,-0.366211,standing_seg1
1433410,0.310425,-0.938354,-0.141846,0.0,0.183106,-0.427246,standing_seg1
1433427,0.310913,-0.934814,-0.140869,-0.244141,0.610352,-0.427246,standing_seg1
1433443,0.31189,-0.932495,-0.141235,-0.305176,0.610352,-0.427246,standing_seg1
1433460,0.312256,-0.92749,-0.140625,0.061035,0.0,-0.183106,standing_seg1
1433477,0.306519,-0.931763,-0.138428,0.549316,-0.061035,0.0,standing_seg1
1433493,0.304688,-0.933105,-0.136475,0.610352,0.183106,0.12207,standing_seg1
1433510,0.30603,-0.934448,-0.132813,0.793457,0.610352,0.427246,standing_seg1
1433527,0.314575,-0.9375,-0.131836,1.037598,0.427246,0.671387,standing_seg1
1433543,0.319214,-0.93811,-0.135132,1.281738,-0.427246,0.976563,standing_seg1
1433560,0.320068,-0.938599,-0.136963,1.464844,-0.915528,1.037598,standing_seg1
1433577,0.318237,-0.937378,-0.138672,1.708985,-1.525879,1.037598,standing_seg1
1433593,0.312866,-0.93689,-0.140503,1.953125,-1.464844,0.793457,standing_seg1
1433610,0.311646,-0.937378,-0.141724,2.075195,-1.220703,0.671387,standing_seg1
1433627,0.319092,-0.938965,-0.146118,2.13623,-1.281738,0.671387,standing_seg1
1433643,0.31958,-0.940552,-0.148682,2.197266,-1.831055,0.671387,standing_seg1
1433660,0.313843,-0.944214,-0.150635,2.13623,-1.77002,0.427246,standing_seg1
1433677,0.31311,-0.945923,-0.151611,2.01416,-1.464844,0.244141,standing_seg1
1433693,0.317139,-0.942749,-0.154907,1.525879,-0.671387,-0.061035,standing_seg1
1433710,0.321167,-0.940063,-0.157104,1.342773,-0.305176,-0.244141,standing_seg1
1433727,0.321655,-0.938721,-0.156494,1.220703,-0.488281,-0.366211,standing_seg1
1433743,0.321411,-0.93811,-0.155884,1.098633,-1.281738,-0.366211,standing_seg1
1433760,0.316406,-0.941895,-0.155762,0.854492,-1.525879,-0.244141,standing_seg1
1433777,0.316895,-0.946655,-0.15625,0.610352,-1.403809,0.0,standing_seg1
1433793,0.316528,-0.946533,-0.155151,0.244141,-1.403809,0.061035,standing_seg1
1433810,0.314331,-0.938843,-0.152222,-0.366211,-1.037598,-0.061035,standing_seg1
1433827,0.314697,-0.934448,-0.149658,-0.610352,-0.427246,-0.488281,standing_seg1
1433843,0.315308,-0.93396,-0.149048,-0.732422,-0.061035,-0.732422,standing_seg1
1433860,0.316284,-0.935303,-0.143311,-0.915528,0.12207,-1.037598,standing_seg1
1433877,0.307007,-0.935669,-0.145508,-0.976563,0.610352,-1.342773,standing_seg1
1433893,0.309204,-0.935181,-0.14502,-0.915528,0.854492,-1.403809,standing_seg1
1433910,0.317749,-0.933228,-0.140137,-0.488281,0.366211,-1.464844,standing_seg1
1433927,0.317139,-0.936646,-0.135254,-0.305176,-0.244141,-1.403809,standing_seg1
1433943,0.314575,-0.93811,-0.134155,-0.183106,-0.671387,-1.159668,standing_seg1
1433960,0.313843,-0.938965,-0.134277,-0.183106,-0.793457,-1.098633,standing_seg1
1433977,0.307007,-0.938354,-0.135498,0.12207,-0.549316,-1.159668,standing_seg1
1433993,0.31311,-0.937012,-0.138062,0.549316,-0.244141,-1.403809,standing_seg1
1434010,0.318604,-0.937378,-0.138184,0.854492,-0.488281,-1.342773,standing_seg1
1434027,0.317749,-0.94043,-0.137817,1.281738,-1.403809,-0.976563,standing_seg1
1434044,0.314697,-0.940796,-0.141968,1.464844,-2.197266,-0.610352,standing_seg1
1434060,0.30896,-0.941406,-0.146851,1.64795,-2.258301,-0.488281,standing_seg1
1434077,0.308716,-0.941528,-0.148926,1.64795,-2.075195,-0.488281,standing_seg1
1434094,0.310059,-0.943726,-0.150269,1.342773,-1.831055,-0.732422,standing_seg1
1434110,0.307861,-0.942505,-0.153809,0.915528,-1.525879,-1.037598,standing_seg1
1434127,0.307617,-0.942139,-0.15625,0.732422,-1.220703,-1.037598,standing_seg1
1434144,0.302368,-0.942505,-0.155273,0.244141,-0.549316,-1.037598,standing_seg1
1434160,0.304199,-0.937744,-0.154297,-0.244141,0.305176,-0.732422,standing_seg1
1434177,0.310181,-0.935547,-0.1521,-0.244141,0.244141,-0.244141,standing_seg1
1434194,0.312012,-0.937134,-0.151855,-0.244141,-0.061035,0.061035,standing_seg1
1434210,0.313843,-0.940918,-0.153198,-0.183106,-0.671387,0.488281,standing_seg1
1434227,0.313599,-0.944336,-0.151978,-0.488281,-0.854492,0.671387,standing_seg1
1434244,0.314819,-0.942627,-0.150757,-0.671387,-0.671387,0.671387,standing_seg1
1434260,0.318237,-0.936401,-0.14978,-0.915528,-0.610352,0.732422,standing_seg1
1434277,0.320923,-0.933838,-0.149048,-0.915528,-0.793457,0.854492,standing_seg1
1434294,0.324219,-0.935181,-0.148315,-0.732422,-1.342773,0.976563,standing_seg1
1434310,0.323486,-0.936401,-0.148438,-0.610352,-1.64795,0.915528,standing_seg1
1434327,0.319824,-0.939453,-0.146484,-0.488281,-1.64795,0.671387,standing_seg1
1434344,0.319458,-0.936646,-0.143677,-0.671387,-0.976563,0.12207,standing_seg1
1434360,0.32251,-0.935059,-0.142822,-0.671387,-0.549316,-0.12207,standing_seg1
1434377,0.328247,-0.932129,-0.142578,-0.366211,-0.488281,-0.427246,standing_seg1
1434394,0.327393,-0.932983,-0.144165,0.0,-0.976563,-0.549316,standing_seg1
1434410,0.327637,-0.932861,-0.146118,0.183106,-1.098633,-0.610352,standing_seg1
1434427,0.325073,-0.935303,-0.148438,0.732422,-1.77002,-0.610352,standing_seg1
1434444,0.314697,-0.9375,-0.149414,0.732422,-1.708985,-0.915528,standing_seg1
1434460,0.317139,-0.932129,-0.149536,0.427246,-0.915528,-1.098633,standing_seg1
1434477,0.320435,-0.928467,-0.150024,0.366211,-0.854492,-1.037598,standing_seg1
1434494,0.320557,-0.92749,-0.149902,0.244141,-0.915528,-0.793457,standing_seg1
1434510,0.319092,-0.92688,-0.152832,0.366211,-1.159668,-0.427246,standing_seg1
1434527,0.318359,-0.930298,-0.152344,0.427246,-1.159668,-0.305176,standing_seg1
1434544,0.313965,-0.936523,-0.150879,0.183106,-0.976563,-0.12207,standing_seg1
1434560,0.314453,-0.935669,-0.149658,0.12207,-0.183106,-0.244141,standing_seg1
1434577,0.32251,-0.934937,-0.150757,0.12207,-0.183106,-0.366211,standing_seg1
1434594,0.326172,-0.934204,-0.151123,0.12207,-0.549316,-0.305176,standing_seg1
1434611,0.321899,-0.934326,-0.150269,0.183106,-1.220703,-0.305176,standing_seg1
1434627,0.317017,-0.932617,-0.14917,0.244141,-1.220703,-0.366211,standing_seg1
1434644,0.313354,-0.932373,-0.148438,0.183106,-0.915528,-0.488281,standing_seg1
1434661,0.312012,-0.932617,-0.1521,0.12207,0.12207,-0.671387,standing_seg1
1434677,0.313721,-0.932007,-0.151123,-0.244141,0.610352,-0.732422,standing_seg1
1434694,0.316162,-0.92627,-0.148438,-0.305176,0.732422,-0.549316,standing_seg1
1434711,0.316162,-0.926392,-0.148315,-0.12207,0.671387,-0.427246,standing_seg1
1434727,0.31665,-0.926514,-0.147949,-0.12207,0.305176,0.0,standing_seg1
1434744,0.315552,-0.923706,-0.147949,0.0,0.12207,0.244141,standing_seg1
1434761,0.317383,-0.921753,-0.147217,0.183106,0.061035,0.305176,standing_seg1
1434777,0.325195,-0.921997,-0.145752,0.671387,-0.305176,0.366211,standing_seg1
1434794,0.325439,-0.92334,-0.145752,1.037598,-0.671387,0.305176,standing_seg1
1434811,0.327148,-0.930054,-0.148315,1.464844,-0.854492,0.061035,standing_seg1
1434827,0.327148,-0.933838,-0.150146,1.525879,-1.037598,0.061035,standing_seg1
1434844,0.328125,-0.938599,-0.151245,1.586915,-0.915528,-0.061035,standing_seg1
1434861,0.328003,-0.937378,-0.154785,1.525879,-0.793457,-0.427246,standing_seg1
1434877,0.328125,-0.938599,-0.156982,1.64795,-0.671387,-0.732422,standing_seg1
1434894,0.330444,-0.937256,-0.159424,1.403809,-0.793457,-1.159668,standing_seg1
1434911,0.325806,-0.934814,-0.161255,1.281738,-0.732422,-1.403809,standing_seg1
1434927,0.324951,-0.93457,-0.161621,1.159668,-0.671387,-1.281738,standing_seg1
1434944,0.322998,-0.93335,-0.16272,1.220703,-0.671387,-1.403809,standing_seg1
1434961,0.320557,-0.937866,-0.163696,1.403809,-0.732422,-1.159668,standing_seg1
1434977,0.318604,-0.942627,-0.163574,1.342773,-0.915528,-0.976563,standing_seg1
1434994,0.31958,-0.941895,-0.163086,1.159668,-0.976563,-0.793457,standing_seg1
1435011,0.314209,-0.938477,-0.161743,1.159668,-1.403809,-0.732422,standing_seg1
1435027,0.309692,-0.937256,-0.157959,1.220703,-1.281738,-0.488281,standing_seg1
1435044,0.307373,-0.938721,-0.15686,1.159668,-1.098633,-0.427246,standing_seg1
1435061,0.30249,-0.936646,-0.154053,1.098633,-0.549316,0.061035,standing_seg1
1435077,0.306274,-0.936401,-0.15332,1.098633,-0.12207,0.671387,standing_seg1
1435094,0.308105,-0.939453,-0.150757,1.281738,-0.061035,1.403809,standing_seg1
1435111,0.307861,-0.938965,-0.148193,1.281738,-0.061035,1.586915,standing_seg1
1435127,0.314209,-0.937378,-0.148804,1.159668,0.0,2.01416,standing_seg1
1435144,0.315796,-0.933228,-0.146606,1.098633,-0.610352,2.319336,standing_seg1
1435161,0.314697,-0.933472,-0.145142,0.915528,-0.732422,2.441406,standing_seg1
1435177,0.31665,-0.93335,-0.144165,0.976563,-0.549316,1.89209,standing_seg1
1435194,0.322021,-0.936646,-0.143921,0.976563,-0.366211,2.075195,standing_seg1
1435211,0.323364,-0.937012,-0.144653,1.159668,-0.610352,2.441406,standing_seg1
1435228,0.319702,-0.937622,-0.145142,1.220703,-0.732422,2.563477,standing_seg1
1435244,0.315063,-0.93811,-0.147949,1.586915,-0.061035,2.197266,standing_seg1
1435261,0.321045,-0.935669,-0.146118,1.586915,0.793457,1.64795,standing_seg1
1435278,0.326294,-0.934326,-0.145142,1.64795,0.793457,1.464844,standing_seg1
1435294,0.327271,-0.932373,-0.144897,1.403809,0.366211,1.403809,standing_seg1
1435311,0.325928,-0.928223,-0.145874,1.403809,-0.427246,1.220703,standing_seg1
1435328,0.317749,-0.928711,-0.146606,1.586915,-0.488281,1.220703,standing_seg1
1435344,0.313599,-0.930054,-0.144775,1.525879,-0.244141,1.159668,standing_seg1
1435361,0.313232,-0.929199,-0.14209,1.342773,0.305176,0.976563,standing_seg1
1435378,0.315063,-0.932373,-0.140625,1.464844,0.610352,0.732422,standing_seg1
1435394,0.317139,-0.934448,-0.139648,1.403809,0.671387,0.732422,standing_seg1
1435411,0.317261,-0.936646,-0.139648,1.159668,0.610352,0.671387,standing_seg1
1435428,0.312988,-0.937866,-0.139526,1.403809,0.732422,0.671387,standing_seg1
1435444,0.310913,-0.941162,-0.139893,1.403809,0.976563,0.671387,standing_seg1
1435461,0.313599,-0.942749,-0.142822,1.464844,1.525879,0.549316,standing_seg1
1435478,0.317993,-0.942383,-0.144775,1.586915,1.098633,0.671387,standing_seg1
1435494,0.316895,-0.940186,-0.146484,1.586915,0.549316,0.549316,standing_seg1
1435511,0.317505,-0.939087,-0.148682,1.525879,0.183106,0.488281,standing_seg1
1435528,0.311768,-0.939819,-0.1521,1.342773,0.0,0.427246,standing_seg1
1435544,0.310303,-0.94104,-0.154785,1.037598,0.427246,0.183106,standing_seg1
1435561,0.311401,-0.941284,-0.154785,0.854492,0.610352,0.183106,standing_seg1
1435578,0.312256,-0.940063,-0.155518,0.549316,0.793457,0.305176,standing_seg1
1435594,0.315796,-0.939453,-0.154541,0.488281,0.488281,0.305176,standing_seg1
1435611,0.313843,-0.93689,-0.153931,0.12207,0.0,0.305176,standing_seg1
1435628,0.310669,-0.936035,-0.152222,0.061035,0.12207,0.244141,standing_seg1
1435644,0.308838,-0.938354,-0.147339,-0.183106,0.549316,-0.12207,standing_seg1
1435661,0.307617,-0.939941,-0.14502,-0.427246,0.976563,-0.427246,standing_seg1
1435678,0.309814,-0.939941,-0.144653,-0.427246,1.037598,-0.488281,standing_seg1
1435694,0.310669,-0.942871,-0.14502,-0.366211,0.793457,-0.305176,standing_seg1
1435711,0.310181,-0.946167,-0.145142,-0.244141,0.549316,0.12207,standing_seg1
1435728,0.30542,-0.945923,-0.141602,-0.488281,0.915528,0.366211,standing_seg1
1435744,0.305054,-0.944458,-0.140747,-0.488281,1.220703,0.427246,standing_seg1
1435761,0.312988,-0.94104,-0.14209,-0.610352,1.64795,0.488281,standing_seg1
1435778,0.314941,-0.937866,-0.142578,-0.793457,1.64795,0.549316,standing_seg1
1435794,0.317993,-0.935181,-0.143311,-0.610352,1.464844,0.610352,standing_seg1
1435811,0.319458,-0.931274,-0.144409,-0.061035,0.732422,0.671387,standing_seg1
1435828,0.319458,-0.933594,-0.144287,0.488281,0.488281,0.671387,standing_seg1
1435845,0.321655,-0.937622,-0.142456,0.671387,0.244141,0.610352,standing_seg1
1435861,0.320801,-0.93811,-0.141113,0.610352,0.0,0.549316,standing_seg1
1435878,0.320679,-0.936523,-0.143555,0.610352,-0.244141,0.366211,standing_seg1
1435895,0.320801,-0.935547,-0.145264,0.671387,-0.366211,0.305176,standing_seg1
1435911,0.318726,-0.93689,-0.145264,0.793457,-0.427246,0.183106,standing_seg1
1435928,0.317993,-0.939697,-0.143311,0.549316,-0.366211,0.061035,standing_seg1
1435945,0.318848,-0.940186,-0.143311,0.488281,-0.061035,-0.183106,standing_seg1
1435961,0.317749,-0.941284,-0.143555,0.488281,0.12207,-0.244141,standing_seg1
1435978,0.314575,-0.93811,-0.145386,0.183106,0.549316,-0.427246,standing_seg1
1435995,0.317505,-0.936035,-0.14563,0.488281,0.244141,-0.732422,standing_seg1
1436011,0.314331,-0.939453,-0.145386,0.427246,-0.244141,-0.976563,standing_seg1
1436028,0.311768,-0.938843,-0.144775,0.305176,-0.244141,-0.976563,standing_seg1
1436045,0.302856,-0.937866,-0.142822,0.244141,0.12207,-0.732422,standing_seg1
1436061,0.305542,-0.937744,-0.143188,0.061035,0.671387,-0.366211,standing_seg1
1436078,0.308105,-0.937256,-0.145142,0.183106,0.427246,-0.12207,standing_seg1
1436095,0.310791,-0.936523,-0.145874,0.366211,-0.305176,0.12207,standing_seg1
1436111,0.312134,-0.940674,-0.143311,0.366211,-0.976563,0.12207,standing_seg1
1436128,0.304321,-0.940186,-0.141479,-0.061035,-0.732422,0.12207,standing_seg1
1436145,0.304077,-0.938599,-0.142944,-0.061035,-0.366211,0.061035,standing_seg1
1436161,0.304688,-0.938599,-0.144653,-0.061035,0.244141,-0.12207,standing_seg1
1436178,0.312256,-0.937744,-0.144287,0.244141,0.12207,-0.12207,standing_seg1
1436195,0.314697,-0.938232,-0.142578,0.366211,-0.183106,0.0,standing_seg1
1436211,0.30957,-0.942993,-0.139771,0.366211,-0.610352,0.244141,standing_seg1
1436228,0.306396,-0.937378,-0.138306,0.0,0.12207,0.366211,standing_seg1
1436245,0.309814,-0.934204,-0.137573,0.0,0.671387,0.427246,standing_seg1
1436261,0.312012,-0.933838,-0.137817,0.183106,0.854492,0.366211,standing_seg1
1436278,0.316772,-0.935791,-0.13916,0.305176,0.366211,0.366211,standing_seg1
1436295,0.313965,-0.93811,-0.140015,0.488281,0.12207,0.305176,standing_seg1
1436311,0.314819,-0.938721,-0.139404,0.549316,0.12207,0.366211,standing_seg1
1436328,0.315186,-0.93689,-0.139404,0.488281,0.12207,0.427246,standing_seg1
1436345,0.31543,-0.93335,-0.140991,0.732422,0.061035,0.366211,standing_seg1
1436361,0.317139,-0.933105,-0.143677,0.976563,-0.305176,0.244141,standing_seg1
1436378,0.31665,-0.934326,-0.144897,1.159668,-0.488281,0.366211,standing_seg1
1436395,0.312988,-0.938965,-0.144897,1.037598,-0.366211,0.610352,standing_seg1
1436412,0.310547,-0.939209,-0.14624,0.915528,0.0,0.610352,standing_seg1
1436428,0.311523,-0.939819,-0.146729,0.793457,0.244141,0.549316,standing_seg1
1436445,0.316162,-0.936523,-0.148315,0.854492,0.12207,0.305176,standing_seg1
1436462,0.31604,-0.93457,-0.14917,0.976563,-0.12207,0.0,standing_seg1
1436478,0.319214,-0.936157,-0.14917,1.159668,-0.305176,0.0,standing_seg1
1436495,0.315186,-0.94165,-0.147827,0.976563,-0.610352,0.183106,standing_seg1
1436512,0.312744,-0.941772,-0.146362,0.671387,-0.488281,0.183106,standing_seg1
1436528,0.311279,-0.939941,-0.147461,0.488281,-0.366211,0.12207,standing_seg1
1436545,0.310791,-0.938232,-0.147583,0.427246,-0.366211,0.12207,standing_seg1
1436562,0.312012,-0.932983,-0.145142,0.427246,-0.305176,0.12207,standing_seg1
1436578,0.309448,-0.934814,-0.142578,0.549316,-0.183106,0.0,standing_seg1
1436595,0.309814,-0.935913,-0.142578,0.549316,-0.12207,0.0,standing_seg1
1436612,0.308716,-0.940063,-0.143677,0.549316,0.183106,-0.061035,standing_seg1
1436628,0.312866,-0.939087,-0.142822,0.366211,0.427246,0.061035,standing_seg1
1436645,0.314819,-0.93811,-0.141968,0.488281,0.366211,0.12207,standing_seg1
1436662,0.316895,-0.937744,-0.142212,0.610352,0.244141,0.244141,standing_seg1
1436678,0.314331,-0.939209,-0.143311,0.671387,-0.12207,0.305176,standing_seg1
1436695,0.308838,-0.940308,-0.143311,0.671387,0.427246,0.183106,standing_seg1
1436712,0.309448,-0.939819,-0.1427,0.488281,0.671387,0.061035,standing_seg1
1436728,0.313721,-0.937012,-0.142822,0.305176,1.098633,-0.12207,standing_seg1
1436745,0.319946,-0.932983,-0.143921,0.244141,0.610352,-0.061035,standing_seg1
1436762,0.317017,-0.933472,-0.144165,0.488281,-0.488281,0.183106,standing_seg1
1436778,0.313232,-0.935425,-0.144653,0.732422,-0.671387,0.244141,standing_seg1
1436795,0.309692,-0.941162,-0.142944,0.854492,-0.061035,0.0,standing_seg1
1436812,0.312744,-0.941895,-0.141357,0.793457,0.488281,-0.12207,standing_seg1
1436828,0.315796,-0.940918,-0.140869,0.732422,0.549316,-0.183106,standing_seg1
1436845,0.316895,-0.936401,-0.141724,0.671387,0.0,-0.183106,standing_seg1
1436862,0.312866,-0.937866,-0.143555,0.915528,-0.366211,-0.12207,standing_seg1
1436878,0.307617,-0.941406,-0.143921,0.976563,0.12207,-0.305176,standing_seg1
1436895,0.309692,-0.941772,-0.14502,0.976563,0.244141,-0.305176,standing_seg1
1436912,0.311646,-0.940674,-0.147095,0.854492,0.244141,-0.366211,standing_seg1
1436928,0.312744,-0.939819,-0.146606,0.854492,0.183106,-0.305176,standing_seg1
1436945,0.313354,-0.938965,-0.146851,0.793457,0.061035,-0.244141,standing_seg1
1436962,0.31189,-0.939575,-0.149536,0.671387,-0.244141,0.0,standing_seg1
1436978,0.306519,-0.941895,-0.151855,0.549316,-0.366211,0.12207,standing_seg1
1436995,0.30249,-0.943726,-0.1521,0.610352,-0.061035,0.0,standing_seg1
1437012,0.309204,-0.946045,-0.152588,0.305176,0.732422,-0.061035,standing_seg1
1437029,0.3125,-0.943237,-0.150635,-0.12207,0.610352,0.12207,standing_seg1
1437045,0.314819,-0.939087,-0.150635,-0.183106,0.366211,0.366211,standing_seg1
1437062,0.315186,-0.937988,-0.150757,-0.12207,0.12207,0.427246,standing_seg1
1437079,0.312012,-0.939819,-0.151611,0.0,0.12207,0.549316,standing_seg1
1437095,0.313721,-0.941162,-0.147583,0.061035,0.732422,0.366211,standing_seg1
1437112,0.316895,-0.941528,-0.145386,-0.061035,0.732422,0.244141,standing_seg1
1437129,0.321411,-0.939697,-0.142456,-0.305176,0.427246,0.0,standing_seg1
1437145,0.320801,-0.932983,-0.140991,-0.12207,-0.305176,0.0,standing_seg1
1437162,0.314819,-0.931152,-0.140991,0.366211,-0.610352,0.061035,standing_seg1
1437179,0.312012,-0.934326,-0.139893,0.488281,-0.427246,0.061035,standing_seg1
1437195,0.307983,-0.936523,-0.134888,0.427246,0.366211,0.12207,standing_seg1
1437212,0.313843,-0.932617,-0.135132,0.671387,0.732422,0.183106,standing_seg1
1437229,0.317871,-0.932617,-0.135986,0.915528,0.366211,0.244141,standing_seg1
1437245,0.319702,-0.93335,-0.136353,1.220703,-0.671387,0.244141,standing_seg1
1437262,0.314575,-0.935303,-0.136108,1.586915,-1.220703,0.12207,standing_seg1
1437279,0.31311,-0.942749,-0.137939,1.77002,-0.732422,0.061035,standing_seg1
1437295,0.314819,-0.944458,-0.139282,1.64795,-0.549316,0.061035,standing_seg1
1437312,0.31665,-0.943115,-0.143555,1.586915,-0.610352,0.061035,standing_seg1
1437329,0.317017,-0.940186,-0.144409,1.525879,-1.281738,0.061035,standing_seg1
1437345,0.317261,-0.940063,-0.144897,1.525879,-1.586915,0.061035,standing_seg1
1437362,0.308472,-0.940674,-0.148682,1.403809,-1.586915,-0.12207,standing_seg1
1437379,0.303589,-0.942139,-0.149902,1.037598,-0.671387,-0.366211,standing_seg1
1437395,0.310181,-0.941772,-0.148804,0.732422,-0.183106,-0.244141,standing_seg1
1437412,0.310791,-0.940674,-0.148193,0.610352,-0.244141,-0.183106,standing_seg1
1437429,0.310181,-0.938599,-0.148071,0.671387,-0.549316,0.061035,standing_seg1
1437445,0.309204,-0.940918,-0.148071,0.732422,-0.854492,0.427246,standing_seg1
1437462,0.306519,-0.942139,-0.146362,0.610352,-0.854492,0.549316,standing_seg1
1437479,0.302979,-0.942505,-0.141357,0.244141,-0.12207,0.671387,standing_seg1
1437495,0.308105,-0.939209,-0.139771,-0.061035,0.610352,0.732422,standing_seg1
1437512,0.312012,-0.936646,-0.139771,-0.061035,0.549316,0.854492,standing_seg1
1437529,0.31189,-0.933838,-0.13855,0.183106,0.12207,0.976563,standing_seg1
1437545,0.310669,-0.934937,-0.135376,0.366211,-0.061035,1.159668,standing_seg1
1437562,0.311646,-0.932495,-0.132446,0.305176,0.061035,1.281738,standing_seg1
1437579,0.312012,-0.932373,-0.132935,0.488281,0.061035,1.342773,standing_seg1
1437596,0.310791,-0.936401,-0.133057,0.549316,0.183106,1.281738,standing_seg1
1437612,0.311035,-0.943237,-0.133179,0.610352,0.915528,0.976563,standing_seg1
1437629,0.314453,-0.94812,-0.133545,0.732422,1.220703,0.793457,standing_seg1
1437646,0.320679,-0.951538,-0.135986,0.427246,1.586915,0.549316,standing_seg1
1437662,0.321777,-0.946289,-0.138672,0.549316,1.464844,0.549316,standing_seg1
1437679,0.320068,-0.943359,-0.139404,0.854492,1.342773,0.366211,standing_seg1
1437696,0.318604,-0.941162,-0.141602,0.915528,1.281738,0.0,standing_seg1
1437712,0.321655,-0.932373,-0.143433,1.037598,0.976563,-0.671387,standing_seg1
1437729,0.322388,-0.92981,-0.142456,1.342773,0.12207,-0.915528,standing_seg1
1437746,0.320068,-0.931274,-0.1427,1.403809,-0.366211,-0.854492,standing_seg1
1437762,0.317383,-0.936157,-0.144043,1.403809,-1.342773,-0.488281,standing_seg1
1437779,0.310303,-0.937622,-0.144043,0.976563,-2.075195,0.12207,standing_seg1
1437796,0.304688,-0.933594,-0.141968,0.793457,-1.953125,0.183106,standing_seg1
1437812,0.304321,-0.935059,-0.141357,0.854492,-1.831055,0.12207,standing_seg1
1437829,0.303101,-0.935059,-0.138062,0.183106,-1.037598,0.0,standing_seg1
1437846,0.30481,-0.932373,-0.137085,-0.061035,-0.244141,-0.061035,standing_seg1
1437862,0.306396,-0.933838,-0.136963,-0.061035,0.183106,0.12207,standing_seg1
1437879,0.309814,-0.940308,-0.134155,-0.244141,0.671387,0.305176,standing_seg1
1437896,0.304443,-0.944214,-0.134399,-0.427246,1.098633,0.305176,standing_seg1
1437912,0.306396,-0.944824,-0.133179,-0.366211,1.89209,0.183106,standing_seg1
1437929,0.312988,-0.942627,-0.134033,-0.488281,1.953125,0.244141,standing_seg1
1437946,0.320923,-0.935059,-0.138062,-0.183106,0.915528,0.244141,standing_seg1
1437962,0.317627,-0.933105,-0.137573,0.488281,-0.427246,0.244141,standing_seg1
1437979,0.312256,-0.935181,-0.136719,0.610352,-0.732422,0.244141,standing_seg1
1437996,0.303223,-0.940552,-0.134766,0.427246,-0.12207,0.0,standing_seg1
1438012,0.303711,-0.937744,-0.136597,0.305176,0.976563,0.0,standing_seg1
1438029,0.307739,-0.935303,-0.136841,0.427246,1.159668,0.0,standing_seg1
1438046,0.315552,-0.934082,-0.137085,0.915528,0.366211,0.244141,standing_seg1
1438062,0.309937,-0.938354,-0.136719,1.220703,-0.183106,0.610352,standing_seg1
1438079,0.306396,-0.94165,-0.138428,1.098633,0.061035,0.793457,standing_seg1
1438096,0.305542,-0.939209,-0.140991,0.854492,0.427246,0.793457,standing_seg1
1438112,0.310425,-0.931763,-0.144531,0.854492,1.281738,0.488281,standing_seg1
1438129,0.318359,-0.935181,-0.141724,1.098633,1.159668,0.183106,standing_seg1
1438146,0.321167,-0.938354,-0.140625,1.098633,0.793457,0.12207,standing_seg1
1438162,0.316895,-0.944824,-0.141724,0.854492,0.244141,-0.061035,standing_seg1
1438179,0.310669,-0.943481,-0.140381,0.427246,0.732422,-0.305176,standing_seg1
1438196,0.316162,-0.935791,-0.141479,0.427246,0.793457,-0.427246,standing_seg1
1438213,0.318115,-0.93457,-0.141602,0.671387,0.427246,-0.305176,standing_seg1
1438229,0.314209,-0.938721,-0.142334,0.854492,-0.427246,-0.305176,standing_seg1
1438246,0.308228,-0.943481,-0.141113,0.854492,-0.244141,-0.305176,standing_seg1
1438263,0.306641,-0.946411,-0.140747,0.732422,0.244141,-0.366211,standing_seg1
1438279,0.310059,-0.94751,-0.142334,0.366211,0.976563,-0.610352,standing_seg1
1438296,0.315918,-0.939819,-0.145874,0.366211,0.549316,-0.854492,standing_seg1
1438313,0.314697,-0.94165,-0.146851,0.671387,-0.671387,-1.037598,standing_seg1
1438329,0.30957,-0.941772,-0.14563,0.488281,-1.098633,-1.098633,standing_seg1
1438346,0.301514,-0.944824,-0.139648,0.12207,-0.732422,-1.220703,standing_seg1
1438363,0.28894,-0.937378,-0.139038,-0.610352,1.464844,-1.342773,standing_seg1
1438379,0.29126,-0.936279,-0.135986,-0.610352,2.563477,-1.464844,standing_seg1
1438396,0.304932,-0.936035,-0.133057,-0.305176,3.54004,-1.098633,standing_seg1
1438413,0.315308,-0.938354,-0.13269,0.183106,2.685547,-0.183106,standing_seg1
1438429,0.313354,-0.942749,-0.133667,0.732422,1.220703,0.854492,standing_seg1
1438446,0.312012,-0.942993,-0.134277,0.915528,0.915528,1.159668,standing_seg1
1438463,0.319946,-0.942261,-0.133789,1.037598,0.366211,1.464844,standing_seg1
1438479,0.326172,-0.937134,-0.136841,1.220703,-0.488281,1.464844,standing_seg1
1438496,0.327515,-0.939697,-0.138672,1.342773,-1.098633,1.342773,standing_seg1
1438513,0.32019,-0.946655,-0.137695,0.976563,-1.89209,1.220703,standing_seg1
1438529,0.309204,-0.94458,-0.137817,0.366211,-0.671387,0.915528,standing_seg1
1438546,0.308105,-0.942017,-0.138184,0.244141,0.366211,0.793457,standing_seg1
1438563,0.315674,-0.933472,-0.137573,-0.183106,1.586915,0.549316,standing_seg1
1438579,0.323853,-0.925293,-0.136475,0.0,1.037598,0.549316,standing_seg1
1438596,0.321777,-0.931274,-0.135376,0.244141,0.12207,0.793457,standing_seg1
1438613,0.319336,-0.934326,-0.13501,0.061035,-0.061035,0.915528,standing_seg1
1438629,0.317261,-0.936768,-0.137207,-0.305176,0.244141,1.037598,standing_seg1
1438646,0.319702,-0.939941,-0.136963,-0.244141,0.488281,0.854492,standing_seg1
1438663,0.321411,-0.940308,-0.137207,-0.183106,0.549316,0.488281,standing_seg1
1438679,0.327026,-0.941406,-0.137451,0.183106,0.244141,-0.366211,standing_seg1
1438696,0.322876,-0.945801,-0.136963,0.12207,-0.061035,-0.976563,standing_seg1
1438713,0.31897,-0.940308,-0.138062,0.427246,0.366211,-1.342773,standing_seg1
1438729,0.31958,-0.946533,-0.140747,0.732422,0.488281,-1.525879,standing_seg1
1438746,0.317017,-0.94812,-0.144531,0.244141,0.0,-1.525879,standing_seg1
1438763,0.310547,-0.938354,-0.146973,0.488281,-0.732422,-1.525879,standing_seg1
1438780,0.307007,-0.936157,-0.146973,0.549316,-0.793457,-1.403809,standing_seg1
1438796,0.301758,-0.934204,-0.145752,0.915528,-0.549316,-0.976563,standing_seg1
1438813,0.301025,-0.94104,-0.148804,0.854492,-0.549316,-0.366211,standing_seg1
1438830,0.300293,-0.935791,-0.148438,0.366211,-0.366211,0.671387,standing_seg1
1438846,0.300903,-0.931641,-0.147339,0.305176,-0.244141,1.037598,standing_seg1
1438863,0.307007,-0.932739,-0.145386,0.305176,0.0,1.464844,standing_seg1
1438880,0.309692,-0.930298,-0.140869,0.061035,0.0,1.464844,standing_seg1
1438896,0.311646,-0.929565,-0.140869,0.0,-0.061035,1.464844,standing_seg1
1438913,0.313599,-0.93042,-0.138306,0.0,0.0,1.586915,standing_seg1
1438930,0.315796,-0.930298,-0.134399,0.183106,0.12207,1.525879,standing_seg1
1438946,0.314941,-0.934814,-0.131226,0.488281,0.305176,1.220703,standing_seg1
1438963,0.313721,-0.935669,-0.129028,0.488281,0.610352,0.976563,standing_seg1
1438980,0.31958,-0.936035,-0.126343,0.610352,1.037598,0.549316,standing_seg1
1438996,0.32373,-0.94104,-0.126709,0.976563,0.732422,0.305176,standing_seg1
1439013,0.323486,-0.942139,-0.128296,0.976563,0.488281,0.244141,standing_seg1
1439030,0.32666,-0.939941,-0.133057,1.342773,-0.366211,0.366211,standing_seg1
1439046,0.321655,-0.938965,-0.136963,1.403809,-0.915528,0.183106,standing_seg1
1439063,0.320068,-0.936401,-0.138428,1.403809,-0.976563,0.061035,standing_seg1
1439080,0.316406,-0.932739,-0.136597,1.220703,-0.671387,-0.366211,standing_seg1
1439096,0.315186,-0.934326,-0.138062,0.976563,-0.305176,-0.793457,standing_seg1
1439113,0.314331,-0.934937,-0.138794,0.549316,-0.244141,-1.037598,standing_seg1
1439130,0.310913,-0.934082,-0.13855,0.549316,-0.244141,-1.098633,standing_seg1
1439146,0.303955,-0.936157,-0.136108,0.915528,0.305176,-1.281738,standing_seg1
1439163,0.307861,-0.940308,-0.133667,1.159668,0.671387,-1.281738,standing_seg1
1439180,0.309448,-0.940796,-0.133789,1.159668,0.610352,-1.037598,standing_seg1
1439196,0.310547,-0.941162,-0.135254,1.586915,0.061035,-0.610352,standing_seg1
1439213,0.315186,-0.943115,-0.137817,1.953125,-0.793457,-0.366211,standing_seg1
1439230,0.317383,-0.944214,-0.138062,2.441406,-2.075195,0.0,standing_seg1
1439246,0.314209,-0.94812,-0.139648,2.624512,-2.441406,0.061035,standing_seg1
1439263,0.313965,-0.946289,-0.1427,2.502441,-2.807618,0.12207,standing_seg1
1439280,0.317261,-0.940674,-0.146729,2.502441,-3.173829,0.061035,standing_seg1
1439296,0.317749,-0.938721,-0.146606,2.441406,-3.41797,0.0,standing_seg1
1439313,0.3125,-0.937866,-0.146606,2.441406,-4.02832,-0.12207,standing_seg1
1439330,0.306519,-0.946045,-0.147705,2.197266,-3.295899,-0.183106,standing_seg1
1439346,0.306274,-0.956177,-0.149414,1.64795,-2.197266,-0.305176,standing_seg1
1439363,0.308472,-0.957031,-0.147583,1.037598,-1.64795,-0.427246,standing_seg1
1439380,0.312378,-0.946533,-0.14209,0.427246,-1.098633,-0.488281,standing_seg1
1439397,0.31189,-0.940918,-0.137207,0.366211,-1.220703,-0.488281,standing_seg1
1439413,0.310547,-0.940063,-0.134399,0.366211,-1.281738,-0.488281,standing_seg1
1439430,0.303833,-0.939697,-0.133301,0.366211,-1.037598,-0.366211,standing_seg1
1439447,0.304321,-0.94165,-0.13269,0.244141,-0.183106,0.0,standing_seg1
1439463,0.313721,-0.938354,-0.130615,0.305176,-0.976563,0.549316,standing_seg1
1439480,0.313965,-0.937012,-0.130493,0.549316,-1.586915,0.732422,standing_seg1
1439497,0.309692,-0.938354,-0.12915,0.976563,-2.319336,0.915528,standing_seg1
1439513,0.307373,-0.938965,-0.127441,0.976563,-2.01416,0.976563,standing_seg1
1439530,0.307739,-0.939209,-0.126831,0.915528,-1.708985,0.976563,standing_seg1
1439547,0.314575,-0.937622,-0.128662,0.732422,-1.220703,1.037598,standing_seg1
1439563,0.31665,-0.934937,-0.128174,0.732422,-1.342773,0.976563,standing_seg1
1439580,0.316772,-0.936279,-0.127441,0.915528,-1.281738,0.915528,standing_seg1
1439597,0.317749,-0.941406,-0.126465,0.793457,-1.342773,0.610352,standing_seg1
1439613,0.313599,-0.937134,-0.12793,0.671387,-0.793457,0.305176,standing_seg1
1439630,0.318848,-0.935669,-0.127686,0.915528,-0.427246,0.0,standing_seg1
1439647,0.321655,-0.936279,-0.127319,1.037598,-0.610352,-0.183106,standing_seg1
1439663,0.322144,-0.937378,-0.128784,1.159668,-1.098633,-0.366211,standing_seg1
1439680,0.314819,-0.939087,-0.133301,1.220703,-1.220703,-0.549316,standing_seg1
1439697,0.312988,-0.93811,-0.134521,1.098633,-1.037598,-0.671387,standing_seg1
1439713,0.317383,-0.934204,-0.134766,1.159668,-1.098633,-0.671387,standing_seg1
1439730,0.322998,-0.931274,-0.132446,1.281738,-1.708985,-0.366211,standing_seg1
1439747,0.32605,-0.934937,-0.13623,1.525879,-2.746582,-0.12207,standing_seg1
1439763,0.325562,-0.937012,-0.138672,1.464844,-3.051759,-0.061035,standing_seg1
1439780,0.321655,-0.945435,-0.141968,1.220703,-2.929688,-0.427246,standing_seg1
1439797,0.315186,-0.953491,-0.139282,0.549316,-1.953125,-1.220703,standing_seg1
1439813,0.311035,-0.951904,-0.136597,-0.061035,-1.220703,-1.708985,standing_seg1
1439830,0.310791,-0.943726,-0.137939,-0.427246,0.0,-2.502441,standing_seg1
1439847,0.305908,-0.943481,-0.137573,-0.427246,0.732422,-2.563477,standing_seg1
1439863,0.303101,-0.940186,-0.134521,-0.12207,1.098633,-2.01416,standing_seg1
1439880,0.302368,-0.938232,-0.134033,0.12207,1.037598,-1.525879,standing_seg1
1439897,0.308105,-0.934082,-0.136353,0.793457,0.061035,-0.366211,standing_seg1
1439913,0.310059,-0.928711,-0.138184,1.220703,-1.586915,0.549316,standing_seg1
1439930,0.309204,-0.926758,-0.137817,1.525879,-2.380371,0.854492,standing_seg1
1439947,0.307495,-0.934326,-0.13916,2.380371,-3.295899,1.098633,standing_seg1
1439964,0.306519,-0.947266,-0.141113,1.953125,-3.051759,1.342773,standing_seg1
1439980,0.308716,-0.946289,-0.143677,1.342773,-2.380371,1.64795,standing_seg1
1439997,0.310059,-0.943726,-0.143066,1.281738,-2.01416,1.586915,standing_seg1
1440014,0.311401,-0.939697,-0.14209,1.098633,-1.64795,1.403809,standing_seg1
1440030,0.309082,-0.939453,-0.138916,0.854492,-0.915528,1.098633,standing_seg1
1440047,0.309937,-0.939453,-0.136963,0.732422,-0.488281,0.976563,standing_seg1
1440064,0.316284,-0.940552,-0.135132,0.366211,0.061035,1.037598,standing_seg1
1440080,0.325317,-0.941772,-0.135254,0.305176,0.061035,0.976563,standing_seg1
1440097,0.325562,-0.94165,-0.134033,0.366211,-0.366211,0.854492,standing_seg1
1440114,0.320435,-0.943237,-0.130981,0.549316,-0.854492,0.244141,standing_seg1
1440130,0.31604,-0.939697,-0.129028,0.488281,-0.549316,-0.427246,standing_seg1
1440147,0.315918,-0.936157,-0.128296,0.610352,0.061035,-0.854492,standing_seg1
1440164,0.318604,-0.936646,-0.12854,0.793457,0.061035,-0.854492,standing_seg1
1440180,0.318604,-0.937622,-0.130859,1.037598,-0.671387,-0.671387,standing_seg1
1440197,0.314331,-0.938477,-0.131104,1.098633,-1.464844,-0.427246,standing_seg1
1440214,0.310059,-0.939575,-0.130981,1.098633,-1.64795,-0.366211,standing_seg1
1440230,0.307617,-0.942505,-0.132202,0.915528,-1.403809,-0.366211,standing_seg1
1440247,0.308472,-0.940186,-0.13562,0.610352,-1.037598,-0.427246,standing_seg1
1440264,0.314941,-0.935669,-0.139038,0.549316,-1.342773,-0.488281,standing_seg1
1440280,0.317139,-0.935669,-0.139282,0.549316,-1.708985,-0.488281,standing_seg1
1440297,0.310791,-0.940796,-0.137939,0.549316,-2.075195,-0.610352,standing_seg1
1440314,0.302368,-0.94812,-0.136597,0.427246,-1.586915,-0.793457,standing_seg1
1440330,0.299316,-0.950928,-0.135986,0.183106,-0.915528,-0.793457,standing_seg1
1440347,0.30188,-0.949829,-0.135376,-0.12207,0.183106,-0.610352,standing_seg1
1440364,0.307861,-0.942993,-0.134399,0.0,0.305176,-0.183106,standing_seg1
1440380,0.312378,-0.934692,-0.132568,0.366211,-0.976563,0.305176,standing_seg1
1440397,0.310669,-0.930908,-0.132568,0.610352,-1.64795,0.671387,standing_seg1
1440414,0.302612,-0.932251,-0.133423,1.220703,-2.01416,1.159668,standing_seg1
1440430,0.301025,-0.940186,-0.134155,1.464844,-1.159668,1.403809,standing_seg1
1440447,0.305908,-0.942261,-0.135498,1.403809,-0.915528,1.403809,standing_seg1
1440464,0.314087,-0.941772,-0.136353,1.403809,-1.098633,1.586915,standing_seg1
1440480,0.318481,-0.937744,-0.136475,1.464844,-1.525879,1.64795,standing_seg1
1440497,0.317383,-0.9375,-0.137329,1.64795,-1.89209,1.403809,standing_seg1
1440514,0.312256,-0.939453,-0.136719,1.64795,-1.77002,1.281738,standing_seg1
1440530,0.310181,-0.942139,-0.135864,1.281738,-0.549316,0.915528,standing_seg1
1440547,0.315186,-0.938721,-0.135864,0.854492,0.183106,0.671387,standing_seg1
1440564,0.318115,-0.935791,-0.134888,0.793457,0.244141,0.610352,standing_seg1
1440581,0.322998,-0.931152,-0.133789,0.854492,-0.366211,0.427246,standing_seg1
1440597,0.315796,-0.937256,-0.134399,0.976563,-0.732422,0.183106,standing_seg1
1440614,0.311768,-0.939331,-0.132813,0.854492,-0.488281,0.061035,standing_seg1
1440631,0.310791,-0.938843,-0.131592,0.366211,0.244141,-0.244141,standing_seg1
1440647,0.313965,-0.936523,-0.12915,0.427246,0.671387,-0.488281,standing_seg1
1440664,0.317627,-0.935669,-0.126221,0.671387,0.244141,-0.488281,standing_seg1
1440681,0.317017,-0.93689,-0.125732,0.793457,-0.183106,-0.427246,standing_seg1
1440697,0.315918,-0.939087,-0.128296,1.159668,-1.098633,-0.244141,standing_seg1
1440714,0.312012,-0.939941,-0.12854,1.525879,-1.708985,-0.305176,standing_seg1
1440731,0.3125,-0.940796,-0.128418,1.586915,-1.831055,-0.305176,standing_seg1
1440747,0.310791,-0.942383,-0.129395,1.708985,-1.77002,-0.488281,standing_seg1
1440764,0.308472,-0.944946,-0.130493,1.64795,-1.403809,-0.549316,standing_seg1
1440781,0.306641,-0.946167,-0.133545,1.464844,-0.671387,-0.549316,standing_seg1
1440797,0.307617,-0.946655,-0.135498,1.403809,-0.427246,-0.610352,standing_seg1
1440814,0.308472,-0.947388,-0.13501,1.220703,-0.244141,-0.549316,standing_seg1
1440831,0.307129,-0.943359,-0.136597,1.037598,-0.183106,-0.671387,standing_seg1
1440847,0.305298,-0.94104,-0.136841,0.976563,-0.12207,-0.793457,standing_seg1
1440864,0.306519,-0.939941,-0.137573,0.976563,0.183106,-0.854492,standing_seg1
1440881,0.305908,-0.943359,-0.138062,0.915528,-0.061035,-0.732422,standing_seg1
1440897,0.302734,-0.944092,-0.138672,0.671387,-0.366211,-0.366211,standing_seg1
1440914,0.300171,-0.943604,-0.138184,0.610352,-0.305176,-0.244141,standing_seg1
1440931,0.302002,-0.943848,-0.137451,0.671387,0.244141,0.061035,standing_seg1
1440947,0.306641,-0.94397,-0.137573,0.671387,0.305176,0.366211,standing_seg1
1440964,0.307983,-0.945068,-0.137329,0.610352,0.244141,0.488281,standing_seg1
1440981,0.312012,-0.943115,-0.136719,0.549316,-0.427246,0.610352,standing_seg1
1440997,0.309448,-0.944702,-0.135498,0.427246,-0.732422,0.610352,standing_seg1
1441014,0.306152,-0.944092,-0.134521,0.12207,0.061035,0.488281,standing_seg1
1441031,0.308594,-0.942139,-0.134033,0.12207,0.427246,0.488281,standing_seg1
1441047,0.316162,-0.941528,-0.134399,0.0,0.488281,0.427246,standing_seg1
1441064,0.318115,-0.940674,-0.132446,0.183106,-0.12207,0.549316,standing_seg1
1441081,0.316162,-0.941162,-0.132202,0.183106,-0.366211,0.610352,standing_seg1
1441097,0.312622,-0.940796,-0.131348,0.061035,-0.12207,0.549316,standing_seg1
1441114,0.314087,-0.942749,-0.130249,-0.061035,0.427246,0.305176,standing_seg1
1441131,0.313721,-0.942383,-0.129028,-0.305176,0.671387,0.12207,standing_seg1
1441147,0.319092,-0.935791,-0.128418,-0.427246,0.793457,-0.12207,standing_seg1
1441164,0.322144,-0.934204,-0.129639,-0.061035,0.061035,-0.061035,standing_seg1
1441181,0.317993,-0.935425,-0.130005,0.244141,-0.854492,0.0,standing_seg1
1441198,0.314575,-0.937012,-0.129272,0.305176,-0.976563,0.0,standing_seg1
1441214,0.311768,-0.937744,-0.127075,0.244141,-0.427246,-0.244141,standing_seg1
1441231,0.317139,-0.935791,-0.129761,0.183106,-0.488281,-0.427246,standing_seg1
1441248,0.31958,-0.934326,-0.130371,0.061035,-0.671387,-0.488281,standing_seg1
1441264,0.320313,-0.932251,-0.12854,0.549316,-1.464844,-0.671387,standing_seg1
1441281,0.311157,-0.935791,-0.130493,0.793457,-2.01416,-0.793457,standing_seg1
1441298,0.306519,-0.939453,-0.13208,1.159668,-1.220703,-0.915528,standing_seg1
1441314,0.308716,-0.94397,-0.131958,1.159668,-0.976563,-0.976563,standing_seg1
1441331,0.307617,-0.944824,-0.133545,0.732422,-0.671387,-1.220703,standing_seg1
1441348,0.309814,-0.945313,-0.135864,0.732422,-0.732422,-1.037598,standing_seg1
1441364,0.310303,-0.946411,-0.137085,0.671387,-0.915528,-0.915528,standing_seg1
1441381,0.307373,-0.945068,-0.140503,0.488281,-0.915528,-0.427246,standing_seg1
1441398,0.303223,-0.942627,-0.144043,0.671387,-0.610352,-0.183106,standing_seg1
1441414,0.305908,-0.944336,-0.144165,0.610352,-0.488281,-0.305176,standing_seg1
1441431,0.305786,-0.94519,-0.143921,0.427246,-0.427246,-0.305176,standing_seg1
1441448,0.305542,-0.942871,-0.142334,0.0,-0.244141,-0.305176,standing_seg1
1441464,0.306396,-0.942017,-0.143433,-0.12207,0.0,-0.305176,standing_seg1
1441481,0.306885,-0.941162,-0.142944,-0.12207,0.183106,-0.244141,standing_seg1
1441498,0.312256,-0.944336,-0.139038,0.0,0.12207,-0.183106,standing_seg1
1441514,0.309448,-0.946655,-0.134155,-0.366211,0.12207,0.0,standing_seg1
1441531,0.310425,-0.944458,-0.13269,-0.549316,0.427246,-0.12207,standing_seg1
1441548,0.310547,-0.939453,-0.133667,-0.671387,0.671387,-0.12207,standing_seg1
1441564,0.312744,-0.932739,-0.132813,-0.305176,0.976563,-0.244141,standing_seg1
1441581,0.314453,-0.936035,-0.131714,-0.061035,0.915528,0.305176,standing_seg1
1441598,0.316406,-0.937256,-0.131714,-0.061035,0.793457,0.549316,standing_seg1
1441614,0.318359,-0.935547,-0.131592,0.12207,0.427246,1.159668,standing_seg1
1441631,0.317017,-0.935303,-0.128784,0.732422,0.183106,0.976563,standing_seg1
1441648,0.317993,-0.93689,-0.128052,0.915528,0.0,0.915528,standing_seg1
1441664,0.321289,-0.938477,-0.128052,0.976563,-0.671387,0.915528,standing_seg1
1441681,0.32251,-0.937378,-0.130615,0.976563,-1.403809,0.854492,standing_seg1
1441698,0.322144,-0.938354,-0.133179,1.281738,-1.77002,0.976563,standing_seg1
1441714,0.322876,-0.938721,-0.134155,1.64795,-2.380371,1.098633,standing_seg1
1441731,0.307861,-0.950439,-0.134521,2.01416,-2.624512,1.098633,standing_seg1
1441748,0.306885,-0.948486,-0.135376,1.525879,-0.976563,0.610352,standing_seg1
1441765,0.30835,-0.94519,-0.135254,1.403809,-0.549316,0.549316,standing_seg1
1441781,0.307495,-0.939941,-0.134644,1.220703,0.0,0.12207,standing_seg1
1441798,0.312866,-0.937256,-0.134766,0.976563,-0.061035,-0.061035,standing_seg1
1441815,0.30835,-0.936523,-0.138428,0.915528,-0.854492,0.183106,standing_seg1
1441831,0.302979,-0.938354,-0.138794,0.854492,-0.915528,0.244141,standing_seg1
1441848,0.295898,-0.939697,-0.139526,0.732422,-0.244141,0.488281,standing_seg1
1441865,0.301758,-0.940308,-0.138916,0.854492,0.854492,0.793457,standing_seg1
1441881,0.305298,-0.940674,-0.137451,0.732422,1.281738,0.915528,standing_seg1
1441898,0.311768,-0.93811,-0.135376,0.793457,1.159668,1.281738,standing_seg1
1441915,0.315918,-0.937988,-0.134399,0.915528,0.183106,1.403809,standing_seg1
1441931,0.313843,-0.942261,-0.135132,0.976563,-0.549316,1.281738,standing_seg1
1441948,0.311646,-0.94458,-0.135498,0.915528,-0.488281,1.098633,standing_seg1
1441965,0.312134,-0.948486,-0.136841,0.671387,-0.183106,0.671387,standing_seg1
1441981,0.310303,-0.945313,-0.138306,0.427246,0.305176,0.488281,standing_seg1
1441998,0.30896,-0.942261,-0.139038,0.305176,0.610352,0.366211,standing_seg1
1442015,0.30603,-0.94043,-0.136597,0.488281,1.220703,0.12207,standing_seg1
1442031,0.310303,-0.945313,-0.134521,0.427246,1.586915,0.183106,standing_seg1
1442048,0.310425,-0.944458,-0.138062,0.305176,1.281738,0.488281,standing_seg1
1442065,0.311157,-0.939941,-0.138794,0.244141,0.976563,0.610352,standing_seg1
1442081,0.315186,-0.937622,-0.137939,0.061035,0.061035,0.793457,standing_seg1
1442098,0.305664,-0.934692,-0.135742,0.061035,-0.366211,0.732422,standing_seg1
1442115,0.300537,-0.937012,-0.134277,0.061035,0.183106,0.427246,standing_seg1
1442131,0.305664,-0.93811,-0.133545,-0.427246,1.464844,0.061035,standing_seg1
1442148,0.314575,-0.935913,-0.134277,-0.488281,1.220703,0.12207,standing_seg1
1442165,0.317871,-0.934204,-0.13269,-0.488281,0.732422,0.244141,standing_seg1
1442181,0.317627,-0.931152,-0.130005,-0.183106,-0.488281,0.366211,standing_seg1
1442198,0.305542,-0.932739,-0.127563,0.183106,-0.061035,0.305176,standing_seg1
1442215,0.306152,-0.936768,-0.122681,0.244141,1.464844,-0.061035,standing_seg1
1442231,0.311768,-0.937256,-0.12207,0.244141,1.831055,-0.12207,standing_seg1
1442248,0.326294,-0.934937,-0.122314,0.366211,1.220703,0.0,standing_seg1
1442265,0.328491,-0.931152,-0.123535,0.915528,-0.854492,0.366211,standing_seg1
1442281,0.32666,-0.931152,-0.123779,1.281738,-1.831055,0.488281,standing_seg1
1442298,0.311279,-0.938599,-0.127686,1.708985,-2.502441,0.427246,standing_seg1
1442315,0.310913,-0.939575,-0.127686,1.64795,-0.915528,-0.427246,standing_seg1
1442331,0.315796,-0.93811,-0.13208,1.64795,-0.427246,-0.732422,standing_seg1
1442348,0.312378,-0.93689,-0.134521,1.708985,-0.549316,-0.610352,standing_seg1
1442365,0.311646,-0.937378,-0.136108,1.831055,-1.037598,-0.427246,standing_seg1
1442382,0.311157,-0.94043,-0.138306,1.708985,-1.586915,-0.427246,standing_seg1
1442398,0.308594,-0.939209,-0.140503,1.77002,-1.464844,-0.427246,standing_seg1
1442415,0.302368,-0.943604,-0.142212,1.708985,-1.159668,-0.549316,standing_seg1
1442432,0.311768,-0.949097,-0.144165,1.159668,-0.793457,-1.159668,standing_seg1
1442448,0.318237,-0.946899,-0.146118,0.549316,-0.549316,-1.708985,standing_seg1
1442465,0.317505,-0.943359,-0.147949,0.549316,-0.488281,-1.77002,standing_seg1
1442482,0.312988,-0.945068,-0.148438,0.427246,-0.732422,-1.64795,standing_seg1
1442498,0.307983,-0.946289,-0.146118,0.244141,-0.915528,-1.464844,standing_seg1
1442515,0.304443,-0.946289,-0.144287,0.061035,-0.915528,-1.403809,standing_seg1
1442532,0.300659,-0.945068,-0.140991,-0.183106,0.061035,-1.464844,standing_seg1
1442548,0.308472,-0.937744,-0.136963,-0.732422,0.732422,-1.342773,standing_seg1
1442565,0.309814,-0.935303,-0.134033,-0.427246,0.305176,-0.793457,standing_seg1
1442582,0.306641,-0.937012,-0.133545,-0.366211,0.061035,-0.549316,standing_seg1
1442598,0.298828,-0.938843,-0.13147,-0.183106,0.0,-0.061035,standing_seg1
1442615,0.302124,-0.938965,-0.126465,-0.183106,0.061035,0.427246,standing_seg1
1442632,0.303223,-0.937378,-0.124756,0.0,0.183106,0.549316,standing_seg1
1442648,0.30835,-0.935303,-0.12085,0.12207,0.305176,0.915528,standing_seg1
1442665,0.315796,-0.935913,-0.116943,0.427246,0.12207,1.525879,standing_seg1
1442682,0.317139,-0.936523,-0.116699,0.488281,-0.12207,1.64795,standing_seg1
1442698,0.318237,-0.933228,-0.119385,1.098633,-0.427246,1.342773,standing_seg1
1442715,0.314941,-0.937866,-0.116821,1.64795,-0.366211,0.915528,standing_seg1
1442732,0.31604,-0.938965,-0.113403,1.403809,0.305176,0.793457,standing_seg1
1442748,0.317749,-0.938721,-0.11438,1.342773,0.549316,0.549316,standing_seg1
1442765,0.328735,-0.936279,-0.120605,1.831055,0.183106,0.061035,standing_seg1
1442782,0.327637,-0.941162,-0.124146,2.258301,-1.159668,0.061035,standing_seg1
1442798,0.321777,-0.943115,-0.125122,2.380371,-1.64795,-0.061035,standing_seg1
1442815,0.313477,-0.948608,-0.125488,2.502441,-1.159668,-0.488281,standing_seg1
1442832,0.311768,-0.945801,-0.130493,2.075195,-0.12207,-0.793457,standing_seg1
1442848,0.311401,-0.941772,-0.133545,2.13623,0.305176,-0.915528,standing_seg1
1442865,0.314941,-0.943115,-0.136108,2.13623,0.061035,-0.854492,standing_seg1
1442882,0.318726,-0.947144,-0.139771,2.075195,-1.037598,-0.549316,standing_seg1
1442898,0.307373,-0.946655,-0.141479,1.64795,-1.281738,-0.244141,standing_seg1
1442915,0.30127,-0.94397,-0.143188,1.525879,-0.732422,-0.183106,standing_seg1
1442932,0.303589,-0.940186,-0.144653,1.281738,0.366211,-0.366211,standing_seg1
1442949,0.315918,-0.938354,-0.146118,1.159668,-0.061035,-0.244141,standing_seg1
1442965,0.312622,-0.944214,-0.142822,0.915528,-1.281738,0.183106,standing_seg1
1442982,0.307495,-0.94519,-0.14209,0.610352,-1.525879,0.244141,standing_seg1
1442999,0.298462,-0.944092,-0.137207,0.183106,-0.671387,0.427246,standing_seg1
1443015,0.303833,-0.941895,-0.13623,-0.305176,0.610352,0.671387,standing_seg1
1443032,0.30481,-0.94043,-0.134399,-0.366211,0.915528,0.793457,standing_seg1
1443049,0.307007,-0.941772,-0.129272,-0.305176,1.586915,0.793457,standing_seg1
1443065,0.313477,-0.943604,-0.126953,-0.488281,1.342773,0.915528,standing_seg1
1443082,0.309814,-0.942749,-0.124146,-0.854492,1.89209,1.281738,standing_seg1
1443099,0.31189,-0.937012,-0.121704,-0.793457,2.197266,1.403809,standing_seg1
1443115,0.312744,-0.936523,-0.116821,-0.610352,1.831055,1.464844,standing_seg1
1443132,0.314941,-0.942627,-0.116333,0.12207,1.525879,1.220703,standing_seg1
1443149,0.319336,-0.947998,-0.115967,0.305176,1.098633,1.098633,standing_seg1
1443165,0.312988,-0.945923,-0.119629,-0.061035,0.549316,1.098633,standing_seg1
1443182,0.308716,-0.940918,-0.117554,0.488281,1.281738,0.488281,standing_seg1
1443199,0.307861,-0.942139,-0.118286,0.732422,1.77002,0.244141,standing_seg1
1443215,0.309937,-0.954102,-0.125488,0.915528,1.89209,0.061035,standing_seg1
1443232,0.309692,-0.952881,-0.130371,0.244141,1.708985,0.0,standing_seg1
1443249,0.306274,-0.937134,-0.131226,-0.061035,1.77002,-0.12207,standing_seg1
1443265,0.301025,-0.931152,-0.129517,0.061035,2.13623,-0.305176,standing_seg1
1443282,0.300293,-0.92395,-0.128418,0.427246,2.746582,-0.610352,standing_seg1
1443299,0.303467,-0.930176,-0.130981,0.854492,2.563477,-0.244141,standing_seg1
1443315,0.300903,-0.937134,-0.132202,0.915528,2.380371,0.12207,standing_seg1
1443332,0.294678,-0.941528,-0.129517,0.549316,2.258301,0.976563,standing_seg1
1443349,0.298218,-0.937866,-0.125488,0.427246,2.624512,1.64795,standing_seg1
1443365,0.311768,-0.930908,-0.125366,0.244141,2.319336,2.258301,standing_seg1
1443382,0.315796,-0.930176,-0.124634,0.549316,1.89209,2.563477,standing_seg1
1443399,0.320923,-0.948486,-0.125732,1.708985,0.732422,2.563477,standing_seg1
1443415,0.31665,-0.972412,-0.125,1.342773,0.549316,2.319336,standing_seg1
1443432,0.313477,-0.971313,-0.124146,0.610352,0.976563,2.13623,standing_seg1
1443449,0.310791,-0.957275,-0.124146,0.061035,2.624512,1.403809,standing_seg1
1443465,0.31311,-0.953247,-0.127686,0.061035,3.967286,-0.061035,standing_seg1
1443482,0.315308,-0.94165,-0.129517,-0.183106,3.906251,-0.976563,standing_seg1
1443499,0.313232,-0.936035,-0.129761,0.061035,3.601075,-0.915528,standing_seg1
1443515,0.301758,-0.932861,-0.130615,0.12207,3.112794,-0.183106,standing_seg1
1443532,0.29834,-0.922485,-0.129028,0.305176,3.112794,0.610352,standing_seg1
1443549,0.297729,-0.922607,-0.127197,0.793457,2.929688,0.976563,standing_seg1
1443566,0.299316,-0.92395,-0.126099,1.098633,2.380371,1.708985,standing_seg1
1443582,0.304688,-0.931763,-0.126343,1.89209,1.586915,2.258301,standing_seg1
1443599,0.309326,-0.936646,-0.122437,2.258301,1.037598,2.929688,standing_seg1
1443616,0.316284,-0.946167,-0.122925,2.441406,0.610352,3.173829,standing_seg1
1443632,0.320068,-0.956665,-0.126343,2.990724,-0.183106,3.41797,standing_seg1
1443649,0.318115,-0.958252,-0.126709,2.441406,-1.037598,3.173829,standing_seg1
1443666,0.317017,-0.951904,-0.127075,2.380371,-1.281738,2.868653,standing_seg1
1443682,0.321289,-0.942383,-0.128296,2.746582,-1.464844,1.831055,standing_seg1
1443699,0.325684,-0.939087,-0.125732,2.502441,-1.953125,1.159668,standing_seg1
1443716,0.326294,-0.935059,-0.125854,2.197266,-2.441406,0.976563,standing_seg1
1443732,0.321411,-0.932373,-0.12561,2.441406,-3.173829,0.854492,standing_seg1
1443749,0.31604,-0.948975,-0.12146,2.258301,-3.112794,0.671387,standing_seg1
1443766,0.309937,-0.955688,-0.116455,1.281738,-2.380371,0.183106,standing_seg1
1443782,0.310913,-0.954224,-0.11377,0.854492,-1.831055,-0.12207,standing_seg1
1443799,0.317993,-0.949951,-0.111816,0.549316,-1.586915,-0.488281,standing_seg1
1443816,0.321533,-0.956177,-0.11084,0.610352,-2.075195,-0.793457,standing_seg1
1443832,0.318726,-0.959106,-0.110596,0.427246,-2.319336,-0.976563,standing_seg1
1443849,0.307617,-0.959351,-0.109253,0.0,-1.953125,-1.220703,standing_seg1
1443866,0.308228,-0.957764,-0.108154,-0.244141,-1.098633,-1.525879,standing_seg1
1443882,0.305298,-0.952393,-0.111328,-0.366211,-0.671387,-1.89209,standing_seg1
1443899,0.304443,-0.94812,-0.112671,-0.12207,-0.671387,-2.075195,standing_seg1
1443916,0.297974,-0.942383,-0.11084,0.244141,-0.976563,-2.13623,standing_seg1
1443932,0.293335,-0.941895,-0.112427,1.037598,-1.220703,-1.586915,standing_seg1
1443949,0.292603,-0.946777,-0.11438,1.464844,-1.342773,-1.281738,standing_seg1
1443966,0.300537,-0.959595,-0.11792,1.89209,-2.258301,-0.366211,standing_seg1
1443982,0.305054,-0.965698,-0.121216,2.197266,-4.02832,0.793457,standing_seg1
1443999,0.307007,-0.95752,-0.125977,2.01416,-5.859377,1.220703,standing_seg1
1444016,0.30542,-0.951538,-0.126831,2.441406,-6.408693,0.976563,standing_seg1
1444032,0.300537,-0.942871,-0.125854,2.807618,-7.20215,0.061035,standing_seg1
1444049,0.293335,-0.932251,-0.126099,2.990724,-7.446291,-0.427246,standing_seg1
1444066,0.292358,-0.92981,-0.126465,2.990724,-7.568361,-0.305176,standing_seg1
1444082,0.287354,-0.931152,-0.126831,2.868653,-7.568361,0.549316,standing_seg1
1444099,0.287964,-0.938477,-0.123413,2.258301,-7.446291,1.64795,standing_seg1
1444116,0.290283,-0.940796,-0.125,1.281738,-6.95801,2.380371,standing_seg1
1444132,0.297974,-0.943604,-0.125854,0.793457,-6.469728,2.380371,standing_seg1
1444149,0.304321,-0.952881,-0.122681,0.244141,-5.249023,1.89209,standing_seg1
1444166,0.299805,-0.958496,-0.114014,-1.708985,-2.807618,0.427246,standing_seg1
1444183,0.299805,-0.944336,-0.112183,-2.563477,-1.220703,-0.244141,standing_seg1
1444199,0.308472,-0.925415,-0.115845,-1.77002,0.915528,-1.525879,standing_seg1
1444216,0.322144,-0.94043,-0.11792,-0.549316,0.305176,-2.441406,standing_seg1
1444233,0.320679,-0.947144,-0.11731,-0.488281,-0.732422,-2.685547,standing_seg1
1444249,0.301025,-0.944092,-0.116699,-0.732422,-1.77002,-2.685547,standing_seg1
1444266,0.296997,-0.939209,-0.118652,-0.854492,-0.549316,-2.380371,standing_seg1
1444283,0.304932,-0.932861,-0.119873,-1.159668,0.305176,-2.319336,standing_seg1
1444299,0.306274,-0.933472,-0.119751,-0.915528,0.244141,-2.441406,standing_seg1
1444316,0.302612,-0.942383,-0.118408,-0.610352,0.183106,-2.319336,standing_seg1
1444333,0.292114,-0.947388,-0.124023,-0.549316,0.793457,-2.075195,standing_seg1
1444349,0.289307,-0.948853,-0.122925,-0.366211,1.525879,-2.258301,standing_seg1
1444366,0.286133,-0.954834,-0.115845,0.183106,3.173829,-2.807618,standing_seg1
1444383,0.305054,-0.954834,-0.114624,0.305176,3.723145,-2.441406,standing_seg1
1444399,0.313965,-0.939575,-0.126465,0.12207,1.403809,-1.037598,standing_seg1
1444416,0.305908,-0.926514,-0.128906,0.610352,0.610352,-0.488281,standing_seg1
1444433,0.302124,-0.925415,-0.124878,2.502441,0.244141,-0.244141,standing_seg1
1444449,0.300293,-0.932251,-0.122192,2.380371,-0.061035,-0.061035,standing_seg1
1444466,0.298218,-0.934326,-0.121094,2.441406,0.244141,0.061035,standing_seg1
1444483,0.306274,-0.942871,-0.12854,2.563477,0.244141,0.732422,standing_seg1
1444499,0.316406,-0.942139,-0.143555,2.197266,-0.915528,1.64795,standing_seg1
1444516,0.321899,-0.954468,-0.145142,3.112794,-1.525879,2.075195,standing_seg1
1444533,0.320923,-0.972046,-0.141113,2.624512,-1.525879,2.197266,standing_seg1
1444549,0.311768,-0.985352,-0.135986,-0.427246,-0.12207,1.342773,standing_seg1
1444566,0.309326,-0.965576,-0.141724,-2.624512,2.441406,-0.183106,standing_seg1
1444583,0.310669,-0.958618,-0.145874,-2.868653,3.41797,-1.220703,standing_seg1
1444600,0.300903,-0.946533,-0.140991,-4.150391,4.943848,-2.746582,standing_seg1
1444616,0.278198,-0.926758,-0.123901,-4.760742,6.713869,-3.723145,standing_seg1
1444633,0.273438,-0.924805,-0.116821,-4.577637,9.155273,-4.02832,standing_seg1
1444649,0.281128,-0.924316,-0.106323,-4.760742,9.70459,-3.784181,standing_seg1
1444666,0.310303,-0.933838,-0.102417,-3.66211,8.605957,-3.112794,standing_seg1
1444683,0.311035,-0.942505,-0.10083,-3.845216,6.164553,-2.502441,standing_seg1
1444699,0.306519,-0.936157,-0.098633,-3.601075,5.065918,-2.685547,standing_seg1
1444716,0.295044,-0.915161,-0.098511,-3.234864,5.187988,-2.990724,standing_seg1
1444733,0.311279,-0.886719,-0.107422,-0.915528,5.493164,-3.41797,standing_seg1
1444750,0.318604,-0.896484,-0.111694,0.854492,4.638672,-3.051759,standing_seg1
1444766,0.30957,-0.94043,-0.104614,0.793457,3.112794,-2.01416,standing_seg1
1444783,0.292969,-0.948486,-0.107178,0.366211,4.699707,-1.281738,standing_seg1
1444800,0.308838,-0.967651,-0.121582,0.976563,7.324221,-0.305176,standing_seg1
1444816,0.317627,-0.976807,-0.129517,0.854492,7.873537,0.183106,standing_seg1
1444833,0.313599,-0.97644,-0.129761,-0.610352,8.178711,0.915528,standing_seg1
1444850,0.30188,-0.952026,-0.11377,-1.525879,10.498047,1.403809,standing_seg1
1444866,0.310181,-0.942505,-0.108643,-1.342773,11.413578,1.464844,standing_seg1
1444883,0.341187,-0.932739,-0.119507,-0.12207,9.338379,1.77002,standing_seg1
1444900,0.359497,-0.922363,-0.13562,1.159668,2.868653,2.258301,standing_seg1
1444916,0.338257,-0.92688,-0.137817,3.479005,-2.624512,2.502441,standing_seg1
1444933,0.323975,-0.941772,-0.128906,4.211426,-2.868653,2.258301,standing_seg1
1444950,0.32373,-0.956787,-0.118286,2.380371,-0.671387,2.624512,standing_seg1
1444966,0.331909,-0.941162,-0.12915,1.220703,0.305176,3.112794,standing_seg1
1444983,0.333984,-0.939331,-0.134521,1.281738,0.244141,3.295899,standing_seg1
1445000,0.339966,-0.942993,-0.137939,1.220703,-0.305176,2.868653,standing_seg1
1445016,0.333252,-0.93396,-0.134644,0.976563,-0.671387,2.380371,standing_seg1
1445033,0.328003,-0.927368,-0.128418,0.305176,0.12207,1.464844,standing_seg1
1445050,0.331543,-0.925049,-0.128784,-0.305176,0.12207,1.037598,standing_seg1
1445066,0.331909,-0.916138,-0.130127,-1.159668,-0.671387,-0.183106,standing_seg1
1445083,0.325928,-0.920044,-0.131592,-0.671387,-2.075195,-1.281738,standing_seg1
1445100,0.318481,-0.932129,-0.131714,-0.488281,-2.380371,-1.586915,standing_seg1
1445116,0.304199,-0.954346,-0.119141,-1.64795,-0.976563,-1.831055,standing_seg1
1445133,0.293823,-0.947754,-0.107544,-3.112794,1.953125,-2.01416,standing_seg1
1445150,0.290527,-0.940918,-0.104858,-2.868653,5.004883,-2.197266,standing_seg1
1445166,0.296997,-0.942017,-0.103882,-2.624512,5.920412,-2.13623,standing_seg1
1445183,0.306763,-0.945923,-0.105103,-2.380371,6.286623,-1.464844,standing_seg1
1445200,0.308594,-0.945801,-0.103638,-2.13623,5.676271,-0.366211,standing_seg1
1445216,0.308472,-0.946289,-0.100952,-1.77002,5.371094,0.305176,standing_seg1
1445233,0.307739,-0.953979,-0.098755,-1.220703,5.187988,1.281738,standing_seg1
1445250,0.3125,-0.94519,-0.104492,-0.793457,5.554201,2.197266,standing_seg1
1445266,0.331177,-0.937012,-0.109253,-0.061035,4.821777,2.624512,standing_seg1
1445283,0.349854,-0.929688,-0.130615,2.01416,0.244141,3.66211,standing_seg1
1445300,0.342163,-0.942261,-0.13501,4.02832,-2.563477,3.234864,standing_seg1
1445316,0.337158,-0.956421,-0.133667,4.02832,-3.54004,2.685547,standing_seg1
1445333,0.326172,-0.953735,-0.132935,3.234864,-3.112794,2.13623,standing_seg1
1445350,0.319092,-0.933105,-0.127808,2.258301,-1.220703,0.610352,standing_seg1
1445367,0.326416,-0.924927,-0.12085,2.807618,-1.525879,-0.732422,standing_seg1
1445383,0.31958,-0.928345,-0.119141,2.685547,-2.319336,-0.610352,standing_seg1
1445400,0.296387,-0.927979,-0.125977,2.502441,-2.929688,0.061035,standing_seg1
1445417,0.282471,-0.935913,-0.122681,2.075195,-1.281738,1.098633,standing_seg1
1445433,0.283813,-0.943848,-0.116699,1.89209,1.281738,1.403809,standing_seg1
1445450,0.288086,-0.95166,-0.113525,1.64795,2.807618,1.342773,standing_seg1
1445467,0.299805,-0.949219,-0.108398,0.366211,5.249023,1.159668,standing_seg1
1445483,0.313843,-0.933716,-0.109375,0.244141,6.591799,1.037598,standing_seg1
1445500,0.322266,-0.930542,-0.113159,0.549316,6.835939,0.793457,standing_seg1
1445517,0.343628,-0.934814,-0.122681,1.464844,6.042482,-0.061035,standing_seg1
1445533,0.354492,-0.956299,-0.130493,2.075195,3.234864,-1.342773,standing_seg1
1445550,0.339844,-0.973389,-0.122437,0.610352,1.037598,-2.13623,standing_seg1
1445567,0.334229,-0.973999,-0.119629,0.366211,0.549316,-2.502441,standing_seg1
1445583,0.340332,-0.983276,-0.126953,0.366211,-1.464844,-1.708985,standing_seg1
1445600,0.335693,-0.993652,-0.154297,0.244141,-4.821777,-0.305176,standing_seg1
1445617,0.322632,-0.989868,-0.159668,-0.610352,-5.859377,0.305176,standing_seg1
1445633,0.288818,-0.954346,-0.149292,-2.807618,-4.089355,0.305176,standing_seg1
1445650,0.287354,-0.909058,-0.128906,-3.967286,0.488281,-0.915528,standing_seg1
1445667,0.294189,-0.894409,-0.121948,-4.272461,2.685547,-1.342773,standing_seg1
1445683,0.311279,-0.881592,-0.118774,-3.601075,2.380371,-1.403809,standing_seg1
1445700,0.311279,-0.904907,-0.117676,-2.563477,0.671387,-0.976563,standing_seg1
1445717,0.311646,-0.930908,-0.108398,-1.831055,-0.061035,0.366211,standing_seg1
1445733,0.3125,-0.946045,-0.100098,-1.831055,0.305176,1.159668,standing_seg1
1445750,0.314575,-0.959473,-0.091187,-2.929688,2.746582,2.01416,standing_seg1
1445767,0.325317,-0.950928,-0.095459,-2.807618,4.821777,1.89209,standing_seg1
1445783,0.334717,-0.948486,-0.098633,-2.258301,5.126953,1.464844,standing_seg1
1445800,0.348022,-0.943848,-0.107544,-1.037598,3.479005,0.488281,standing_seg1
1445817,0.338867,-0.950317,-0.108765,0.061035,1.464844,-0.488281,standing_seg1
1445833,0.311768,-0.944458,-0.109253,-0.976563,1.953125,-1.220703,standing_seg1
1445850,0.308838,-0.928955,-0.117188,-1.220703,3.112794,-1.342773,standing_seg1
1445867,0.32019,-0.90918,-0.129272,-0.183106,3.967286,-1.953125,standing_seg1
1445883,0.327393,-0.908081,-0.143311,1.342773,2.13623,-2.01416,standing_seg1
1445900,0.322021,-0.927856,-0.141479,2.075195,1.220703,-1.953125,standing_seg1
1445917,0.294556,-0.96228,-0.126465,0.0,2.319336,-1.220703,standing_seg1
1445934,0.286499,-0.947754,-0.123047,-2.01416,6.408693,-0.732422,standing_seg1
1445950,0.318481,-0.920898,-0.135254,-1.708985,7.812502,-0.610352,standing_seg1
1445967,0.330933,-0.905518,-0.13562,-1.464844,6.286623,-0.427246,standing_seg1
1445984,0.331909,-0.894897,-0.135498,1.281738,2.13623,0.061035,standing_seg1
1446000,0.310425,-0.94458,-0.124756,2.13623,2.01416,0.549316,standing_seg1
1446017,0.308594,-0.950195,-0.119263,0.488281,3.356935,1.342773,standing_seg1
1446034,0.322632,-0.921387,-0.119995,-0.671387,6.164553,2.563477,standing_seg1
1446050,0.36377,-0.911743,-0.128174,1.098633,4.272461,2.990724,standing_seg1
1446067,0.369263,-0.930908,-0.13623,3.784181,-0.671387,2.746582,standing_seg1
1446084,0.357788,-0.952515,-0.136597,4.882813,-1.953125,2.502441,standing_seg1
1446100,0.332886,-0.98584,-0.131226,3.051759,-1.342773,2.380371,standing_seg1
1446117,0.332031,-0.949707,-0.127319,0.732422,1.525879,1.831055,standing_seg1
1446134,0.341919,-0.929199,-0.130127,0.732422,2.01416,1.586915,standing_seg1
1446150,0.351318,-0.910522,-0.134766,0.610352,-0.244141,0.793457,standing_seg1
1446167,0.358643,-0.911987,-0.135498,2.319336,-4.02832,-0.305176,standing_seg1
1446184,0.343018,-0.933228,-0.131226,1.403809,-5.187988,-0.244141,standing_seg1
1446200,0.309326,-0.956177,-0.121582,0.061035,-3.723145,-0.488281,standing_seg1
1446217,0.31311,-0.937134,-0.112061,-1.77002,-0.427246,-0.732422,standing_seg1
1446234,0.328003,-0.924072,-0.113525,-1.525879,0.793457,-1.281738,standing_seg1
1446250,0.335938,-0.925781,-0.117554,-0.793457,0.183106,-1.586915,standing_seg1
1446267,0.32312,-0.942871,-0.115112,-0.427246,-1.220703,-1.831055,standing_seg1
1446284,0.305298,-0.946655,-0.111938,-0.732422,-0.488281,-1.953125,standing_seg1
1446300,0.305176,-0.946289,-0.111328,-0.732422,0.244141,-1.89209,standing_seg1
1446317,0.318359,-0.94043,-0.113281,-0.732422,1.220703,-1.708985,standing_seg1
1446334,0.323242,-0.937134,-0.118774,-0.12207,0.0,-1.89209,standing_seg1
1446350,0.31189,-0.937378,-0.121338,0.366211,-1.220703,-2.197266,standing_seg1
1446367,0.307373,-0.935913,-0.120605,0.366211,-1.342773,-2.197266,standing_seg1
1446384,0.299438,-0.931519,-0.121826,0.12207,-0.793457,-1.525879,standing_seg1
1446400,0.294678,-0.931641,-0.121338,0.061035,1.281738,-1.159668,standing_seg1
1446417,0.301636,-0.935181,-0.121582,0.0,2.075195,-0.976563,standing_seg1
1446434,0.312744,-0.942261,-0.119507,-0.549316,2.502441,-0.549316,standing_seg1
1446450,0.320557,-0.943604,-0.121094,-0.610352,2.624512,0.183106,standing_seg1
1446467,0.328003,-0.948364,-0.120361,-0.549316,2.258301,0.793457,standing_seg1
1446484,0.329346,-0.950562,-0.119507,-0.549316,2.01416,0.915528,standing_seg1
1446500,0.326416,-0.951294,-0.11792,-0.488281,1.64795,0.793457,standing_seg1
1446517,0.325684,-0.954468,-0.121216,-0.061035,1.89209,0.427246,standing_seg1
1446534,0.325562,-0.957642,-0.120239,-0.244141,2.258301,0.183106,standing_seg1
1446551,0.325806,-0.948975,-0.118408,-0.854492,2.868653,-0.183106,standing_seg1
1446567,0.322144,-0.937012,-0.117554,-0.915528,3.112794,-0.244141,standing_seg1
1446584,0.324951,-0.930664,-0.117554,-0.732422,2.868653,0.0,standing_seg1
1446601,0.32251,-0.930298,-0.117432,-0.671387,2.685547,0.183106,standing_seg1
1446617,0.318481,-0.921631,-0.115112,-0.976563,2.624512,0.732422,standing_seg1
1446634,0.330566,-0.916138,-0.11792,0.244141,2.01416,1.220703,standing_seg1
1446651,0.337646,-0.923096,-0.118896,0.793457,1.281738,1.525879,standing_seg1
1446667,0.345459,-0.932373,-0.117432,0.793457,-0.915528,2.01416,standing_seg1
1446684,0.335205,-0.934692,-0.116821,0.976563,-2.01416,1.89209,standing_seg1
1446701,0.328613,-0.938477,-0.11731,0.915528,-0.854492,1.220703,standing_seg1
1446717,0.334473,-0.938232,-0.119751,0.854492,-0.549316,0.854492,standing_seg1
1446734,0.343628,-0.934814,-0.124023,1.281738,-1.220703,0.732422,standing_seg1
1446751,0.342285,-0.935547,-0.120972,1.89209,-2.624512,0.671387,standing_seg1
1446767,0.336426,-0.942261,-0.119385,2.13623,-2.929688,0.549316,standing_seg1
1446784,0.328613,-0.946167,-0.118774,1.342773,-2.746582,0.183106,standing_seg1
1446801,0.332397,-0.937256,-0.121094,1.220703,-2.441406,-0.183106,standing_seg1
1446817,0.334106,-0.938843,-0.122192,1.220703,-2.502441,-0.427246,standing_seg1
1446834,0.328491,-0.942505,-0.122437,0.854492,-2.807618,-0.610352,standing_seg1
1446851,0.319336,-0.94812,-0.121582,0.427246,-2.01416,-0.854492,standing_seg1
1446867,0.314209,-0.951782,-0.119629,-0.488281,-0.854492,-0.732422,standing_seg1
1446884,0.313477,-0.946777,-0.119507,-1.037598,-0.305176,-0.549316,standing_seg1
1446901,0.31665,-0.932983,-0.119263,-1.281738,0.427246,-0.305176,standing_seg1
1446917,0.319092,-0.928711,-0.120972,-0.854492,0.671387,-0.183106,standing_seg1
1446934,0.320557,-0.93396,-0.12146,-0.549316,0.549316,-0.12207,standing_seg1
1446951,0.31543,-0.940674,-0.113403,-1.098633,0.244141,0.061035,standing_seg1
1446967,0.315796,-0.936035,-0.112061,-1.037598,0.488281,0.244141,standing_seg1
1446984,0.318848,-0.934814,-0.115845,-0.793457,0.305176,0.305176,standing_seg1
1447001,0.318726,-0.928833,-0.115601,-0.732422,-0.061035,0.366211,standing_seg1
1447017,0.315796,-0.911255,-0.111816,0.183106,-0.793457,0.366211,standing_seg1
1447034,0.316162,-0.921631,-0.106812,1.708985,-0.976563,0.732422,standing_seg1
1447051,0.317871,-0.928833,-0.107788,1.831055,-0.854492,1.037598,standing_seg1
1447067,0.321167,-0.929932,-0.113403,1.77002,-0.976563,1.831055,standing_seg1
1447084,0.330322,-0.932129,-0.115723,2.380371,-1.64795,2.197266,standing_seg1
1447101,0.328003,-0.9375,-0.117676,2.563477,-2.441406,2.13623,standing_seg1
1447118,0.320557,-0.938599,-0.117798,2.441406,-2.075195,1.953125,standing_seg1
1447134,0.334351,-0.946899,-0.125977,2.990724,-1.342773,1.525879,standing_seg1
1447151,0.334839,-0.95459,-0.131226,1.953125,-1.831055,1.464844,standing_seg1
1447168,0.327393,-0.949951,-0.131226,1.464844,-1.831055,1.098633,standing_seg1
1447184,0.324219,-0.936157,-0.133789,1.281738,-1.098633,-0.244141,standing_seg1
1447201,0.323364,-0.93335,-0.134766,1.464844,-0.244141,-1.708985,standing_seg1
1447218,0.320801,-0.93457,-0.13501,1.220703,0.366211,-2.563477,standing_seg1
1447234,0.310303,-0.941284,-0.13147,0.854492,0.915528,-2.807618,standing_seg1
1447251,0.310547,-0.9375,-0.125366,0.0,2.075195,-2.685547,standing_seg1
1447268,0.313721,-0.940918,-0.124268,0.305176,2.624512,-1.77002,standing_seg1
1447284,0.317749,-0.944946,-0.124756,0.244141,2.441406,-1.281738,standing_seg1
1447301,0.32666,-0.944336,-0.125488,0.488281,0.793457,-0.244141,standing_seg1
1447318,0.32373,-0.953613,-0.120728,1.098633,-0.793457,0.061035,standing_seg1
1447334,0.321655,-0.952515,-0.118408,0.915528,-1.037598,0.061035,standing_seg1
1447351,0.320435,-0.939697,-0.11853,1.098633,-0.549316,-0.366211,standing_seg1
1447368,0.323608,-0.932739,-0.12207,1.403809,-0.305176,-0.671387,standing_seg1
1447384,0.321167,-0.93103,-0.127441,1.77002,-1.281738,-0.915528,standing_seg1
1447401,0.317627,-0.932861,-0.129395,2.13623,-1.159668,-1.098633,standing_seg1
1447418,0.323608,-0.945068,-0.128784,2.685547,-1.037598,-0.915528,standing_seg1
1447434,0.32312,-0.947021,-0.125732,1.708985,-1.281738,-0.244141,standing_seg1
1447451,0.327393,-0.941895,-0.126343,1.586915,-1.464844,-0.061035,standing_seg1
1447468,0.333252,-0.935425,-0.126709,1.64795,-2.258301,0.366211,standing_seg1
1447484,0.331787,-0.933838,-0.127075,1.89209,-2.441406,0.366211,standing_seg1
1447501,0.332764,-0.940796,-0.126709,1.464844,-2.13623,0.244141,standing_seg1
1447518,0.331055,-0.941406,-0.12561,1.220703,-1.89209,0.061035,standing_seg1
1447534,0.330811,-0.940918,-0.127441,0.671387,-1.403809,-0.549316,standing_seg1
1447551,0.333984,-0.936035,-0.125366,0.488281,-1.708985,-0.915528,standing_seg1
1447568,0.330078,-0.932983,-0.122925,0.427246,-1.77002,-0.915528,standing_seg1
1447584,0.32605,-0.932495,-0.120728,0.793457,-1.525879,-0.976563,standing_seg1
1447601,0.323242,-0.937256,-0.116455,0.366211,-0.854492,-0.915528,standing_seg1
1447618,0.323486,-0.939819,-0.114624,0.610352,-0.366211,-1.098633,standing_seg1
1447634,0.326904,-0.945313,-0.115112,0.732422,-0.366211,-1.159668,standing_seg1
1447651,0.328003,-0.946411,-0.11499,0.305176,-0.793457,-1.281738,standing_seg1
1447668,0.323242,-0.937622,-0.115112,0.671387,-1.220703,-1.281738,standing_seg1
1447684,0.318848,-0.9375,-0.114624,0.976563,-1.220703,-1.220703,standing_seg1
1447701,0.314453,-0.939941,-0.115356,1.403809,-0.976563,-0.854492,standing_seg1
1447718,0.314453,-0.941162,-0.116455,1.403809,-0.854492,-0.061035,standing_seg1
1447735,0.315186,-0.939941,-0.117554,1.342773,-1.037598,0.671387,standing_seg1
1447751,0.3125,-0.939453,-0.118896,1.342773,-0.854492,0.854492,standing_seg1
1447768,0.317993,-0.934204,-0.119629,1.281738,-0.244141,1.098633,standing_seg1
1447785,0.322144,-0.935181,-0.119019,1.342773,-0.12207,1.464844,standing_seg1
1447801,0.321899,-0.936646,-0.118042,1.281738,-0.12207,1.464844,standing_seg1
1447818,0.322632,-0.939575,-0.116333,0.793457,0.488281,1.281738,standing_seg1
1447835,0.328003,-0.938232,-0.116699,0.305176,0.976563,1.342773,standing_seg1
1447851,0.329712,-0.937012,-0.115967,0.12207,1.220703,1.281738,standing_seg1
1447868,0.330322,-0.936157,-0.113647,-0.061035,1.586915,0.915528,standing_seg1
1447885,0.33252,-0.939209,-0.112793,-0.061035,2.197266,0.305176,standing_seg1
1447901,0.334595,-0.940552,-0.114136,-0.305176,2.258301,0.061035,standing_seg1
1447918,0.335327,-0.938843,-0.115967,-0.488281,2.075195,0.12207,standing_seg1
1447935,0.332397,-0.938477,-0.117676,-0.610352,1.708985,-0.061035,standing_seg1
1447951,0.328491,-0.939453,-0.11731,-0.915528,1.586915,-0.305176,standing_seg1
1447968,0.324097,-0.938843,-0.117798,-0.915528,1.89209,-0.549316,standing_seg1
1447985,0.326172,-0.94043,-0.122803,-0.793457,2.685547,-0.732422,standing_seg1
1448001,0.328857,-0.938721,-0.122803,-1.098633,2.380371,-0.305176,standing_seg1
1448018,0.328369,-0.92981,-0.120972,-0.854492,1.708985,0.183106,standing_seg1
1448035,0.327637,-0.926025,-0.119629,-0.793457,1.403809,0.366211,standing_seg1
1448051,0.327271,-0.923706,-0.119385,-0.244141,0.915528,0.671387,standing_seg1
1448068,0.329346,-0.928223,-0.120972,0.366211,0.915528,0.732422,standing_seg1
1448085,0.336426,-0.932739,-0.121582,0.610352,0.671387,0.732422,standing_seg1
1448101,0.345825,-0.940186,-0.120728,0.671387,-0.427246,0.793457,standing_seg1
1448118,0.343018,-0.942139,-0.122437,0.671387,-1.159668,0.610352,standing_seg1
1448135,0.336182,-0.942017,-0.127563,0.732422,-0.915528,-0.061035,standing_seg1
1448151,0.336426,-0.942871,-0.129028,0.732422,-0.610352,-0.427246,standing_seg1
1448168,0.341431,-0.94458,-0.129028,0.610352,-0.610352,-0.732422,standing_seg1
1448185,0.338257,-0.942871,-0.12793,0.366211,-1.159668,-0.549316,standing_seg1
1448201,0.334839,-0.941406,-0.128662,0.427246,-1.525879,-0.427246,standing_seg1
1448218,0.325195,-0.937744,-0.129272,0.244141,-1.586915,-0.183106,standing_seg1
1448235,0.319458,-0.931152,-0.127075,0.244141,-1.464844,-0.366211,standing_seg1
1448251,0.315918,-0.930542,-0.125366,0.549316,-1.037598,-0.427246,standing_seg1
1448268,0.317017,-0.934204,-0.121704,0.732422,-0.915528,-0.244141,standing_seg1
1448285,0.316528,-0.935669,-0.118164,0.549316,-1.098633,0.366211,standing_seg1
1448301,0.318115,-0.930054,-0.118164,0.610352,-1.281738,1.159668,standing_seg1
1448318,0.318604,-0.927612,-0.117065,0.793457,-1.464844,1.464844,standing_seg1
1448335,0.317749,-0.924927,-0.117065,1.220703,-1.708985,1.89209,standing_seg1
1448352,0.31897,-0.930054,-0.11377,1.64795,-1.586915,2.13623,standing_seg1
1448368,0.321655,-0.934448,-0.112793,1.64795,-1.342773,2.197266,standing_seg1
1448385,0.332764,-0.936646,-0.114624,1.586915,-1.403809,2.563477,standing_seg1
1448402,0.33606,-0.93335,-0.116089,1.64795,-2.258301,2.441406,standing_seg1
1448418,0.334595,-0.930786,-0.117188,1.89209,-2.746582,1.831055,standing_seg1
1448435,0.332275,-0.930786,-0.117432,2.197266,-2.746582,1.525879,standing_seg1
1448452,0.328003,-0.938965,-0.116333,2.075195,-1.89209,0.793457,standing_seg1
1448468,0.32959,-0.942017,-0.118774,1.708985,-1.464844,0.488281,standing_seg1
1448485,0.330444,-0.941528,-0.118896,1.525879,-1.464844,0.427246,standing_seg1
1448502,0.330078,-0.939087,-0.119507,1.342773,-1.831055,0.12207,standing_seg1
1448518,0.322144,-0.942261,-0.11792,1.586915,-1.953125,-0.244141,standing_seg1
1448535,0.312866,-0.942627,-0.119019,1.220703,-0.854492,-0.732422,standing_seg1
1448552,0.310913,-0.940796,-0.119751,0.976563,-0.183106,-0.915528,standing_seg1
1448568,0.316284,-0.937012,-0.118774,0.915528,0.549316,-0.915528,standing_seg1
1448585,0.319214,-0.933228,-0.119507,0.976563,-0.427246,-0.427246,standing_seg1
1448602,0.317017,-0.932739,-0.120483,1.220703,-0.976563,-0.244141,standing_seg1
1448618,0.309692,-0.932373,-0.119141,1.64795,-1.220703,0.061035,standing_seg1
1448635,0.308594,-0.93457,-0.118408,1.831055,-0.671387,0.305176,standing_seg1
1448652,0.317505,-0.932617,-0.115479,1.77002,-0.12207,0.488281,standing_seg1
1448668,0.322754,-0.93335,-0.114136,1.831055,-0.244141,0.549316,standing_seg1
1448685,0.328247,-0.937988,-0.115234,1.953125,-0.854492,0.549316,standing_seg1
1448702,0.326538,-0.938599,-0.115112,1.831055,-1.159668,0.427246,standing_seg1
1448718,0.327637,-0.938232,-0.114624,2.075195,-1.220703,0.305176,standing_seg1
1448735,0.329102,-0.94043,-0.113647,2.13623,-1.403809,0.12207,standing_seg1
1448752,0.328491,-0.940674,-0.111328,2.13623,-1.464844,-0.305176,standing_seg1
1448768,0.328491,-0.940308,-0.111206,2.258301,-1.89209,-0.610352,standing_seg1
1448785,0.32605,-0.947021,-0.114136,2.502441,-1.953125,-0.610352,standing_seg1
1448802,0.321045,-0.94812,-0.115234,2.01416,-2.01416,-0.671387,standing_seg1
1448818,0.317261,-0.943481,-0.113647,1.831055,-1.64795,-0.915528,standing_seg1
1448835,0.317139,-0.943604,-0.114624,1.708985,-1.586915,-0.915528,standing_seg1
1448852,0.317871,-0.945435,-0.115967,1.586915,-1.342773,-0.915528,standing_seg1
1448868,0.315918,-0.950073,-0.116455,1.464844,-1.037598,-0.915528,standing_seg1
1448885,0.317505,-0.952515,-0.116943,1.342773,-0.915528,-0.915528,standing_seg1
1448902,0.323853,-0.956055,-0.116333,1.037598,-0.732422,-0.793457,standing_seg1
1448919,0.322388,-0.950562,-0.114868,0.366211,-0.671387,-0.671387,standing_seg1
1448935,0.322266,-0.944092,-0.112183,0.183106,-0.244141,-0.915528,standing_seg1
1448952,0.321777,-0.942993,-0.109375,-0.061035,-0.12207,-0.915528,standing_seg1
1448969,0.321289,-0.940308,-0.109009,-0.244141,-0.12207,-0.732422,standing_seg1
1448985,0.319092,-0.942627,-0.108643,-0.12207,-0.244141,-0.427246,standing_seg1
1449002,0.318359,-0.943237,-0.107544,-0.244141,-0.305176,-0.061035,standing_seg1
1449019,0.313599,-0.936157,-0.109131,-0.305176,-0.183106,0.488281,standing_seg1
1449035,0.319336,-0.935059,-0.109863,0.244141,0.366211,0.610352,standing_seg1
1449052,0.326538,-0.937134,-0.109985,0.366211,0.366211,0.610352,standing_seg1
1449069,0.331177,-0.938354,-0.111084,0.366211,0.061035,0.549316,standing_seg1
1449085,0.335693,-0.938477,-0.116333,0.305176,-1.403809,0.671387,standing_seg1
1449102,0.331177,-0.93811,-0.119995,0.305176,-2.319336,0.427246,standing_seg1
1449119,0.327881,-0.938843,-0.121094,0.366211,-2.685547,0.244141,standing_seg1
1449135,0.316284,-0.94397,-0.119141,0.366211,-2.258301,-0.183106,standing_seg1
1449185,0.313965,-0.937012,-0.112305,-0.183106,-0.854492,0.0,standing_seg1
1449202,0.310181,-0.937866,-0.109375,0.244141,-0.610352,-0.12207,standing_seg1
1449219,0.310547,-0.939575,-0.106323,0.061035,-0.366211,-0.061035,standing_seg1
1449235,0.310303,-0.9375,-0.105591,0.061035,-0.305176,0.061035,standing_seg1
1449252,0.311157,-0.933594,-0.105713,0.305176,-0.427246,0.305176,standing_seg1
1449269,0.313843,-0.935303,-0.107178,0.915528,-0.671387,0.427246,standing_seg1
1449285,0.312622,-0.93811,-0.108643,1.159668,-0.427246,0.610352,standing_seg1
1449302,0.306152,-0.942749,-0.109863,1.159668,0.305176,0.671387,standing_seg1
1449319,0.317261,-0.94873,-0.112549,0.854492,1.159668,0.671387,standing_seg1
1449335,0.321289,-0.942627,-0.116943,0.427246,1.464844,0.732422,standing_seg1
1449352,0.322754,-0.939453,-0.116943,0.305176,1.403809,0.732422,standing_seg1
1449369,0.329102,-0.936646,-0.118896,0.427246,0.976563,0.549316,standing_seg1
1449385,0.327026,-0.944702,-0.117798,0.488281,0.488281,0.488281,standing_seg1
1449402,0.324951,-0.945801,-0.118286,0.12207,0.549316,0.427246,standing_seg1
1449419,0.323242,-0.940308,-0.120117,-0.061035,0.732422,0.488281,standing_seg1
1449435,0.328247,-0.936401,-0.119629,0.183106,0.427246,0.305176,standing_seg1
1449452,0.327393,-0.936523,-0.11731,0.732422,-0.183106,0.12207,standing_seg1
1449469,0.325439,-0.942383,-0.115234,0.915528,-0.427246,0.0,standing_seg1
1449485,0.319702,-0.946777,-0.112305,0.305176,-0.488281,-0.061035,standing_seg1
1449502,0.317261,-0.939941,-0.11499,0.183106,-0.12207,0.183106,standing_seg1
1449519,0.31604,-0.937622,-0.115967,0.244141,0.0,0.183106,standing_seg1
1449536,0.318481,-0.933594,-0.116699,0.549316,-0.12207,0.305176,standing_seg1
1449552,0.316406,-0.940063,-0.111938,0.976563,-0.183106,0.305176,standing_seg1
1449569,0.311768,-0.945435,-0.110107,0.671387,0.12207,0.366211,standing_seg1
1449586,0.31189,-0.946411,-0.111084,0.427246,0.366211,0.366211,standing_seg1
1449602,0.311157,-0.942627,-0.113647,0.12207,0.549316,0.305176,standing_seg1
1449619,0.312622,-0.937256,-0.114746,0.488281,0.732422,0.305176,standing_seg1
1449636,0.313354,-0.939453,-0.115356,0.549316,0.732422,0.427246,standing_seg1
1449652,0.312988,-0.943604,-0.116211,0.305176,1.159668,0.671387,standing_seg1
1449669,0.317261,-0.946655,-0.11792,0.061035,1.77002,0.732422,standing_seg1
1449686,0.321045,-0.945435,-0.120361,-0.183106,2.380371,0.488281,standing_seg1
1449702,0.32251,-0.945435,-0.120605,-0.305176,2.563477,0.427246,standing_seg1
1449719,0.329712,-0.940674,-0.119629,-0.549316,2.441406,0.183106,standing_seg1
1449736,0.335083,-0.93689,-0.119873,-0.366211,1.464844,0.183106,standing_seg1
1449752,0.333984,-0.936646,-0.119629,-0.244141,1.037598,0.244141,standing_seg1
1449769,0.329102,-0.936646,-0.119629,-0.305176,0.488281,0.305176,standing_seg1
1449786,0.322021,-0.937988,-0.11853,-0.488281,0.549316,0.305176,standing_seg1
1449802,0.321167,-0.935425,-0.118652,-0.488281,0.854492,0.061035,standing_seg1
1449819,0.324585,-0.932617,-0.118164,-0.12207,0.732422,0.0,standing_seg1
1449836,0.328491,-0.935547,-0.117798,0.061035,0.305176,0.061035,standing_seg1
1449852,0.325806,-0.938965,-0.117432,0.061035,-0.305176,0.061035,standing_seg1
1449869,0.322266,-0.940552,-0.116211,0.0,-0.244141,0.0,standing_seg1
1449886,0.319702,-0.939331,-0.11731,-0.061035,0.244141,-0.061035,standing_seg1
1449902,0.32019,-0.938721,-0.11853,0.061035,0.793457,-0.12207,standing_seg1
1449919,0.32373,-0.937012,-0.118164,0.244141,0.793457,-0.12207,standing_seg1
1449936,0.324707,-0.93457,-0.12085,0.427246,0.12207,-0.061035,standing_seg1
1449952,0.321777,-0.937988,-0.118774,0.732422,-0.12207,-0.12207,standing_seg1
1449969,0.322021,-0.937744,-0.119629,0.488281,-0.183106,0.061035,standing_seg1
1449986,0.321655,-0.936523,-0.119629,0.427246,-0.244141,0.183106,standing_seg1
1450002,0.322998,-0.934082,-0.122803,0.549316,-0.12207,0.244141,standing_seg1
1450019,0.324829,-0.930664,-0.121216,0.793457,-0.427246,0.061035,standing_seg1
1450036,0.326782,-0.932861,-0.119995,1.098633,-0.610352,0.0,standing_seg1
1450052,0.323853,-0.941528,-0.115112,1.037598,-0.610352,0.0,standing_seg1
1450069,0.322876,-0.940552,-0.114868,0.793457,-0.183106,0.0,standing_seg1
1450086,0.327271,-0.939331,-0.116577,0.732422,0.12207,-0.061035,standing_seg1
1450103,0.330444,-0.938477,-0.115479,0.793457,0.061035,-0.12207,standing_seg1
1450119,0.330444,-0.935791,-0.11499,0.854492,-0.366211,-0.183106,standing_seg1
1450136,0.328125,-0.939697,-0.115845,0.915528,-0.915528,-0.244141,standing_seg1
1450153,0.324707,-0.939697,-0.11731,0.915528,-1.037598,-0.244141,standing_seg1
1450169,0.31958,-0.938232,-0.119141,0.915528,-0.854492,-0.183106,standing_seg1
1450186,0.321899,-0.938477,-0.117676,1.037598,-0.915528,-0.244141,standing_seg1
1450203,0.321655,-0.940552,-0.117554,1.037598,-1.342773,0.0,standing_seg1
1450219,0.319458,-0.942505,-0.117554,0.976563,-1.403809,0.061035,standing_seg1
1450236,0.317505,-0.942505,-0.116699,0.793457,-1.403809,0.244141,standing_seg1
1450253,0.318604,-0.939453,-0.117188,0.793457,-1.64795,0.427246,standing_seg1
1450269,0.318726,-0.939209,-0.118286,0.915528,-1.77002,0.305176,standing_seg1
1450286,0.318848,-0.939819,-0.118774,1.159668,-1.77002,0.366211,standing_seg1
1450303,0.31604,-0.941772,-0.117188,1.098633,-0.915528,0.183106,standing_seg1
1450319,0.318726,-0.942871,-0.116821,1.037598,-0.427246,0.305176,standing_seg1
1450336,0.325806,-0.942383,-0.115234,0.915528,-0.488281,0.427246,standing_seg1
1450353,0.324585,-0.939331,-0.117065,0.915528,-1.159668,0.366211,standing_seg1
1450369,0.32251,-0.940186,-0.116333,1.098633,-1.281738,0.244141,standing_seg1
1450386,0.321777,-0.941772,-0.116455,1.037598,-1.220703,0.183106,standing_seg1
1450403,0.315796,-0.942139,-0.113525,0.549316,-0.488281,0.12207,standing_seg1
1450419,0.320068,-0.936401,-0.11438,0.610352,0.0,0.061035,standing_seg1
1450436,0.320923,-0.936157,-0.114258,0.793457,-0.183106,0.12207,standing_seg1
1450453,0.317505,-0.93457,-0.112427,1.037598,-0.671387,0.061035,standing_seg1
1450469,0.31543,-0.939697,-0.111938,1.342773,-0.610352,0.12207,standing_seg1
1450486,0.317261,-0.943481,-0.111694,1.098633,-0.488281,0.305176,standing_seg1
1450503,0.317749,-0.94165,-0.113159,0.854492,-0.549316,0.488281,standing_seg1
1450519,0.318481,-0.9375,-0.113281,1.037598,-0.610352,0.549316,standing_seg1
1450536,0.31958,-0.939331,-0.114502,1.281738,-0.732422,0.488281,standing_seg1
1450553,0.317627,-0.940796,-0.115601,1.220703,-0.671387,0.488281,standing_seg1
1450569,0.315918,-0.939331,-0.116333,1.159668,-0.12207,0.366211,standing_seg1
1450586,0.32251,-0.940063,-0.117676,1.037598,-0.244141,0.488281,standing_seg1
1450603,0.32373,-0.939087,-0.11731,1.037598,-0.732422,0.610352,standing_seg1
1450619,0.321289,-0.940308,-0.117554,0.976563,-0.854492,0.549316,standing_seg1
1450636,0.321411,-0.942261,-0.118042,0.732422,-0.671387,0.427246,standing_seg1
1450653,0.320068,-0.942505,-0.117798,0.488281,-0.427246,0.366211,standing_seg1
1450669,0.321533,-0.941895,-0.118042,0.366211,-0.427246,0.244141,standing_seg1
1450686,0.325195,-0.939575,-0.116333,0.366211,-0.732422,0.12207,standing_seg1
1450703,0.324463,-0.940186,-0.115356,0.366211,-1.159668,0.183106,standing_seg1
1450720,0.321777,-0.943237,-0.117554,0.366211,-1.159668,0.366211,standing_seg1
1450736,0.321899,-0.943359,-0.115845,0.244141,-1.220703,0.305176,standing_seg1
1450753,0.32312,-0.943115,-0.113647,0.244141,-1.586915,0.244141,standing_seg1
1450770,0.317749,-0.943359,-0.113159,0.244141,-1.89209,0.12207,standing_seg1
1450786,0.313843,-0.942505,-0.112549,0.183106,-1.403809,0.061035,standing_seg1
1450803,0.31543,-0.941162,-0.112915,0.488281,-0.549316,0.12207,standing_seg1
1450820,0.314697,-0.940186,-0.11145,0.549316,-0.244141,0.12207,standing_seg1
1450836,0.317261,-0.938477,-0.111206,0.549316,-0.427246,0.12207,standing_seg1
1450853,0.312866,-0.938354,-0.110718,0.671387,-0.610352,0.061035,standing_seg1
1450870,0.3125,-0.940063,-0.109741,0.549316,0.12207,0.12207,standing_seg1
1450886,0.317871,-0.937988,-0.115479,0.427246,-0.061035,0.366211,standing_seg1
1450903,0.316284,-0.938354,-0.117432,0.427246,-0.427246,0.549316,standing_seg1
1450920,0.307495,-0.938965,-0.116089,0.549316,0.244141,0.488281,standing_seg1
1450936,0.314331,-0.943237,-0.113892,0.610352,1.098633,0.488281,standing_seg1
1450953,0.31665,-0.943604,-0.11377,0.366211,1.281738,0.610352,standing_seg1
1450970,0.321045,-0.938721,-0.115234,0.366211,1.159668,0.610352,standing_seg1
1450986,0.32666,-0.936401,-0.116089,0.549316,0.305176,0.549316,standing_seg1
1451003,0.325439,-0.93689,-0.117432,0.793457,-0.488281,0.549316,standing_seg1
1451020,0.322144,-0.94043,-0.116699,0.915528,-0.488281,0.427246,standing_seg1
1451036,0.317261,-0.947876,-0.116089,0.488281,0.12207,0.244141,standing_seg1
1451053,0.321899,-0.942139,-0.117432,0.061035,0.671387,-0.12207,standing_seg1
1451070,0.323853,-0.94043,-0.118042,0.061035,0.610352,-0.183106,standing_seg1
1451086,0.325684,-0.935913,-0.116455,0.12207,0.244141,-0.244141,standing_seg1
1451103,0.322998,-0.933838,-0.118286,0.244141,-0.549316,-0.183106,standing_seg1
1451120,0.311646,-0.937012,-0.119385,0.427246,-0.061035,-0.305176,standing_seg1
1451136,0.314087,-0.939575,-0.118286,0.488281,0.610352,-0.305176,standing_seg1
1451153,0.326538,-0.939453,-0.115479,0.183106,0.610352,-0.183106,standing_seg1
1451170,0.324829,-0.936279,-0.113037,0.12207,0.061035,0.12207,standing_seg1
1451186,0.323608,-0.936523,-0.112915,0.244141,0.0,0.12207,standing_seg1
1451203,0.320313,-0.939453,-0.113037,0.488281,-0.732422,0.183106,standing_seg1
1451220,0.316162,-0.940796,-0.113525,0.488281,0.305176,-0.061035,standing_seg1
1451236,0.321411,-0.93689,-0.111694,0.366211,0.061035,0.061035,standing_seg1
1451253,0.321777,-0.937256,-0.114014,0.488281,0.12207,0.244141,standing_seg1
1451270,0.324951,-0.9375,-0.112915,0.549316,-0.854492,0.305176,standing_seg1
1451286,0.314209,-0.94165,-0.113892,0.732422,-0.976563,0.183106,standing_seg1
1451303,0.312744,-0.944824,-0.113281,0.671387,-0.549316,0.061035,standing_seg1
1451320,0.315186,-0.943481,-0.112061,0.12207,0.427246,0.061035,standing_seg1
1451337,0.321777,-0.938232,-0.114136,0.305176,0.061035,0.061035,standing_seg1
1451353,0.318848,-0.939087,-0.114624,0.610352,-0.366211,-0.061035,standing_seg1
1451370,0.313843,-0.944214,-0.118774,0.915528,-0.488281,0.0,standing_seg1
1451387,0.312744,-0.951416,-0.119385,0.793457,-0.12207,0.0,standing_seg1
1451403,0.311401,-0.948364,-0.119629,0.183106,0.732422,-0.061035,standing_seg1
1451420,0.314209,-0.94519,-0.119751,0.12207,0.976563,-0.183106,standing_seg1
1451437,0.320679,-0.942871,-0.121704,0.183106,0.610352,-0.12207,standing_seg1
1451453,0.321411,-0.942505,-0.122437,0.244141,-0.12207,0.244141,standing_seg1
1451470,0.317261,-0.943481,-0.123535,0.488281,-0.366211,0.366211,standing_seg1
1451487,0.307495,-0.946411,-0.122681,0.671387,0.061035,0.366211,standing_seg1
1451503,0.314819,-0.945313,-0.122925,0.488281,0.549316,0.305176,standing_seg1
1451520,0.321411,-0.942139,-0.11853,0.183106,0.488281,0.549316,standing_seg1
1451537,0.325317,-0.937744,-0.11731,-0.061035,0.183106,0.732422,standing_seg1
1451553,0.326904,-0.939087,-0.120483,0.244141,-2.075195,1.281738,standing_seg1
1451570,0.308105,-0.942383,-0.119385,0.061035,-1.403809,1.098633,standing_seg1
1451587,0.312256,-0.942017,-0.121704,0.061035,-0.793457,0.915528,standing_seg1
1451603,0.311035,-0.944824,-0.118042,-0.183106,-0.183106,0.976563,standing_seg1
1451620,0.320313,-0.937256,-0.115234,-0.244141,0.0,1.037598,standing_seg1
1451637,0.320068,-0.938599,-0.117798,0.183106,-0.854492,1.281738,standing_seg1
1451653,0.319092,-0.944092,-0.117065,0.488281,-0.854492,1.342773,standing_seg1
1451670,0.315552,-0.948975,-0.115356,-0.244141,-0.671387,1.464844,standing_seg1
1451687,0.3125,-0.944092,-0.116455,-0.427246,-0.793457,1.342773,standing_seg1
1451703,0.312622,-0.943359,-0.116455,-0.549316,-0.732422,1.281738,standing_seg1
1451720,0.313477,-0.937378,-0.11853,-0.488281,-0.183106,0.915528,standing_seg1
1451737,0.315796,-0.937988,-0.117676,-0.12207,0.12207,0.793457,standing_seg1
1451753,0.314697,-0.938599,-0.113037,0.183106,-0.183106,0.854492,standing_seg1
1451770,0.31604,-0.938843,-0.112305,0.305176,-0.183106,0.793457,standing_seg1
1451787,0.317261,-0.938599,-0.111572,0.427246,-0.793457,1.037598,standing_seg1
1451803,0.313965,-0.9375,-0.112061,0.549316,-0.854492,1.098633,standing_seg1
1451820,0.316772,-0.937256,-0.112549,0.671387,-0.793457,1.098633,standing_seg1
1451837,0.320923,-0.937744,-0.113892,0.793457,-1.220703,1.220703,standing_seg1
1451853,0.315796,-0.939575,-0.114258,0.976563,-1.64795,1.098633,standing_seg1
1451870,0.312134,-0.940063,-0.11377,0.915528,-1.281738,0.976563,standing_seg1
1451887,0.317017,-0.939575,-0.114258,1.037598,-0.793457,0.671387,standing_seg1
1451904,0.318604,-0.940063,-0.117065,0.915528,-0.854492,0.610352,standing_seg1
1451920,0.319702,-0.94043,-0.115479,1.098633,-1.098633,0.366211,standing_seg1
1451937,0.318481,-0.943237,-0.114136,1.098633,-1.281738,0.305176,standing_seg1
1451954,0.316284,-0.945313,-0.114868,0.915528,-1.281738,0.0,standing_seg1
1451970,0.311401,-0.94397,-0.117188,0.671387,-1.037598,-0.244141,standing_seg1
1451987,0.310425,-0.942383,-0.117432,0.549316,-0.732422,-0.488281,standing_seg1
1452004,0.314087,-0.939331,-0.119141,0.732422,-0.671387,-0.732422,standing_seg1
1452020,0.314209,-0.942871,-0.118408,0.488281,-0.671387,-0.671387,standing_seg1
1452037,0.315186,-0.941895,-0.118652,0.12207,-0.793457,-0.549316,standing_seg1
1452054,0.315186,-0.940186,-0.120239,0.0,-0.854492,-0.427246,standing_seg1
1452070,0.312622,-0.940308,-0.123901,0.183106,-1.037598,-0.671387,standing_seg1
1452087,0.310913,-0.942139,-0.124512,0.0,-0.793457,-1.037598,standing_seg1
1452104,0.3125,-0.941772,-0.123535,-0.061035,-0.610352,-1.220703,standing_seg1
1452120,0.314941,-0.943604,-0.123413,-0.305176,-0.488281,-1.403809,standing_seg1
1452137,0.308228,-0.94458,-0.122192,-0.549316,-0.061035,-1.403809,standing_seg1
1452154,0.305786,-0.944092,-0.121948,-0.976563,0.976563,-1.464844,standing_seg1
1452170,0.309448,-0.942261,-0.122192,-1.037598,1.342773,-1.342773,standing_seg1
1452187,0.315918,-0.941162,-0.124634,-0.976563,1.037598,-1.098633,standing_seg1
1452204,0.314575,-0.939453,-0.121826,-0.854492,0.244141,-1.098633,standing_seg1
1452220,0.312378,-0.938721,-0.120728,-0.976563,0.061035,-1.037598,standing_seg1
1452237,0.306519,-0.942017,-0.118286,-0.793457,0.549316,-1.281738,standing_seg1
1452254,0.309814,-0.943604,-0.118164,-0.976563,1.525879,-1.281738,standing_seg1
1452270,0.312744,-0.940796,-0.119629,-0.976563,1.464844,-1.098633,standing_seg1
1452287,0.312378,-0.939941,-0.119141,-0.732422,1.220703,-1.037598,standing_seg1
1452304,0.309937,-0.940918,-0.116821,-0.366211,0.793457,-0.915528,standing_seg1
1452320,0.306519,-0.938477,-0.118408,-0.427246,0.976563,-0.671387,standing_seg1
1452337,0.305908,-0.936768,-0.118652,-0.366211,1.281738,-0.549316,standing_seg1
1452354,0.308472,-0.937256,-0.116211,-0.183106,1.708985,-0.305176,standing_seg1
1452370,0.3125,-0.938843,-0.11792,0.0,1.831055,0.12207,standing_seg1
1452387,0.316528,-0.938599,-0.118286,0.183106,1.403809,0.366211,standing_seg1
1452404,0.314941,-0.940308,-0.117432,0.549316,0.610352,0.732422,standing_seg1
1452420,0.314575,-0.941772,-0.118286,0.671387,0.244141,0.732422,standing_seg1
1452437,0.314575,-0.940918,-0.119141,0.732422,0.244141,0.549316,standing_seg1
1452454,0.315796,-0.939087,-0.120483,0.732422,0.305176,0.427246,standing_seg1
1452470,0.319092,-0.936523,-0.12439,0.854492,0.061035,0.366211,standing_seg1
1452487,0.31665,-0.939697,-0.124512,0.976563,-0.244141,0.610352,standing_seg1
1452504,0.314697,-0.941772,-0.124268,0.915528,-0.061035,0.671387,standing_seg1
1452521,0.312622,-0.941895,-0.125244,0.671387,0.549316,0.854492,standing_seg1
1452537,0.318237,-0.938721,-0.124634,0.549316,0.915528,0.732422,standing_seg1
1452554,0.323853,-0.937256,-0.123657,0.549316,0.488281,0.671387,standing_seg1
1452571,0.323975,-0.940186,-0.124756,0.671387,0.244141,0.610352,standing_seg1
1452587,0.322388,-0.942749,-0.12439,0.610352,0.305176,0.488281,standing_seg1
1452604,0.320923,-0.943726,-0.124268,0.732422,0.427246,0.366211,standing_seg1
1452621,0.31958,-0.943726,-0.123413,0.732422,0.610352,0.12207,standing_seg1
1452637,0.322266,-0.939209,-0.122925,0.549316,0.427246,-0.12207,standing_seg1
1452654,0.323364,-0.935181,-0.122925,0.732422,-0.12207,-0.12207,standing_seg1
1452671,0.32019,-0.937378,-0.124146,0.671387,-0.244141,-0.061035,standing_seg1
1452687,0.318726,-0.938354,-0.126221,0.732422,-0.183106,-0.12207,standing_seg1
1452704,0.316528,-0.942993,-0.125366,0.610352,0.244141,-0.183106,standing_seg1
1452721,0.319702,-0.941528,-0.125732,0.427246,0.366211,-0.305176,standing_seg1
1452737,0.320068,-0.94165,-0.128174,0.366211,0.183106,-0.366211,standing_seg1
1452754,0.317505,-0.941162,-0.12854,0.549316,0.488281,-0.488281,standing_seg1
1452771,0.321533,-0.945801,-0.130005,0.671387,0.549316,-0.610352,standing_seg1
1452787,0.319092,-0.952148,-0.132446,0.549316,0.12207,-0.671387,standing_seg1
1452804,0.315918,-0.954346,-0.132446,0.366211,0.061035,-0.671387,standing_seg1
1452821,0.308716,-0.953491,-0.13269,-0.12207,0.549316,-0.854492,standing_seg1
1452837,0.310669,-0.94458,-0.134766,-0.488281,0.915528,-0.732422,standing_seg1
1452854,0.310913,-0.940186,-0.134033,-0.488281,0.732422,-0.549316,standing_seg1
1452871,0.312012,-0.934204,-0.130981,-0.305176,0.0,-0.12207,standing_seg1
1452887,0.30896,-0.938721,-0.127197,0.061035,-0.427246,0.305176,standing_seg1
1452904,0.307983,-0.942261,-0.124146,-0.061035,-0.305176,0.427246,standing_seg1
1452921,0.305664,-0.943726,-0.119751,-0.305176,0.427246,0.488281,standing_seg1
1452937,0.308228,-0.940796,-0.116943,-0.427246,1.525879,0.488281,standing_seg1
1452954,0.314087,-0.941406,-0.114746,-0.12207,2.075195,0.732422,standing_seg1
1452971,0.317627,-0.941772,-0.11438,-0.12207,2.01416,0.976563,standing_seg1
1452987,0.31958,-0.938354,-0.113647,0.12207,1.159668,1.403809,standing_seg1
1453004,0.318115,-0.933105,-0.114746,0.366211,0.610352,1.464844,standing_seg1
1453021,0.318604,-0.928955,-0.114746,0.427246,0.427246,1.342773,standing_seg1
1453037,0.316895,-0.923584,-0.115967,0.854492,0.244141,0.915528,standing_seg1
1453054,0.317383,-0.928833,-0.113647,1.037598,0.610352,0.610352,standing_seg1
1453071,0.318604,-0.933472,-0.113525,0.610352,0.793457,0.854492,standing_seg1
1453088,0.31958,-0.935303,-0.113281,0.488281,0.976563,0.976563,standing_seg1
1453104,0.321411,-0.935913,-0.114136,0.12207,1.220703,1.159668,standing_seg1
1453121,0.318848,-0.938232,-0.114014,0.305176,1.89209,0.793457,standing_seg1
1453138,0.319458,-0.940918,-0.112671,0.244141,2.380371,0.366211,standing_seg1
1453154,0.323608,-0.94165,-0.110352,0.244141,3.112794,-0.244141,standing_seg1
1453171,0.32959,-0.940918,-0.113403,0.549316,2.868653,-0.366211,standing_seg1
1453188,0.332397,-0.942505,-0.118042,1.220703,1.342773,-0.12207,standing_seg1
1453204,0.330688,-0.944336,-0.120239,1.525879,0.549316,-0.061035,standing_seg1
1453221,0.321655,-0.947754,-0.122314,1.77002,-0.366211,-0.183106,standing_seg1
1453238,0.315552,-0.945679,-0.128052,1.77002,-0.244141,-0.427246,standing_seg1
1453254,0.315308,-0.94397,-0.132324,1.831055,-0.12207,-0.671387,standing_seg1
1453271,0.317749,-0.946533,-0.139648,1.831055,-0.12207,-0.732422,standing_seg1
1453288,0.314819,-0.949097,-0.143311,1.403809,-0.671387,-0.427246,standing_seg1
1453304,0.304688,-0.949585,-0.145386,0.854492,0.061035,-0.305176,standing_seg1
1453321,0.303833,-0.94751,-0.143921,0.488281,0.732422,-0.244141,standing_seg1
1453338,0.310181,-0.937134,-0.139771,-0.183106,1.403809,-0.12207,standing_seg1
1453354,0.314697,-0.927979,-0.133789,-0.427246,0.732422,0.244141,standing_seg1
1453371,0.312378,-0.928467,-0.130005,-0.427246,0.366211,0.488281,standing_seg1
1453388,0.311401,-0.932617,-0.123047,-0.732422,0.12207,0.976563,standing_seg1
1453404,0.313232,-0.934937,-0.120239,-0.793457,0.183106,1.220703,standing_seg1
1453421,0.317871,-0.938477,-0.11792,-0.732422,0.366211,1.220703,standing_seg1
1453438,0.325806,-0.948853,-0.112549,-0.732422,0.183106,1.037598,standing_seg1
1453454,0.328247,-0.954346,-0.110229,-0.732422,0.183106,0.610352,standing_seg1
1453471,0.329712,-0.956909,-0.112061,-0.793457,0.549316,0.12207,standing_seg1
1453488,0.329468,-0.955078,-0.113403,-0.793457,0.671387,-0.244141,standing_seg1
1453504,0.323975,-0.947998,-0.114746,-0.793457,1.037598,-1.098633,standing_seg1
1453521,0.316162,-0.937988,-0.110962,-0.854492,1.464844,-1.831055,standing_seg1
1453538,0.312256,-0.932861,-0.110474,-0.854492,1.708985,-2.13623,standing_seg1
1453554,0.313477,-0.923828,-0.112793,-0.793457,1.586915,-2.01416,standing_seg1
1453571,0.312012,-0.92041,-0.116455,-0.549316,0.854492,-1.281738,standing_seg1
1453588,0.3125,-0.925537,-0.118286,-0.12207,0.549316,-0.366211,standing_seg1
1453604,0.31543,-0.929932,-0.120483,-0.12207,0.488281,0.12207,standing_seg1
1453621,0.321533,-0.937744,-0.124146,-0.12207,0.366211,0.732422,standing_seg1
1453638,0.329346,-0.942993,-0.126831,-0.183106,0.610352,0.671387,standing_seg1
1453654,0.333618,-0.945313,-0.12793,-0.12207,0.610352,0.366211,standing_seg1
1453671,0.335327,-0.946533,-0.130859,-0.061035,0.671387,-0.183106,standing_seg1
1453688,0.336304,-0.944092,-0.132446,0.12207,0.610352,-0.488281,standing_seg1
1453705,0.338013,-0.942139,-0.134033,0.305176,-0.244141,-0.671387,standing_seg1
1453721,0.336426,-0.939575,-0.133911,0.427246,-0.793457,-0.793457,standing_seg1
1453738,0.329834,-0.937378,-0.133057,0.366211,-1.586915,-0.854492,standing_seg1
1453755,0.325439,-0.93457,-0.131958,0.366211,-1.89209,-0.793457,standing_seg1
1453771,0.325562,-0.935181,-0.131592,0.366211,-1.953125,-0.671387,standing_seg1
1453788,0.327881,-0.937988,-0.130249,0.305176,-2.441406,-0.366211,standing_seg1
1453805,0.321533,-0.942871,-0.12915,0.12207,-2.380371,-0.305176,standing_seg1
1453821,0.318848,-0.943237,-0.125854,-0.427246,-1.525879,-0.671387,standing_seg1
1453838,0.318481,-0.940918,-0.125122,-0.610352,-1.037598,-0.915528,standing_seg1
1453855,0.320801,-0.93811,-0.122925,-0.793457,-0.183106,-1.342773,standing_seg1
1453871,0.320557,-0.933594,-0.122314,-0.915528,0.0,-1.525879,standing_seg1
1453888,0.320435,-0.933472,-0.120728,-0.854492,-0.183106,-1.525879,standing_seg1
1453905,0.314453,-0.93396,-0.118164,-0.793457,-0.488281,-1.342773,standing_seg1
1453921,0.311523,-0.934814,-0.116699,-0.610352,-0.305176,-1.037598,standing_seg1
1453938,0.311523,-0.936768,-0.117188,-0.427246,-0.061035,-0.854492,standing_seg1
1453955,0.317993,-0.935791,-0.11731,-0.183106,-0.244141,-0.305176,standing_seg1
1453971,0.319824,-0.934082,-0.120361,0.366211,-1.037598,0.244141,standing_seg1
1453988,0.315308,-0.937744,-0.119385,0.671387,-1.220703,0.488281,standing_seg1
1454005,0.313965,-0.938599,-0.120483,0.671387,-0.854492,0.549316,standing_seg1
1454021,0.31543,-0.938354,-0.122681,0.549316,0.061035,0.427246,standing_seg1
1454038,0.324219,-0.937012,-0.126343,0.549316,0.488281,0.305176,standing_seg1
1454055,0.327759,-0.936768,-0.127075,0.610352,0.244141,0.244141,standing_seg1
1454071,0.327393,-0.937866,-0.126953,0.488281,-0.305176,0.305176,standing_seg1
1454088,0.323853,-0.935913,-0.129272,0.549316,-0.549316,0.488281,standing_seg1
1454105,0.325195,-0.935425,-0.132324,0.549316,-0.366211,0.427246,standing_seg1
1454121,0.326172,-0.935669,-0.132568,0.671387,-0.305176,0.366211,standing_seg1
1454138,0.326294,-0.935669,-0.132324,0.671387,-0.183106,0.0,standing_seg1
1454155,0.328125,-0.93811,-0.12915,0.488281,0.183106,-0.12207,standing_seg1
1454171,0.330444,-0.937744,-0.129639,0.305176,0.183106,-0.12207,standing_seg1
1454188,0.329102,-0.934692,-0.128662,0.305176,-0.061035,-0.12207,standing_seg1
1454205,0.326538,-0.933228,-0.126831,0.305176,-0.183106,-0.244141,standing_seg1
1454221,0.326782,-0.932739,-0.127808,0.488281,-0.366211,-0.305176,standing_seg1
1454238,0.327881,-0.935669,-0.128784,0.671387,-0.427246,-0.183106,standing_seg1
1454255,0.325928,-0.939087,-0.125366,0.610352,-0.305176,-0.244141,standing_seg1
1454271,0.325806,-0.936401,-0.126831,0.671387,-0.12207,-0.244141,standing_seg1
1454288,0.326538,-0.937378,-0.126831,0.793457,-0.183106,-0.183106,standing_seg1
1454305,0.327148,-0.934814,-0.129639,0.976563,-0.671387,0.244141,standing_seg1
1454322,0.32373,-0.94043,-0.132202,1.037598,-1.098633,0.183106,standing_seg1
1454338,0.324341,-0.941284,-0.132446,0.854492,-1.037598,0.061035,standing_seg1
1454355,0.321411,-0.940674,-0.132446,0.671387,-0.854492,0.061035,standing_seg1
1454372,0.321167,-0.93811,-0.133667,0.305176,-0.183106,-0.12207,standing_seg1
1454388,0.319824,-0.936279,-0.132324,0.12207,0.12207,-0.12207,standing_seg1
1454405,0.318359,-0.935425,-0.13147,0.061035,0.366211,0.0,standing_seg1
1454422,0.321899,-0.934937,-0.131104,0.183106,0.366211,0.366211,standing_seg1
1454438,0.32019,-0.940063,-0.128418,0.12207,0.427246,0.671387,standing_seg1
1454455,0.320435,-0.940552,-0.127197,-0.061035,0.549316,0.732422,standing_seg1
1454472,0.322632,-0.937744,-0.125488,-0.12207,0.610352,0.671387,standing_seg1
1454488,0.323608,-0.934082,-0.126953,-0.061035,0.549316,0.549316,standing_seg1
1454505,0.321899,-0.933472,-0.126343,0.12207,0.549316,0.427246,standing_seg1
1454522,0.319336,-0.934448,-0.124878,0.12207,0.854492,0.366211,standing_seg1
1454538,0.318481,-0.936157,-0.124146,0.061035,1.77002,0.427246,standing_seg1
1454555,0.322021,-0.936646,-0.125244,0.061035,2.13623,0.610352,standing_seg1
1454572,0.325806,-0.933838,-0.125244,0.061035,1.831055,0.671387,standing_seg1
1454588,0.327271,-0.927612,-0.124756,0.549316,0.305176,0.976563,standing_seg1
1454605,0.316772,-0.933228,-0.121704,1.037598,0.0,0.915528,standing_seg1
1454622,0.316162,-0.938354,-0.122803,0.854492,0.854492,1.037598,standing_seg1
1454638,0.318604,-0.936768,-0.124512,0.732422,1.281738,1.037598,standing_seg1
1454655,0.328613,-0.93689,-0.127808,0.732422,1.403809,1.037598,standing_seg1
1454672,0.328003,-0.935791,-0.126221,0.732422,0.549316,1.037598,standing_seg1
1454688,0.324585,-0.936523,-0.126709,0.854492,0.488281,0.854492,standing_seg1
1454705,0.322021,-0.938354,-0.127197,0.854492,0.793457,0.610352,standing_seg1
1454722,0.320313,-0.938354,-0.129883,0.671387,1.464844,0.366211,standing_seg1
1454738,0.327271,-0.939941,-0.130371,0.610352,1.64795,0.0,standing_seg1
1454755,0.329956,-0.938843,-0.129761,0.549316,1.403809,-0.061035,standing_seg1
1454772,0.329834,-0.937256,-0.131958,0.488281,0.976563,-0.061035,standing_seg1
1454788,0.325195,-0.937134,-0.134644,0.244141,0.671387,-0.12207,standing_seg1
1454805,0.32312,-0.935913,-0.135864,0.183106,0.793457,-0.183106,standing_seg1
1454822,0.319702,-0.9375,-0.133911,0.183106,1.220703,-0.549316,standing_seg1
1454838,0.323364,-0.93811,-0.136475,0.183106,1.64795,-0.732422,standing_seg1
1454855,0.325806,-0.937866,-0.137207,-0.061035,1.037598,-0.549316,standing_seg1
1454872,0.325562,-0.937134,-0.137085,-0.12207,0.610352,-0.427246,standing_seg1
1454889,0.323486,-0.937988,-0.135132,0.061035,-0.12207,-0.12207,standing_seg1
1454905,0.320313,-0.940796,-0.13147,-0.244141,0.305176,0.0,standing_seg1
1454922,0.322632,-0.940186,-0.131348,-0.305176,0.366211,0.061035,standing_seg1
1454939,0.32605,-0.941772,-0.129761,-0.12207,0.305176,0.0,standing_seg1
1454955,0.335571,-0.941162,-0.129639,0.183106,-0.732422,0.0,standing_seg1
1454972,0.334473,-0.943604,-0.130127,0.427246,-1.342773,0.0,standing_seg1
1454989,0.330688,-0.947876,-0.13147,0.549316,-1.89209,-0.061035,standing_seg1
1455005,0.331909,-0.945801,-0.132813,0.671387,-2.075195,-0.366211,standing_seg1
1455022,0.329468,-0.947632,-0.13501,0.915528,-2.441406,-0.732422,standing_seg1
1455039,0.326416,-0.949585,-0.136353,0.793457,-2.441406,-0.976563,standing_seg1
1455055,0.319092,-0.949219,-0.135742,0.183106,-2.075195,-1.281738,standing_seg1
1455072,0.316162,-0.944458,-0.137085,-0.244141,-1.220703,-1.220703,standing_seg1
1455089,0.314941,-0.942383,-0.137817,-0.366211,-0.854492,-1.159668,standing_seg1
1455105,0.315918,-0.94104,-0.139404,-0.244141,-0.732422,-0.915528,standing_seg1
1455122,0.310669,-0.944458,-0.139526,-0.244141,-0.671387,-0.732422,standing_seg1
1455139,0.309814,-0.942017,-0.138306,-0.366211,-0.488281,-0.305176,standing_seg1
1455155,0.309204,-0.939209,-0.137939,-0.488281,-0.427246,0.061035,standing_seg1
1455172,0.314941,-0.932251,-0.138306,-0.305176,-0.610352,0.793457,standing_seg1
1455189,0.317749,-0.935669,-0.137695,0.0,-1.342773,1.525879,standing_seg1
1455205,0.31897,-0.937988,-0.137573,0.0,-1.64795,1.77002,standing_seg1
1455222,0.317383,-0.939941,-0.137939,0.0,-1.831055,1.953125,standing_seg1
1455239,0.324463,-0.943237,-0.137329,0.12207,-1.464844,1.953125,standing_seg1
1455255,0.330811,-0.945923,-0.135742,0.061035,-1.525879,1.89209,standing_seg1
1455272,0.332764,-0.944824,-0.135986,0.0,-1.831055,1.831055,standing_seg1
1455289,0.332275,-0.94104,-0.137451,0.0,-2.563477,1.708985,standing_seg1
1455305,0.322998,-0.942993,-0.135132,-0.061035,-2.380371,1.464844,standing_seg1
1455322,0.319946,-0.943726,-0.134766,-0.366211,-1.831055,1.220703,standing_seg1
1455339,0.325317,-0.937988,-0.137207,-0.610352,-0.976563,0.976563,standing_seg1
1455355,0.329956,-0.936157,-0.13623,-0.671387,-1.281738,0.976563,standing_seg1
1455372,0.325195,-0.934814,-0.135864,-0.610352,-1.77002,0.854492,standing_seg1
1455389,0.322876,-0.934937,-0.13562,-0.610352,-1.77002,0.793457,standing_seg1
1455405,0.318604,-0.936523,-0.134399,-0.671387,-1.281738,0.488281,standing_seg1
1455422,0.319336,-0.927246,-0.134155,-1.037598,-0.793457,0.366211,standing_seg1
1455439,0.320801,-0.926025,-0.134155,-0.854492,-0.793457,0.366211,standing_seg1
1455455,0.322876,-0.928955,-0.132813,-0.732422,-1.159668,0.488281,standing_seg1
1455472,0.316162,-0.932617,-0.13269,-0.793457,-1.403809,0.671387,standing_seg1
1455489,0.31189,-0.93457,-0.13147,-0.793457,-0.976563,0.732422,standing_seg1
1455506,0.311035,-0.935913,-0.128784,-1.098633,0.183106,0.427246,standing_seg1
1455522,0.318481,-0.928955,-0.128784,-0.854492,0.427246,0.366211,standing_seg1
1455539,0.324951,-0.925171,-0.129028,-0.427246,-0.244141,0.427246,standing_seg1
1455556,0.32373,-0.925903,-0.130493,-0.061035,-0.976563,0.549316,standing_seg1
1455572,0.312988,-0.930908,-0.131592,0.427246,-1.64795,0.671387,standing_seg1
1455589,0.306641,-0.932007,-0.12915,0.183106,-0.854492,0.671387,standing_seg1
1455606,0.305298,-0.929932,-0.129028,0.183106,-0.427246,0.671387,standing_seg1
1455622,0.309692,-0.924561,-0.128906,-0.12207,0.305176,0.854492,standing_seg1
1455639,0.313232,-0.919067,-0.127319,-0.061035,0.0,1.098633,standing_seg1
1455656,0.307373,-0.92395,-0.123779,0.183106,0.061035,1.159668,standing_seg1
1455672,0.305298,-0.925537,-0.121216,0.244141,0.488281,1.098633,standing_seg1
1455689,0.309204,-0.927612,-0.120361,0.549316,1.586915,1.037598,standing_seg1
1455706,0.319214,-0.932129,-0.119995,0.915528,1.64795,1.159668,standing_seg1
1455722,0.323975,-0.935181,-0.120483,1.220703,1.220703,1.281738,standing_seg1
1455739,0.325073,-0.94397,-0.122681,1.708985,0.305176,1.281738,standing_seg1
1455756,0.320801,-0.94519,-0.128662,1.831055,-0.305176,1.037598,standing_seg1
1455772,0.317017,-0.940308,-0.136353,2.075195,-0.061035,0.488281,standing_seg1
1455789,0.322388,-0.937866,-0.138306,2.197266,-0.305176,0.305176,standing_seg1
1455806,0.317139,-0.931641,-0.142578,2.075195,-0.732422,0.12207,standing_seg1
1455822,0.312256,-0.931396,-0.145752,2.13623,-0.793457,0.0,standing_seg1
1455839,0.310547,-0.935913,-0.147217,1.89209,-0.854492,0.12207,standing_seg1
1455856,0.30603,-0.938599,-0.147095,1.220703,-0.549316,0.244141,standing_seg1
1455872,0.307129,-0.944336,-0.147217,1.037598,0.244141,0.305176,standing_seg1
1455889,0.31958,-0.950928,-0.149414,0.671387,-0.183106,0.610352,standing_seg1
1455906,0.320313,-0.950806,-0.149414,0.366211,-0.793457,0.793457,standing_seg1
1455922,0.307861,-0.942993,-0.145996,-0.366211,-1.159668,0.793457,standing_seg1
1455939,0.299194,-0.93396,-0.142334,-0.610352,0.427246,0.244141,standing_seg1
1455956,0.300659,-0.931641,-0.141602,-0.732422,1.403809,-0.061035,standing_seg1
1455972,0.312134,-0.929321,-0.137451,-0.671387,2.13623,-0.183106,standing_seg1
1455989,0.312378,-0.935303,-0.134399,-0.610352,1.525879,0.305176,standing_seg1
1456006,0.312378,-0.935425,-0.133179,-0.610352,1.220703,0.549316,standing_seg1
1456022,0.312012,-0.932983,-0.130859,-0.488281,1.037598,0.976563,standing_seg1
1456039,0.31543,-0.928345,-0.128418,-0.12207,1.64795,0.732422,standing_seg1
1456056,0.322388,-0.931519,-0.125488,0.305176,2.197266,0.0,standing_seg1
1456073,0.325195,-0.935547,-0.123291,0.366211,2.380371,-0.366211,standing_seg1
1456089,0.325317,-0.940186,-0.123657,0.488281,2.563477,-1.037598,standing_seg1
1456106,0.324463,-0.940674,-0.128052,0.732422,2.624512,-1.342773,standing_seg1
1456123,0.324097,-0.937744,-0.129761,0.854492,2.380371,-1.464844,standing_seg1
1456139,0.319946,-0.930054,-0.131714,1.525879,1.953125,-1.64795,standing_seg1
1456156,0.317139,-0.928833,-0.131592,2.197266,1.77002,-1.64795,standing_seg1
1456173,0.314575,-0.928101,-0.134033,2.13623,1.464844,-1.586915,standing_seg1
1456189,0.311646,-0.926147,-0.134766,1.953125,1.281738,-1.403809,standing_seg1
1456206,0.307617,-0.924316,-0.13269,2.01416,1.342773,-0.976563,standing_seg1
1456223,0.309326,-0.932373,-0.135132,2.319336,1.342773,-0.366211,standing_seg1
1456239,0.311279,-0.937866,-0.136841,2.502441,1.220703,0.0,standing_seg1
1456256,0.316284,-0.94873,-0.140503,2.746582,0.854492,0.488281,standing_seg1
1456273,0.328003,-0.95105,-0.140869,2.685547,0.305176,0.732422,standing_seg1
1456289,0.328735,-0.947632,-0.143433,2.502441,-0.061035,0.549316,standing_seg1
1456306,0.330688,-0.946167,-0.144897,2.502441,-0.183106,0.305176,standing_seg1
1456323,0.329468,-0.949097,-0.147217,2.441406,-0.427246,-0.183106,standing_seg1
1456339,0.32959,-0.949463,-0.150024,1.953125,-0.244141,-0.244141,standing_seg1
1456356,0.329834,-0.947754,-0.151245,1.77002,-0.244141,-0.244141,standing_seg1
1456373,0.330688,-0.94519,-0.151367,1.281738,-0.12207,-0.12207,standing_seg1
1456389,0.332275,-0.939941,-0.147095,0.915528,-0.244141,-0.12207,standing_seg1
1456406,0.332031,-0.936035,-0.148438,0.793457,-0.671387,-0.183106,standing_seg1
1456423,0.330688,-0.937012,-0.148438,0.671387,-0.854492,-0.305176,standing_seg1
1456439,0.325562,-0.939209,-0.145752,0.427246,-1.098633,-0.671387,standing_seg1
1456456,0.328247,-0.942017,-0.142944,0.366211,-0.976563,-0.976563,standing_seg1
1456473,0.328125,-0.943481,-0.140137,0.305176,-1.220703,-1.098633,standing_seg1
1456489,0.321533,-0.94458,-0.133301,0.0,-1.159668,-1.281738,standing_seg1
1456506,0.321777,-0.941406,-0.131714,0.061035,-1.159668,-1.525879,standing_seg1
1456523,0.320313,-0.940796,-0.132202,0.366211,-1.281738,-1.586915,standing_seg1
1456539,0.321289,-0.94043,-0.127197,0.305176,-1.708985,-1.525879,standing_seg1
1456556,0.314209,-0.934814,-0.121826,0.427246,-1.953125,-1.342773,standing_seg1
1456573,0.312622,-0.934448,-0.120483,0.671387,-1.831055,-1.098633,standing_seg1
1456589,0.315063,-0.936279,-0.121582,0.915528,-1.953125,-0.976563,standing_seg1
1456606,0.316528,-0.937866,-0.122192,1.159668,-2.441406,-0.488281,standing_seg1
1456623,0.317261,-0.943481,-0.122559,1.64795,-3.051759,-0.12207,standing_seg1
1456639,0.317871,-0.943481,-0.12207,1.525879,-3.173829,0.0,standing_seg1
1456656,0.315186,-0.939941,-0.12085,1.403809,-3.051759,-0.061035,standing_seg1
1456673,0.311523,-0.940674,-0.120972,1.586915,-2.01416,-0.366211,standing_seg1
1456690,0.315552,-0.944946,-0.122559,1.586915,-1.342773,-0.488281,standing_seg1
1456706,0.317383,-0.94397,-0.125244,1.464844,-1.525879,-0.366211,standing_seg1
1456723,0.318115,-0.937012,-0.128906,1.525879,-2.380371,0.061035,standing_seg1
1456740,0.314697,-0.936157,-0.127808,1.708985,-2.746582,0.610352,standing_seg1
1456756,0.312012,-0.936279,-0.127686,1.77002,-2.624512,0.732422,standing_seg1
1456773,0.3125,-0.937378,-0.130371,1.586915,-1.831055,0.793457,standing_seg1
1456790,0.320557,-0.939697,-0.133789,1.342773,-1.708985,0.915528,standing_seg1
1456806,0.320068,-0.941162,-0.134521,1.220703,-2.075195,0.732422,standing_seg1
1456823,0.320557,-0.940308,-0.134644,1.037598,-2.319336,0.610352,standing_seg1
1456840,0.315674,-0.935303,-0.133179,0.793457,-2.13623,0.12207,standing_seg1
1456856,0.316895,-0.932495,-0.129395,0.610352,-1.159668,-0.244141,standing_seg1
1456873,0.317871,-0.932129,-0.126953,0.549316,-0.854492,-0.183106,standing_seg1
1456890,0.318359,-0.932495,-0.123779,0.549316,-0.549316,-0.061035,standing_seg1
1456906,0.323853,-0.935669,-0.127808,0.793457,-1.098633,0.244141,standing_seg1
1456923,0.318726,-0.945435,-0.12915,1.098633,-1.220703,-0.061035,standing_seg1
1456940,0.317871,-0.948608,-0.127686,1.037598,-0.854492,-0.366211,standing_seg1
1456956,0.313843,-0.953491,-0.125488,0.732422,-0.12207,-0.976563,standing_seg1
1456973,0.304199,-0.950439,-0.12439,0.061035,1.159668,-0.976563,standing_seg1
1456990,0.303589,-0.947876,-0.123535,-0.183106,1.77002,-0.671387,standing_seg1
1457006,0.30249,-0.937134,-0.121338,-0.610352,2.380371,0.488281,standing_seg1
1457023,0.304443,-0.928833,-0.12146,-0.244141,2.502441,1.708985,standing_seg1
1457040,0.307983,-0.927246,-0.121826,-0.061035,2.319336,2.13623,standing_seg1
1457056,0.315918,-0.92749,-0.120972,0.488281,1.89209,2.380371,standing_seg1
1457073,0.325562,-0.929199,-0.118042,0.427246,1.586915,2.13623,standing_seg1
1457090,0.327393,-0.928345,-0.116943,0.427246,1.77002,1.89209,standing_seg1
1457106,0.328247,-0.929321,-0.117554,0.427246,1.708985,1.831055,standing_seg1
1457123,0.325684,-0.936646,-0.118896,0.671387,2.01416,1.77002,standing_seg1
1457140,0.320435,-0.946167,-0.118652,0.366211,2.624512,1.586915,standing_seg1
1457156,0.315186,-0.94458,-0.118408,0.12207,3.479005,1.403809,standing_seg1
1457173,0.322754,-0.942139,-0.120117,0.12207,4.577637,0.488281,standing_seg1
1457190,0.334351,-0.940552,-0.122437,-0.12207,4.02832,-0.12207,standing_seg1
1457206,0.330322,-0.942383,-0.124756,-0.12207,2.746582,-0.610352,standing_seg1
1457223,0.323975,-0.944214,-0.125977,-0.183106,2.502441,-0.732422,standing_seg1
1457240,0.312988,-0.940552,-0.127563,-0.488281,3.051759,-0.976563,standing_seg1
1457257,0.313232,-0.937134,-0.128174,0.0,3.967286,-1.342773,standing_seg1
1457273,0.314087,-0.940308,-0.126831,0.244141,4.150391,-1.64795,standing_seg1
1457290,0.321411,-0.942383,-0.126465,0.366211,3.356935,-1.64795,standing_seg1
1457307,0.315186,-0.940063,-0.129272,0.427246,1.953125,-1.098633,standing_seg1
1457323,0.313843,-0.934326,-0.131958,0.793457,1.403809,-0.427246,standing_seg1
1457340,0.317383,-0.934448,-0.133057,1.159668,1.037598,-0.12207,standing_seg1
1457357,0.32312,-0.939697,-0.134888,1.342773,-0.12207,0.427246,standing_seg1
1457373,0.323364,-0.944946,-0.139771,1.342773,-1.342773,0.549316,standing_seg1
1457390,0.325806,-0.947632,-0.143066,1.281738,-1.708985,0.366211,standing_seg1
1457407,0.322144,-0.956543,-0.144775,1.159668,-1.831055,0.0,standing_seg1
1457423,0.317383,-0.958008,-0.146118,0.061035,-0.671387,-0.12207,standing_seg1
1457440,0.311279,-0.95105,-0.143555,-0.854492,0.671387,-0.549316,standing_seg1
1457457,0.311768,-0.94751,-0.141479,-1.281738,1.342773,-0.427246,standing_seg1
1457473,0.306519,-0.939209,-0.136475,-1.89209,2.624512,-0.305176,standing_seg1
1457490,0.308838,-0.932739,-0.130981,-1.89209,3.601075,0.366211,standing_seg1
1457507,0.314209,-0.930908,-0.129639,-1.708985,3.41797,0.854492,standing_seg1
1457523,0.318848,-0.92749,-0.129761,-1.281738,2.319336,1.77002,standing_seg1
1457540,0.325439,-0.921509,-0.125488,-0.549316,1.342773,2.380371,standing_seg1
1457557,0.328857,-0.921753,-0.121704,-0.12207,0.976563,2.624512,standing_seg1
1457573,0.334595,-0.928833,-0.116577,0.305176,0.488281,2.807618,standing_seg1
1457590,0.34021,-0.932983,-0.120605,0.427246,0.0,2.319336,standing_seg1
1457607,0.341919,-0.931885,-0.123047,0.488281,-0.305176,1.159668,standing_seg1
1457623,0.340454,-0.929932,-0.12146,0.610352,-0.244141,0.549316,standing_seg1
1457640,0.339844,-0.93689,-0.119019,0.671387,0.366211,-0.366211,standing_seg1
1457657,0.332031,-0.9375,-0.119019,-0.305176,0.610352,-0.610352,standing_seg1
1457673,0.327148,-0.933105,-0.121948,-0.366211,0.854492,-0.671387,standing_seg1
1457690,0.326538,-0.93042,-0.128174,-0.183106,0.793457,-0.549316,standing_seg1
1457707,0.332764,-0.932129,-0.12793,-0.183106,1.342773,-1.342773,standing_seg1
1457723,0.331421,-0.928955,-0.127808,0.305176,1.220703,-1.342773,standing_seg1
1457740,0.323364,-0.931641,-0.12793,0.427246,0.976563,-1.098633,standing_seg1
1457757,0.318604,-0.934692,-0.128174,0.549316,0.732422,-0.915528,standing_seg1
1457773,0.327148,-0.9375,-0.128296,0.549316,0.427246,-0.976563,standing_seg1
1457790,0.326538,-0.934204,-0.128784,0.549316,0.305176,-0.793457,standing_seg1
1457807,0.319702,-0.928101,-0.130615,1.342773,-0.549316,-0.549316,standing_seg1
1457823,0.314941,-0.934204,-0.128052,1.77002,-1.586915,-0.671387,standing_seg1
1457840,0.312134,-0.937988,-0.124634,1.708985,-1.586915,-0.549316,standing_seg1
1457857,0.311523,-0.937256,-0.125488,1.586915,-1.281738,-0.366211,standing_seg1
1457874,0.318115,-0.938965,-0.130493,1.831055,-0.976563,0.061035,standing_seg1
1457890,0.32019,-0.94104,-0.130615,1.953125,-1.953125,0.366211,standing_seg1
1457907,0.315063,-0.940186,-0.129395,2.01416,-2.13623,0.305176,standing_seg1
1457924,0.30835,-0.944458,-0.126099,2.197266,-1.220703,-0.183106,standing_seg1
1457940,0.308105,-0.94812,-0.123779,1.586915,0.610352,-0.732422,standing_seg1
1457957,0.309448,-0.939087,-0.122192,1.098633,2.258301,-1.037598,standing_seg1
1457974,0.31311,-0.934814,-0.122803,1.220703,2.624512,-0.915528,standing_seg1
1457990,0.324341,-0.930298,-0.124268,1.708985,1.831055,0.061035,standing_seg1
1458007,0.321533,-0.927368,-0.126465,2.502441,0.12207,1.098633,standing_seg1
1458024,0.319702,-0.929565,-0.126465,2.868653,-0.366211,1.281738,standing_seg1
1458040,0.321045,-0.939575,-0.125,2.868653,-0.610352,0.976563,standing_seg1
1458057,0.328735,-0.939331,-0.125122,2.563477,-0.366211,0.854492,standing_seg1
1458074,0.331787,-0.94104,-0.128052,2.380371,-0.488281,0.732422,standing_seg1
1458090,0.338745,-0.942993,-0.129028,1.953125,-1.098633,0.427246,standing_seg1
1458107,0.334106,-0.942383,-0.126953,1.464844,-1.464844,-0.244141,standing_seg1
1458124,0.323364,-0.941895,-0.126099,0.976563,-0.854492,-0.671387,standing_seg1
1458140,0.317749,-0.940186,-0.125,0.671387,-0.305176,-0.732422,standing_seg1
1458157,0.327515,-0.942139,-0.124268,0.305176,0.366211,-1.159668,standing_seg1
1458174,0.338013,-0.94397,-0.122437,0.0,-0.183106,-1.464844,standing_seg1
1458190,0.339355,-0.944702,-0.119995,-0.061035,-0.549316,-1.525879,standing_seg1
1458207,0.331055,-0.947388,-0.118896,-0.12207,-0.427246,-1.64795,standing_seg1
1458224,0.325195,-0.948853,-0.11792,0.0,0.061035,-2.075195,standing_seg1
1458240,0.326904,-0.949951,-0.117798,-0.061035,-0.12207,-2.380371,standing_seg1
1458257,0.32605,-0.947144,-0.117065,-0.061035,-0.488281,-2.319336,standing_seg1
1458274,0.319214,-0.942627,-0.120239,0.183106,-1.159668,-2.13623,standing_seg1
1458290,0.316772,-0.943115,-0.120483,0.244141,-1.342773,-1.953125,standing_seg1
1458307,0.316895,-0.941772,-0.119629,0.061035,-1.464844,-1.708985,standing_seg1
1458324,0.309937,-0.936768,-0.119507,-0.244141,-1.64795,-0.976563,standing_seg1
1458340,0.306763,-0.936279,-0.120483,-0.366211,-0.915528,-0.732422,standing_seg1
1458357,0.313965,-0.930054,-0.115967,-0.610352,-0.305176,-0.183106,standing_seg1
1458374,0.310791,-0.927246,-0.115356,-0.427246,-0.12207,0.183106,standing_seg1
1458390,0.31665,-0.93042,-0.115479,-0.061035,-0.12207,0.610352,standing_seg1
1458407,0.32251,-0.940674,-0.112427,0.061035,-0.610352,0.915528,standing_seg1
1458424,0.320557,-0.943848,-0.111084,0.0,-0.610352,1.098633,standing_seg1
1458440,0.313354,-0.949585,-0.108765,0.061035,0.305176,1.281738,standing_seg1
1458457,0.32251,-0.953247,-0.109009,-0.061035,0.976563,1.342773,standing_seg1
1458474,0.32605,-0.948975,-0.107544,0.12207,0.366211,1.831055,standing_seg1
1458491,0.319336,-0.942749,-0.106934,0.12207,0.12207,2.075195,standing_seg1
1458507,0.312866,-0.932861,-0.109619,0.854492,0.305176,2.624512,standing_seg1
1458524,0.317017,-0.930908,-0.112183,1.403809,0.12207,3.234864,standing_seg1
1458541,0.319336,-0.930298,-0.113892,1.64795,-0.12207,3.601075,standing_seg1
1458557,0.32605,-0.92981,-0.11731,2.13623,-0.854492,4.089355,standing_seg1
1458574,0.32959,-0.934814,-0.119873,2.685547,-0.976563,3.784181,standing_seg1
1458591,0.33374,-0.938843,-0.123413,2.746582,-0.915528,3.66211,standing_seg1
1458607,0.335449,-0.945068,-0.12915,2.563477,-0.915528,3.112794,standing_seg1
1458624,0.336304,-0.949951,-0.131836,2.319336,-0.061035,2.380371,standing_seg1
1458641,0.337769,-0.950317,-0.135742,2.441406,-0.549316,0.915528,standing_seg1
1458657,0.334717,-0.951904,-0.13623,1.953125,-1.159668,0.671387,standing_seg1
1458674,0.325928,-0.94397,-0.137207,0.854492,-1.64795,0.0,standing_seg1
1458691,0.325439,-0.940186,-0.136841,0.061035,-0.671387,-0.488281,standing_seg1
1458707,0.321045,-0.938354,-0.136719,-0.061035,-0.061035,-0.671387,standing_seg1
1458724,0.314697,-0.941162,-0.136963,-0.183106,0.549316,-0.915528,standing_seg1
1458741,0.316162,-0.950195,-0.133667,-0.305176,-0.061035,-1.037598,standing_seg1
1458757,0.310059,-0.951538,-0.130371,-1.098633,-0.305176,-1.159668,standing_seg1
1458774,0.308594,-0.947144,-0.129639,-1.464844,0.183106,-1.159668,standing_seg1
1458791,0.304443,-0.936768,-0.127197,-1.403809,0.976563,-0.732422,standing_seg1
1458807,0.310425,-0.941528,-0.126221,-1.159668,1.037598,-0.305176,standing_seg1
1458824,0.316895,-0.944824,-0.126587,-1.159668,0.549316,0.0,standing_seg1
1458841,0.317505,-0.946899,-0.128052,-1.159668,-0.976563,0.610352,standing_seg1
1458857,0.30835,-0.942993,-0.127686,-1.159668,-0.732422,0.549316,standing_seg1
1458874,0.318481,-0.938965,-0.130371,-0.976563,-0.610352,0.366211,standing_seg1
1458891,0.320679,-0.937622,-0.130981,-1.159668,-0.915528,0.366211,standing_seg1
1458907,0.323364,-0.930176,-0.131348,-1.708985,-1.77002,0.244141,standing_seg1
1458924,0.317871,-0.922363,-0.129028,-1.586915,-2.075195,0.610352,standing_seg1
1458941,0.314209,-0.922119,-0.128662,-1.586915,-2.01416,0.854492,standing_seg1
1458957,0.310181,-0.923096,-0.126709,-1.77002,-0.976563,1.342773,standing_seg1
1458974,0.320557,-0.922363,-0.125244,-1.64795,-0.061035,1.586915,standing_seg1
1458991,0.325562,-0.924561,-0.119995,-1.464844,0.366211,1.77002,standing_seg1
1459007,0.328125,-0.929443,-0.117554,-1.403809,0.610352,1.586915,standing_seg1
1459024,0.335815,-0.940552,-0.118408,-1.64795,0.732422,1.037598,standing_seg1
1459041,0.338013,-0.938843,-0.117554,-1.953125,1.220703,0.183106,standing_seg1
1459058,0.334229,-0.934937,-0.11792,-1.89209,1.464844,-0.305176,standing_seg1
1459074,0.323853,-0.932007,-0.123291,-1.64795,2.441406,-0.915528,standing_seg1
1459091,0.331909,-0.927124,-0.122192,-1.464844,2.929688,-1.464844,standing_seg1
1459108,0.333862,-0.928955,-0.119751,-1.159668,2.685547,-1.403809,standing_seg1
