timestamp_ms,ax,ay,az,gx,gy,gz,activity
3559982,0.670776,-1.132813,-0.281738,-10.498047,-39.611816,-6.835939,walking
3559998,0.583496,-0.888916,-0.21228,-28.32032,-30.700691,-19.40918,walking
3560015,0.590088,-0.727173,-0.231934,-17.089844,-28.625496,-42.724609,walking
3560032,0.581543,-0.832275,-0.265869,5.187988,-36.315918,-61.035172,walking
3560048,0.576416,-0.942017,-0.268066,11.474613,-41.625977,-64.208984,walking
3560065,0.562744,-1.08667,-0.224976,6.469728,-56.762711,-60.363785,walking
3560082,0.532593,-1.126953,-0.138916,-4.272461,-69.030762,-53.344742,walking
3560098,0.51062,-1.122681,-0.099731,-10.192871,-71.350098,-52.49025,walking
3560115,0.439087,-1.066284,-0.047241,-18.554688,-68.054199,-59.509293,walking
3560132,0.356445,-0.991211,-0.025269,-25.756844,-48.645035,-68.847656,walking
3560148,0.371338,-0.934082,-0.005127,-33.325195,-29.785164,-73.669434,walking
3560165,0.379272,-0.905029,-0.004639,-36.499023,-24.16993,-74.34082,walking
3560182,0.365845,-0.855591,-0.023315,-39.489746,-15.319828,-73.791504,walking
3560199,0.371216,-0.851685,-0.033569,-35.461426,-12.390141,-73.364258,walking
3560215,0.372559,-0.866943,-0.031006,-34.240723,-13.732914,-73.120117,walking
3560232,0.357056,-0.862427,-0.027588,-33.691406,-18.127441,-72.387695,walking
3560249,0.321777,-0.811768,-0.021118,-30.09034,-19.65332,-71.960449,walking
3560265,0.300049,-0.770752,-0.016846,-24.902351,-17.822266,-69.885254,walking
3560282,0.298096,-0.750732,-0.023315,-22.39991,-16.723633,-68.29834,walking
3560299,0.299072,-0.71228,-0.047241,-15.686039,-17.76123,-65.368652,walking
3560315,0.28894,-0.693481,-0.059448,-10.131836,-23.010262,-59.265152,walking
3560332,0.278564,-0.690308,-0.057495,-7.446291,-26.123055,-55.603043,walking
3560349,0.246582,-0.713623,-0.058838,-2.258301,-29.479988,-45.166031,walking
3560365,0.226929,-0.762207,-0.091064,4.394531,-30.517586,-34.545898,walking
3560382,0.205566,-0.778564,-0.13501,12.512211,-29.724129,-25.329597,walking
3560399,0.195801,-0.78125,-0.149048,16.967773,-27.709969,-20.202637,walking
3560415,0.189209,-0.817627,-0.153931,23.925789,-21.66748,-5.126953,walking
3560432,0.189453,-0.878296,-0.150757,28.015144,-13.000492,13.732914,walking
3560449,0.188721,-0.908936,-0.144287,30.09034,-6.408693,22.644051,walking
3560465,0.2052,-0.961914,-0.148193,32.958984,9.82666,38.879395,walking
3560482,0.250122,-1.029541,-0.156738,37.04834,23.620613,57.373062,walking
3560499,0.308105,-1.073975,-0.205322,41.19873,31.250008,74.279785,walking
3560515,0.349487,-1.143555,-0.240479,41.503906,31.98243,81.90918,walking
3560532,0.414551,-1.104614,-0.298828,35.766602,28.686531,92.163116,walking
3560549,0.475464,-0.952026,-0.361938,30.944832,18.249512,96.069366,walking
3560565,0.491699,-0.898315,-0.378784,30.761726,10.559082,97.717316,walking
3560582,0.443604,-0.851929,-0.378784,29.602058,4.02832,93.872101,walking
3560599,0.436157,-0.872925,-0.345703,36.987305,0.610352,76.782227,walking
3560615,0.449951,-0.937012,-0.327026,39.367676,-2.197266,69.580078,walking
3560632,0.450439,-1.079712,-0.310181,34.118652,-7.934572,62.194839,walking
3560649,0.407593,-1.114502,-0.307495,22.155769,-7.141115,58.105484,walking
3560665,0.358765,-1.063599,-0.29895,9.94873,3.295899,58.53273,walking
3560682,0.325562,-1.018066,-0.290771,3.112794,14.587406,57.617203,walking
3560699,0.311523,-0.923462,-0.245728,-11.901859,42.96875,54.138199,walking
3560715,0.341797,-0.813721,-0.219482,-26.611336,66.589355,47.058121,walking
3560732,0.344849,-0.756592,-0.224487,-30.395515,78.186035,42.175293,walking
3560749,0.396484,-0.693481,-0.254028,-27.954109,93.750031,31.98243,walking
3560765,0.490845,-0.729614,-0.305176,-20.874023,90.087921,23.681648,walking
3560782,0.519775,-0.757446,-0.320435,-17.700195,71.655273,19.897461,walking
3560799,0.508423,-0.753174,-0.318604,-17.51709,61.584488,20.324707,walking
3560816,0.473389,-0.730591,-0.313477,-18.676758,50.170914,24.719246,walking
3560832,0.457642,-0.694092,-0.335083,-17.211914,45.898453,24.53614,walking
3560849,0.457275,-0.680054,-0.351074,-15.014652,44.982925,22.338875,walking
3560866,0.452759,-0.675171,-0.348145,-11.169437,43.640137,17.211914,walking
3560882,0.47229,-0.670044,-0.349365,-10.131836,43.151855,13.671879,walking
3560899,0.502075,-0.685669,-0.363037,-6.164553,42.907715,10.803223,walking
3560916,0.519653,-0.705688,-0.371094,-3.784181,41.320801,9.094238,walking
3560932,0.558228,-0.755981,-0.401855,0.854492,33.02002,5.737307,walking
3560949,0.582886,-0.803223,-0.427856,5.981447,20.324707,3.173829,walking
3560966,0.586304,-0.822632,-0.42981,8.361816,14.465336,1.342773,walking
3560982,0.584229,-0.878296,-0.406494,3.845216,6.469728,4.516602,walking
3560999,0.564453,-0.870605,-0.389893,0.549316,2.807618,3.173829,walking
3561016,0.591797,-0.926392,-0.391357,5.737307,0.671387,2.01416,walking
3561032,0.604248,-0.98877,-0.384399,6.347658,1.220703,5.249023,walking
3561049,0.632568,-1.10437,-0.391724,4.882813,5.371094,14.03809,walking
3561066,0.728882,-1.174072,-0.445313,20.812988,-9.58252,5.554201,walking
3561082,0.774536,-1.258789,-0.441162,31.127937,-23.864754,1.831055,walking
3561099,0.731323,-1.463135,-0.333252,21.057129,-46.142593,7.873537,walking
3561116,0.567627,-1.276978,-0.235229,-11.962894,-44.189453,4.516602,walking
3561132,0.533081,-1.135254,-0.209473,-24.292,-37.109375,-5.126953,walking
3561149,0.52063,-0.96814,-0.18811,-25.207527,-32.409668,-12.451176,walking
3561166,0.538818,-0.918335,-0.249268,-9.399414,-29.357918,-33.325195,walking
3561182,0.566895,-1.109375,-0.279175,7.751467,-34.973145,-41.320801,walking
3561199,0.555298,-1.205933,-0.267212,6.896975,-39.306641,-40.466309,walking
3561216,0.520996,-1.236816,-0.202026,-5.004883,-52.307144,-40.710449,walking
3561232,0.473022,-1.148804,-0.119629,-18.798828,-57.373062,-40.344238,walking
3561249,0.448364,-1.08313,-0.087891,-25.207527,-58.471695,-42.907715,walking
3561266,0.355103,-0.931396,-0.067871,-34.362793,-48.889175,-51.269547,walking
3561282,0.313599,-0.817749,-0.086548,-35.095215,-27.893074,-61.035172,walking
3561299,0.348145,-0.780518,-0.096558,-34.484863,-16.601563,-64.575195,walking
3561316,0.329956,-0.766113,-0.104858,-34.301758,-12.207035,-65.734863,walking
3561332,0.30481,-0.750488,-0.105347,-31.494148,-4.333496,-67.077637,walking
3561349,0.327393,-0.760132,-0.091064,-29.724129,-2.01416,-67.199707,walking
3561366,0.335205,-0.765015,-0.086182,-28.686531,-3.479005,-66.711426,walking
3561383,0.328369,-0.765503,-0.070679,-26.489265,-8.483887,-65.734863,walking
3561399,0.301392,-0.738037,-0.067505,-23.254402,-11.657719,-64.880371,walking
3561416,0.28894,-0.718018,-0.078613,-18.737793,-13.305668,-61.950699,walking
3561433,0.286621,-0.714233,-0.084717,-16.967773,-14.709476,-59.265152,walking
3561449,0.276123,-0.708252,-0.091919,-14.465336,-18.310547,-53.100601,walking
3561466,0.256226,-0.723267,-0.083374,-11.108402,-20.141602,-45.837418,walking
3561483,0.247925,-0.745483,-0.078125,-9.094238,-19.836426,-41.625977,walking
3561499,0.23584,-0.803345,-0.082397,-5.737307,-15.258793,-32.226563,walking
3561516,0.234619,-0.839966,-0.108276,-0.488281,-8.300781,-23.803719,walking
3561533,0.246094,-0.875,-0.131592,6.042482,-2.502441,-13.427738,walking
3561549,0.25354,-0.890503,-0.143799,8.605957,-0.671387,-7.263186,walking
3561566,0.265259,-0.929688,-0.162354,13.488773,2.197266,7.08008,walking
3561583,0.284302,-0.97583,-0.202881,18.310547,5.004883,19.53125,walking
3561599,0.292114,-0.98584,-0.21875,19.897461,5.676271,24.597176,walking
3561616,0.291138,-0.98584,-0.240723,22.888191,8.422852,35.095215,walking
3561633,0.298828,-1.017334,-0.264282,30.517586,13.610844,42.907715,walking
3561649,0.348755,-1.088623,-0.297852,35.827637,17.211914,51.879898,walking
3561666,0.373169,-1.116821,-0.310059,35.03418,17.39502,57.434097,walking
3561683,0.391724,-1.062134,-0.328857,27.343758,15.136723,63.720718,walking
3561699,0.400757,-0.912476,-0.348145,22.338875,9.277344,65.185547,walking
3561716,0.41272,-0.856201,-0.353027,20.812988,5.126953,66.223145,walking
3561733,0.407471,-0.779175,-0.356201,23.742683,-1.708985,61.218277,walking
3561749,0.428833,-0.813721,-0.340454,34.179688,-9.277344,51.940933,walking
3561766,0.43396,-0.885254,-0.33606,38.452148,-29.907234,45.471207,walking
3561783,0.404175,-1.030396,-0.329346,37.841797,-21.911621,43.09082,walking
3561799,0.361328,-1.076538,-0.314453,29.541023,-22.644051,41.259766,walking
3561816,0.324585,-1.030762,-0.296631,20.812988,-15.563969,40.283203,walking
3561833,0.307861,-0.993896,-0.283325,16.601563,-8.728027,39.611816,walking
3561849,0.289917,-0.915405,-0.256226,6.95801,12.146,34.606934,walking
3561866,0.32373,-0.845337,-0.242432,-0.671387,31.616219,28.930672,walking
3561883,0.333984,-0.826172,-0.237427,-4.699707,38.696289,27.893074,walking
3561899,0.325317,-0.774292,-0.253784,-9.887695,51.330582,23.193367,walking
3561916,0.358521,-0.75415,-0.271362,-6.530764,55.725113,16.784668,walking
3561933,0.417603,-0.771973,-0.298218,-3.601075,48.278824,14.03809,walking
3561949,0.431274,-0.773926,-0.311523,-2.685547,41.992188,13.916019,walking
3561966,0.430298,-0.765137,-0.326416,-2.01416,30.09034,17.333984,walking
3561983,0.395996,-0.739014,-0.331787,-2.075195,23.132332,21.911621,walking
3562000,0.384155,-0.721802,-0.331177,-1.586915,21.911621,22.52198,walking
3562016,0.388672,-0.697144,-0.339478,0.244141,21.850586,22.52198,walking
3562033,0.4021,-0.711304,-0.356201,2.990724,23.071297,24.41407,walking
3562050,0.429443,-0.735107,-0.373047,4.02832,22.644051,26.611336,walking
3562066,0.447144,-0.744995,-0.388184,4.638672,21.30127,27.465828,walking
3562083,0.472656,-0.757568,-0.425659,6.286623,16.357422,28.808601,walking
3562100,0.481323,-0.781738,-0.458984,8.117676,12.26807,28.930672,walking
3562116,0.493896,-0.800293,-0.470459,9.033203,10.498047,28.32032,walking
3562133,0.528198,-0.850342,-0.482666,10.681152,5.310059,24.841316,walking
3562150,0.559814,-0.903687,-0.47644,9.82666,0.488281,20.202637,walking
3562166,0.574341,-0.944458,-0.459839,2.502441,-7.568361,19.775391,walking
3562183,0.541382,-0.937622,-0.461304,0.549316,-9.338379,16.845703,walking
3562200,0.522095,-0.97876,-0.452637,0.12207,-6.896975,12.02393,walking
3562216,0.521118,-1.033325,-0.421509,-5.554201,-1.281738,8.483887,walking
3562233,0.525146,-1.031494,-0.416504,-4.760742,-0.244141,3.051759,walking
3562250,0.579834,-1.106079,-0.42395,7.141115,-3.601075,-7.873537,walking
3562266,0.638306,-1.300659,-0.40271,10.192871,-12.573246,-7.995607,walking
3562283,0.625854,-1.372437,-0.351318,-5.249023,-22.338875,-3.601075,walking
3562300,0.558594,-1.322876,-0.30835,-17.63916,-19.897461,-1.953125,walking
3562316,0.446777,-1.084229,-0.234253,-33.447266,-7.568361,-13.000492,walking
3562333,0.476074,-0.937622,-0.194092,-31.005867,-0.12207,-32.653809,walking
3562350,0.497925,-0.923096,-0.192505,-28.137215,0.671387,-39.978027,walking
3562366,0.533936,-0.957275,-0.226929,-20.446777,-3.723145,-48.034683,walking
3562383,0.530884,-1.057495,-0.252075,-13.916019,-15.991215,-47.424332,walking
3562400,0.518921,-1.096558,-0.248291,-11.596684,-23.742683,-48.400894,walking
3562416,0.499756,-1.122192,-0.202881,-8.605957,-40.466309,-54.74855,walking
3562433,0.470215,-1.097412,-0.148071,-10.253906,-56.579605,-60.913101,walking
3562450,0.404419,-1.021118,-0.106689,-17.028809,-61.157242,-62.255875,walking
3562466,0.374146,-0.974121,-0.095581,-19.958496,-58.349625,-62.377945,walking
3562483,0.329346,-0.897949,-0.091064,-23.132332,-47.546402,-63.598648,walking
3562500,0.316406,-0.845337,-0.100342,-24.353035,-36.071777,-65.917969,walking
3562516,0.315796,-0.823608,-0.10791,-24.658211,-31.433113,-66.40625,walking
3562533,0.310791,-0.789795,-0.124512,-24.292,-25.817879,-66.955566,walking
3562550,0.308472,-0.775757,-0.120361,-23.925789,-24.475105,-65.124512,walking
3562567,0.300171,-0.772095,-0.115112,-23.193367,-25.146492,-62.133804,walking
3562583,0.293701,-0.775391,-0.107666,-22.27784,-25.512703,-60.485855,walking
3562600,0.270508,-0.773193,-0.103027,-21.057129,-25.573738,-56.762711,walking
3562617,0.242798,-0.748901,-0.099731,-20.080566,-22.52198,-53.588882,walking
3562633,0.229736,-0.72876,-0.102417,-19.53125,-19.897461,-51.696793,walking
3562650,0.209839,-0.69751,-0.114502,-17.272949,-12.512211,-47.729507,walking
3562667,0.208496,-0.697144,-0.114136,-12.512211,-4.882813,-42.114258,walking
3562683,0.210938,-0.72998,-0.116211,-7.690432,1.281738,-35.15625,walking
3562700,0.214844,-0.744019,-0.130127,-4.821777,4.211426,-31.250008,walking
3562717,0.228638,-0.785889,-0.156738,4.089355,8.239746,-22.949226,walking
3562733,0.247559,-0.835083,-0.171265,9.094238,8.728027,-11.169437,walking
3562750,0.253906,-0.845093,-0.179688,10.620117,8.544922,-4.02832,walking
3562767,0.263916,-0.866821,-0.204834,16.357422,9.155273,10.620117,walking
3562783,0.277466,-0.907593,-0.238159,23.071297,10.681152,23.498543,walking
3562800,0.292358,-0.961426,-0.278687,31.98243,11.840824,35.461426,walking
3562817,0.298828,-1.004639,-0.29126,36.376953,11.169437,41.320801,walking
3562833,0.326172,-1.137085,-0.320557,46.93605,9.094238,52.978531,walking
3562850,0.390747,-1.296387,-0.363281,51.452652,4.150391,66.467285,walking
3562867,0.40918,-1.326416,-0.383179,46.81398,0.427246,72.753906,walking
3562883,0.388306,-1.166504,-0.413696,30.09034,-4.882813,78.796387,walking
3562900,0.351074,-0.910522,-0.41626,16.479492,-5.737307,78.063965,walking
3562917,0.323975,-0.699829,-0.413818,8.361816,-0.610352,71.655273,walking
3562933,0.319336,-0.638916,-0.401733,10.498047,3.723145,65.429688,walking
3562950,0.342896,-0.673584,-0.348755,18.188477,9.58252,50.659195,walking
3562967,0.360596,-0.801514,-0.313843,20.446777,7.019045,35.949707,walking
3562983,0.36438,-0.853271,-0.31897,18.737793,4.577637,32.592773,walking
3563000,0.34668,-0.928345,-0.331665,14.709476,0.244141,32.104492,walking
3563017,0.315674,-0.959106,-0.312988,9.643555,0.915528,34.606934,walking
3563033,0.30188,-0.958252,-0.292236,6.347658,4.516602,36.804199,walking
3563050,0.270508,-0.916992,-0.248535,-0.915528,21.66748,40.222168,walking
3563067,0.276611,-0.859741,-0.217163,-5.798342,42.84668,39.367676,walking
3563083,0.309448,-0.834106,-0.197632,-9.887695,59.692398,37.04834,walking
3563100,0.322632,-0.830933,-0.197021,-11.901859,67.626953,36.743164,walking
3563117,0.36499,-0.806396,-0.21582,-13.549809,77.148438,33.508301,walking
3563133,0.434814,-0.779907,-0.257202,-9.216309,71.289063,28.32032,walking
3563150,0.456543,-0.774048,-0.275391,-5.615236,63.720718,27.221687,walking
3563167,0.458862,-0.781616,-0.32666,-1.342773,48.584,28.869637,walking
3563184,0.42334,-0.751343,-0.350342,0.976563,36.92627,28.137215,walking
3563200,0.387817,-0.702881,-0.341797,6.286623,28.625496,23.254402,walking
3563217,0.38208,-0.690796,-0.33667,8.911133,26.123055,20.690918,walking
3563234,0.374512,-0.692627,-0.343018,12.207035,25.085457,17.089844,walking
3563250,0.378052,-0.695923,-0.364746,13.000492,28.503426,16.723633,walking
3563267,0.391235,-0.698853,-0.371704,13.732914,29.418953,16.479492,walking
3563284,0.425903,-0.722656,-0.38916,16.357422,26.794441,16.174316,walking
3563300,0.454224,-0.775757,-0.426392,21.057129,19.40918,16.113281,walking
3563317,0.47522,-0.854248,-0.4646,26.733406,10.437012,16.601563,walking
3563334,0.481567,-0.896973,-0.471558,28.32032,7.08008,17.150879,walking
3563350,0.513184,-0.973877,-0.471558,26.000984,1.525879,22.155769,walking
3563367,0.542358,-1.041504,-0.464111,23.071297,-6.347658,26.977547,walking
3563384,0.547119,-1.063843,-0.458862,21.911621,-9.460449,27.954109,walking
3563400,0.592163,-1.164551,-0.450562,22.705086,-10.559082,38.085938,walking
3563417,0.644409,-1.363037,-0.497681,23.559578,-9.033203,42.297363,walking
3563434,0.760986,-1.498413,-0.509155,33.691406,-29.479988,25.512703,walking
3563450,0.754517,-1.59082,-0.453247,31.005867,-44.494644,20.751953,walking
3563467,0.497803,-1.498047,-0.261963,-10.131836,-44.860855,14.892582,walking
3563484,0.367798,-1.107666,-0.214966,-40.039063,-18.005371,-3.234864,walking
3563500,0.407593,-0.942261,-0.230713,-43.457031,-9.033203,-16.418457,walking
3563517,0.46814,-0.753784,-0.294556,-27.526863,-4.333496,-45.959488,walking
3563534,0.467529,-0.849121,-0.344604,1.281738,-9.94873,-73.364258,walking
3563550,0.476196,-0.97998,-0.3125,9.155273,-19.836426,-79.956055,walking
3563567,0.499146,-1.158813,-0.282715,4.699707,-28.015144,-78.125,walking
3563584,0.487549,-1.135254,-0.213501,-1.89209,-45.471207,-76.049805,walking
3563600,0.5,-1.072021,-0.131836,-8.483887,-65.490723,-70.556641,walking
3563617,0.501831,-1.027832,-0.099854,-15.319828,-78.491211,-66.101074,walking
3563634,0.364746,-0.881836,-0.081055,-29.296883,-90.698273,-57.983414,walking
3563650,0.239136,-0.751587,-0.103149,-33.081055,-77.575684,-55.053726,walking
3563667,0.21521,-0.735596,-0.108154,-32.531738,-65.856934,-54.74855,walking
3563684,0.217407,-0.746826,-0.112671,-32.958984,-42.358398,-56.3965,walking
3563700,0.236938,-0.767212,-0.098633,-33.996582,-24.597176,-57.861343,walking
3563717,0.262329,-0.796753,-0.074219,-35.949707,-13.793949,-55.664078,walking
3563734,0.27771,-0.811646,-0.063965,-36.682129,-11.108402,-53.955093,walking
3563750,0.297974,-0.828247,-0.05896,-37.353516,-8.789063,-50.659195,walking
3563767,0.305786,-0.831055,-0.064209,-37.04834,-8.850098,-45.227066,walking
3563784,0.295654,-0.827881,-0.066772,-38.330078,-9.338379,-41.442871,walking
3563801,0.262207,-0.796387,-0.076782,-38.94043,-8.972168,-36.804199,walking
3563817,0.242554,-0.763794,-0.079346,-35.949707,-5.432129,-35.888672,walking
3563834,0.242065,-0.768555,-0.080811,-32.287598,0.183106,-33.325195,walking
3563851,0.242798,-0.784546,-0.082397,-30.700691,3.112794,-31.738289,walking
3563867,0.246094,-0.825195,-0.106812,-23.803719,9.155273,-29.907234,walking
3563884,0.25708,-0.888184,-0.135498,-13.244633,11.779789,-30.822762,walking
3563901,0.260986,-0.921265,-0.13916,-9.460449,11.901859,-29.479988,walking
3563917,0.269287,-0.973511,-0.143677,-2.01416,10.864258,-22.949226,walking
3563934,0.267456,-1.03125,-0.156982,7.08008,10.375977,-14.526371,walking
3563951,0.255981,-1.107056,-0.156494,16.113281,12.329105,-3.051759,walking
3563967,0.255859,-1.1521,-0.153198,22.033691,14.221195,3.66211,walking
3563984,0.277222,-1.281982,-0.171997,34.057617,20.568848,19.165039,walking
3564001,0.312378,-1.31958,-0.24707,31.372078,27.771004,34.301758,walking
3564017,0.316406,-1.219116,-0.315674,23.559578,30.517586,39.733887,walking
3564034,0.305298,-0.869995,-0.446289,13.244633,30.151375,42.480469,walking
3564051,0.343506,-0.606079,-0.476807,13.244633,24.292,45.043961,walking
3564067,0.369141,-0.530029,-0.443481,28.015144,12.695316,39.733887,walking
3564084,0.392822,-0.595703,-0.405884,37.475586,4.150391,33.813477,walking
3564101,0.413452,-0.835693,-0.344482,43.884277,-17.150879,28.015144,walking
3564117,0.364502,-1.013672,-0.321533,33.630371,-30.395515,29.418953,walking
3564134,0.328735,-1.051025,-0.311646,25.817879,-33.508301,31.555183,walking
3564151,0.25,-1.040649,-0.301514,10.986328,-30.822762,39.001465,walking
3564167,0.162598,-0.970825,-0.278809,-1.89209,-6.103518,48.217789,walking
3564184,0.15271,-0.918579,-0.271729,-8.972168,28.930672,45.959488,walking
3564201,0.182251,-0.839722,-0.254395,-11.413578,46.264664,43.823242,walking
3564217,0.231934,-0.806519,-0.228516,-17.944336,77.941895,40.771484,walking
3564234,0.314697,-0.761475,-0.221558,-22.888191,95.825226,35.27832,walking
3564251,0.364624,-0.738525,-0.229492,-22.27784,96.557648,31.921394,walking
3564267,0.444336,-0.717163,-0.260132,-17.51709,84.16748,27.771004,walking
3564284,0.485962,-0.699219,-0.300537,-11.291508,60.363785,29.418953,walking
3564301,0.484009,-0.690918,-0.315308,-8.300781,47.973648,32.043457,walking
3564317,0.461304,-0.682129,-0.344604,-2.075195,26.000984,37.414551,walking
3564334,0.418701,-0.677979,-0.357544,4.089355,11.047363,40.039063,walking
3564351,0.396729,-0.672241,-0.368896,8.728027,5.187988,41.381836,walking
3564368,0.392212,-0.668091,-0.377686,10.803223,4.943848,42.053223,walking
3564384,0.403687,-0.673584,-0.388062,14.526371,7.019045,42.907715,walking
3564401,0.446777,-0.696777,-0.399902,17.089844,7.934572,43.273926,walking
3564418,0.466431,-0.713989,-0.411133,18.188477,6.286623,43.457031,walking
3564434,0.5,-0.769287,-0.432007,20.080566,-0.12207,43.518066,walking
3564451,0.509155,-0.830811,-0.437744,20.080566,-6.164553,41.07666,walking
3564468,0.51062,-0.880493,-0.42688,15.014652,-3.845216,38.452148,walking
3564484,0.524292,-0.899292,-0.417847,13.122562,-3.479005,36.560059,walking
3564501,0.539795,-0.974365,-0.403198,12.146,-1.64795,34.973145,walking
3564518,0.570923,-1.074951,-0.393066,12.390141,1.037598,35.583496,walking
3564534,0.593628,-1.157593,-0.398438,12.26807,4.821777,40.100098,walking
3564551,0.647461,-1.332031,-0.440674,14.892582,5.676271,38.757324,walking
3564568,0.739746,-1.501343,-0.456299,23.010262,-10.620117,25.939949,walking
3564584,0.644897,-1.593262,-0.341309,5.371094,-19.714355,17.028809,walking
3564601,0.540894,-1.465088,-0.27124,-14.343266,-13.122562,11.840824,walking
3564618,0.470093,-1.067261,-0.230347,-35.644531,6.103518,-3.723145,walking
3564634,0.502075,-0.778931,-0.261719,-31.555183,12.329105,-27.648933,walking
3564651,0.514526,-0.708008,-0.296509,-19.226074,10.131836,-42.724609,walking
3564668,0.543701,-0.796021,-0.356201,10.131836,-4.089355,-67.626953,walking
3564684,0.552856,-1.030029,-0.333984,22.155769,-24.53614,-74.768066,walking
3564701,0.564087,-1.134888,-0.269653,16.174316,-53.039566,-70.800781,walking
3564718,0.560059,-1.142578,-0.234009,12.756351,-67.871094,-68.359375,walking
3564734,0.495728,-1.111084,-0.163818,3.234864,-89.416534,-63.293472,walking
3564751,0.394165,-1.033447,-0.108154,-10.864258,-94.604523,-57.128922,walking
3564768,0.336304,-0.975952,-0.096191,-18.005371,-90.515167,-56.51857,walking
3564784,0.245605,-0.869263,-0.108154,-26.672371,-71.411133,-58.166519,walking
3564801,0.197632,-0.820068,-0.122192,-31.127937,-42.175293,-61.645523,walking
3564818,0.202271,-0.812256,-0.120728,-32.653809,-11.657719,-63.964859,walking
3564834,0.237305,-0.818359,-0.112183,-34.912109,-4.455566,-65.185547,walking
3564851,0.27124,-0.838867,-0.096436,-36.804199,7.324221,-67.382813,walking
3564868,0.303467,-0.819458,-0.084473,-37.658691,8.911133,-69.030762,walking
3564884,0.308228,-0.80603,-0.079346,-36.193848,7.20215,-69.335938,walking
3564901,0.29541,-0.789063,-0.079224,-33.569336,4.516602,-68.054199,walking
3564918,0.282959,-0.755493,-0.091431,-29.846199,2.13623,-65.612793,walking
3564934,0.279907,-0.741455,-0.097656,-27.893074,0.488281,-63.598648,walking
3564951,0.266602,-0.729858,-0.095581,-24.41407,-4.272461,-57.006851,walking
3564985,0.219971,-0.743408,-0.116455,-15.075687,-6.591799,-39.306641,walking
3565001,0.216187,-0.783203,-0.130249,-9.765625,-6.286623,-34.240723,walking
3565018,0.211304,-0.86853,-0.14563,-0.732422,-7.751467,-24.108894,walking
3565035,0.215698,-0.939697,-0.166748,9.155273,-10.192871,-11.108402,walking
3565051,0.216187,-0.989502,-0.170776,13.732914,-10.742188,-2.807618,walking
3565068,0.201538,-1.08374,-0.173096,19.40918,-9.338379,14.465336,walking
3565085,0.177124,-1.148682,-0.166382,28.381355,-3.173829,31.250008,walking
3565101,0.221069,-1.334106,-0.189941,45.593277,8.544922,48.217789,walking
3565118,0.253174,-1.447876,-0.219849,49.499527,14.648441,56.152359,walking
3565135,0.287354,-1.443848,-0.31958,35.644531,24.963387,66.52832,walking
3565151,0.271362,-1.055176,-0.405029,15.441898,28.747566,68.359375,walking
3565168,0.277344,-0.858521,-0.432495,10.803223,27.099617,65.917969,walking
3565185,0.319702,-0.59436,-0.462769,12.939457,19.714355,60.241714,walking
3565201,0.349121,-0.586792,-0.394531,26.550301,8.850098,49.194351,walking
3565218,0.344727,-0.75354,-0.309448,30.33448,-6.774904,36.193848,walking
3565235,0.330566,-0.838623,-0.290649,27.221687,-11.962894,33.935547,walking
3565251,0.278564,-0.965454,-0.271362,15.563969,-12.878422,34.301758,walking
3565268,0.237793,-1.018677,-0.251953,3.41797,-6.164553,38.391113,walking
3565285,0.214966,-1.025269,-0.236572,-2.01416,1.098633,42.236328,walking
3565301,0.171387,-0.994263,-0.220337,-12.207035,28.869637,47.119156,walking
3565318,0.212158,-0.909302,-0.188965,-19.287109,62.194839,43.457031,walking
3565335,0.256714,-0.827515,-0.16394,-21.789551,88.867218,38.146973,walking
3565351,0.281372,-0.811401,-0.15918,-22.094727,99.30423,35.949707,walking
3565368,0.361694,-0.798096,-0.17688,-22.949226,108.215363,31.677254,walking
3565385,0.45105,-0.773926,-0.216797,-18.554688,96.862823,28.015144,walking
3565401,0.482666,-0.758423,-0.239014,-14.892582,85.083008,27.343758,walking
3565418,0.518066,-0.746338,-0.278687,-7.019045,57.373062,31.372078,walking
3565435,0.491821,-0.737427,-0.324951,-1.220703,35.461426,39.123535,walking
3565451,0.468018,-0.718018,-0.342041,1.586915,27.526863,40.161133,walking
3565468,0.429565,-0.674927,-0.367798,8.666992,16.235352,38.818359,walking
3565485,0.402954,-0.663086,-0.375366,13.671879,10.620117,34.606934,walking
3565501,0.400879,-0.66333,-0.372681,16.662598,10.375977,30.395515,walking
3565518,0.406006,-0.674683,-0.367065,16.845703,11.169437,28.381355,walking
3565535,0.435547,-0.712769,-0.37561,17.272949,14.770512,26.123055,walking
3565551,0.477173,-0.797607,-0.421997,17.822266,15.441898,24.047859,walking
3565568,0.485474,-0.844604,-0.435791,16.662598,15.075687,22.888191,walking
3565585,0.486572,-0.880981,-0.433594,11.779789,15.014652,20.446777,walking
3565602,0.494019,-0.902466,-0.404541,7.995607,20.263672,18.981934,walking
3565618,0.549805,-0.957886,-0.400146,8.178711,23.010262,17.63916,walking
3565635,0.572998,-1.012085,-0.408447,10.681152,23.742683,16.540527,walking
3565652,0.636719,-1.146118,-0.413208,14.03809,19.897461,16.479492,walking
3565668,0.710938,-1.331055,-0.44043,17.822266,12.695316,28.808601,walking
3565685,0.746094,-1.439331,-0.479614,19.958496,6.896975,31.921394,walking
3565702,0.83606,-1.60376,-0.474976,26.489265,-21.484375,25.390633,walking
3565718,0.700317,-1.525513,-0.319092,-0.183106,-44.79982,16.540527,walking
3565785,0.529297,-0.747803,-0.332642,4.211426,-30.33448,-49.987808,walking
3565802,0.537598,-0.873413,-0.341919,11.657719,-38.146973,-58.349625,walking
3565818,0.552734,-1.07666,-0.324585,16.479492,-54.443375,-59.631363,walking
3565835,0.549561,-1.214233,-0.238403,8.850098,-75.683594,-52.124039,walking
3565852,0.499512,-1.258057,-0.121094,-7.812502,-87.219238,-45.959488,walking
3565868,0.453979,-1.215698,-0.071655,-19.836426,-88.989288,-44.067383,walking
3565885,0.303223,-1.020996,-0.032837,-39.428711,-78.125,-46.020523,walking
3565902,0.213745,-0.856567,-0.055664,-44.79982,-44.982925,-56.030289,walking
3565918,0.234985,-0.823975,-0.065796,-44.67775,-27.648933,-60.119644,walking
3565935,0.271362,-0.81311,-0.060791,-44.67775,-4.516602,-65.429688,walking
3565952,0.253906,-0.810913,-0.065186,-44.128418,14.526371,-69.213867,walking
3565968,0.298462,-0.822876,-0.065186,-43.579102,25.085457,-70.800781,walking
3565985,0.323242,-0.823608,-0.065918,-43.151855,25.207527,-71.350098,walking
3566002,0.342529,-0.79834,-0.055664,-40.344238,19.226074,-73.242188,walking
3566018,0.336548,-0.772461,-0.045532,-33.752441,10.498047,-73.486328,walking
3566035,0.326172,-0.7677,-0.045044,-30.639656,6.896975,-72.44873,walking
3566052,0.307861,-0.750244,-0.055908,-25.573738,-0.366211,-68.603516,walking
3566068,0.276978,-0.72522,-0.066162,-23.376472,-7.446291,-60.241714,walking
3566085,0.255249,-0.707886,-0.074463,-22.949226,-10.437012,-55.542007,walking
3566102,0.219116,-0.689331,-0.092163,-18.493652,-12.573246,-47.302261,walking
3566118,0.210571,-0.731201,-0.109985,-9.82666,-11.840824,-39.550781,walking
3566135,0.194092,-0.791626,-0.123291,-2.258301,-10.864258,-31.066902,walking
3566152,0.192505,-0.819824,-0.138794,2.197266,-9.460449,-27.038582,walking
3566169,0.210449,-0.897949,-0.168091,10.803223,-6.591799,-15.808109,walking
3566185,0.222656,-0.997192,-0.18811,16.540527,-4.882813,-0.671387,walking
3566202,0.223633,-1.043945,-0.19873,18.737793,-2.990724,6.713869,walking
3566219,0.200684,-1.114014,-0.19165,20.263672,3.66211,19.348145,walking
3566235,0.21228,-1.166138,-0.169189,24.41407,15.075687,31.860359,walking
3566252,0.264893,-1.273804,-0.182251,31.98243,26.489265,44.128418,walking
3566269,0.313843,-1.330933,-0.217285,33.874512,29.907234,50.292984,walking
3566285,0.377075,-1.308472,-0.30835,27.160652,27.832039,60.729996,walking
3566302,0.379639,-1.049194,-0.37207,15.991215,18.066406,64.575195,walking
3566319,0.395264,-0.905273,-0.400269,14.221195,10.498047,65.002441,walking
3566335,0.385498,-0.702026,-0.41626,17.63916,-4.882813,63.537613,walking
3566352,0.343384,-0.660767,-0.370361,30.33448,-15.747074,50.8423,walking
3566369,0.307983,-0.792358,-0.296387,34.912109,-21.606445,38.696289,walking
3566385,0.285645,-0.860962,-0.274048,31.738289,-21.972656,35.339355,walking
3566402,0.246094,-0.932251,-0.245972,21.484375,-15.258793,32.897949,walking
3566419,0.226929,-0.934692,-0.24292,13.549809,-2.319336,34.484863,walking
3566435,0.226807,-0.934326,-0.240479,10.925293,5.187988,36.315918,walking
3566452,0.221436,-0.926758,-0.229248,4.089355,23.803719,40.649414,walking
3566469,0.23938,-0.871094,-0.207031,-2.441406,45.166031,40.222168,walking
3566485,0.282104,-0.832886,-0.190308,-5.676271,63.049332,39.916992,walking
3566502,0.299072,-0.831421,-0.179932,-7.751467,70.43457,40.161133,walking
3566519,0.355713,-0.813232,-0.180908,-11.779789,81.420898,39.794922,walking
3566535,0.429443,-0.782349,-0.218506,-10.131836,81.054688,38.452148,walking
3566552,0.461426,-0.775513,-0.239136,-7.812502,76.35498,38.208008,walking
3566569,0.48877,-0.778076,-0.281006,-3.356935,63.720718,40.588379,walking
3566585,0.488159,-0.774902,-0.32666,-0.061035,54.565445,43.518066,walking
3566602,0.530396,-0.76355,-0.370361,5.249023,46.569839,42.602539,walking
3566619,0.508911,-0.73999,-0.386963,8.422852,43.395996,41.015625,walking
3566635,0.532715,-0.736694,-0.407104,12.451176,37.780762,36.743164,walking
3566652,0.571655,-0.715942,-0.428955,13.977055,30.761726,32.775879,walking
3566669,0.59082,-0.71167,-0.44165,15.075687,25.878914,30.639656,walking
3566685,0.624268,-0.731934,-0.46582,17.089844,13.916019,25.451668,walking
3566702,0.631348,-0.784058,-0.474365,17.700195,1.89209,19.958496,walking
3566719,0.628662,-0.811768,-0.472046,17.028809,-2.746582,16.845703,walking
3566735,0.608032,-0.848389,-0.462158,14.526371,-7.20215,11.230473,walking
3566752,0.582031,-0.885986,-0.421021,7.263186,-2.563477,7.690432,walking
3566769,0.591797,-0.901245,-0.394409,4.089355,2.746582,2.624512,walking
3566786,0.605225,-0.943604,-0.388062,5.249023,3.845216,1.037598,walking
3566802,0.626099,-1.050537,-0.363037,2.807618,5.676271,2.380371,walking
3566819,0.647461,-1.147827,-0.35022,-0.12207,10.803223,10.742188,walking
3566836,0.69458,-1.196167,-0.37561,3.479005,7.873537,10.375977,walking
3566852,0.803467,-1.312378,-0.414185,15.319828,-15.991215,0.976563,walking
3566869,0.740967,-1.388916,-0.314941,5.249023,-40.588379,-1.708985,walking
3566886,0.559204,-1.152344,-0.206543,-17.944336,-43.09082,-7.629396,walking
3566902,0.523193,-1.022827,-0.183105,-21.484375,-40.527344,-15.197758,walking
3566919,0.569336,-0.908203,-0.203003,-12.634281,-39.428711,-36.010742,walking
3566936,0.628906,-1.015991,-0.250244,5.310059,-52.978531,-50.170914,walking
3566952,0.622925,-1.120483,-0.262695,10.192871,-62.43898,-51.940933,walking
3566969,0.569824,-1.270386,-0.233521,6.164553,-77.941895,-48.70607,walking
3566986,0.51355,-1.24939,-0.150024,-8.605957,-87.158203,-45.410172,walking
3567002,0.439575,-1.113525,-0.067871,-23.071297,-89.47757,-49.255386,walking
3567019,0.389404,-1.032104,-0.047485,-28.686531,-85.388184,-54.260269,walking
3567036,0.311768,-0.905762,-0.053223,-35.27832,-65.795898,-64.27002,walking
3567052,0.300293,-0.83667,-0.082275,-39.0625,-45.593277,-71.716309,walking
3567069,0.293823,-0.814697,-0.091064,-39.306641,-36.804199,-74.645996,walking
3567086,0.279541,-0.79834,-0.07666,-38.452148,-21.789551,-78.857422,walking
3567102,0.28479,-0.80127,-0.05481,-38.208008,-10.925293,-80.566406,walking
3567119,0.296997,-0.784668,-0.043457,-39.123535,-5.798342,-80.322266,walking
3567136,0.301147,-0.770874,-0.051636,-37.719727,-5.065918,-80.078125,walking
3567152,0.296021,-0.764526,-0.07312,-32.714844,-6.042482,-79.223633,walking
3567169,0.271973,-0.760254,-0.072144,-29.357918,-8.178711,-75.683594,walking
3567186,0.255859,-0.747925,-0.062866,-28.564461,-9.216309,-72.44873,walking
3567202,0.209595,-0.704834,-0.046631,-28.381355,-10.681152,-63.415543,walking
3567219,0.193481,-0.67041,-0.068481,-24.53614,-12.756351,-52.124039,walking
3567236,0.196533,-0.681152,-0.084229,-14.831547,-12.02393,-41.015625,walking
3567252,0.19104,-0.759521,-0.116943,-10.070801,-11.901859,-36.254883,walking
3567269,0.168945,-0.831299,-0.13269,-2.624512,-11.291508,-25.878914,walking
3567286,0.151978,-0.886475,-0.140625,3.784181,-9.277344,-15.380863,walking
3567302,0.155273,-0.917114,-0.156006,7.324221,-7.507326,-9.643555,walking
3567319,0.168213,-0.982056,-0.18457,11.657719,-2.990724,1.586915,walking
3567336,0.1698,-1.034424,-0.186279,16.235352,5.493164,13.244633,walking
3567353,0.180786,-1.064697,-0.181519,16.845703,10.498047,18.981934,walking
3567369,0.207642,-1.080566,-0.200806,16.906738,19.65332,29.724129,walking
3567386,0.238403,-1.097778,-0.238647,20.568848,23.986824,38.696289,walking
3567403,0.307251,-1.175781,-0.284546,24.780281,23.559578,48.278824,walking
3567419,0.344238,-1.199585,-0.312622,23.559578,21.484375,54.016129,walking
3567436,0.368042,-1.095459,-0.353394,14.953617,14.099125,61.218277,walking
3567453,0.354736,-0.895264,-0.368408,10.498047,5.493164,63.598648,walking
3567469,0.348145,-0.826172,-0.372192,9.765625,2.13623,65.368652,walking
3567486,0.32666,-0.758789,-0.379639,15.869144,2.380371,60.913101,walking
3567503,0.366699,-0.842041,-0.353149,25.207527,3.784181,51.635757,walking
3567519,0.373047,-0.975098,-0.334961,25.085457,1.77002,46.875015,walking
3567536,0.359253,-1.015625,-0.321411,21.789551,1.64795,45.837418,walking
3567553,0.316772,-1.02832,-0.296143,14.03809,5.310059,44.555679,walking
3567569,0.293335,-1.023926,-0.268433,5.859377,18.127441,48.461929,walking
3567586,0.282959,-0.998047,-0.268433,0.732422,28.686531,49.560562,walking
3567603,0.306274,-0.890137,-0.255859,-7.019045,51.208511,45.837418,walking
3567619,0.367065,-0.802124,-0.242065,-10.070801,64.086914,42.663574,walking
3567636,0.374268,-0.763428,-0.246338,-15.319828,73.974609,44.067383,walking
3567653,0.392944,-0.732788,-0.265503,-15.502934,76.660156,42.480469,walking
3567669,0.466309,-0.703369,-0.30957,-9.399414,69.824219,37.841797,walking
3567686,0.494995,-0.715698,-0.313477,-4.211426,52.551285,36.254883,walking
3567703,0.488525,-0.718262,-0.314087,-3.66211,44.372574,37.475586,walking
3567719,0.453369,-0.699707,-0.332642,-3.112794,34.851074,41.07666,walking
3567736,0.441406,-0.676392,-0.362305,0.12207,31.250008,41.137695,walking
3567753,0.452515,-0.67041,-0.393921,4.882813,28.32032,37.780762,walking
3567769,0.461792,-0.671875,-0.407471,6.774904,26.123055,35.827637,walking
3567786,0.48291,-0.672485,-0.424072,10.070801,21.728516,34.301758,walking
3567803,0.505249,-0.712891,-0.444092,13.305668,17.150879,33.081055,walking
3567819,0.523071,-0.737793,-0.457886,14.16016,14.526371,32.409668,walking
3567836,0.55542,-0.795288,-0.495361,16.723633,7.690432,31.555183,walking
3567853,0.575806,-0.867065,-0.519897,17.944336,0.305176,30.883797,walking
3567869,0.578125,-0.893555,-0.518677,17.76123,-2.13623,29.785164,walking
3567886,0.580811,-0.935669,-0.467529,10.131836,-4.516602,29.663094,walking
3567903,0.567505,-0.911011,-0.426025,3.66211,-4.821777,25.512703,walking
3567919,0.592896,-0.961426,-0.415283,3.601075,-3.051759,19.714355,walking
3567936,0.61853,-0.998535,-0.407227,2.990724,-3.967286,17.822266,walking
3567953,0.635864,-1.093384,-0.391846,3.295899,-4.638672,19.714355,walking
3567970,0.693115,-1.234619,-0.415405,14.648441,-13.061527,11.657719,walking
3567986,0.737305,-1.334106,-0.417847,21.850586,-23.681648,4.699707,walking
3568003,0.719727,-1.511475,-0.334961,14.221195,-45.959488,-1.220703,walking
3568020,0.520264,-1.286865,-0.246338,-17.456055,-45.532242,-8.605957,walking
3568036,0.430054,-0.946655,-0.203857,-28.07618,-32.226563,-25.695808,walking
3568053,0.446411,-0.850098,-0.206421,-24.841316,-26.30616,-37.719727,walking
3568070,0.506714,-0.822266,-0.246582,-6.774904,-24.780281,-59.326187,walking
3568086,0.532837,-1.015259,-0.284912,7.141115,-34.545898,-66.040039,walking
3568103,0.540527,-1.119507,-0.293213,7.690432,-41.442871,-64.025879,walking
3568120,0.525024,-1.221436,-0.255493,0.732422,-58.105484,-59.082047,walking
3568136,0.469482,-1.200195,-0.161377,-10.009766,-70.068359,-57.250992,walking
3568153,0.379883,-1.091187,-0.087402,-24.53614,-71.716309,-59.387222,walking
3568170,0.316162,-1.008545,-0.078125,-30.395515,-64.51416,-62.072769,walking
3568186,0.254028,-0.871216,-0.102539,-36.437988,-38.94043,-68.786621,walking
3568203,0.288818,-0.803223,-0.130737,-37.475586,-18.127441,-73.425293,walking
3568220,0.285156,-0.78125,-0.135132,-36.621094,-10.620117,-76.049805,walking
3568236,0.275146,-0.775757,-0.123047,-33.996582,1.586915,-79.89502,walking
3568253,0.296753,-0.800415,-0.101685,-33.447266,7.812502,-81.481934,walking
3568270,0.311401,-0.797363,-0.111206,-32.592773,7.568361,-82.214355,walking
3568286,0.315308,-0.796143,-0.112183,-30.395515,5.737307,-81.970215,walking
3568303,0.306396,-0.796631,-0.098022,-26.42823,1.708985,-79.467773,walking
3568320,0.282104,-0.767944,-0.092529,-22.460945,-2.807618,-74.951172,walking
3568336,0.271851,-0.750732,-0.092407,-20.019531,-4.943848,-71.838379,walking
3568353,0.265259,-0.734009,-0.114746,-15.502934,-10.131836,-62.31691,walking
3568370,0.24231,-0.71521,-0.137817,-14.03809,-14.648441,-51.086441,walking
3568386,0.207153,-0.673462,-0.146973,-10.131836,-13.854984,-41.015625,walking
3568403,0.201172,-0.671143,-0.146606,-5.859377,-12.146,-36.132813,walking
3568420,0.208862,-0.728638,-0.158203,3.723145,-6.835939,-26.062019,walking
3568436,0.234009,-0.807617,-0.183472,11.352543,-1.77002,-13.854984,walking
3568453,0.24585,-0.845947,-0.197876,13.610844,0.0,-6.225588,walking
3568470,0.253906,-0.904175,-0.229248,13.671879,2.075195,10.070801,walking
3568486,0.272583,-0.896362,-0.282715,14.648441,3.66211,22.827156,walking
3568503,0.279419,-0.908325,-0.301025,18.127441,5.065918,28.564461,walking
3568520,0.291748,-0.979004,-0.313232,21.118164,8.789063,39.489746,walking
3568536,0.297241,-1.029297,-0.306641,18.249512,11.535648,48.82814,walking
3568553,0.310913,-1.084961,-0.282471,18.615723,16.845703,57.556168,walking
3568570,0.332642,-1.130981,-0.287231,19.40918,19.775391,62.500015,walking
3568587,0.393066,-1.207397,-0.339966,19.165039,21.972656,72.265625,walking
3568603,0.467041,-1.147217,-0.385864,14.892582,15.502934,78.674316,walking
3568620,0.490601,-1.074341,-0.40686,12.207035,7.995607,81.604004,walking
3568637,0.447144,-0.915771,-0.437378,8.972168,-7.751467,81.542969,walking
3568653,0.394531,-0.801636,-0.394531,13.732914,-13.122562,69.702148,walking
3568670,0.376343,-0.844727,-0.306641,21.728516,-12.02393,54.62648,walking
3568687,0.361694,-0.906616,-0.281494,22.033691,-9.216309,48.461929,walking
3568703,0.351074,-0.980591,-0.277344,15.747074,-1.220703,38.696289,walking
3568720,0.3302,-0.957153,-0.290894,10.375977,5.126953,32.958984,walking
3568737,0.322144,-0.934937,-0.28479,8.361816,7.568361,32.104492,walking
3568753,0.306152,-0.888306,-0.257935,2.868653,17.028809,33.691406,walking
3568770,0.302612,-0.807129,-0.241577,-1.525879,30.09034,33.14209,walking
3568787,0.318726,-0.765259,-0.227295,-0.854492,39.855957,32.226563,walking
3568803,0.330933,-0.764404,-0.223999,-1.098633,44.067383,32.958984,walking
3568820,0.37085,-0.758301,-0.241455,-0.244141,48.950211,33.813477,walking
3568837,0.429077,-0.751587,-0.272095,4.577637,43.029785,33.569336,walking
3568853,0.449097,-0.758423,-0.285645,7.141115,36.376953,33.874512,walking
3568870,0.454346,-0.769043,-0.310913,10.375977,21.42334,36.132813,walking
3568887,0.436768,-0.764648,-0.336914,12.695316,11.047363,38.452148,walking
3568903,0.430542,-0.743286,-0.368896,15.502934,4.699707,38.208008,walking
3568920,0.426392,-0.725708,-0.383789,17.333984,2.258301,36.437988,walking
3568937,0.424927,-0.698242,-0.400757,21.057129,-2.075195,31.677254,walking
3568953,0.430054,-0.681641,-0.408081,23.803719,-6.286623,26.611336,walking
3568970,0.436646,-0.67688,-0.414673,25.146492,-8.178711,24.780281,walking
3568987,0.457275,-0.698608,-0.438843,28.808601,-13.305668,21.484375,walking
3569003,0.482544,-0.748535,-0.462036,31.005867,-22.644051,18.371582,walking
3569020,0.475952,-0.797241,-0.477417,30.944832,-33.081055,15.563969,walking
3569037,0.460693,-0.823242,-0.471802,30.578621,-36.437988,13.793949,walking
3569053,0.419434,-0.88855,-0.423584,27.099617,-32.714844,9.460449,walking
3569070,0.40686,-0.951904,-0.397705,17.76123,-23.681648,4.699707,walking
3569087,0.397095,-0.980591,-0.390137,13.061527,-16.784668,2.685547,walking
3569103,0.401733,-1.056152,-0.369507,5.310059,1.159668,1.037598,walking
3569120,0.452026,-1.155518,-0.334717,-2.929688,17.333984,6.469728,walking
3569137,0.476196,-1.203125,-0.343384,-2.685547,23.498543,7.20215,walking
3569154,0.573242,-1.366211,-0.409912,10.498047,22.827156,0.0,walking
3569170,0.632202,-1.624268,-0.379517,13.427738,8.117676,-5.004883,walking
3569187,0.509399,-1.53894,-0.254883,-19.836426,7.08008,-6.713869,walking
3569204,0.444702,-1.312378,-0.219849,-34.729004,12.573246,-9.094238,walking
3569220,0.442993,-0.885864,-0.217163,-43.762207,17.944336,-22.827156,walking
3569237,0.505737,-0.671997,-0.268799,-25.390633,9.765625,-45.715347,walking
3569254,0.52417,-0.658203,-0.294067,-11.047363,-0.732422,-57.373062,walking
3569270,0.513428,-0.802246,-0.30542,10.803223,-25.756844,-72.32666,walking
3569287,0.51123,-0.952026,-0.284668,17.822266,-51.818863,-74.279785,walking
3569304,0.522827,-1.053955,-0.25708,20.874023,-81.481934,-67.810059,walking
3569320,0.50769,-1.103271,-0.223999,20.690918,-95.459015,-64.025879,walking
3569337,0.448486,-1.144897,-0.145508,11.474613,-112.731964,-54.321304,walking
3569354,0.354736,-1.082031,-0.089355,-4.760742,-113.342316,-40.588379,walking
3569370,0.299561,-1.020752,-0.081177,-12.573246,-106.567413,-36.315918,walking
3569387,0.222046,-0.893188,-0.10022,-23.193367,-81.90918,-32.531738,walking
3569404,0.203613,-0.820435,-0.134644,-26.855476,-51.696793,-33.813477,walking
3569420,0.236206,-0.832397,-0.128784,-30.029305,-25.390633,-35.400391,walking
3569437,0.249023,-0.839478,-0.119995,-33.14209,-16.601563,-36.621094,walking
3569454,0.261963,-0.831299,-0.091553,-38.574219,-4.394531,-40.283203,walking
3569470,0.282959,-0.822754,-0.070435,-40.344238,3.54004,-43.457031,walking
3569487,0.292236,-0.82251,-0.065186,-40.466309,6.835939,-44.372574,walking
3569504,0.294922,-0.809814,-0.078491,-38.146973,11.047363,-46.447769,walking
3569520,0.289673,-0.785156,-0.089722,-34.057617,11.657719,-48.82814,walking
3569537,0.280884,-0.758789,-0.097046,-29.479988,10.620117,-48.217789,walking
3569554,0.279541,-0.752319,-0.101929,-26.977547,9.460449,-47.363297,walking
3569570,0.276978,-0.764038,-0.102051,-21.118164,7.812502,-44.128418,walking
3569587,0.269531,-0.810669,-0.103516,-14.221195,7.873537,-39.978027,walking
3569604,0.270386,-0.843506,-0.11731,-9.887695,8.178711,-37.597656,walking
3569620,0.267944,-0.918579,-0.149048,-0.610352,7.568361,-33.38623,walking
3569637,0.270996,-0.970703,-0.157227,5.554201,5.126953,-26.916512,walking
3569654,0.273193,-0.985474,-0.17395,6.103518,1.586915,-15.502934,walking
3569670,0.257324,-0.965454,-0.189087,7.324221,0.793457,-10.437012,walking
3569687,0.241455,-0.966797,-0.221802,15.319828,2.380371,-0.732422,walking
3569704,0.236084,-1.036865,-0.253662,22.155769,6.652834,7.812502,walking
3569720,0.222778,-1.051392,-0.260986,22.52198,9.70459,11.718754,walking
3569737,0.207275,-1.026367,-0.258423,22.460945,14.03809,20.690918,walking
3569754,0.24646,-1.053223,-0.249756,25.878914,15.747074,33.02002,walking
3569771,0.288574,-1.079346,-0.268677,27.893074,15.136723,39.428711,walking
3569787,0.368774,-1.09436,-0.338867,30.029305,7.08008,50.476089,walking
3569804,0.355347,-1.014526,-0.37854,26.794441,-8.666992,58.105484,walking
3569821,0.285034,-0.888428,-0.371826,20.690918,-20.141602,58.166519,walking
3569837,0.257813,-0.830444,-0.358521,19.042969,-21.484375,55.114761,walking
3569854,0.221924,-0.782959,-0.309326,18.554688,-15.136723,47.241226,walking
3569871,0.210938,-0.835449,-0.262329,19.042969,0.183106,37.841797,walking
3569887,0.224976,-0.882324,-0.251709,17.51709,8.483887,33.752441,walking
3569904,0.248169,-0.95105,-0.243896,10.192871,22.949226,31.372078,walking
3569921,0.251953,-0.955811,-0.247437,3.356935,33.569336,32.958984,walking
3569937,0.281982,-0.93396,-0.257202,-0.732422,41.137695,36.743164,walking
3569954,0.295166,-0.922119,-0.249756,-2.807618,46.264664,39.611816,walking
3569971,0.300659,-0.874878,-0.215942,-7.385256,58.53273,43.029785,walking
3569987,0.333008,-0.808472,-0.203247,-7.934572,66.711426,41.992188,walking
3570004,0.356934,-0.798218,-0.208252,-7.141115,68.115234,42.297363,walking
3570021,0.402222,-0.799561,-0.231079,-5.310059,66.467285,43.884277,walking
3570037,0.446167,-0.795166,-0.272827,-0.610352,56.884781,43.701172,walking
3570054,0.453125,-0.800537,-0.298462,4.882813,41.625977,40.771484,walking
3570071,0.450439,-0.796387,-0.308472,7.019045,34.057617,39.733887,walking
3570087,0.426025,-0.78479,-0.322998,9.338379,24.292,39.794922,walking
3570104,0.40332,-0.763916,-0.339966,12.26807,22.094727,37.841797,walking
3570121,0.402466,-0.754028,-0.346558,14.404301,21.484375,35.339355,walking
3570137,0.416382,-0.743286,-0.35376,18.127441,18.615723,30.33448,walking
3570154,0.428711,-0.744263,-0.365234,20.874023,14.343266,28.015144,walking
3570171,0.41626,-0.75647,-0.381714,21.66748,12.390141,27.221687,walking
3570187,0.423096,-0.761841,-0.391357,21.728516,11.840824,26.855476,walking
3570204,0.456055,-0.772339,-0.41394,22.583015,8.422852,25.695808,walking
3570221,0.477783,-0.812744,-0.429199,24.475105,2.197266,24.230965,walking
3570237,0.481323,-0.845947,-0.437134,25.268562,-0.915528,23.193367,walking
3570254,0.46228,-0.915283,-0.428589,25.268562,-2.624512,18.493652,walking
3570271,0.456665,-0.987061,-0.378906,13.854984,2.258301,19.40918,walking
3570287,0.453003,-0.987793,-0.370728,7.995607,7.263186,14.770512,walking
3570304,0.492065,-1.025146,-0.386108,8.911133,8.239746,12.390141,walking
3570321,0.498047,-1.165039,-0.392822,4.455566,14.770512,15.686039,walking
3570338,0.494019,-1.190552,-0.393066,-0.427246,23.315437,10.681152,walking
3570354,0.536743,-1.192871,-0.416504,6.042482,20.935059,3.295899,walking
3570371,0.634155,-1.373047,-0.411987,15.808109,6.652834,-3.723145,walking
3570388,0.569214,-1.410522,-0.326294,-6.530764,-2.13623,-5.493164,walking
3570404,0.50769,-1.272217,-0.290771,-18.066406,-1.220703,-7.995607,walking
3570421,0.432617,-0.983887,-0.249146,-28.44239,4.02832,-18.981934,walking
3570438,0.483765,-0.832153,-0.255005,-19.042969,4.394531,-40.95459,walking
3570454,0.551636,-0.868774,-0.281982,-1.77002,-11.169437,-55.603043,walking
3570471,0.565796,-0.944946,-0.294434,5.249023,-23.071297,-58.349625,walking
3570488,0.561279,-1.106079,-0.280396,8.361816,-47.302261,-54.870621,walking
3570504,0.526733,-1.177734,-0.208374,0.915528,-69.030762,-47.912613,walking
3570521,0.471802,-1.174561,-0.160889,-5.493164,-75.561523,-46.386734,walking
3570538,0.370972,-1.095825,-0.07959,-18.615723,-76.538086,-47.485367,walking
3570554,0.31543,-1.010254,-0.052246,-30.639656,-61.828629,-48.645035,walking
3570571,0.296265,-0.932983,-0.071655,-39.489746,-42.96875,-52.307144,walking
3570588,0.286743,-0.897827,-0.074463,-41.381836,-33.752441,-55.236832,walking
3570604,0.273193,-0.855225,-0.070313,-41.320801,-17.51709,-61.218277,walking
3570621,0.271484,-0.86438,-0.055054,-41.381836,-2.258301,-63.476578,walking
3570638,0.284058,-0.866089,-0.052368,-42.419434,3.66211,-63.903824,walking
3570654,0.31311,-0.843994,-0.050903,-40.893555,7.934572,-65.612793,walking
3570671,0.307251,-0.841187,-0.046509,-37.29248,8.361816,-66.28418,walking
3570688,0.294189,-0.823975,-0.046387,-35.461426,8.728027,-64.453125,walking
3570704,0.292725,-0.800903,-0.044189,-34.301758,8.300781,-63.171402,walking
3570721,0.28894,-0.763428,-0.036865,-30.822762,5.676271,-59.631363,walking
3570738,0.282471,-0.734741,-0.041382,-27.282722,2.197266,-53.955093,walking
3570754,0.280029,-0.723022,-0.050781,-25.329597,-0.183106,-50.59816,walking
3570771,0.261841,-0.720703,-0.076172,-18.798828,-4.882813,-42.96875,walking
3570788,0.229004,-0.762451,-0.083374,-11.047363,-6.347658,-35.095215,walking
3570804,0.212036,-0.794067,-0.098999,-2.807618,-5.065918,-26.977547,walking
3570821,0.211914,-0.813599,-0.109985,2.746582,-4.577637,-22.888191,walking
3570838,0.227539,-0.878906,-0.140503,13.305668,-4.943848,-12.26807,walking
3570854,0.23645,-0.929688,-0.164307,18.676758,-7.08008,1.77002,walking
3570871,0.243774,-0.941528,-0.168335,20.507813,-7.873537,8.483887,walking
3570888,0.24707,-0.979492,-0.186157,25.817879,-5.065918,19.958496,walking
3570904,0.237427,-1.009766,-0.197754,26.611336,3.173829,28.869637,walking
3570921,0.23645,-1.008789,-0.199707,27.343758,8.117676,36.92627,walking
3570938,0.275146,-1.049683,-0.199951,31.372078,16.845703,41.564941,walking
3570955,0.364258,-1.121338,-0.238281,31.372078,17.333984,51.635757,walking
3570971,0.411377,-1.078735,-0.284668,26.733406,8.239746,59.509293,walking
3570988,0.414917,-1.017822,-0.304932,24.597176,1.586915,62.805191,walking
3571005,0.414063,-0.914795,-0.325684,21.362305,-11.047363,68.725586,walking
3571021,0.375,-0.836426,-0.326904,23.315437,-16.235352,64.086914,walking
3571038,0.372925,-0.834229,-0.315308,27.282722,-16.418457,59.326187,walking
3571055,0.383179,-0.932861,-0.292236,32.226563,-16.052246,50.59816,walking
3571071,0.369507,-1.040405,-0.278809,27.404793,-14.648441,45.227066,walking
3571088,0.331665,-1.049438,-0.277344,19.226074,-8.972168,40.588379,walking
3571105,0.320068,-1.031006,-0.275513,16.174316,-4.516602,37.597656,walking
3571121,0.308838,-0.983521,-0.258423,10.375977,7.08008,33.081055,walking
3571138,0.307739,-0.917969,-0.244019,3.234864,23.925789,29.602058,walking
3571155,0.317505,-0.874878,-0.24231,0.732422,30.517586,26.245125,walking
3571171,0.338135,-0.805664,-0.239258,-1.403809,37.29248,20.874023,walking
3571188,0.341064,-0.772705,-0.234375,-3.173829,40.222168,19.592285,walking
3571205,0.365479,-0.738281,-0.244873,-1.037598,38.452148,17.76123,walking
3571221,0.379883,-0.734619,-0.25293,1.159668,35.095215,17.578125,walking
3571238,0.392456,-0.735352,-0.278198,5.798342,24.902351,17.333984,walking
3571255,0.37854,-0.735474,-0.295898,9.94873,14.16016,18.493652,walking
3571271,0.360962,-0.739014,-0.295532,11.657719,11.108402,19.53125,walking
3571288,0.340698,-0.745117,-0.296875,13.061527,8.789063,20.935059,walking
3571305,0.352295,-0.739136,-0.310181,14.526371,8.666992,21.42334,walking
3571321,0.376099,-0.740723,-0.32666,16.540527,7.568361,22.155769,walking
3571338,0.383911,-0.747437,-0.341309,17.456055,6.225588,22.705086,walking
3571355,0.391357,-0.765381,-0.375977,19.348145,3.906251,23.132332,walking
3571371,0.421143,-0.789551,-0.408447,20.507813,0.12207,23.254402,walking
3571388,0.436523,-0.801514,-0.42749,21.118164,-2.868653,23.193367,walking
3571405,0.452637,-0.850098,-0.468994,22.27784,-10.681152,23.559578,walking
3571421,0.418335,-0.910889,-0.460571,19.775391,-13.610844,20.812988,walking
3571438,0.428101,-0.951416,-0.413574,13.916019,-8.911133,16.784668,walking
3571455,0.437378,-0.984009,-0.38623,5.798342,-5.554201,19.65332,walking
3571471,0.389893,-0.961304,-0.395142,-3.784181,2.624512,13.610844,walking
3571488,0.431763,-1.006958,-0.387451,-0.854492,11.779789,5.371094,walking
3571505,0.448975,-1.072388,-0.361694,-3.41797,16.418457,6.103518,walking
3571521,0.488892,-1.135742,-0.352051,-6.042482,19.104004,3.66211,walking
3571538,0.581665,-1.237061,-0.389404,6.164553,5.065918,-1.159668,walking
3571555,0.5979,-1.325684,-0.401367,11.596684,-3.295899,-2.13623,walking
3571572,0.572021,-1.499023,-0.35144,4.211426,-15.197758,2.319336,walking
3571588,0.421387,-1.338257,-0.245728,-26.489265,-13.366703,0.244141,walking
3571605,0.334106,-0.984985,-0.182739,-40.588379,6.347658,-15.686039,walking
3571622,0.378906,-0.862671,-0.183472,-36.987305,12.329105,-25.451668,walking
3571638,0.476196,-0.807495,-0.227173,-23.315437,10.437012,-40.527344,walking
3571655,0.487793,-0.898071,-0.282959,-6.103518,-2.197266,-50.964371,walking
3571672,0.49585,-0.977539,-0.29187,-0.305176,-11.108402,-51.757828,walking
3571688,0.530518,-1.103882,-0.255249,1.525879,-38.024902,-47.546402,walking
3571705,0.504517,-1.103882,-0.187744,-2.319336,-66.162109,-42.114258,walking
3571722,0.447876,-1.05542,-0.125,-8.911133,-84.655762,-34.790039,walking
3571738,0.415039,-1.025635,-0.107788,-14.099125,-88.867218,-30.700691,walking
3571755,0.327026,-0.943848,-0.108765,-23.376472,-85.388184,-27.404793,walking
3571772,0.253052,-0.882568,-0.123901,-28.381355,-68.481445,-28.869637,walking
3571788,0.227417,-0.86792,-0.118164,-30.700691,-56.335464,-30.517586,walking
3571805,0.205566,-0.849976,-0.097412,-36.560059,-27.954109,-33.630371,walking
3571822,0.233154,-0.833008,-0.099609,-42.907715,-2.441406,-36.071777,walking
3571838,0.278687,-0.81543,-0.113037,-44.128418,11.108402,-41.381836,walking
3571855,0.287109,-0.818359,-0.118042,-43.884277,14.892582,-43.823242,walking
3571872,0.289307,-0.828003,-0.10144,-44.860855,18.615723,-47.241226,walking
3571888,0.276978,-0.801514,-0.081543,-47.424332,20.996094,-47.607437,walking
3571905,0.272217,-0.773438,-0.081421,-47.485367,22.094727,-47.973648,walking
3571922,0.270996,-0.720947,-0.108765,-42.785645,23.437508,-49.194351,walking
3571938,0.262329,-0.717651,-0.123291,-36.132813,23.803719,-49.011246,walking
3571955,0.24585,-0.732422,-0.108032,-31.677254,24.047859,-46.020523,walking
3571972,0.237549,-0.738281,-0.096558,-29.235847,24.53614,-43.884277,walking
3571988,0.231445,-0.758789,-0.092041,-21.42334,26.489265,-38.513184,walking
3572005,0.248779,-0.812256,-0.137451,-8.728027,26.367195,-31.98243,walking
3572022,0.26416,-0.859619,-0.157593,-1.342773,24.047859,-28.259285,walking
3572038,0.294434,-0.948486,-0.173828,5.615236,14.526371,-15.380863,walking
3572055,0.287598,-0.937988,-0.18042,6.347658,4.638672,-0.305176,walking
3572072,0.286133,-0.944824,-0.210571,16.906738,-0.488281,12.756351,walking
3572088,0.289307,-0.982666,-0.233887,22.033691,-1.525879,18.066406,walking
3572105,0.294678,-1.036865,-0.286621,27.526863,-2.075195,27.343758,walking
3572122,0.306763,-1.084595,-0.294434,33.38623,-3.54004,37.414551,walking
3572139,0.321289,-1.13855,-0.29248,36.987305,-4.150391,43.273926,walking
3572155,0.372437,-1.260254,-0.316406,38.818359,-6.95801,56.152359,walking
3572172,0.386475,-1.230591,-0.356201,28.686531,-11.901859,64.39209,walking
3572189,0.36792,-1.131592,-0.373535,22.52198,-13.977055,65.307617,walking
3572205,0.331543,-0.920288,-0.384399,12.634281,-15.075687,63.476578,walking
3572222,0.29248,-0.741211,-0.359131,8.117676,-9.033203,54.809586,walking
3572239,0.297852,-0.67981,-0.318848,13.671879,-0.366211,41.19873,walking
3572255,0.31311,-0.706909,-0.303223,17.39502,2.075195,33.874512,walking
3572272,0.328857,-0.831543,-0.301147,20.446777,1.89209,23.620613,walking
3572289,0.307739,-0.909058,-0.293091,15.258793,1.831055,19.470215,walking
3572305,0.297974,-0.910645,-0.292114,12.939457,2.075195,18.920898,walking
3572322,0.295898,-0.912842,-0.278564,10.437012,4.272461,21.789551,walking
3572339,0.27417,-0.919678,-0.258545,5.310059,15.563969,27.221687,walking
3572355,0.276489,-0.879761,-0.244995,0.488281,30.700691,28.19825,walking
3572372,0.283569,-0.865356,-0.238403,-1.159668,37.414551,28.259285,walking
3572389,0.289063,-0.860596,-0.218384,-7.324221,51.208511,29.479988,walking
3572405,0.311646,-0.827637,-0.226074,-13.854984,64.086914,28.808601,walking
3572422,0.334473,-0.803711,-0.236328,-14.526371,67.687988,27.221687,walking
3572439,0.379028,-0.784912,-0.262573,-12.634281,67.932129,24.41407,walking
3572455,0.395508,-0.779175,-0.289307,-10.131836,61.706558,23.376472,walking
3572472,0.383057,-0.762939,-0.312866,-8.056641,56.213394,25.451668,walking
3572489,0.383911,-0.749268,-0.317017,-6.591799,53.894058,26.489265,walking
3572505,0.407349,-0.712769,-0.332642,-1.281738,47.363297,27.221687,walking
3572522,0.431396,-0.701294,-0.348877,6.469728,37.04834,27.465828,walking
3572539,0.438477,-0.703857,-0.358643,9.765625,31.066902,28.137215,walking
3572555,0.446289,-0.717529,-0.382202,14.709476,19.470215,30.639656,walking
3572572,0.460449,-0.73938,-0.400024,18.310547,6.835939,33.02002,walking
3572589,0.463867,-0.780273,-0.413086,21.728516,-4.211426,34.667969,walking
3572605,0.471313,-0.812134,-0.423828,23.376472,-8.789063,35.095215,walking
3572622,0.480347,-0.893188,-0.444336,25.573738,-16.174316,35.644531,walking
3572639,0.467407,-0.971436,-0.438354,26.000984,-17.272949,33.081055,walking
3572655,0.467773,-1.015137,-0.421631,22.644051,-16.418457,32.653809,walking
3572672,0.453369,-1.021729,-0.391724,9.82666,-13.000492,28.808601,walking
3572689,0.452759,-0.972168,-0.386108,4.760742,-4.821777,22.888191,walking
3572705,0.475464,-0.98999,-0.370605,-0.610352,3.112794,20.080566,walking
3572722,0.485107,-1.00708,-0.366699,-2.929688,5.554201,15.075687,walking
3572739,0.533691,-1.003052,-0.370239,7.934572,0.610352,-1.708985,walking
3572756,0.623657,-1.186157,-0.390137,25.573738,-16.662598,-11.718754,walking
3572772,0.649536,-1.328735,-0.407104,29.235847,-26.611336,-11.108402,walking
3572789,0.569702,-1.526978,-0.338867,14.709476,-42.724609,-8.178711,walking
3572806,0.409546,-1.323364,-0.223755,-13.854984,-43.029785,-16.784668,walking
3572822,0.361328,-1.149292,-0.190552,-21.850586,-37.04834,-22.52198,walking
3572839,0.360474,-0.897461,-0.175537,-24.292,-22.766121,-35.15625,walking
3572856,0.411255,-0.801147,-0.21582,-13.732914,-15.625004,-45.776382,walking
3572872,0.435059,-0.887451,-0.251587,4.02832,-18.615723,-52.978531,walking
3572889,0.450562,-0.978638,-0.255859,10.009766,-23.620613,-53.955093,walking
3572906,0.495728,-1.119141,-0.237305,14.03809,-44.128418,-53.222672,walking
3572922,0.492798,-1.15979,-0.168457,10.009766,-68.603516,-46.386734,walking
3572939,0.475464,-1.143311,-0.130981,4.821777,-79.223633,-40.466309,walking
3572956,0.411255,-1.042358,-0.08252,-8.422852,-93.322784,-30.029305,walking
3572972,0.322266,-0.879761,-0.086792,-17.578125,-93.200714,-28.564461,walking
3572989,0.257202,-0.771118,-0.117676,-18.066406,-80.505371,-32.348633,walking
3573006,0.22998,-0.752075,-0.122559,-17.51709,-71.166992,-35.461426,walking
3573022,0.19397,-0.759521,-0.11853,-19.287109,-46.875015,-41.320801,walking
3573039,0.196167,-0.770874,-0.10498,-24.902351,-23.010262,-47.424332,walking
3573056,0.214722,-0.763184,-0.101929,-26.550301,-14.648441,-50.903336,walking
3573072,0.244507,-0.776855,-0.090698,-27.404793,-2.624512,-55.419937,walking
3573089,0.277222,-0.798706,-0.092163,-29.479988,2.319336,-56.579605,walking
3573106,0.279663,-0.783203,-0.107178,-30.33448,1.220703,-56.457535,walking
3573122,0.267456,-0.768677,-0.108032,-28.930672,0.183106,-56.762711,walking
3573139,0.248047,-0.766968,-0.088379,-24.16993,-0.244141,-56.152359,walking
3573156,0.222046,-0.786133,-0.060547,-23.071297,2.746582,-52.001968,walking
3573172,0.210449,-0.781616,-0.05542,-23.071297,5.371094,-49.011246,walking
3573189,0.203491,-0.782715,-0.06665,-18.981934,11.718754,-42.480469,walking
3573206,0.215088,-0.850586,-0.104858,-8.483887,17.456055,-35.644531,walking
3573222,0.225708,-0.939209,-0.119629,1.953125,20.141602,-29.357918,walking
3573239,0.228394,-0.977539,-0.11377,5.065918,20.324707,-23.803719,walking
3573256,0.240234,-1.015869,-0.103638,5.798342,21.057129,-8.300781,walking
3573272,0.247925,-1.020386,-0.13208,10.742188,23.376472,6.469728,walking
3573289,0.252686,-1.025391,-0.150635,14.221195,24.963387,11.840824,walking
3573306,0.264648,-1.015137,-0.198486,20.385742,26.672371,21.118164,walking
3573323,0.285889,-1.031616,-0.238403,31.066902,27.465828,29.724129,walking
3573339,0.307373,-1.075684,-0.253296,41.687012,22.52198,39.367676,walking
3573356,0.391602,-1.212036,-0.303711,44.128418,17.883301,46.69191,walking
3573373,0.458618,-1.275635,-0.376953,39.978027,2.075195,60.54689,walking
3573389,0.420288,-1.122437,-0.412964,28.930672,-13.671879,65.490723,walking
3573406,0.388794,-1.009644,-0.40979,23.864754,-20.019531,64.453125,walking
3573423,0.339966,-0.81958,-0.394165,14.831547,-26.000984,60.241714,walking
3573439,0.318726,-0.715454,-0.376221,17.028809,-23.071297,47.607437,walking
3573456,0.318359,-0.727539,-0.351807,19.958496,-20.263672,40.039063,walking
3573473,0.310547,-0.827637,-0.325317,22.338875,-17.700195,24.108894,walking
3573489,0.29541,-0.944336,-0.30542,18.615723,-16.784668,15.747074,walking
3573506,0.266968,-1.002563,-0.274536,9.277344,-14.221195,17.089844,walking
3573523,0.260498,-1.002686,-0.261963,4.394531,-11.718754,19.40918,walking
3573539,0.241211,-0.963013,-0.236328,-3.906251,-0.610352,24.902351,walking
3573556,0.24231,-0.876221,-0.217896,-8.300781,15.869144,25.268562,walking
3573573,0.257202,-0.84436,-0.20752,-9.033203,23.437508,25.146492,walking
3573589,0.262451,-0.832275,-0.177734,-13.549809,38.085938,27.893074,walking
3573606,0.251709,-0.804077,-0.165649,-20.019531,54.138199,26.855476,walking
3573623,0.302002,-0.765015,-0.159424,-19.042969,63.781754,20.812988,walking
3573639,0.336426,-0.763062,-0.167114,-17.456055,65.063477,18.737793,walking
3573656,0.381958,-0.768188,-0.199341,-13.305668,61.035172,17.028809,walking
3573673,0.393677,-0.758545,-0.22937,-9.460449,52.368179,18.310547,walking
3573689,0.390991,-0.748413,-0.24646,-6.591799,47.241226,18.432617,walking
3573706,0.39502,-0.72876,-0.281494,0.915528,34.973145,16.784668,walking
3573723,0.38623,-0.727905,-0.296875,8.666992,22.644051,15.075687,walking
3573739,0.372803,-0.730957,-0.295654,13.610844,14.831547,14.831547,walking
3573756,0.373291,-0.730591,-0.304199,15.808109,12.390141,15.136723,walking
3573773,0.394409,-0.745605,-0.33728,20.568848,6.408693,15.808109,walking
3573789,0.420044,-0.793335,-0.38208,26.367195,-3.173829,16.845703,walking
3573806,0.43103,-0.834717,-0.403687,29.052742,-8.789063,17.76123,walking
3573823,0.427124,-0.910034,-0.421143,32.714844,-18.676758,18.066406,walking
3573839,0.429688,-0.981812,-0.395508,27.771004,-23.010262,22.460945,walking
3573856,0.424072,-0.986084,-0.388062,22.949226,-26.30616,24.16993,walking
3573873,0.419556,-1.001221,-0.396118,24.16993,-26.123055,23.742683,walking
3573889,0.4375,-1.105469,-0.388794,23.193367,-21.30127,26.977547,walking
3573906,0.458984,-1.182983,-0.405762,18.920898,-15.869144,26.245125,walking
3573923,0.480469,-1.203857,-0.416626,24.108894,-18.310547,20.996094,walking
3573940,0.559448,-1.346313,-0.419189,39.001465,-34.118652,9.765625,walking
3573956,0.527344,-1.518677,-0.351318,15.686039,-44.982925,18.676758,walking
3573973,0.421875,-1.422485,-0.329712,-19.104004,-31.921394,11.413578,walking
3573990,0.268066,-1.071167,-0.261353,-26.000984,-18.920898,4.943848,walking
3574006,0.28479,-0.843506,-0.205078,-28.259285,4.02832,-20.141602,walking
3574023,0.392822,-0.832886,-0.228882,-16.174316,13.427738,-38.208008,walking
3574040,0.434692,-0.8927,-0.25354,-9.399414,12.207035,-43.457031,walking
3574073,0.513794,-1.237183,-0.270752,-0.793457,-18.981934,-36.071777,walking
3574090,0.518921,-1.259399,-0.237549,-5.554201,-31.188972,-32.531738,walking
3574106,0.471191,-1.155151,-0.15564,-17.089844,-52.917496,-28.07618,walking
3574123,0.376465,-1.002563,-0.092407,-28.503426,-63.293472,-24.841316,walking
3574140,0.296509,-0.88501,-0.084961,-38.513184,-55.419937,-26.550301,walking
3574156,0.272705,-0.838257,-0.092163,-41.07666,-47.790543,-29.357918,walking
3574173,0.225952,-0.77002,-0.102661,-43.151855,-26.550301,-36.865234,walking
3574190,0.223999,-0.74231,-0.109375,-41.381836,-4.394531,-44.67775,walking
3574206,0.236084,-0.747803,-0.109253,-41.015625,4.638672,-47.241226,walking
3574223,0.280273,-0.770996,-0.106812,-41.015625,14.648441,-52.001968,walking
3574240,0.298828,-0.7854,-0.090088,-41.503906,15.625004,-56.335464,walking
3574256,0.293091,-0.78772,-0.070068,-41.07666,12.512211,-58.776871,walking
3574273,0.285156,-0.789185,-0.061523,-41.015625,11.657719,-58.593765,walking
3574290,0.280518,-0.79126,-0.064453,-40.344238,11.413578,-55.480972,walking
3574306,0.265991,-0.7948,-0.072876,-38.818359,10.742188,-52.246109,walking
3574323,0.251465,-0.7948,-0.074463,-38.269043,11.718754,-50.170914,walking
3574340,0.226563,-0.80835,-0.056152,-36.987305,16.357422,-45.166031,walking
3574356,0.219849,-0.833008,-0.051514,-34.179688,23.559578,-39.0625,walking
3574373,0.226685,-0.884644,-0.070313,-26.672371,30.761726,-33.081055,walking
3574390,0.236328,-0.916504,-0.084229,-22.888191,32.958984,-30.09034,walking
3574406,0.245361,-0.958984,-0.104736,-15.502934,34.118652,-20.751953,walking
3574423,0.259033,-0.98938,-0.120605,-7.873537,34.057617,-7.324221,walking
3574440,0.269653,-1.010498,-0.129028,-3.784181,33.874512,0.427246,walking
3574456,0.288696,-1.03125,-0.160156,5.065918,31.799324,13.488773,walking
3574473,0.300415,-1.068237,-0.186035,18.920898,28.747566,25.085457,walking
3574490,0.341675,-1.177612,-0.216675,33.38623,25.024422,36.315918,walking
3574506,0.372681,-1.227783,-0.247803,37.780762,22.033691,41.381836,walking
3574523,0.413574,-1.205078,-0.340332,34.179688,11.657719,50.903336,walking
3574540,0.390625,-0.967773,-0.389038,23.254402,-3.41797,53.283707,walking
3574557,0.370239,-0.820923,-0.386719,20.202637,-10.375977,50.354019,walking
3574573,0.343628,-0.626099,-0.359741,21.728516,-20.263672,43.640137,walking
3574590,0.293091,-0.650391,-0.298706,25.939949,-19.897461,37.780762,walking
3574607,0.272827,-0.709106,-0.269531,27.282722,-17.272949,31.005867,walking
3574623,0.275879,-0.854126,-0.24585,25.329597,-9.94873,21.42334,walking
3574640,0.268555,-0.970093,-0.254761,16.845703,-2.929688,19.836426,walking
3574657,0.250244,-1.030762,-0.273315,7.141115,3.845216,25.390633,walking
3574673,0.241577,-1.042114,-0.280884,2.685547,9.033203,28.808601,walking
3574690,0.227417,-1.026245,-0.25293,-5.371094,25.390633,33.996582,walking
3574707,0.22937,-0.957397,-0.195679,-12.878422,48.767105,35.095215,walking
3574723,0.244141,-0.914551,-0.178955,-14.648441,59.387222,33.447266,walking
3574740,0.318237,-0.858154,-0.182373,-15.563969,73.913574,30.517586,walking
3574757,0.391357,-0.822144,-0.234985,-15.380863,76.721191,30.517586,walking
3574773,0.457031,-0.77478,-0.281494,-10.986328,65.368652,30.517586,walking
3574790,0.479248,-0.754761,-0.30127,-7.019045,54.565445,29.541023,walking
3574807,0.501709,-0.725708,-0.334351,2.502441,27.465828,27.832039,walking
3574823,0.467285,-0.727417,-0.356201,11.230473,3.051759,27.832039,walking
3574840,0.435791,-0.736206,-0.363525,13.671879,-4.943848,28.259285,walking
3574857,0.382568,-0.738403,-0.369995,15.075687,-12.878422,28.19825,walking
3574873,0.339844,-0.728394,-0.372803,15.502934,-11.901859,25.390633,walking
3574890,0.336792,-0.721924,-0.366577,14.892582,-5.187988,22.888191,walking
3574907,0.342041,-0.725586,-0.364502,14.28223,-1.586915,22.155769,walking
3574923,0.35083,-0.738037,-0.373779,11.962894,5.859377,22.216805,walking
3574940,0.381714,-0.765381,-0.398193,10.375977,10.925293,23.498543,walking
3574957,0.395508,-0.786255,-0.411987,10.498047,11.657719,24.108894,walking
3574973,0.412231,-0.848145,-0.428223,10.620117,12.329105,25.634773,walking
3574990,0.430176,-0.899902,-0.431641,10.070801,12.817387,25.268562,walking
3575007,0.452393,-0.944946,-0.409668,6.286623,14.648441,25.512703,walking
3575023,0.472412,-0.9552,-0.392578,3.41797,13.671879,25.085457,walking
3575040,0.487793,-0.97168,-0.372803,1.77002,11.291508,24.108894,walking
3575058,0.514404,-1.027832,-0.351563,2.563477,8.728027,23.437508,walking
3575073,0.525146,-1.072754,-0.340576,2.807618,7.934572,25.085457,walking
3575090,0.580444,-1.184204,-0.37207,11.291508,1.281738,23.071297,walking
3575107,0.6698,-1.372437,-0.409302,26.611336,-20.568848,14.587406,walking
3575124,0.626465,-1.53772,-0.3396,16.052246,-41.564941,13.793949,walking
3575140,0.538086,-1.461304,-0.287964,-1.64795,-41.992188,12.756351,walking
3575157,0.389404,-1.067261,-0.221924,-27.343758,-29.418953,2.441406,walking
3575174,0.401489,-0.790649,-0.212646,-24.16993,-16.540527,-20.874023,walking
3575190,0.430176,-0.743896,-0.224487,-16.357422,-14.404301,-34.179688,walking
3575207,0.480835,-0.821167,-0.256104,3.601075,-19.592285,-56.030289,walking
3575224,0.497314,-1.040283,-0.258545,11.352543,-31.494148,-61.401382,walking
3575240,0.503784,-1.126587,-0.246094,9.70459,-39.855957,-59.814468,walking
3575257,0.460815,-1.183594,-0.184448,1.281738,-56.701675,-57.495132,walking
3575274,0.40564,-1.118408,-0.106934,-9.277344,-65.246582,-55.664078,walking
3575290,0.333862,-1.008545,-0.057373,-23.315437,-65.612793,-50.964371,walking
3575307,0.280762,-0.93689,-0.052246,-28.503426,-60.30275,-50.8423,walking
3575324,0.227051,-0.815063,-0.062134,-30.883797,-41.748047,-53.833023,walking
3575340,0.217651,-0.78186,-0.067139,-28.44239,-20.507813,-57.800308,walking
3575357,0.218018,-0.785767,-0.065186,-28.44239,-10.192871,-58.898941,walking
3575374,0.235229,-0.787598,-0.061279,-30.029305,5.432129,-59.875504,walking
3575390,0.262695,-0.789307,-0.064819,-28.991707,13.000492,-59.448257,walking
3575407,0.282715,-0.80481,-0.059204,-26.367195,14.343266,-57.617203,walking
3575424,0.290771,-0.80481,-0.060547,-24.963387,13.366703,-55.358902,walking
3575440,0.299927,-0.7948,-0.065308,-21.42334,8.666992,-49.255386,walking
3575457,0.291748,-0.780884,-0.086792,-17.272949,2.258301,-42.114258,walking
3575474,0.28186,-0.772583,-0.091675,-15.319828,-0.732422,-38.635254,walking
3575490,0.254395,-0.747559,-0.091675,-12.451176,-4.577637,-31.677254,walking
3575507,0.234131,-0.746216,-0.103882,-7.995607,-3.906251,-24.902351,walking
3575524,0.251343,-0.799805,-0.137207,-1.037598,-2.319336,-18.920898,walking
3575540,0.25647,-0.846802,-0.150635,2.685547,-2.13623,-16.113281,walking
3575557,0.252686,-0.932129,-0.149414,8.056641,-1.586915,-10.437012,walking
3575574,0.258789,-0.994385,-0.149414,10.192871,-0.305176,-1.708985,walking
3575590,0.279663,-1.016357,-0.168945,10.986328,0.305176,3.234864,walking
3575607,0.300171,-1.047241,-0.218506,13.366703,1.281738,13.488773,walking
3575624,0.320923,-1.081787,-0.252441,18.127441,1.464844,22.033691,walking
3575640,0.321655,-1.111572,-0.266113,18.554688,1.831055,29.541023,walking
3575657,0.32019,-1.097534,-0.268921,18.127441,3.051759,32.470703,walking
3575674,0.335205,-1.082031,-0.263428,20.446777,4.882813,38.574219,walking
3575690,0.38855,-1.14917,-0.278442,24.963387,4.272461,44.616714,walking
3575707,0.420898,-1.177612,-0.302856,25.268562,1.953125,47.119156,walking
3575724,0.460083,-1.149048,-0.354126,20.690918,-8.728027,51.391617,walking
3575741,0.412964,-1.002563,-0.367554,13.061527,-21.911621,51.696793,walking
3575757,0.341553,-0.828857,-0.345337,4.882813,-25.634773,45.837418,walking
3575774,0.308105,-0.768677,-0.326294,3.173829,-23.132332,40.527344,walking
3575791,0.26355,-0.712891,-0.274048,4.150391,-11.169437,27.099617,walking
3575807,0.262451,-0.762573,-0.241333,5.859377,2.929688,13.977055,walking
3575824,0.272095,-0.809937,-0.231445,4.821777,9.460449,10.192871,walking
3575841,0.276855,-0.871826,-0.224976,-1.342773,20.263672,6.95801,walking
3575857,0.300293,-0.878906,-0.223999,-5.676271,23.681648,7.20215,walking
3575874,0.305176,-0.887329,-0.224243,-7.873537,25.146492,10.131836,walking
3575891,0.300415,-0.88208,-0.223877,-13.793949,33.26416,15.747074,walking
3575907,0.305664,-0.835571,-0.227905,-15.808109,41.19873,15.502934,walking
3575924,0.290405,-0.842651,-0.204346,-16.967773,49.255386,15.808109,walking
3575941,0.28418,-0.849976,-0.186768,-19.65332,55.480972,16.296387,walking
3575957,0.320801,-0.813965,-0.186157,-23.315437,66.40625,15.869144,walking
3575974,0.395752,-0.767334,-0.229736,-19.348145,66.101074,14.221195,walking
3575991,0.425293,-0.749878,-0.250732,-15.319828,61.035172,12.878422,walking
3576007,0.449707,-0.723022,-0.288086,-7.08008,44.128418,12.573246,walking
3576024,0.435669,-0.69812,-0.320801,1.525879,25.695808,13.183598,walking
3576041,0.424316,-0.675293,-0.339966,11.962894,9.765625,12.390141,walking
3576057,0.419556,-0.674561,-0.348511,17.272949,2.502441,11.779789,walking
3576074,0.401733,-0.699585,-0.366211,24.963387,-8.911133,12.02393,walking
3576091,0.389038,-0.720337,-0.380737,27.587898,-16.174316,13.061527,walking
3576107,0.38623,-0.726807,-0.37793,28.19825,-18.310547,13.305668,walking
3576124,0.375244,-0.747803,-0.369263,28.259285,-19.042969,13.610844,walking
3576141,0.376465,-0.784546,-0.370239,26.42823,-15.747074,13.916019,walking
3576157,0.387939,-0.832886,-0.375854,23.925789,-11.596684,15.075687,walking
3576174,0.392334,-0.855103,-0.376953,23.254402,-9.643555,14.343266,walking
3576191,0.401978,-0.92627,-0.365601,18.676758,-4.699707,15.319828,walking
3576207,0.385254,-0.940674,-0.339478,6.835939,1.220703,15.075687,walking
3576224,0.380127,-0.924683,-0.334473,4.272461,5.981447,14.221195,walking
3576241,0.410034,-0.973389,-0.329102,2.929688,16.845703,14.16016,walking
3576257,0.44812,-1.042725,-0.313232,-4.02832,26.42823,16.967773,walking
3576274,0.488159,-1.070557,-0.304932,3.784181,28.44239,9.460449,walking
3576291,0.536499,-1.138794,-0.307983,12.329105,24.963387,5.554201,walking
3576307,0.631226,-1.366699,-0.294189,20.080566,8.483887,5.004883,walking
3576324,0.603638,-1.445435,-0.254028,1.464844,-5.493164,12.512211,walking
3576341,0.575562,-1.326904,-0.272583,-6.713869,-10.375977,12.02393,walking
3576358,0.446777,-1.066284,-0.191162,-24.047859,-22.39991,5.432129,walking
3576391,0.541504,-0.903076,-0.262939,11.169437,-41.381836,-19.53125,walking
3576408,0.522949,-1.025146,-0.286621,13.549809,-44.372574,-15.441898,walking
3576424,0.507202,-1.145508,-0.312866,17.822266,-52.73439,-18.493652,walking
3576441,0.512939,-1.203735,-0.279053,13.549809,-69.091797,-17.150879,walking
3576474,0.413208,-1.077271,-0.174927,-7.141115,-73.303223,-10.681152,walking
3576491,0.340576,-0.924683,-0.150391,-20.080566,-63.171402,-11.108402,walking
3576508,0.320068,-0.856079,-0.157227,-24.353035,-55.786148,-13.366703,walking
3576524,0.309326,-0.736816,-0.179443,-27.404793,-41.687012,-19.65332,walking
3576541,0.289307,-0.695068,-0.186523,-24.658211,-26.733406,-25.634773,walking
3576558,0.306519,-0.721069,-0.17627,-24.475105,-15.380863,-29.479988,walking
3576574,0.319092,-0.734253,-0.170532,-25.878914,-12.26807,-31.066902,walking
3576591,0.345703,-0.740112,-0.151367,-28.19825,-10.437012,-33.630371,walking
3576608,0.344604,-0.736938,-0.126831,-28.19825,-12.451176,-35.827637,walking
3576624,0.337402,-0.741455,-0.114746,-27.526863,-13.305668,-37.04834,walking
3576641,0.33252,-0.756714,-0.105591,-25.512703,-14.099125,-38.452148,walking
3576658,0.316772,-0.793701,-0.106812,-24.902351,-14.03809,-37.963867,walking
3576674,0.294312,-0.809448,-0.096191,-27.038582,-12.146,-36.987305,walking
3576691,0.284668,-0.807373,-0.088989,-27.648933,-10.131836,-36.315918,walking
3576708,0.273682,-0.841797,-0.077393,-24.780281,-3.66211,-35.461426,walking
3576724,0.267944,-0.921021,-0.070679,-22.39991,4.638672,-35.339355,walking
3576741,0.264526,-0.956299,-0.077881,-21.42334,8.911133,-35.522461,walking
3576758,0.26416,-1.012329,-0.077271,-18.615723,16.906738,-35.888672,walking
3576774,0.273804,-1.05896,-0.070557,-15.93018,23.803719,-32.531738,walking
3576791,0.276855,-1.090088,-0.078735,-13.488773,30.21241,-26.672371,walking
3576808,0.282227,-1.099365,-0.085083,-11.962894,32.958984,-22.949226,walking
3576824,0.297363,-1.059082,-0.128784,-8.544922,35.095215,-16.662598,walking
3576841,0.312622,-0.999634,-0.181152,2.990724,31.372078,-10.986328,walking
3576858,0.322632,-1.006348,-0.199097,11.291508,28.137215,-7.934572,walking
3576874,0.374268,-1.08606,-0.235962,24.902351,17.456055,0.12207,walking
3576891,0.41626,-1.129761,-0.324951,29.235847,0.793457,10.925293,walking
3576908,0.382446,-1.020264,-0.393921,26.245125,-19.226074,16.906738,walking
3576925,0.343628,-0.927734,-0.39502,23.925789,-27.465828,17.333984,walking
3576941,0.255371,-0.756348,-0.361816,18.493652,-35.461426,14.892582,walking
3576958,0.194702,-0.68042,-0.308838,16.906738,-29.052742,10.803223,walking
3576975,0.178589,-0.689453,-0.276733,18.493652,-22.216805,6.347658,walking
3576991,0.169678,-0.789673,-0.226074,17.272949,-5.859377,-0.549316,walking
3577008,0.190063,-0.881592,-0.234497,11.474613,6.652834,-2.441406,walking
3577025,0.195557,-0.915771,-0.242676,3.601075,13.488773,3.967286,walking
3577041,0.203003,-0.951782,-0.260986,0.854492,15.686039,7.995607,walking
3577058,0.215332,-0.957764,-0.255249,-2.563477,22.766121,15.319828,walking
3577075,0.221802,-0.934448,-0.243408,-6.286623,36.682129,23.132332,walking
3577091,0.233154,-0.904785,-0.233398,-7.08008,44.067383,25.451668,walking
3577108,0.27832,-0.845703,-0.222534,-6.713869,52.673355,28.259285,walking
3577125,0.325317,-0.814209,-0.235962,-5.920412,53.771988,32.714844,walking
3577141,0.351196,-0.797607,-0.252441,-5.126953,51.818863,34.606934,walking
3577158,0.401001,-0.759399,-0.289429,0.671387,42.053223,36.254883,walking
3577175,0.419556,-0.74292,-0.317261,8.300781,27.160652,36.499023,walking
3577191,0.402954,-0.736694,-0.338623,14.221195,13.793949,37.536621,walking
3577208,0.391968,-0.737549,-0.35022,16.113281,9.338379,38.757324,walking
3577225,0.372559,-0.734863,-0.370728,18.066406,5.432129,40.771484,walking
3577241,0.363281,-0.722534,-0.373657,19.592285,4.333496,39.672852,walking
3577258,0.365967,-0.719482,-0.370361,20.202637,4.211426,38.574219,walking
3577275,0.371948,-0.729736,-0.360962,19.65332,5.798342,38.269043,walking
3577291,0.387207,-0.740845,-0.361206,17.76123,8.789063,39.489746,walking
3577308,0.417358,-0.762451,-0.38916,17.089844,9.094238,40.466309,walking
3577325,0.432617,-0.782227,-0.407593,17.39502,7.812502,40.527344,walking
3577341,0.452148,-0.836182,-0.41748,17.883301,3.906251,40.527344,walking
3577358,0.457764,-0.903198,-0.40918,17.272949,1.525879,40.405273,walking
3577375,0.452515,-0.938477,-0.402222,16.723633,2.746582,39.123535,walking
3577391,0.463379,-0.998047,-0.378906,8.544922,6.103518,37.414551,walking
3577408,0.45752,-0.975708,-0.375732,3.051759,9.94873,31.555183,walking
3577425,0.4823,-1.023315,-0.37439,5.187988,13.732914,23.986824,walking
3577441,0.502808,-1.069946,-0.361572,4.02832,14.221195,22.033691,walking
3577458,0.505615,-1.112671,-0.327393,-2.624512,17.211914,21.972656,walking
3577475,0.557373,-1.127808,-0.343384,6.286623,12.02393,14.404301,walking
3577491,0.606934,-1.192871,-0.364014,14.404301,3.295899,10.131836,walking
3577508,0.651855,-1.377075,-0.360229,15.869144,-19.470215,9.94873,walking
3577525,0.51123,-1.301147,-0.295898,-7.08008,-29.541023,10.131836,walking
3577558,0.427002,-0.918945,-0.21936,-15.197758,-20.629883,-9.70459,walking
3577575,0.464844,-0.877197,-0.222778,-5.615236,-19.958496,-25.634773,walking
3577592,0.524902,-0.973389,-0.249023,6.164553,-28.991707,-34.606934,walking
3577608,0.543823,-1.057739,-0.26416,9.338379,-37.109375,-34.057617,walking
3577625,0.535522,-1.201294,-0.254517,6.652834,-54.62648,-29.296883,walking
3577642,0.46228,-1.187378,-0.180176,-6.225588,-68.17627,-28.44239,walking
3577658,0.420044,-1.129761,-0.140991,-12.512211,-70.495605,-32.104492,walking
3577675,0.338867,-0.999878,-0.088867,-22.827156,-65.063477,-35.03418,walking
3577692,0.302124,-0.886353,-0.086304,-29.541023,-47.790543,-43.09082,walking
3577708,0.311523,-0.809204,-0.094971,-30.822762,-33.874512,-51.208511,walking
3577725,0.2948,-0.782227,-0.098022,-29.846199,-28.259285,-55.297867,walking
3577742,0.279785,-0.771484,-0.097534,-25.939949,-17.822266,-62.255875,walking
3577758,0.295532,-0.809937,-0.101685,-25.024422,-11.901859,-66.772461,walking
3577775,0.299194,-0.815918,-0.098389,-25.756844,-10.742188,-68.664551,walking
3577792,0.287598,-0.808594,-0.080811,-24.963387,-10.681152,-70.373535,walking
3577808,0.263672,-0.816528,-0.06543,-22.888191,-9.521484,-68.054199,walking
3577825,0.251709,-0.804565,-0.071289,-22.094727,-7.812502,-61.950699,walking
3577842,0.247314,-0.785889,-0.08313,-21.179199,-7.873537,-58.288589,walking
3577858,0.23877,-0.759644,-0.087769,-17.822266,-9.094238,-49.560562,walking
3577875,0.209351,-0.751221,-0.086914,-16.235352,-7.324221,-39.611816,walking
3577892,0.197021,-0.744995,-0.092773,-15.319828,-5.249023,-35.15625,walking
3577908,0.18042,-0.756592,-0.103149,-11.047363,1.464844,-26.489265,walking
3577925,0.199951,-0.804077,-0.120361,-5.493164,7.751467,-18.798828,walking
3577942,0.239014,-0.883057,-0.157349,3.723145,10.253906,-11.352543,walking
3577958,0.247559,-0.94165,-0.165771,7.873537,9.887695,-7.08008,walking
3577975,0.252563,-1.040039,-0.152344,8.117676,9.94873,2.685547,walking
3577992,0.268555,-1.041382,-0.162231,5.920412,11.657719,12.939457,walking
3578008,0.271851,-1.04895,-0.174194,8.117676,13.366703,17.700195,walking
3578025,0.289307,-1.0979,-0.190063,11.291508,17.822266,24.780281,walking
3578042,0.305786,-1.097778,-0.211426,11.657719,20.141602,29.113777,walking
3578058,0.316406,-1.107178,-0.225708,16.296387,20.019531,32.531738,walking
3578075,0.334473,-1.150635,-0.232544,19.226074,20.385742,34.667969,walking
3578092,0.392456,-1.232544,-0.267456,19.165039,18.310547,40.710449,walking
3578109,0.418823,-1.174194,-0.311646,12.146,10.009766,46.875015,walking
3578125,0.411621,-1.084961,-0.322998,7.995607,4.516602,48.522964,walking
3578142,0.389648,-0.876221,-0.339478,2.258301,-6.286623,47.119156,walking
3578159,0.361816,-0.720459,-0.335938,3.356935,-12.939457,41.748047,walking
3578175,0.324829,-0.696045,-0.291748,11.596684,-12.329105,31.127937,walking
3578192,0.318726,-0.738647,-0.265747,14.343266,-10.864258,25.512703,walking
3578209,0.319458,-0.850464,-0.246704,15.686039,-8.300781,16.113281,walking
3578225,0.300415,-0.942505,-0.251831,11.840824,-5.798342,13.793949,walking
3578242,0.290527,-0.959595,-0.256226,9.094238,-4.211426,13.610844,walking
3578259,0.279907,-0.956665,-0.246948,3.295899,1.64795,17.150879,walking
3578275,0.264526,-0.916626,-0.23291,-2.441406,13.427738,21.30127,walking
3578292,0.259399,-0.885254,-0.223633,-4.577637,20.324707,21.484375,walking
3578309,0.282959,-0.827393,-0.212524,-5.676271,32.165527,19.53125,walking
3578325,0.327881,-0.811646,-0.218384,-6.774904,39.0625,19.897461,walking
3578342,0.353271,-0.781372,-0.24292,-7.812502,41.503906,20.385742,walking
3578359,0.370117,-0.755005,-0.257446,-6.225588,39.550781,19.53125,walking
3578375,0.408569,-0.723389,-0.296509,1.220703,28.808601,16.662598,walking
3578392,0.417847,-0.733276,-0.331299,9.887695,14.221195,13.977055,walking
3578409,0.409058,-0.742554,-0.342285,12.451176,7.690432,13.732914,walking
3578425,0.385376,-0.740112,-0.360596,15.563969,-1.037598,13.671879,walking
3578442,0.372803,-0.725342,-0.379272,18.798828,-5.676271,11.291508,walking
3578459,0.380493,-0.721558,-0.3927,21.54541,-10.070801,7.995607,walking
3578475,0.381226,-0.726074,-0.396484,21.911621,-11.718754,6.896975,walking
3578492,0.383667,-0.748169,-0.397095,21.66748,-12.756351,5.187988,walking
3578509,0.39624,-0.779419,-0.392944,19.470215,-12.634281,4.272461,walking
3578525,0.398193,-0.792725,-0.397095,17.456055,-12.146,4.02832,walking
3578542,0.406006,-0.814575,-0.416382,14.465336,-10.986328,3.784181,walking
3578559,0.419556,-0.864258,-0.432739,13.916019,-10.070801,3.112794,walking
3578575,0.417236,-0.937134,-0.418579,12.329105,-6.652834,-0.061035,walking
3578592,0.420044,-0.970093,-0.404175,9.216309,-3.723145,-1.586915,walking
3578609,0.424683,-0.980713,-0.371948,-2.197266,1.159668,-4.02832,walking
3578625,0.414429,-0.944214,-0.367432,-7.751467,8.666992,-7.019045,walking
3578642,0.431641,-0.952148,-0.365112,-8.239746,11.718754,-8.422852,walking
3578659,0.466431,-0.998047,-0.340576,-10.070801,14.892582,-8.544922,walking
3578675,0.490967,-1.057495,-0.325562,-2.990724,13.977055,-12.146,walking
3578692,0.565063,-1.2146,-0.342407,11.291508,2.807618,-15.380863,walking
3578709,0.59668,-1.321045,-0.347412,15.197758,-6.164553,-13.610844,walking
3578726,0.564209,-1.457397,-0.300903,1.953125,-21.911621,-2.929688,walking
3578742,0.418701,-1.244629,-0.233398,-22.094727,-19.836426,-1.342773,walking
3578759,0.375732,-1.085938,-0.20752,-27.404793,-13.732914,-5.249023,walking
3578776,0.391479,-0.877075,-0.193481,-28.808601,-4.577637,-15.625004,walking
3578792,0.41333,-0.769897,-0.218872,-15.014652,-1.77002,-32.287598,walking
3578809,0.465698,-0.871948,-0.242676,3.41797,-7.507326,-38.269043,walking
3578826,0.498779,-0.967041,-0.253906,7.812502,-16.357422,-37.536621,walking
3578842,0.532349,-1.102539,-0.25708,9.094238,-42.114258,-29.235847,walking
3578859,0.501343,-1.145386,-0.207031,1.464844,-67.260742,-16.540527,walking
3578876,0.446289,-1.105957,-0.173218,-4.516602,-74.21875,-12.329105,walking
3578892,0.345703,-0.964233,-0.119995,-13.427738,-74.401855,-10.192871,walking
3578909,0.291016,-0.850098,-0.104736,-20.996094,-62.011734,-11.413578,walking
3578926,0.263428,-0.793823,-0.114502,-23.132332,-53.039566,-14.099125,walking
3578942,0.230103,-0.731934,-0.127808,-21.240234,-29.785164,-21.42334,walking
3578959,0.248657,-0.757446,-0.115845,-20.690918,-9.277344,-27.587898,walking
3578976,0.268188,-0.762329,-0.103516,-23.376472,2.441406,-32.531738,walking
3578992,0.278076,-0.753662,-0.099365,-24.108894,5.615236,-34.362793,walking
3579009,0.300903,-0.744385,-0.102051,-23.986824,7.751467,-35.705566,walking
3579026,0.302002,-0.745972,-0.111938,-22.155769,6.896975,-35.400391,walking
3579042,0.291382,-0.742798,-0.115112,-20.507813,6.591799,-35.15625,walking
3579059,0.265503,-0.730591,-0.125,-14.465336,6.408693,-36.499023,walking
3579076,0.234741,-0.74585,-0.114502,-8.972168,8.178711,-37.658691,walking
3579092,0.207275,-0.753662,-0.10022,-8.239746,14.221195,-34.790039,walking
3579109,0.200806,-0.755371,-0.100586,-7.873537,18.127441,-32.836914,walking
3579126,0.20813,-0.777588,-0.107056,-5.310059,25.878914,-28.503426,walking
3579142,0.228516,-0.819946,-0.125854,0.061035,30.883797,-23.254402,walking
3579159,0.244629,-0.854492,-0.132568,4.089355,31.860359,-19.958496,walking
3579176,0.286133,-0.956421,-0.151367,10.498047,29.968269,-10.070801,walking
3579192,0.319214,-1.032837,-0.182495,8.850098,24.16993,3.784181,walking
3579209,0.346802,-1.016846,-0.213257,9.216309,15.869144,17.63916,walking
3579226,0.351807,-1.025269,-0.221069,12.329105,12.329105,24.16993,walking
3579242,0.34729,-1.07605,-0.244629,16.113281,7.873537,34.423828,walking
3579259,0.340698,-1.09314,-0.270142,18.188477,7.568361,41.015625,walking
3579276,0.349854,-1.110229,-0.275635,21.30127,8.117676,44.067383,walking
3579293,0.405151,-1.212769,-0.290039,27.038582,7.20215,52.001968,walking
3579309,0.453491,-1.264282,-0.337646,22.155769,0.305176,58.105484,walking
3579326,0.432983,-1.100464,-0.363159,10.803223,-10.314941,57.556168,walking
3579343,0.407593,-0.981689,-0.364136,6.652834,-15.014652,54.809586,walking
3579359,0.347534,-0.795044,-0.346924,2.258301,-19.53125,46.752945,walking
3579376,0.289429,-0.723389,-0.303833,7.263186,-11.962894,33.752441,walking
3579393,0.293457,-0.751953,-0.272461,12.207035,-7.629396,26.000984,walking
3579409,0.330566,-0.905396,-0.232422,16.479492,-4.211426,14.770512,walking
3579426,0.328857,-1.011597,-0.230591,9.277344,-3.967286,12.512211,walking
3579443,0.309814,-1.018555,-0.243652,1.525879,-3.906251,15.563969,walking
3579459,0.305664,-0.987427,-0.248047,-0.610352,-3.41797,18.005371,walking
3579476,0.273438,-0.951416,-0.255615,-4.455566,6.286623,21.54541,walking
3579493,0.244873,-0.900757,-0.232544,-8.850098,24.597176,18.310547,walking
3579509,0.245605,-0.872314,-0.213135,-11.108402,33.508301,15.747074,walking
3579526,0.249146,-0.835449,-0.182251,-17.578125,51.879898,13.427738,walking
3579543,0.282104,-0.785034,-0.200562,-21.972656,67.443848,10.803223,walking
3579559,0.312012,-0.761841,-0.220581,-21.484375,70.922852,8.605957,walking
3579576,0.367432,-0.734985,-0.252197,-16.784668,68.29834,4.516602,walking
3579593,0.389282,-0.730469,-0.280396,-11.230473,56.457535,3.601075,walking
3579609,0.382202,-0.713135,-0.302002,-7.507326,44.982925,5.432129,walking
3579626,0.388794,-0.696533,-0.315308,-4.333496,40.039063,6.713869,walking
3579643,0.410034,-0.684692,-0.340698,3.906251,28.259285,7.629396,walking
3579659,0.425171,-0.697021,-0.349243,9.82666,14.709476,8.911133,walking
3579676,0.42395,-0.702393,-0.349365,11.718754,9.094238,9.643555,walking
3579693,0.425293,-0.715332,-0.362183,13.793949,0.610352,10.559082,walking
3579709,0.424072,-0.73877,-0.389893,14.709476,-3.906251,10.375977,walking
3579726,0.422485,-0.774536,-0.405151,15.625004,-5.615236,8.850098,walking
3579743,0.422852,-0.811401,-0.405151,16.723633,-5.737307,8.117676,walking
3579759,0.422119,-0.90979,-0.379761,15.319828,-3.479005,7.873537,walking
3579776,0.409058,-0.971436,-0.34375,9.643555,5.065918,6.896975,walking
3579793,0.411377,-0.99353,-0.325195,3.845216,10.131836,7.629396,walking
3579809,0.417847,-0.96521,-0.299316,-8.300781,17.944336,7.507326,walking
3579826,0.436157,-0.935303,-0.306152,-6.896975,24.902351,5.493164,walking
3579843,0.459229,-1.026978,-0.299194,-4.943848,30.151375,7.568361,walking
3579859,0.460938,-1.050415,-0.29248,-4.455566,31.799324,7.019045,walking
3579876,0.533813,-1.095703,-0.302002,8.178711,26.733406,4.760742,walking
3579893,0.63562,-1.278687,-0.347168,25.024422,5.371094,8.117676,walking
3579910,0.647583,-1.386108,-0.349854,23.315437,-6.713869,13.977055,walking
3579926,0.548462,-1.31543,-0.324951,0.976563,-18.615723,21.972656,walking
3579943,0.453735,-0.978149,-0.264526,-9.338379,-22.155769,13.916019,walking
3579960,0.470703,-0.80481,-0.227661,-7.263186,-26.42823,1.403809,walking
3579976,0.470215,-0.762939,-0.22876,-3.723145,-30.33448,-6.042482,walking
3579993,0.463989,-0.782837,-0.245117,9.399414,-37.353516,-18.981934,walking
3580010,0.473145,-0.95874,-0.257446,16.357422,-46.447769,-21.30127,walking
3580026,0.474976,-1.036865,-0.260864,15.197758,-53.100601,-20.507813,walking
3580043,0.453979,-1.115967,-0.218262,7.446291,-65.612793,-15.747074,walking
3580060,0.379883,-1.082153,-0.140625,-5.371094,-67.138672,-12.390141,walking
3580076,0.348999,-1.034058,-0.115601,-17.51709,-56.274429,-12.26807,walking
3580093,0.303467,-0.939941,-0.096069,-22.888191,-48.034683,-14.709476,walking
3580110,0.265503,-0.855957,-0.097778,-28.991707,-27.282722,-22.766121,walking
3580126,0.24707,-0.824707,-0.093628,-31.005867,-4.150391,-32.043457,walking
3580143,0.250977,-0.822998,-0.087402,-32.897949,6.713869,-35.461426,walking
3580160,0.290527,-0.811523,-0.078125,-35.217285,20.874023,-40.893555,walking
3580176,0.313965,-0.806885,-0.080688,-35.461426,25.634773,-44.860855,walking
3580193,0.32666,-0.802246,-0.083618,-35.461426,25.939949,-45.654312,walking
3580210,0.341919,-0.795044,-0.097046,-34.179688,22.460945,-45.227066,walking
3580226,0.32251,-0.764526,-0.104492,-30.883797,17.089844,-45.227066,walking
3580243,0.304443,-0.73584,-0.116699,-24.841316,12.878422,-45.349136,walking
3580260,0.292969,-0.734863,-0.116211,-22.216805,11.962894,-44.372574,walking
3580276,0.279297,-0.743042,-0.102295,-18.615723,12.207035,-40.588379,walking
3580293,0.281982,-0.768555,-0.094238,-14.16016,12.26807,-35.217285,walking
3580310,0.285645,-0.790405,-0.100952,-11.657719,11.779789,-32.043457,walking
3580326,0.299927,-0.845093,-0.121582,-5.371094,9.155273,-24.353035,walking
3580343,0.317627,-0.910522,-0.144531,0.671387,4.150391,-14.16016,walking
3580360,0.330322,-0.960693,-0.181885,5.493164,-2.258301,-3.051759,walking
3580376,0.329224,-0.978394,-0.194824,6.896975,-5.310059,2.075195,walking
3580393,0.328613,-1.005249,-0.213623,12.512211,-8.728027,10.742188,walking
3580410,0.298096,-1.07312,-0.207764,17.028809,-5.126953,16.540527,walking
3580426,0.281494,-1.091187,-0.204468,16.357422,-0.732422,18.249512,walking
3580443,0.278442,-1.081055,-0.199951,16.479492,10.742188,21.66748,walking
3580460,0.316284,-1.117065,-0.210938,22.644051,20.874023,26.062019,walking
3580477,0.405029,-1.198486,-0.254517,25.939949,23.071297,33.996582,walking
3580493,0.445801,-1.203979,-0.282227,24.475105,18.737793,38.452148,walking
3580510,0.443848,-1.073486,-0.342163,17.51709,3.479005,44.189453,walking
3580527,0.38562,-0.860718,-0.361938,11.596684,-10.314941,42.358398,walking
3580543,0.363403,-0.766602,-0.352051,9.094238,-13.488773,39.916992,walking
3580560,0.323853,-0.652832,-0.332642,10.498047,-12.756351,32.409668,walking
3580577,0.287476,-0.710815,-0.282471,18.310547,-6.164553,18.249512,walking
3580593,0.307007,-0.859985,-0.251953,18.005371,0.549316,8.178711,walking
3580610,0.319702,-0.921021,-0.255127,15.136723,1.89209,5.981447,walking
3580627,0.300293,-0.989502,-0.266968,5.493164,4.333496,8.728027,walking
3580643,0.286377,-0.975464,-0.271729,-2.075195,9.70459,11.901859,walking
3580660,0.288696,-0.958252,-0.267578,-3.723145,13.610844,13.732914,walking
3580677,0.28894,-0.92749,-0.240234,-6.774904,25.756844,15.502934,walking
3580693,0.315796,-0.875732,-0.210449,-7.751467,37.841797,13.793949,walking
3580710,0.335815,-0.858154,-0.197388,-7.324221,42.114258,11.962894,walking
3580727,0.382935,-0.838989,-0.188477,-7.324221,41.137695,12.451176,walking
3580743,0.411743,-0.805664,-0.218872,-5.920412,34.118652,13.305668,walking
3580760,0.432983,-0.774414,-0.277832,0.793457,19.836426,13.244633,walking
3580777,0.430908,-0.768188,-0.301758,4.943848,10.986328,12.512211,walking
3580793,0.405273,-0.761841,-0.329102,11.901859,-4.150391,11.474613,walking
3580810,0.364136,-0.756958,-0.345337,16.113281,-11.596684,12.451176,walking
3580827,0.347656,-0.75293,-0.35144,17.456055,-12.207035,13.000492,walking
3580843,0.339478,-0.735962,-0.368896,19.287109,-11.169437,11.596684,walking
3580860,0.343506,-0.727295,-0.391113,21.118164,-10.620117,7.690432,walking
3580877,0.341553,-0.749023,-0.40332,20.446777,-8.605957,6.103518,walking
3580893,0.34436,-0.76355,-0.402466,18.981934,-6.652834,6.042482,walking
3580910,0.361328,-0.789429,-0.400635,15.136723,-2.807618,7.019045,walking
3580927,0.382202,-0.809326,-0.413696,11.962894,-0.183106,7.934572,walking
3580943,0.395996,-0.824341,-0.42627,11.596684,-0.244141,8.361816,walking
3580960,0.432007,-0.879883,-0.442017,12.573246,-3.41797,9.399414,walking
3580977,0.452515,-0.942017,-0.424438,11.291508,-8.666992,10.437012,walking
3580993,0.446167,-0.973267,-0.384155,5.004883,-11.352543,12.146,walking
3581010,0.437988,-0.969849,-0.361328,-0.793457,-12.146,13.671879,walking
3581027,0.400879,-0.913696,-0.335571,-6.95801,-8.361816,12.634281,walking
3581043,0.440674,-0.93335,-0.327271,-3.845216,-4.150391,8.789063,walking
3581060,0.456177,-0.974487,-0.313599,-5.676271,-3.234864,9.643555,walking
3581077,0.438843,-0.972656,-0.294678,-7.446291,-1.220703,6.469728,walking
3581094,0.48291,-1.030518,-0.295044,6.469728,-4.333496,0.305176,walking
3581110,0.552979,-1.243042,-0.304932,18.371582,-15.258793,1.220703,walking
3581127,0.575806,-1.35376,-0.301636,15.502934,-22.094727,6.835939,walking
3581144,0.481201,-1.36084,-0.270996,-8.728027,-26.672371,15.869144,walking
3581160,0.355103,-1.042969,-0.216064,-24.230965,-15.197758,6.95801,walking
3581177,0.359253,-0.918213,-0.190186,-24.841316,-8.056641,-0.061035,walking
3581194,0.423706,-0.824097,-0.1698,-21.911621,-0.549316,-8.850098,walking
3581210,0.476074,-0.828613,-0.206787,-13.732914,-2.441406,-17.76123,walking
3581227,0.520752,-0.940796,-0.255005,-0.671387,-14.892582,-23.071297,walking
3581244,0.539551,-1.026001,-0.266479,2.990724,-26.30616,-23.315437,walking
3581260,0.536377,-1.141602,-0.243896,3.112794,-51.330582,-21.42334,walking
3581277,0.46106,-1.144653,-0.176514,-3.906251,-68.42041,-18.737793,walking
3581294,0.410645,-1.101807,-0.152222,-8.972168,-70.129395,-18.371582,walking
3581310,0.336426,-0.989258,-0.132813,-17.028809,-62.255875,-20.996094,walking
3581327,0.289307,-0.871094,-0.148804,-21.362305,-47.607437,-29.724129,walking
3581344,0.269165,-0.822876,-0.151367,-21.66748,-22.705086,-38.879395,walking
3581360,0.236938,-0.773193,-0.1427,-19.165039,-19.470215,-43.09082,walking
3581377,0.242432,-0.776489,-0.133789,-20.080566,-8.850098,-46.630875,walking
3581394,0.24646,-0.765015,-0.144531,-21.118164,-6.103518,-46.630875,walking
3581410,0.247681,-0.763184,-0.150879,-20.812988,-6.896975,-45.532242,walking
3581427,0.231201,-0.759766,-0.145996,-20.690918,-10.009766,-41.137695,walking
3581444,0.213501,-0.739014,-0.145142,-19.40918,-11.779789,-36.499023,walking
3581460,0.203857,-0.727539,-0.14563,-16.723633,-12.207035,-35.095215,walking
3581477,0.177002,-0.734375,-0.133667,-11.962894,-11.169437,-31.799324,walking
3581494,0.137573,-0.744995,-0.108521,-11.596684,-5.554201,-27.404793,walking
3581510,0.126953,-0.743896,-0.09021,-10.803223,4.333496,-22.338875,walking
3581527,0.137085,-0.759277,-0.089478,-9.033203,9.94873,-19.897461,walking
3581544,0.178101,-0.832886,-0.123291,-2.258301,19.104004,-14.953617,walking
3581560,0.229004,-0.947632,-0.133789,4.577637,21.30127,-10.192871,walking
3581577,0.251587,-0.998657,-0.130493,5.920412,20.324707,-6.347658,walking
3581594,0.269531,-1.05896,-0.126343,4.089355,16.662598,3.784181,walking
3581610,0.284546,-1.053833,-0.152344,5.493164,13.244633,14.465336,walking
3581627,0.2948,-1.10144,-0.187012,10.620117,12.390141,24.047859,walking
3581644,0.296265,-1.120117,-0.201294,12.695316,12.573246,27.526863,walking
3581660,0.297485,-1.148438,-0.208374,18.676758,13.732914,33.508301,walking
3581677,0.309204,-1.237305,-0.228394,25.451668,15.258793,39.733887,walking
3581694,0.329956,-1.282471,-0.254761,25.573738,14.648441,43.273926,walking
3581711,0.355225,-1.238159,-0.31543,17.028809,10.864258,48.522964,walking
3581727,0.312012,-1.005127,-0.346313,7.812502,7.20215,45.837418,walking
3581744,0.299561,-0.810181,-0.347046,6.835939,5.554201,38.574219,walking
3581761,0.291504,-0.762329,-0.34021,8.605957,5.920412,33.508301,walking
3581777,0.297607,-0.754395,-0.309814,16.235352,6.225588,19.958496,walking
3581794,0.313477,-0.852417,-0.274658,19.65332,0.183106,9.338379,walking
3581811,0.305298,-0.900879,-0.266235,18.188477,-2.868653,6.347658,walking
3581827,0.278564,-0.94812,-0.260864,12.207035,-7.385256,4.699707,walking
3581844,0.241455,-0.96106,-0.265381,4.760742,-7.934572,10.437012,walking
3581861,0.189453,-0.926147,-0.261353,-2.929688,4.455566,14.831547,walking
3581877,0.18042,-0.891357,-0.255615,-4.455566,13.183598,14.03809,walking
3581894,0.194458,-0.845703,-0.219604,-5.371094,29.663094,12.02393,walking
3581911,0.202881,-0.850098,-0.205811,-10.498047,47.424332,14.465336,walking
3581927,0.211304,-0.835571,-0.208984,-14.099125,56.030289,14.892582,walking
3581944,0.262085,-0.784912,-0.228638,-16.784668,66.711426,12.695316,walking
3581961,0.305908,-0.763062,-0.24585,-15.075687,69.030762,9.277344,walking
3581977,0.321655,-0.761108,-0.245117,-14.343266,68.359375,8.728027,walking
3581994,0.34021,-0.745728,-0.252319,-14.16016,65.979004,10.803223,walking
3582011,0.359131,-0.700928,-0.29187,-9.82666,62.622086,13.488773,walking
3582027,0.399902,-0.678589,-0.337402,-0.305176,54.077164,14.465336,walking
3582044,0.419678,-0.684082,-0.347778,3.906251,47.790543,15.563969,walking
3582061,0.439819,-0.689941,-0.347656,9.338379,34.912109,18.859863,walking
3582077,0.465088,-0.68811,-0.355713,13.366703,22.460945,22.949226,walking
3582094,0.483032,-0.690186,-0.368408,15.380863,16.052246,24.53614,walking
3582111,0.507324,-0.701782,-0.401733,19.40918,1.403809,25.939949,walking
3582127,0.508301,-0.739014,-0.42688,24.902351,-12.02393,24.902351,walking
3582144,0.511841,-0.827026,-0.437866,27.648933,-21.850586,23.071297,walking
3582161,0.507813,-0.869141,-0.43811,27.954109,-24.658211,20.996094,walking
3582177,0.494263,-0.965942,-0.405029,23.071297,-23.498543,18.676758,walking
3582194,0.485352,-1.00354,-0.362915,10.192871,-18.249512,15.136723,walking
3582211,0.485718,-0.997803,-0.363281,6.95801,-14.587406,11.779789,walking
3582227,0.543213,-1.039673,-0.368896,9.58252,-9.399414,6.774904,walking
3582244,0.570801,-1.173584,-0.348145,6.652834,-5.981447,10.253906,walking
3582261,0.625244,-1.227661,-0.358765,13.671879,-12.02393,3.601075,walking
3582278,0.677979,-1.286255,-0.373779,22.27784,-22.094727,-0.244141,walking
3582294,0.717651,-1.489014,-0.35022,26.794441,-46.752945,1.464844,walking
3582311,0.577148,-1.447876,-0.265747,-4.516602,-57.434097,9.70459,walking
3582328,0.470215,-1.272705,-0.234009,-17.150879,-53.405777,7.08008,walking
3582344,0.394043,-0.957275,-0.203735,-24.475105,-37.963867,-8.972168,walking
3582361,0.453491,-0.825684,-0.214478,-17.822266,-31.066902,-26.18409,walking
3582378,0.481934,-0.830322,-0.246704,-3.906251,-35.522461,-39.916992,walking
3582394,0.491943,-0.890503,-0.25647,0.732422,-39.978027,-41.381836,walking
3582411,0.497192,-1.019165,-0.254395,1.525879,-52.124039,-38.879395,walking
3582428,0.481323,-1.076172,-0.205444,-3.112794,-66.101074,-35.949707,walking
3582444,0.444458,-1.077759,-0.16272,-7.507326,-71.350098,-36.132813,walking
3582461,0.348022,-1.017944,-0.089966,-18.920898,-72.509766,-37.963867,walking
3582478,0.274292,-0.924438,-0.067627,-28.808601,-58.471695,-41.992188,walking
3582494,0.245483,-0.846313,-0.064697,-33.569336,-37.658691,-47.424332,walking
3582511,0.241821,-0.820679,-0.069336,-34.606934,-27.343758,-49.804703,walking
3582528,0.22876,-0.803833,-0.077515,-33.26416,-8.728027,-55.114761,walking
3582544,0.230713,-0.823853,-0.067261,-34.667969,7.263186,-56.64064,walking
3582561,0.237427,-0.819458,-0.055664,-35.827637,11.840824,-56.823746,walking
3582578,0.240601,-0.798462,-0.044434,-37.780762,17.456055,-53.833023,walking
3582594,0.255127,-0.772949,-0.061401,-35.766602,18.310547,-49.682632,walking
3582611,0.253906,-0.764771,-0.074463,-33.447266,17.700195,-47.607437,walking
3582628,0.252808,-0.743774,-0.093994,-27.709969,14.16016,-43.09082,walking
3582644,0.229126,-0.717041,-0.086182,-22.033691,9.94873,-37.597656,walking
3582661,0.205444,-0.703369,-0.081665,-18.127441,8.117676,-30.029305,walking
3582678,0.202148,-0.697632,-0.085815,-16.357422,8.117676,-26.42823,walking
3582694,0.213135,-0.722534,-0.105469,-8.850098,10.253906,-20.080566,walking
3582711,0.228271,-0.802979,-0.11499,-0.488281,12.939457,-14.28223,walking
3582728,0.243652,-0.848267,-0.119019,4.272461,13.549809,-11.230473,walking
3582744,0.267944,-0.952271,-0.109863,10.498047,13.366703,-3.356935,walking
3582761,0.297485,-1.011475,-0.14502,10.437012,11.108402,7.20215,walking
3582778,0.338379,-1.019409,-0.220825,12.512211,7.324221,17.578125,walking
3582794,0.343628,-1.046631,-0.234619,16.174316,5.798342,21.911621,walking
3582811,0.321289,-1.109375,-0.221191,17.51709,8.178711,27.893074,walking
3582828,0.298584,-1.091309,-0.226318,13.366703,15.502934,30.456551,walking
3582844,0.298584,-1.084839,-0.236938,13.427738,20.935059,31.311043,walking
3582861,0.345581,-1.13208,-0.268799,13.977055,29.724129,34.545898,walking
3582878,0.417358,-1.175903,-0.311768,10.070801,30.09034,39.794922,walking
3582895,0.450806,-1.085449,-0.344604,2.502441,22.338875,44.982925,walking
3582911,0.458984,-1.016724,-0.350952,-0.061035,15.747074,48.156754,walking
3582928,0.425415,-0.889771,-0.341187,-4.577637,4.516602,52.978531,walking
3582945,0.398438,-0.786621,-0.328613,0.427246,1.464844,46.997086,walking
3582961,0.405396,-0.776733,-0.320801,5.859377,0.732422,42.297363,walking
3582978,0.426514,-0.85498,-0.305786,16.174316,-3.906251,34.118652,walking
3582995,0.412231,-0.945068,-0.293945,15.991215,-10.192871,28.686531,walking
3583011,0.389404,-0.925049,-0.280518,13.183598,-15.075687,25.573738,walking
3583028,0.376099,-0.916626,-0.270874,11.901859,-15.380863,26.367195,walking
3583045,0.332031,-0.894775,-0.247925,6.286623,-8.239746,25.512703,walking
3583061,0.321777,-0.820435,-0.226318,2.807618,3.295899,18.249512,walking
3583078,0.333618,-0.799683,-0.220093,2.01416,8.178711,15.502934,walking
3583095,0.34668,-0.804565,-0.216431,-1.77002,16.967773,14.648441,walking
3583111,0.339844,-0.782471,-0.236328,-4.150391,25.573738,11.840824,walking
3583128,0.361328,-0.766602,-0.255859,-0.793457,27.771004,6.408693,walking
3583145,0.371704,-0.753418,-0.260132,1.403809,26.550301,4.089355,walking
3583161,0.383789,-0.748657,-0.266113,4.150391,22.27784,2.197266,walking
3583178,0.387573,-0.725342,-0.288574,6.042482,16.662598,2.075195,walking
3583195,0.38623,-0.713257,-0.306885,8.117676,13.732914,1.77002,walking
3583211,0.371826,-0.712646,-0.343018,13.427738,8.361816,-0.793457,walking
3583228,0.368408,-0.714355,-0.346558,15.93018,4.516602,-2.746582,walking
3583245,0.369629,-0.708374,-0.347046,16.174316,2.868653,-2.075195,walking
3583261,0.370728,-0.698364,-0.363403,17.51709,1.220703,-0.793457,walking
3583278,0.40564,-0.707886,-0.395508,19.958496,-3.051759,0.915528,walking
3583295,0.436401,-0.730957,-0.42749,23.376472,-12.573246,2.258301,walking
3583311,0.450562,-0.753174,-0.440308,25.390633,-18.371582,2.868653,walking
3583328,0.462036,-0.816895,-0.452271,28.44239,-30.09034,4.455566,walking
3583345,0.443848,-0.903931,-0.424805,28.381355,-34.851074,4.821777,walking
3583361,0.44104,-0.943359,-0.393188,25.573738,-34.606934,4.760742,walking
3583378,0.440552,-0.994141,-0.351074,18.371582,-30.578621,5.554201,walking
3583395,0.467163,-1.058838,-0.35144,14.587406,-25.207527,6.469728,walking
3583411,0.496582,-1.140747,-0.33313,8.911133,-19.226074,13.916019,walking
3583428,0.499756,-1.163086,-0.331665,8.056641,-17.39502,13.122562,walking
3583445,0.555298,-1.232788,-0.33606,13.916019,-22.27784,7.263186,walking
3583462,0.565063,-1.345947,-0.312744,13.305668,-31.98243,3.41797,walking
3583478,0.525024,-1.374146,-0.288208,5.615236,-32.287598,4.089355,walking
3583495,0.391479,-1.250366,-0.218018,-17.883301,-15.808109,1.342773,walking
3583512,0.362793,-1.029175,-0.168579,-29.296883,4.760742,-9.58252,walking
3583528,0.399292,-0.914551,-0.174927,-23.071297,14.770512,-27.526863,walking
3583545,0.437378,-0.916016,-0.19397,-16.052246,15.380863,-34.362793,walking
3583562,0.493164,-1.015015,-0.240601,-5.126953,6.042482,-39.18457,walking
3583578,0.500488,-1.072876,-0.250732,-2.929688,-12.084965,-35.949707,walking
3583595,0.496094,-1.077026,-0.229858,-4.272461,-22.888191,-31.799324,walking
3583612,0.450684,-1.026489,-0.167969,-7.263186,-43.640137,-28.686531,walking
3583628,0.351929,-0.925171,-0.11853,-11.352543,-50.8423,-28.808601,walking
3583645,0.316284,-0.832031,-0.107666,-17.150879,-45.593277,-27.893074,walking
3583662,0.308594,-0.79187,-0.11792,-18.371582,-42.175293,-28.137215,walking
3583678,0.272461,-0.740479,-0.133057,-18.005371,-32.714844,-29.907234,walking
3583695,0.255981,-0.733276,-0.131958,-15.136723,-21.972656,-32.531738,walking
3583712,0.254028,-0.751953,-0.123535,-15.686039,-16.784668,-32.470703,walking
3583728,0.251587,-0.768311,-0.108276,-20.446777,-7.690432,-31.677254,walking
3583745,0.255127,-0.761841,-0.099487,-23.498543,-0.793457,-30.33448,walking
3583762,0.258057,-0.758423,-0.096191,-24.658211,4.394531,-29.174812,walking
3583778,0.276123,-0.755493,-0.103271,-24.41407,6.286623,-27.893074,walking
3583795,0.288086,-0.759766,-0.113892,-23.010262,7.324221,-24.230965,walking
3583812,0.267822,-0.762695,-0.111816,-21.972656,8.483887,-20.507813,walking
3583828,0.253906,-0.760254,-0.104126,-21.240234,10.498047,-19.042969,walking
3583845,0.246338,-0.769531,-0.091675,-17.822266,17.211914,-16.479492,walking
3583862,0.267334,-0.822632,-0.096558,-12.817387,24.108894,-12.451176,walking
3583878,0.285645,-0.854004,-0.110352,-9.70459,25.817879,-10.375977,walking
3583895,0.320557,-0.913208,-0.142456,-1.464844,24.902351,-6.469728,walking
3583912,0.349731,-0.993042,-0.163818,3.784181,19.348145,0.976563,walking
3583928,0.357544,-1.016602,-0.181274,4.211426,11.962894,8.422852,walking
3583945,0.355225,-1.012207,-0.180298,5.798342,9.277344,11.962894,walking
3583962,0.351196,-1.039551,-0.183472,10.009766,7.324221,18.005371,walking
3583978,0.344971,-1.052612,-0.209595,11.108402,8.056641,21.484375,walking
3583995,0.341797,-1.051392,-0.217651,13.305668,8.850098,22.949226,walking
3584012,0.343628,-1.108765,-0.221069,18.798828,11.474613,27.282722,walking
3584028,0.374756,-1.183105,-0.247681,18.798828,12.390141,33.630371,walking
3584045,0.401001,-1.144409,-0.292114,12.939457,9.82666,39.550781,walking
3584062,0.393433,-1.076904,-0.313599,9.58252,7.263186,41.19873,walking
3584079,0.366455,-0.92041,-0.326416,4.333496,2.197266,40.466309,walking
3584095,0.344971,-0.782349,-0.314087,2.258301,0.610352,34.606934,walking
3584112,0.343872,-0.739624,-0.306274,5.249023,0.732422,29.602058,walking
3584129,0.374146,-0.776855,-0.288696,15.441898,-2.197266,19.226074,walking
3584145,0.376953,-0.915161,-0.293823,19.714355,-10.925293,11.230473,walking
3584162,0.326294,-1.003906,-0.29126,15.197758,-17.089844,9.521484,walking
3584179,0.290649,-1.013428,-0.281494,11.596684,-15.869144,9.460449,walking
3584195,0.263184,-0.99292,-0.25708,5.126953,-7.873537,10.559082,walking
3584212,0.250366,-0.942017,-0.230469,0.061035,5.554201,10.986328,walking
3584229,0.249756,-0.91626,-0.21936,-1.89209,13.488773,10.742188,walking
3584245,0.271118,-0.866211,-0.206421,-4.699707,25.756844,8.911133,walking
3584262,0.29834,-0.831055,-0.202026,-7.568361,31.860359,8.789063,walking
3584279,0.306641,-0.785278,-0.216431,-9.399414,33.752441,9.521484,walking
3584295,0.313599,-0.761841,-0.226563,-8.239746,33.081055,9.338379,walking
3584312,0.327271,-0.734863,-0.246948,-2.502441,28.503426,7.385256,walking
3584329,0.330444,-0.726685,-0.254639,3.112794,20.446777,6.042482,walking
3584345,0.324585,-0.7229,-0.255371,4.943848,16.967773,6.530764,walking
3584362,0.303223,-0.711182,-0.26709,7.812502,13.671879,8.789063,walking
3584379,0.298706,-0.698975,-0.290161,10.742188,13.366703,9.277344,walking
3584395,0.304932,-0.69812,-0.300903,14.099125,12.878422,9.033203,walking
3584412,0.331177,-0.714722,-0.307739,14.770512,12.02393,9.765625,walking
3584429,0.343262,-0.736328,-0.315308,14.28223,10.375977,12.02393,walking
3584445,0.362793,-0.749268,-0.338501,14.16016,8.605957,15.075687,walking
3584462,0.370728,-0.765747,-0.355591,14.892582,7.324221,16.601563,walking
3584479,0.380859,-0.814941,-0.388672,16.540527,5.126953,18.493652,walking
3584495,0.396851,-0.891357,-0.416138,18.981934,5.310059,19.042969,walking
3584512,0.412476,-0.938843,-0.420898,19.226074,5.371094,19.104004,walking
3584529,0.43042,-1.005737,-0.396973,16.418457,5.310059,16.723633,walking
3584545,0.442871,-1.022095,-0.362915,5.798342,3.54004,16.479492,walking
3584562,0.411621,-0.970215,-0.352417,-0.793457,6.042482,13.732914,walking
3584579,0.421265,-0.972534,-0.355103,0.610352,8.483887,11.901859,walking
3584595,0.464478,-1.071045,-0.345093,-0.427246,13.793949,14.831547,walking
3584612,0.476196,-1.074829,-0.337646,-0.061035,12.573246,10.009766,walking
3584629,0.505737,-1.076538,-0.336182,6.652834,7.568361,6.652834,walking
3584646,0.583984,-1.225464,-0.333618,20.629883,-9.094238,7.385256,walking
3584662,0.593506,-1.37854,-0.310791,12.02393,-26.123055,18.249512,walking
3584679,0.480591,-1.224976,-0.29187,-8.361816,-30.883797,21.484375,walking
3584696,0.4104,-1.075439,-0.277466,-12.817387,-28.686531,16.967773,walking
3584712,0.363281,-0.882446,-0.217773,-14.404301,-17.211914,3.66211,walking
3584729,0.410278,-0.822998,-0.208496,-12.02393,-10.009766,-8.483887,walking
3584746,0.437378,-0.82312,-0.227295,-7.263186,-9.399414,-13.916019,walking
3584762,0.493774,-0.927368,-0.276367,6.286623,-15.869144,-19.714355,walking
3584779,0.551392,-1.092651,-0.291992,12.26807,-36.437988,-18.554688,walking
3584796,0.537964,-1.168335,-0.230103,8.544922,-62.744156,-14.404301,walking
3584812,0.496826,-1.16272,-0.184448,3.784181,-72.753906,-11.535648,walking
3584829,0.386597,-1.089233,-0.117188,-10.437012,-77.636719,-6.469728,walking
3584846,0.316162,-0.949463,-0.109985,-21.30127,-67.077637,-8.728027,walking
3584862,0.29126,-0.891357,-0.122925,-22.52198,-58.959976,-12.26807,walking
3584879,0.262695,-0.840454,-0.14209,-22.827156,-39.855957,-19.53125,walking
3584896,0.253174,-0.827271,-0.146484,-24.658211,-21.362305,-26.611336,walking
3584912,0.256104,-0.815674,-0.130127,-29.052742,-6.835939,-31.799324,walking
3584929,0.261108,-0.800659,-0.119751,-31.250008,-1.953125,-34.484863,walking
3584946,0.269653,-0.77124,-0.109131,-33.081055,3.41797,-39.672852,walking
3584962,0.278442,-0.763916,-0.114502,-32.409668,3.295899,-43.518066,walking
3584979,0.272583,-0.766113,-0.115601,-31.860359,2.380371,-44.311539,walking
3584996,0.250122,-0.76416,-0.116333,-30.09034,0.305176,-44.79982,walking
3585012,0.213623,-0.75708,-0.105103,-28.808601,-0.061035,-43.518066,walking
3585029,0.193481,-0.754272,-0.093872,-28.503426,3.41797,-39.611816,walking
3585046,0.171509,-0.755249,-0.07666,-27.038582,6.225588,-37.414551,walking
3585062,0.182129,-0.790527,-0.065796,-23.193367,12.695316,-32.470703,walking
3585079,0.202759,-0.863037,-0.078369,-15.808109,17.456055,-28.07618,walking
3585096,0.208496,-0.91333,-0.087158,-11.901859,18.981934,-25.573738,walking
3585112,0.214722,-1.011353,-0.08667,-7.995607,21.118164,-18.493652,walking
3585129,0.233398,-1.050659,-0.074707,-6.469728,22.644051,-9.338379,walking
3585146,0.23645,-1.057251,-0.069336,-4.943848,24.230965,-4.699707,walking
3585162,0.259277,-1.080078,-0.09021,1.037598,28.625496,3.723145,walking
3585179,0.302612,-1.071655,-0.131226,6.347658,29.479988,9.765625,walking
3585196,0.351196,-1.054565,-0.186768,18.676758,23.986824,15.319828,walking
3585212,0.375854,-1.094727,-0.215942,27.404793,19.348145,17.76123,walking
3585229,0.427368,-1.22876,-0.275269,37.414551,7.812502,25.634773,walking
3585246,0.425659,-1.244629,-0.315186,33.569336,-6.95801,32.653809,walking
3585263,0.391357,-1.171265,-0.331909,29.357918,-12.207035,34.118652,walking
3585279,0.307983,-0.969849,-0.349487,21.118164,-13.305668,31.433113,walking
3585296,0.299072,-0.779785,-0.371094,13.122562,-8.544922,27.099617,walking
3585313,0.311279,-0.653687,-0.378662,16.235352,-5.126953,19.348145,walking
3585329,0.320435,-0.655884,-0.369385,20.812988,-5.676271,13.793949,walking
3585346,0.326172,-0.754883,-0.341309,23.925789,-11.169437,4.516602,walking
3585363,0.304443,-0.849976,-0.336304,19.40918,-17.883301,1.342773,walking
3585379,0.281494,-0.886963,-0.332153,15.808109,-18.859863,2.868653,walking
3585396,0.237915,-0.93689,-0.318481,9.338379,-14.343266,5.859377,walking
3585413,0.232666,-0.964722,-0.284302,2.807618,-3.234864,9.94873,walking
3585429,0.233154,-0.951172,-0.248413,-6.164553,13.061527,13.977055,walking
3585446,0.23645,-0.922485,-0.234375,-10.314941,21.30127,14.465336,walking
3585463,0.251343,-0.864136,-0.211548,-15.869144,35.27832,13.061527,walking
3585479,0.272705,-0.83667,-0.188721,-22.094727,46.508804,13.427738,walking
3585496,0.282593,-0.811523,-0.182983,-24.41407,51.452652,13.000492,walking
3585513,0.317871,-0.749268,-0.203125,-22.888191,55.480972,11.047363,walking
3585529,0.358765,-0.715698,-0.250854,-14.221195,48.645035,7.751467,walking
3585546,0.359497,-0.722412,-0.282593,-5.615236,35.339355,7.385256,walking
3585563,0.345093,-0.727783,-0.280884,-3.112794,30.33448,8.728027,walking
3585579,0.307739,-0.722656,-0.266113,0.732422,26.245125,11.718754,walking
3585596,0.304199,-0.715332,-0.272583,5.249023,25.939949,12.756351,walking
3585613,0.315186,-0.72168,-0.278809,7.690432,26.062019,13.061527,walking
3585629,0.340698,-0.749878,-0.294189,10.375977,25.207527,14.465336,walking
3585646,0.361816,-0.777466,-0.313965,11.413578,22.52198,15.747074,walking
3585663,0.365967,-0.789307,-0.315308,11.230473,21.240234,16.235352,walking
3585679,0.365601,-0.800171,-0.316772,9.643555,20.996094,17.272949,walking
3585696,0.39209,-0.811279,-0.343872,10.375977,21.54541,17.028809,walking
3585713,0.436401,-0.862549,-0.376709,13.305668,19.592285,16.540527,walking
3585729,0.450439,-0.890625,-0.384521,14.16016,17.089844,16.113281,walking
3585746,0.455688,-0.943115,-0.385986,13.854984,15.136723,14.831547,walking
3585763,0.465332,-0.968506,-0.378174,7.568361,12.756351,14.892582,walking
3585779,0.453369,-0.962769,-0.369263,4.882813,12.817387,14.465336,walking
3585796,0.455933,-0.9823,-0.353516,4.760742,16.357422,13.000492,walking
3585813,0.48999,-1.067627,-0.323486,1.64795,21.240234,15.563969,walking
3585830,0.528931,-1.107788,-0.327271,5.676271,20.996094,12.756351,walking
3585846,0.571533,-1.155762,-0.346069,12.26807,15.93018,10.742188,walking
3585863,0.650879,-1.314575,-0.359863,19.042969,-2.502441,12.084965,walking
3585880,0.622559,-1.345947,-0.298828,0.732422,-19.287109,23.010262,walking
3585896,0.548828,-1.229858,-0.270752,-9.643555,-21.972656,23.681648,walking
3585913,0.447266,-0.968872,-0.223633,-14.221195,-17.150879,12.756351,walking
3585930,0.460693,-0.873291,-0.192383,-10.314941,-13.793949,-1.281738,walking
3585946,0.493774,-0.869629,-0.221191,1.586915,-16.357422,-17.333984,walking
3585963,0.519287,-0.929199,-0.241089,8.605957,-20.202637,-20.996094,walking
3585980,0.536377,-1.094971,-0.250244,10.803223,-32.409668,-20.385742,walking
3585996,0.505737,-1.135254,-0.193726,1.464844,-45.654312,-16.784668,walking
3586013,0.475586,-1.093384,-0.15686,-3.601075,-51.452652,-17.333984,walking
3586030,0.394897,-0.992188,-0.104126,-11.962894,-52.429214,-19.53125,walking
3586046,0.344482,-0.895264,-0.093994,-21.118164,-42.053223,-23.742683,walking
3586063,0.301514,-0.797119,-0.109619,-22.766121,-27.404793,-33.081055,walking
3586080,0.284668,-0.772705,-0.115234,-21.66748,-18.859863,-37.963867,walking
3586096,0.282104,-0.765869,-0.103516,-20.019531,-3.54004,-46.081558,walking
3586113,0.287231,-0.778687,-0.08728,-21.484375,8.666992,-49.438492,walking
3586130,0.292236,-0.781006,-0.085571,-22.338875,12.634281,-50.8423,walking
3586146,0.308838,-0.773682,-0.098022,-22.338875,16.052246,-53.161636,walking
3586163,0.317261,-0.773438,-0.106323,-19.470215,14.404301,-53.588882,walking
3586180,0.313477,-0.776123,-0.099365,-17.39502,9.277344,-50.109879,walking
3586196,0.310181,-0.772705,-0.095337,-16.601563,6.225588,-47.180191,walking
3586213,0.29895,-0.762085,-0.098755,-15.258793,0.854492,-39.550781,walking
3586230,0.2677,-0.755737,-0.103882,-13.732914,-0.976563,-32.226563,walking
3586246,0.246704,-0.753906,-0.095581,-13.061527,0.244141,-29.052742,walking
3586263,0.231689,-0.764038,-0.087769,-9.887695,6.103518,-22.827156,walking
3586280,0.259521,-0.820313,-0.103271,-5.126953,12.390141,-15.93018,walking
3586296,0.282715,-0.856567,-0.115112,-1.89209,13.732914,-12.26807,walking
3586313,0.320923,-0.944458,-0.128052,3.173829,12.390141,-3.173829,walking
3586330,0.338989,-1.002686,-0.149902,2.868653,8.056641,5.981447,walking
3586346,0.359741,-0.974731,-0.19397,3.41797,3.601075,14.221195,walking
3586363,0.365723,-0.980225,-0.208252,7.385256,2.13623,17.39502,walking
3586380,0.37439,-1.051025,-0.228027,14.099125,1.098633,20.568848,walking
3586396,0.36438,-1.085815,-0.237549,13.977055,1.037598,21.66748,walking
3586413,0.358154,-1.082642,-0.232056,14.03809,1.403809,22.27784,walking
3586430,0.366211,-1.125122,-0.226318,18.310547,3.845216,25.878914,walking
3586447,0.413452,-1.23584,-0.245728,20.629883,4.516602,31.127937,walking
3586463,0.450806,-1.265991,-0.290527,17.944336,-0.183106,35.400391,walking
3586480,0.444214,-1.228882,-0.308594,15.380863,-4.455566,36.987305,walking
3586497,0.380493,-1.066284,-0.30481,5.920412,-10.803223,37.902832,walking
3586513,0.318726,-0.844238,-0.296631,-2.075195,-9.765625,33.14209,walking
3586530,0.304443,-0.743286,-0.295532,-0.915528,-7.934572,28.381355,walking
3586547,0.315674,-0.671143,-0.270874,11.474613,-5.615236,17.944336,walking
3586563,0.335205,-0.759277,-0.23645,19.165039,-8.911133,9.460449,walking
3586580,0.32373,-0.831177,-0.227661,17.211914,-17.089844,7.873537,walking
3586597,0.296265,-0.851929,-0.227539,14.831547,-19.287109,10.070801,walking
3586613,0.251587,-0.871826,-0.22644,9.094238,-17.39502,15.502934,walking
3586630,0.227905,-0.871338,-0.219238,3.173829,-5.920412,21.118164,walking
3586647,0.212646,-0.862305,-0.197754,-0.183106,4.211426,22.766121,walking
3586663,0.220215,-0.817383,-0.151978,-7.629396,25.268562,24.475105,walking
3586680,0.266724,-0.77478,-0.144531,-12.451176,39.611816,25.634773,walking
3586697,0.324219,-0.756226,-0.165161,-13.305668,47.912613,25.451668,walking
3586713,0.351318,-0.755737,-0.181519,-12.207035,48.522964,24.902351,walking
3586730,0.372314,-0.775635,-0.211426,-8.728027,44.555679,22.583015,walking
3586747,0.375732,-0.799316,-0.223755,-6.591799,39.001465,21.66748,walking
3586763,0.376709,-0.80481,-0.226196,-6.286623,37.902832,22.583015,walking
3586780,0.38147,-0.793701,-0.245728,-4.211426,38.452148,23.681648,walking
3586797,0.404053,-0.767212,-0.280518,2.197266,35.339355,19.226074,walking
3586813,0.433472,-0.763184,-0.309082,9.338379,26.42823,13.671879,walking
3586830,0.435059,-0.767822,-0.314819,11.047363,21.66748,12.695316,walking
3586847,0.431274,-0.760254,-0.330078,11.901859,13.916019,11.840824,walking
3586863,0.434326,-0.750732,-0.343628,13.000492,7.568361,11.108402,walking
3586880,0.433105,-0.749146,-0.351318,14.03809,4.882813,9.887695,walking
3586897,0.448975,-0.76416,-0.377563,17.578125,1.525879,6.286623,walking
3586913,0.484619,-0.818604,-0.408569,21.179199,-3.173829,3.723145,walking
3586930,0.498779,-0.851685,-0.420532,21.972656,-6.286623,2.868653,walking
3586947,0.495972,-0.904907,-0.414917,23.132332,-11.718754,-0.366211,walking
3586963,0.51062,-1.010498,-0.371094,19.40918,-12.817387,1.403809,walking
3586980,0.517944,-1.080566,-0.347046,12.756351,-15.563969,1.403809,walking
3586997,0.518799,-1.10144,-0.342285,12.573246,-16.784668,-0.12207,walking
3587013,0.54187,-1.213013,-0.30835,12.451176,-16.845703,5.737307,walking
3587030,0.549438,-1.363281,-0.312134,9.094238,-13.671879,11.718754,walking
3587047,0.564697,-1.404419,-0.333862,11.108402,-15.808109,7.446291,walking
3587064,0.572388,-1.481689,-0.325684,11.535648,-22.766121,0.854492,walking
3587080,0.460083,-1.353516,-0.227783,-17.028809,-19.40918,2.441406,walking
3587097,0.38208,-1.008545,-0.185059,-36.376953,-4.02832,-2.624512,walking
3587114,0.396729,-0.86853,-0.190186,-37.597656,0.915528,-9.094238,walking
3587130,0.4375,-0.705811,-0.220825,-22.460945,0.854492,-30.456551,walking
3587147,0.472168,-0.759155,-0.224854,-0.915528,-12.146,-47.912613,walking
3587164,0.477539,-0.84668,-0.221924,4.882813,-21.179199,-50.354019,walking
3587180,0.472534,-0.9823,-0.208618,4.272461,-39.672852,-45.104996,walking
3587197,0.442627,-1.002197,-0.182495,-0.610352,-57.800308,-38.94043,walking
3587214,0.371216,-0.964111,-0.125732,-7.019045,-67.565918,-35.766602,walking
3587230,0.326416,-0.923828,-0.095215,-11.413578,-67.871094,-34.179688,walking
3587247,0.273438,-0.841431,-0.061523,-18.676758,-60.668961,-31.188972,walking
3587264,0.252319,-0.801758,-0.057007,-23.681648,-45.227066,-29.541023,walking
3587280,0.252808,-0.795166,-0.064697,-24.841316,-36.132813,-29.174812,walking
3587297,0.270752,-0.82019,-0.064941,-23.437508,-21.972656,-30.09034,walking
3587314,0.291138,-0.878296,-0.057007,-26.611336,-12.329105,-27.465828,walking
3587330,0.307373,-0.898682,-0.059204,-29.785164,-7.324221,-24.475105,walking
3587347,0.312378,-0.904785,-0.060913,-30.700691,-5.737307,-23.498543,walking
3587364,0.307495,-0.898193,-0.064941,-32.104492,-2.929688,-23.193367,walking
3587380,0.279541,-0.855591,-0.072266,-32.287598,1.89209,-24.841316,walking
3587397,0.268555,-0.824463,-0.074341,-30.883797,4.394531,-26.672371,walking
3587414,0.248657,-0.784058,-0.072266,-27.587898,9.70459,-29.235847,walking
3587430,0.234741,-0.756714,-0.072998,-26.733406,15.319828,-28.381355,walking
3587447,0.237427,-0.739624,-0.085327,-21.911621,17.883301,-26.977547,walking
3587464,0.244751,-0.729492,-0.095825,-17.39502,17.822266,-26.367195,walking
3587480,0.251221,-0.775024,-0.134521,-6.652834,15.441898,-23.498543,walking
3587497,0.250244,-0.842896,-0.164795,4.638672,11.657719,-21.240234,walking
3587514,0.259277,-0.879883,-0.171997,9.338379,9.94873,-18.249512,walking
3587530,0.278809,-0.959229,-0.18042,13.305668,5.554201,-6.286623,walking
3587547,0.281982,-1.015503,-0.193848,16.784668,2.258301,7.019045,walking
3587564,0.280762,-1.04895,-0.198853,18.432617,2.13623,11.596684,walking
3587580,0.287231,-1.100952,-0.21228,20.629883,4.150391,18.798828,walking
3587597,0.27832,-1.144409,-0.20105,22.52198,11.413578,25.512703,walking
3587614,0.307739,-1.213501,-0.194336,23.925789,19.836426,32.714844,walking
3587631,0.342285,-1.254028,-0.213989,23.620613,22.033691,36.621094,walking
3587647,0.395264,-1.249634,-0.268921,14.892582,21.362305,43.518066,walking
3587664,0.377808,-1.038452,-0.313354,4.211426,15.380863,44.67775,walking
3587681,0.369995,-0.90979,-0.326172,1.220703,12.207035,42.602539,walking
3587697,0.355713,-0.706177,-0.340454,1.098633,6.469728,37.597656,walking
3587714,0.317871,-0.645874,-0.313477,11.657719,3.967286,26.42823,walking
3587731,0.321777,-0.752808,-0.275269,18.371582,2.319336,15.563969,walking
3587747,0.316284,-0.817871,-0.259644,18.737793,0.305176,11.474613,walking
3587764,0.291138,-0.918945,-0.237305,14.404301,-1.89209,8.911133,walking
3587781,0.267822,-0.969971,-0.230713,7.324221,0.427246,14.03809,walking
3587797,0.268555,-0.985962,-0.231689,4.211426,3.601075,18.066406,walking
3587814,0.257568,-0.990234,-0.239014,-1.525879,14.831547,24.658211,walking
3587831,0.25,-0.936035,-0.231934,-5.859377,30.883797,25.390633,walking
3587847,0.281006,-0.884155,-0.212402,-7.324221,42.541504,23.315437,walking
3587864,0.296387,-0.87793,-0.20459,-9.033203,46.630875,23.681648,walking
3587881,0.330688,-0.855835,-0.220581,-12.878422,53.222672,23.803719,walking
3587897,0.367432,-0.813965,-0.261719,-10.131836,52.001968,20.080566,walking
3587914,0.376953,-0.802979,-0.277222,-7.324221,48.584,17.76123,walking
3587931,0.382446,-0.786011,-0.306396,-2.746582,37.475586,15.93018,walking
3587947,0.372925,-0.757324,-0.336426,0.610352,27.893074,17.76123,walking
3587964,0.3573,-0.735718,-0.365356,5.676271,21.42334,18.127441,walking
3587981,0.35376,-0.730591,-0.373657,8.239746,18.554688,17.456055,walking
3587997,0.359009,-0.728149,-0.379028,11.291508,13.244633,16.113281,walking
3588014,0.36792,-0.733521,-0.379028,12.26807,9.216309,16.418457,walking
3588031,0.373413,-0.740845,-0.377686,12.146,8.483887,16.479492,walking
3588047,0.398071,-0.76123,-0.382202,11.779789,8.728027,16.052246,walking
3588064,0.435669,-0.800415,-0.403931,11.901859,7.934572,15.319828,walking
3588081,0.457153,-0.828125,-0.415771,11.657719,4.760742,15.563969,walking
3588097,0.483398,-0.879272,-0.420898,11.657719,2.746582,14.587406,walking
3588114,0.487427,-0.932983,-0.3927,7.263186,4.516602,17.272949,walking
3588131,0.509399,-0.922607,-0.368042,-0.305176,3.784181,16.723633,walking
3588147,0.518555,-0.907593,-0.366211,-0.183106,2.441406,15.441898,walking
3588164,0.561646,-0.957275,-0.360718,3.479005,-2.258301,14.099125,walking
3588181,0.576904,-1.045898,-0.33667,-1.098633,-4.455566,20.080566,walking
3588197,0.571655,-1.046021,-0.33313,-2.563477,-6.042482,19.714355,walking
3588214,0.608398,-1.069458,-0.334229,11.047363,-15.502934,11.474613,walking
3588231,0.676514,-1.262817,-0.329468,24.658211,-32.836914,7.324221,walking
3588248,0.658203,-1.412354,-0.278687,9.887695,-46.81398,15.136723,walking
3588264,0.584717,-1.351074,-0.257813,-2.807618,-48.217789,15.014652,walking
3588281,0.453369,-1.071533,-0.223999,-15.258793,-41.992188,2.868653,walking
3588298,0.435791,-0.911987,-0.183838,-15.441898,-32.775879,-14.099125,walking
3588314,0.44873,-0.868774,-0.18042,-14.03809,-30.273445,-22.27784,walking
3588331,0.469971,-0.857422,-0.202881,-3.66211,-29.052742,-36.315918,walking
3588348,0.49646,-0.998047,-0.21814,3.906251,-34.484863,-39.123535,walking
3588364,0.51123,-1.116211,-0.228638,2.258301,-46.508804,-36.560059,walking
3588381,0.504395,-1.137207,-0.218628,0.061035,-53.283707,-35.522461,walking
3588398,0.436768,-1.10022,-0.153809,-8.056641,-62.500015,-35.888672,walking
3588414,0.353882,-0.99646,-0.089478,-19.165039,-61.157242,-35.583496,walking
3588431,0.312012,-0.937622,-0.075439,-24.658211,-54.931656,-36.865234,walking
3588448,0.274292,-0.828003,-0.082764,-30.21241,-36.071777,-41.625977,walking
3588464,0.278564,-0.773438,-0.0979,-29.724129,-18.676758,-47.485367,walking
3588481,0.284302,-0.772339,-0.104004,-27.648933,-6.347658,-52.73439,walking
3588498,0.292114,-0.78186,-0.1073,-27.526863,-2.563477,-54.62648,walking
3588514,0.297729,-0.786255,-0.108154,-28.991707,1.403809,-56.3965,walking
3588531,0.292358,-0.771118,-0.088013,-29.907234,1.831055,-55.358902,walking
3588548,0.289307,-0.761108,-0.078125,-29.602058,1.220703,-54.321304,walking
3588564,0.283813,-0.748657,-0.07959,-26.000984,-0.427246,-51.330582,walking
3588581,0.272095,-0.743652,-0.106812,-20.690918,-2.685547,-47.668472,walking
3588598,0.263916,-0.755249,-0.12561,-15.686039,-5.310059,-42.419434,walking
3588614,0.247437,-0.762329,-0.113892,-14.892582,-5.371094,-39.0625,walking
3588631,0.206909,-0.759277,-0.083252,-14.587406,-0.976563,-31.616219,walking
3588648,0.196411,-0.762939,-0.085205,-12.02393,6.774904,-25.024422,walking
3588664,0.208374,-0.777466,-0.100342,-9.216309,11.047363,-22.033691,walking
3588681,0.250854,-0.84082,-0.126709,-0.732422,16.235352,-15.991215,walking
3588698,0.296265,-0.935181,-0.142578,7.385256,15.258793,-7.629396,walking
3588714,0.307983,-0.985718,-0.154663,7.568361,10.986328,3.051759,walking
3588731,0.322998,-1.01062,-0.187134,5.981447,8.666992,7.995607,walking
3588748,0.328247,-0.993774,-0.215332,10.131836,5.920412,17.272949,walking
3588764,0.323975,-1.030396,-0.235596,14.16016,7.812502,22.827156,walking
3588781,0.320068,-1.034912,-0.246216,14.831547,9.887695,24.53614,walking
3588798,0.317383,-1.028687,-0.241577,16.113281,13.244633,27.954109,walking
3588814,0.345947,-1.099365,-0.222412,20.141602,15.93018,33.874512,walking
3588831,0.373047,-1.15271,-0.22522,20.812988,16.235352,37.29248,walking
3588848,0.433228,-1.217773,-0.266113,18.127441,12.390141,44.555679,walking
3588865,0.433228,-1.133301,-0.310181,9.70459,2.807618,49.804703,walking
3588881,0.380005,-0.944702,-0.335327,1.64795,-4.089355,49.377457,walking
3588898,0.345459,-0.854614,-0.329224,-1.525879,-3.54004,46.81398,walking
3588915,0.290283,-0.704712,-0.288452,-1.831055,5.981447,36.376953,walking
3588931,0.295898,-0.69104,-0.24353,6.835939,17.63916,24.41407,walking
3588948,0.323853,-0.744629,-0.234985,10.498047,20.446777,19.104004,walking
3588965,0.379517,-0.879395,-0.255615,12.146,18.371582,13.549809,walking
3588981,0.363037,-0.949951,-0.276855,7.507326,12.390141,14.343266,walking
3588998,0.328979,-0.953613,-0.265015,1.586915,11.047363,18.615723,walking
3589015,0.314575,-0.938232,-0.253784,-0.854492,13.916019,20.935059,walking
3589031,0.303833,-0.918213,-0.232788,-4.699707,25.512703,25.512703,walking
3589048,0.313843,-0.889893,-0.218384,-7.507326,38.024902,24.292,walking
3589065,0.332886,-0.874146,-0.213501,-8.178711,42.297363,23.071297,walking
3589081,0.361694,-0.85376,-0.218506,-9.887695,47.119156,22.338875,walking
3589098,0.391113,-0.822144,-0.240601,-10.498047,47.790543,21.362305,walking
3589115,0.410767,-0.781494,-0.267822,-6.713869,40.893555,18.310547,walking
3589131,0.41333,-0.767212,-0.282349,-3.54004,35.888672,16.418457,walking
3589148,0.409912,-0.754517,-0.305176,2.319336,25.451668,14.709476,walking
3589165,0.390869,-0.738525,-0.316406,6.469728,17.76123,15.563969,walking
3589181,0.384521,-0.729492,-0.32312,8.728027,14.953617,15.991215,walking
3589198,0.392334,-0.714966,-0.344238,13.549809,9.277344,15.93018,walking
3589215,0.407104,-0.722168,-0.370483,17.211914,2.990724,16.418457,walking
3589231,0.411011,-0.736328,-0.386597,18.249512,-1.159668,16.845703,walking
3589248,0.411255,-0.740967,-0.388062,17.822266,-1.77002,17.089844,walking
3589265,0.414795,-0.754028,-0.37915,16.540527,-0.732422,16.784668,walking
3589281,0.442017,-0.781128,-0.373779,15.502934,1.403809,16.235352,walking
3589298,0.461426,-0.803589,-0.379272,15.319828,1.64795,16.174316,walking
3589315,0.507813,-0.861084,-0.400391,15.136723,0.183106,16.296387,walking
3589331,0.513184,-0.911255,-0.403076,14.28223,-1.342773,13.671879,walking
3589348,0.512939,-0.929688,-0.388916,12.390141,-1.037598,10.925293,walking
3589365,0.534302,-0.935303,-0.347778,5.554201,-2.319336,10.009766,walking
3589381,0.547241,-0.960449,-0.330322,8.056641,-3.356935,7.751467,walking
3589398,0.598999,-1.08374,-0.315308,12.451176,-6.652834,9.155273,walking
3589415,0.624268,-1.161133,-0.314697,13.366703,-8.850098,13.366703,walking
3589432,0.671143,-1.306152,-0.356323,19.470215,-20.812988,14.770512,walking
3589448,0.68042,-1.427612,-0.37207,20.263672,-41.687012,11.291508,walking
3589465,0.622803,-1.428589,-0.32373,8.300781,-47.790543,12.756351,walking
3589482,0.406128,-1.147461,-0.203125,-24.963387,-34.667969,10.620117,walking
3589498,0.345337,-0.816528,-0.151367,-35.705566,-7.690432,-4.150391,walking
3589515,0.441162,-0.697266,-0.183228,-20.996094,3.479005,-27.526863,walking
3589532,0.495239,-0.732666,-0.209473,-8.422852,1.89209,-38.574219,walking
3589548,0.560181,-0.935181,-0.254395,12.26807,-15.869144,-50.170914,walking
3589565,0.572876,-1.173096,-0.259399,15.441898,-38.391113,-43.823242,walking
3589582,0.564331,-1.250244,-0.23291,9.155273,-51.513687,-37.04834,walking
3589598,0.458618,-1.218506,-0.141846,-7.568361,-67.199707,-31.188972,walking
3589615,0.34021,-1.032471,-0.076172,-18.798828,-65.917969,-31.860359,walking
3589632,0.276245,-0.887451,-0.067139,-25.634773,-50.292984,-37.658691,walking
3589648,0.274902,-0.825439,-0.07666,-26.42823,-40.710449,-41.687012,walking
3589665,0.275146,-0.751831,-0.094849,-22.583015,-23.742683,-49.377457,walking
3589682,0.272949,-0.759277,-0.10083,-18.066406,-10.192871,-54.870621,walking
3589698,0.282471,-0.772461,-0.102417,-18.188477,-6.652834,-55.725113,walking
3589715,0.30481,-0.778687,-0.100708,-19.226074,-5.615236,-55.908218,walking
3589732,0.311768,-0.779419,-0.097534,-18.493652,-10.009766,-54.62648,walking
3589748,0.299805,-0.770752,-0.105713,-15.869144,-15.197758,-52.795425,walking
3589765,0.288696,-0.769287,-0.110229,-13.366703,-16.906738,-51.330582,walking
3589782,0.267944,-0.772583,-0.110962,-9.277344,-19.470215,-45.959488,walking
3589798,0.236938,-0.77832,-0.11145,-8.728027,-18.981934,-37.658691,walking
3589815,0.21936,-0.77063,-0.110352,-9.460449,-16.845703,-33.996582,walking
3589832,0.198486,-0.748413,-0.103027,-7.751467,-10.375977,-29.052742,walking
3589848,0.199707,-0.774536,-0.095459,-4.089355,-2.563477,-23.803719,walking
3589865,0.22522,-0.838867,-0.125244,-1.342773,5.126953,-16.296387,walking
3589882,0.241333,-0.871826,-0.144287,0.976563,7.690432,-13.244633,walking
3589898,0.264648,-0.932129,-0.168945,4.760742,8.911133,-7.507326,walking
3589915,0.267212,-0.973389,-0.174194,4.455566,8.605957,1.159668,walking
3589932,0.267822,-0.984375,-0.167603,3.66211,9.338379,6.103518,walking
3589948,0.270874,-1.015991,-0.159546,4.211426,13.427738,15.747074,walking
3589965,0.281128,-1.057861,-0.156128,5.737307,19.592285,23.315437,walking
3589982,0.295776,-1.081787,-0.165527,8.056641,22.766121,26.977547,walking
3589998,0.340332,-1.178711,-0.202515,16.174316,25.939949,35.095215,walking
3590015,0.397217,-1.258423,-0.264526,14.709476,22.460945,44.555679,walking
3590032,0.397583,-1.110352,-0.35144,3.967286,11.535648,48.82814,walking
3590049,0.37854,-0.981567,-0.371094,0.976563,6.408693,47.119156,walking
3590065,0.356567,-0.78125,-0.344238,0.488281,-0.610352,41.503906,walking
3590082,0.296387,-0.72583,-0.293579,5.249023,1.77002,32.226563,walking
3590099,0.278687,-0.75708,-0.265625,10.131836,5.920412,24.719246,walking
3590115,0.299927,-0.904419,-0.228271,12.756351,12.084965,11.962894,walking
3590132,0.305176,-1.015137,-0.239868,5.249023,13.610844,7.019045,walking
3590149,0.269409,-1.03186,-0.241821,-3.967286,16.845703,9.460449,walking
3590165,0.261353,-1.023438,-0.231079,-7.568361,20.263672,12.390141,walking
3590182,0.252808,-0.990845,-0.204712,-13.977055,33.26416,19.042969,walking
3590199,0.260132,-0.899902,-0.202881,-16.601563,50.354019,19.714355,walking
3590215,0.285645,-0.856323,-0.206543,-15.319828,57.067886,18.798828,walking
3590232,0.352051,-0.816406,-0.2146,-13.244633,62.988297,21.30127,walking
3590249,0.392456,-0.777344,-0.227783,-12.512211,61.645523,25.634773,walking
3590265,0.44519,-0.726929,-0.260986,-4.760742,50.231949,25.695808,walking
3590282,0.469604,-0.721313,-0.281616,0.12207,41.07666,25.695808,walking
3590299,0.481812,-0.715942,-0.32019,7.385256,20.019531,27.343758,walking
3590315,0.441528,-0.700806,-0.354004,10.681152,5.493164,31.372078,walking
3590332,0.426636,-0.68689,-0.371582,12.817387,1.464844,31.738289,walking
3590349,0.422729,-0.677002,-0.39978,19.470215,-3.967286,28.808601,walking
3590365,0.419189,-0.69812,-0.398804,23.193367,-8.178711,23.742683,walking
3590382,0.402954,-0.706543,-0.37854,20.690918,-9.216309,20.507813,walking
3590399,0.396851,-0.699585,-0.367798,18.920898,-8.056641,19.348145,walking
3590415,0.411499,-0.708984,-0.360596,17.456055,-3.906251,17.089844,walking
3590432,0.449463,-0.764526,-0.38562,18.493652,-2.319336,14.587406,walking
3590449,0.468384,-0.806641,-0.401611,19.65332,-2.868653,13.427738,walking
3590465,0.484619,-0.886353,-0.40332,19.65332,-5.920412,11.474613,walking
3590482,0.479736,-0.932983,-0.365601,15.136723,-6.164553,10.986328,walking
3590499,0.481812,-0.933838,-0.330811,6.408693,-4.211426,11.474613,walking
3590515,0.480713,-0.922729,-0.323975,5.676271,-2.380371,10.253906,walking
3590532,0.528198,-0.981689,-0.319946,9.277344,-2.319336,7.385256,walking
3590549,0.552612,-1.09729,-0.295776,7.873537,-4.455566,12.695316,walking
3590565,0.549805,-1.135498,-0.291138,6.164553,-3.967286,15.686039,walking
3590582,0.608154,-1.189575,-0.325073,17.028809,-10.986328,11.230473,walking
3590599,0.675293,-1.342407,-0.337646,26.916512,-30.700691,9.338379,walking
3590616,0.654785,-1.412598,-0.314697,21.057129,-39.489746,12.207035,walking
3590632,0.496826,-1.252197,-0.261353,-5.920412,-41.015625,10.620117,walking
3590649,0.426514,-0.946899,-0.213501,-16.174316,-30.33448,-1.586915,walking
3590666,0.454224,-0.801636,-0.19812,-11.169437,-25.634773,-18.615723,walking
3590682,0.48584,-0.802124,-0.212402,-3.906251,-27.038582,-27.160652,walking
3590699,0.5448,-0.950928,-0.246216,9.094238,-37.719727,-35.888672,walking
3590716,0.55127,-1.131226,-0.260864,10.498047,-55.175797,-34.179688,walking
3590732,0.536987,-1.197021,-0.240601,7.873537,-63.293472,-31.066902,walking
3590749,0.446045,-1.209595,-0.158813,-4.638672,-74.34082,-30.029305,walking
3590766,0.357178,-1.092285,-0.087036,-18.005371,-71.777344,-31.98243,walking
3590782,0.277344,-0.95874,-0.067017,-29.724129,-53.222672,-37.04834,walking
3590799,0.268799,-0.893677,-0.069824,-34.118652,-41.381836,-41.015625,walking
3590816,0.265747,-0.794678,-0.083496,-36.560059,-19.226074,-50.109879,walking
3590832,0.239868,-0.766846,-0.082275,-33.508301,0.244141,-61.279312,walking
3590849,0.241943,-0.778564,-0.071411,-33.26416,9.094238,-65.063477,walking
3590866,0.273682,-0.788818,-0.050415,-34.973145,19.714355,-69.824219,walking
3590882,0.296021,-0.768555,-0.050049,-34.667969,20.996094,-70.556641,walking
3590899,0.302856,-0.755737,-0.064819,-30.700691,16.906738,-68.29834,walking
3590916,0.302734,-0.754883,-0.07312,-28.32032,13.916019,-65.795898,walking
3590932,0.290527,-0.74646,-0.085938,-22.888191,6.713869,-57.922379,walking
3590949,0.258301,-0.749878,-0.079712,-18.798828,1.77002,-47.729507,walking
3590966,0.241821,-0.737427,-0.07666,-18.432617,0.915528,-42.114258,walking
3590982,0.206421,-0.695801,-0.070923,-16.052246,3.295899,-31.250008,walking
3590999,0.205322,-0.695923,-0.069946,-10.131836,9.887695,-20.385742,walking
3591016,0.233643,-0.756958,-0.080444,-3.112794,16.052246,-9.216309,walking
3591032,0.253174,-0.791626,-0.095947,0.915528,18.127441,-3.784181,walking
3591049,0.307617,-0.881104,-0.126709,10.131836,19.104004,7.995607,walking
3591066,0.357788,-0.980713,-0.162109,15.136723,14.16016,21.54541,walking
3591082,0.373413,-1.005981,-0.178589,14.099125,10.681152,28.015144,walking
3591099,0.39624,-0.990356,-0.213257,14.526371,4.333496,39.550781,walking
3591116,0.401733,-1.017456,-0.224121,20.263672,2.01416,46.081558,walking
3591132,0.390869,-1.077271,-0.232178,21.66748,4.821777,46.93605,walking
3591149,0.377563,-1.083984,-0.235962,19.958496,7.20215,45.837418,walking
3591166,0.365967,-1.089355,-0.223877,18.737793,12.939457,43.395996,walking
3591182,0.414551,-1.156006,-0.231323,18.249512,17.63916,42.236328,walking
3591199,0.453735,-1.184692,-0.254028,16.113281,17.456055,42.053223,walking
3591216,0.488159,-1.140747,-0.320679,7.690432,10.009766,41.931152,walking
3591233,0.428101,-0.978882,-0.354248,-0.549316,0.549316,37.780762,walking
3591249,0.396973,-0.896362,-0.343506,-3.967286,-1.953125,34.362793,walking
3591266,0.331909,-0.772705,-0.301514,-4.943848,1.220703,23.681648,walking
3591283,0.301636,-0.789185,-0.237183,1.342773,13.061527,12.329105,walking
3591299,0.341553,-0.922852,-0.19519,3.967286,21.972656,4.638672,walking
3591316,0.354126,-0.978149,-0.200195,2.380371,22.583015,3.234864,walking
3591333,0.347656,-1.020752,-0.22583,-2.258301,20.385742,5.004883,walking
3591349,0.352661,-0.985352,-0.242798,-7.324221,16.723633,12.817387,walking
3591366,0.346558,-0.946289,-0.249146,-9.155273,16.845703,16.723633,walking
3591383,0.329712,-0.871582,-0.243408,-10.253906,23.010262,22.39991,walking
3591399,0.324585,-0.806641,-0.222168,-9.399414,30.822762,22.27784,walking
3591416,0.352661,-0.786377,-0.209473,-7.995607,34.973145,22.583015,walking
3591433,0.364868,-0.781738,-0.216675,-8.056641,36.254883,23.132332,walking
3591449,0.39856,-0.756592,-0.252319,-7.20215,34.545898,23.254402,walking
3591466,0.421509,-0.720947,-0.302002,-1.586915,25.024422,20.690918,walking
3591483,0.425293,-0.712036,-0.316406,2.01416,18.066406,18.981934,walking
3591499,0.401978,-0.708374,-0.332031,6.408693,5.004883,17.272949,walking
3591516,0.368408,-0.695923,-0.343018,7.568361,-0.610352,17.944336,walking
3591533,0.356079,-0.680298,-0.351685,10.314941,-0.793457,16.418457,walking
3591549,0.362427,-0.683594,-0.359375,12.451176,-0.793457,14.892582,walking
3591566,0.383545,-0.714966,-0.368286,14.953617,-1.77002,12.756351,walking
3591583,0.398315,-0.734375,-0.372925,14.648441,-2.990724,11.901859,walking
3591599,0.404419,-0.744385,-0.373901,14.404301,-3.173829,12.207035,walking
3591616,0.420532,-0.772461,-0.380249,13.366703,-2.868653,12.939457,walking
3591633,0.441162,-0.801025,-0.391968,12.451176,-2.624512,12.695316,walking
3591649,0.455811,-0.845581,-0.386597,12.512211,-2.685547,11.047363,walking
3591666,0.459473,-0.867065,-0.373901,12.756351,-2.746582,8.605957,walking
3591683,0.464478,-0.917603,-0.330322,9.643555,2.258301,4.821777,walking
3591699,0.499878,-0.909668,-0.300781,-0.183106,5.004883,0.915528,walking
3591716,0.508179,-0.880615,-0.294678,-1.586915,4.150391,-1.525879,walking
3591733,0.511841,-0.895996,-0.28064,3.173829,2.13623,-7.812502,walking
3591749,0.522827,-1.000366,-0.251221,2.258301,2.868653,-4.882813,walking
3591766,0.519165,-1.0177,-0.239136,3.479005,2.563477,-5.859377,walking
3591783,0.546753,-1.027588,-0.24231,12.512211,-0.549316,-9.155273,walking
3591799,0.622559,-1.208252,-0.255127,30.883797,-15.869144,-11.413578,walking
3591816,0.648315,-1.401855,-0.248413,24.047859,-34.057617,0.427246,walking
3591833,0.584106,-1.393188,-0.23938,11.108402,-37.841797,6.469728,walking
3591850,0.422729,-1.12915,-0.193237,-6.530764,-29.602058,3.845216,walking
3591866,0.395996,-0.911011,-0.144287,-7.568361,-17.333984,-9.82666,walking
3591883,0.426636,-0.862915,-0.140625,-4.211426,-14.404301,-16.357422,walking
3591900,0.491455,-0.865601,-0.178345,7.629396,-16.723633,-27.832039,walking
3591916,0.547974,-0.98645,-0.222412,16.113281,-30.822762,-26.367195,walking
3591933,0.553223,-1.092773,-0.237549,15.502934,-55.114761,-20.446777,walking
3591950,0.526611,-1.109375,-0.214966,13.488773,-66.28418,-17.76123,walking
3591966,0.425415,-1.066284,-0.133423,5.981447,-78.979492,-16.601563,walking
3591983,0.337769,-0.980225,-0.080444,-3.845216,-74.707031,-16.662598,walking
3592000,0.305176,-0.931519,-0.074951,-9.094238,-67.016602,-18.310547,walking
3592016,0.273193,-0.826782,-0.092773,-14.770512,-47.485367,-25.146492,walking
3592033,0.266113,-0.77356,-0.11145,-13.610844,-29.602058,-33.935547,walking
3592050,0.261963,-0.791748,-0.105225,-14.892582,-12.939457,-39.367676,walking
3592066,0.272705,-0.797363,-0.102417,-16.662598,-7.568361,-41.503906,walking
3592083,0.273438,-0.799561,-0.095459,-20.751953,0.12207,-43.09082,walking
3592100,0.268555,-0.791016,-0.084106,-22.705086,4.699707,-44.189453,walking
3592116,0.263062,-0.786499,-0.077637,-23.315437,6.713869,-43.701172,walking
3592133,0.258179,-0.766602,-0.081421,-22.827156,10.925293,-41.381836,walking
3592150,0.26062,-0.75061,-0.104248,-19.104004,13.000492,-37.780762,walking
3592166,0.259521,-0.751831,-0.105469,-16.174316,12.573246,-32.653809,walking
3592183,0.251343,-0.747925,-0.093018,-15.93018,12.451176,-28.930672,walking
3592200,0.233887,-0.729126,-0.073608,-14.526371,14.03809,-20.568848,walking
3592216,0.238525,-0.754761,-0.086914,-8.605957,17.944336,-12.02393,walking
3592233,0.253052,-0.78772,-0.1073,-4.943848,20.202637,-7.568361,walking
3592250,0.291748,-0.879395,-0.137573,3.41797,22.888191,1.831055,walking
3592266,0.322021,-0.970093,-0.144897,7.507326,21.66748,12.756351,walking
3592283,0.347778,-1.016724,-0.170532,6.713869,17.700195,25.085457,walking
3592300,0.358765,-1.009644,-0.186646,5.920412,15.563969,29.907234,walking
3592316,0.389282,-1.006348,-0.210327,10.986328,11.047363,37.536621,walking
3592333,0.398438,-1.065308,-0.223877,16.052246,7.446291,41.381836,walking
3592350,0.396851,-1.09082,-0.229248,16.601563,6.530764,42.297363,walking
3592366,0.385376,-1.120239,-0.223022,16.784668,5.737307,43.395996,walking
3592383,0.403931,-1.185303,-0.218628,17.944336,6.225588,45.349136,walking
3592400,0.427856,-1.226929,-0.250488,14.648441,3.66211,46.69191,walking
3592417,0.467773,-1.228271,-0.273682,10.742188,0.488281,46.569839,walking
3592433,0.452393,-1.084473,-0.30957,2.746582,-7.446291,43.334961,walking
3592450,0.406616,-0.905884,-0.305298,-4.455566,-12.084965,35.461426,walking
3592467,0.383179,-0.825562,-0.295532,-6.896975,-12.207035,30.029305,walking
3592483,0.32373,-0.729004,-0.259766,-3.295899,-7.263186,15.502934,walking
3592500,0.31897,-0.800415,-0.212158,3.54004,0.976563,1.64795,walking
3592517,0.332031,-0.873901,-0.202271,4.394531,3.66211,-3.601075,walking
3592533,0.334106,-0.987671,-0.205322,0.854492,3.54004,-7.995607,walking
3592550,0.290283,-1.018799,-0.208252,-6.835939,4.760742,-6.042482,walking
3592567,0.267334,-0.982056,-0.20752,-12.939457,9.460449,-1.159668,walking
3592583,0.250488,-0.955078,-0.202759,-15.136723,14.221195,0.732422,walking
3592600,0.227539,-0.906738,-0.185669,-18.920898,30.029305,3.784181,walking
3592617,0.232544,-0.852905,-0.161377,-20.507813,45.104996,2.319336,walking
3592633,0.245483,-0.833008,-0.152832,-20.874023,50.170914,1.831055,walking
3592650,0.276855,-0.800415,-0.159912,-21.118164,56.457535,2.01416,walking
3592667,0.312012,-0.77124,-0.191895,-18.493652,55.236832,3.295899,walking
3592683,0.339722,-0.734619,-0.236938,-11.779789,44.67775,2.319336,walking
3592700,0.344482,-0.716919,-0.255371,-7.141115,37.29248,1.464844,walking
3592717,0.341553,-0.706665,-0.271973,1.342773,23.010262,2.685547,walking
3592733,0.304565,-0.699707,-0.278931,5.981447,15.258793,6.408693,walking
3592750,0.296265,-0.687988,-0.287231,8.728027,13.122562,7.324221,walking
3592767,0.313477,-0.679077,-0.308716,15.502934,8.728027,7.507326,walking
3592783,0.332031,-0.699219,-0.324707,20.019531,3.784181,9.094238,walking
3592800,0.341064,-0.719849,-0.328491,21.484375,-0.793457,12.207035,walking
3592817,0.35144,-0.729614,-0.326782,21.484375,-2.441406,14.587406,walking
3592833,0.377319,-0.754395,-0.329468,21.057129,-4.577637,18.859863,walking
3592850,0.394897,-0.78418,-0.3479,20.080566,-6.225588,23.254402,walking
3592867,0.406372,-0.802612,-0.360718,19.897461,-7.08008,25.207527,walking
3592883,0.422241,-0.857178,-0.367798,19.40918,-8.422852,28.808601,walking
3592900,0.433838,-0.914917,-0.35083,18.493652,-7.08008,30.21241,walking
3592917,0.444092,-0.94519,-0.335938,6.896975,-4.02832,33.813477,walking
3592933,0.438232,-0.911987,-0.339111,5.065918,-1.708985,32.653809,walking
3592950,0.482422,-0.940796,-0.340698,12.02393,-1.586915,27.771004,walking
3592967,0.517334,-1.083374,-0.314331,12.26807,-3.66211,29.907234,walking
3592983,0.518555,-1.119263,-0.310669,11.291508,-4.394531,29.663094,walking
3593000,0.571289,-1.201416,-0.333252,23.437508,-12.390141,23.864754,walking
3593017,0.636475,-1.426392,-0.343994,35.888672,-31.250008,18.920898,walking
3593034,0.622681,-1.534302,-0.319824,11.169437,-40.710449,24.963387,walking
3593050,0.460693,-1.421387,-0.242432,-9.155273,-35.705566,25.878914,walking
3593067,0.330322,-1.02063,-0.189941,-27.526863,-15.502934,12.573246,walking
3593084,0.376099,-0.815918,-0.170776,-23.986824,2.197266,-6.225588,walking
3593100,0.427124,-0.7948,-0.187256,-17.211914,4.882813,-16.784668,walking
3593117,0.514038,-0.880249,-0.231323,0.305176,-4.455566,-30.883797,walking
3593134,0.517334,-1.06311,-0.265015,9.521484,-21.118164,-33.081055,walking
3593150,0.536133,-1.142578,-0.261719,9.70459,-31.98243,-30.151375,walking
3593167,0.525391,-1.216431,-0.197998,1.586915,-56.51857,-22.39991,walking
3593200,0.285645,-0.940918,-0.063354,-26.611336,-57.312027,-22.583015,walking
3593217,0.258545,-0.861206,-0.060669,-30.029305,-47.546402,-26.794441,walking
3593234,0.24939,-0.75708,-0.076172,-30.578621,-25.573738,-36.010742,walking
3593250,0.258301,-0.725342,-0.091797,-28.32032,-6.835939,-44.67775,walking
3593267,0.264771,-0.7323,-0.095459,-27.099617,1.037598,-47.973648,walking
3593284,0.291748,-0.767578,-0.091797,-27.709969,9.765625,-52.246109,walking
3593300,0.311523,-0.780396,-0.077148,-29.479988,10.437012,-54.199234,walking
3593317,0.320557,-0.775635,-0.067871,-29.418953,5.493164,-54.016129,walking
3593334,0.317383,-0.772461,-0.068726,-28.747566,2.13623,-52.978531,walking
3593350,0.303955,-0.770752,-0.08606,-25.756844,-3.112794,-49.377457,walking
3593367,0.279175,-0.769043,-0.096313,-21.606445,-6.469728,-46.142593,walking
3593384,0.25769,-0.771484,-0.091797,-19.958496,-6.652834,-44.616714,walking
3593400,0.211304,-0.783691,-0.061157,-20.080566,-2.685547,-39.978027,walking
3593417,0.192627,-0.795898,-0.054077,-20.751953,6.286623,-34.240723,walking
3593434,0.213623,-0.838623,-0.067261,-17.76123,16.296387,-28.625496,walking
3593450,0.231689,-0.870239,-0.078735,-15.258793,20.080566,-25.512703,walking
3593467,0.257324,-0.940552,-0.097534,-9.094238,23.254402,-19.226074,walking
